tier,sample,dino_pf,dino_flat,video,action,total_pf,total_flat,seed
unseen_cousin,unseen_cousin__aractingi__push_cube_offline_data__ep000000__t0001,0.552321507821568,0.5535496175873872,0.2838883573804702,0.6868274211883545,0.5255939280359532,0.5259623609656989,0
unseen_cousin,unseen_cousin__aractingi__push_cube_offline_data__ep000001__t0024,0.6141535552425994,0.612703695244759,0.2874589334394573,0.6520830988883972,0.5313169861599759,0.5308820281606238,0
unseen_cousin,unseen_cousin__aractingi__push_cube_offline_data__ep000002__t0006,0.6143997658970272,0.6157352734966579,0.2886927982916619,0.8189661502838135,0.5985142293701322,0.5989148816500214,0
unseen_cousin,unseen_cousin__aractingi__push_cube_offline_data__ep000003__t0002,0.6164131602103572,0.6161727747010232,0.209359798018095,0.8202373385429382,0.575826822885711,0.5757547072329108,0
unseen_cousin,unseen_cousin__aractingi__push_cube_offline_data__ep000004__t0016,0.6108166986960262,0.6108668089314817,0.2465648262259154,0.5189924836158752,0.4648114509229326,0.4648264839935693,0
unseen_cousin,unseen_cousin__aractingi__push_cube_offline_data__ep000005__t0030,0.6061872949294373,0.6068386432208264,0.2940017743456983,0.7675089836120605,0.5770603142273649,0.5772557187147817,0
unseen_cousin,unseen_cousin__aractingi__push_cube_offline_data__ep000006__t0032,0.6614609649583381,0.663082397580793,0.2499111605043296,0.7091069221496582,0.5570544064986636,0.5575408362854001,0
unseen_cousin,unseen_cousin__aractingi__push_cube_offline_data__ep000007__t0015,0.6290026042982838,0.6277011052750078,0.3129253352020471,0.4469222128391266,0.4613472669857499,0.4609568172787671,0
unseen_cousin,unseen_cousin__aractingi__push_cube_offline_data__ep000008__t0012,0.6523097456521484,0.6497480197242514,0.2468145291179735,0.4677676856517792,0.4568443566917483,0.4560758389133792,0
unseen_cousin,unseen_cousin__aractingi__push_cube_offline_data__ep000009__t0038,0.5299659927687792,0.53250686157017,0.3539490721848658,0.6982979774475098,0.5444937104650974,0.5452559711055147,0
unseen_cousin,unseen_cousin__aractingi__push_cube_offline_data__ep000010__t0030,0.6501523250658328,0.6509761178414051,0.2616694917271907,0.6192089915275574,0.52123014164893,0.5214772794816016,0
unseen_cousin,unseen_cousin__aractingi__push_cube_offline_data__ep000011__t0045,0.6288740624038793,0.626682901920633,0.2325960848244237,0.6001672744750977,0.49850795395853,0.4978506058135561,0
unseen_cousin,unseen_cousin__aractingi__push_cube_offline_data__ep000012__t0018,0.5716291548251684,0.5717811734399655,0.2627460043255872,0.3791872560977936,0.4019874501843441,0.4020330557687832,0
unseen_cousin,unseen_cousin__aractingi__push_cube_offline_data__ep000013__t0013,0.5039547181676214,0.5035393502729096,0.2482837539052788,0.8264903426170349,0.556267678668684,0.5561430683002706,0
unseen_cousin,unseen_cousin__aractingi__push_cube_offline_data__ep000014__t0016,0.6204725764727514,0.6185760590721671,0.2442893288746681,0.5349577069282532,0.4734116543755272,0.4728426991553518,0
unseen_cousin,unseen_cousin__aractingi__push_cube_offline_data__ep000015__t0004,0.660895769934774,0.6606674878732046,0.2638657017875289,0.4957358837127685,0.4757227950017982,0.4756543103833274,0
unseen_cousin,unseen_cousin__aractingi__push_cube_offline_data__ep000016__t0018,0.5949986380076147,0.5938590529908789,0.3077898839512449,0.5522553324699402,0.4917386895756339,0.4913968140706133,0
unseen_cousin,unseen_cousin__aractingi__push_cube_offline_data__ep000017__t0004,0.6456061398332339,0.6460514005187996,0.2731598234819663,0.728794276714325,0.5671474996802901,0.5672810778859598,0
unseen_cousin,unseen_cousin__aractingi__push_cube_offline_data__ep000018__t0006,0.6558283788082244,0.6565018681046957,0.2655631333540799,0.4810132682323456,0.4688227609416295,0.4690248077305709,0
unseen_cousin,unseen_cousin__aractingi__push_cube_offline_data__ep000019__t0079,0.6623079349657146,0.6611382116573857,0.2359930098617498,0.3980996608734131,0.4287301477976045,0.4283792308051058,0
unseen_cousin,unseen_cousin__aractingi__push_cube_offline_data__ep000020__t0064,0.5247768019852855,0.523647734538019,0.2131384551200291,0.5887243747711182,0.4568643270400417,0.4565256068058617,0
unseen_cousin,unseen_cousin__aractingi__push_cube_offline_data__ep000021__t0008,0.6226093643671584,0.6256289448665913,0.2967598938636747,0.4808089733123779,0.4681343667942011,0.469040240944031,0
unseen_cousin,unseen_cousin__aractingi__push_cube_offline_data__ep000022__t0022,0.6284457542893678,0.6266471777733871,0.2655586409465974,0.585421085357666,0.502369752713856,0.5018301797590617,0
unseen_cousin,unseen_cousin__aractingi__push_cube_offline_data__ep000023__t0051,0.616916620384746,0.6144269520233722,0.3127960887147489,0.5341460108757019,0.4925722170801292,0.4918253165717171,0
unseen_cousin,unseen_cousin__aractingi__push_cube_offline_data__ep000024__t0019,0.5791223585276608,0.5777044023306587,0.2769397634104507,0.6390162110328674,0.5124251209945805,0.5119997341354798,0
unseen_cousin,unseen_cousin__aractingi__push_cube_offline_data__ep000025__t0004,0.6270430124620093,0.6276917520717284,0.2506127041619478,0.6367031931877136,0.5179779922622725,0.5181726141451883,0
unseen_cousin,unseen_cousin__aractingi__push_cube_offline_data__ep000026__t0004,0.6157037274539409,0.6135558245765587,0.2343143255589772,0.5308980941772461,0.4673646535747738,0.4667202827115592,0
unseen_cousin,unseen_cousin__aractingi__push_cube_offline_data__ep000027__t0006,0.640266289420085,0.6397165888016362,0.2513544458302772,0.4993135929107666,0.4672116577394153,0.4670467475538806,0
unseen_cousin,unseen_cousin__aractingi__push_cube_offline_data__ep000028__t0011,0.6312567800427644,0.6315486092892606,0.2985366635645012,0.4856224954128265,0.4731870312473103,0.4732745800212591,0
unseen_cousin,unseen_cousin__aractingi__push_cube_offline_data__ep000029__t0002,0.6139277350416332,0.6141475007288256,0.3139695091193178,0.787705659866333,0.5934514371948185,0.5935173669009763,0
unseen_cousin,unseen_cousin__frk2__so100large__ep000000__t0043,0.3690092562009367,0.3690984718519526,0.1418743012659575,1.0451935529708862,0.5713424884284228,0.5713692531237275,0
unseen_cousin,unseen_cousin__frk2__so100large__ep000001__t0021,0.3568422647288154,0.356965987981767,0.1319634294908346,1.1672232151031494,0.6135309943071547,0.6135681112830402,0
unseen_cousin,unseen_cousin__frk2__so100large__ep000002__t0030,0.5769831733716395,0.5792833551334824,0.1854896658863534,1.2684119939804075,0.7361066493695609,0.7367967038981138,0
unseen_cousin,unseen_cousin__frk2__so100large__ep000003__t0035,0.4731292503716477,0.4726970634614833,0.1712078623251131,1.0029085874557495,0.5944645687913281,0.5943349127182788,0
unseen_cousin,unseen_cousin__frk2__so100large__ep000004__t0006,0.4432938321911877,0.4431344308117763,0.1417528291703977,0.995080292224884,0.5735461152984294,0.5734982948846059,0
unseen_cousin,unseen_cousin__frk2__so100large__ep000005__t0022,0.4043520202532074,0.404898090358052,0.1269193906072901,1.126525640487671,0.6099916794532176,0.610155500484671,0
unseen_cousin,unseen_cousin__frk2__so100large__ep000006__t0027,0.5613911141446872,0.5615785054938736,0.1453759307788454,1.0217864513397217,0.6207446940129485,0.6208009114177044,0
unseen_cousin,unseen_cousin__frk2__so100large__ep000007__t0020,0.5869723027286324,0.5850577199627955,0.2215872804099172,1.0278794765472412,0.6537196655604613,0.6531452907307104,0
unseen_cousin,unseen_cousin__frk2__so100large__ep000008__t0039,0.6086614556386447,0.607191712076444,0.1794236979695699,1.232909917831421,0.7295895132150327,0.7291485901463726,0
unseen_cousin,unseen_cousin__frk2__so100large__ep000009__t0040,0.6492132037157123,0.6500351253202199,0.1731625866098817,0.9726168513298036,0.6357594776295996,0.6360060541109519,0
unseen_cousin,unseen_cousin__frk2__so100large__ep000010__t0013,0.460722914577007,0.4619166797732865,0.1883092080845326,1.0400975942611694,0.6107486745029297,0.6111068040618136,0
unseen_cousin,unseen_cousin__frk2__so100large__ep000011__t0035,0.6746663837937747,0.6715336940486918,0.1724067115867127,1.322102427482605,0.7829628996071882,0.7820230926836633,0
unseen_cousin,unseen_cousin__frk2__so100large__ep000012__t0030,0.5721329454075728,0.5674161551285397,0.1767403886073328,1.1204208135604858,0.6728303256286661,0.6714152885449561,0
unseen_cousin,unseen_cousin__frk2__so100large__ep000013__t0028,0.4543464039481992,0.4509703804103202,0.1689952684651328,1.069913029670715,0.6149677135922857,0.613954906530922,0
unseen_cousin,unseen_cousin__frk2__so100large__ep000014__t0033,0.5873191257798882,0.5871250710415398,0.2193180936733038,1.236781358718872,0.7367037093235065,0.7366454929020019,0
unseen_cousin,unseen_cousin__frk2__so100large__ep000015__t0016,0.3600046587231635,0.3600858845712931,0.1772412248674275,1.0732169151306152,0.5904605311294234,0.5904848988838624,0
unseen_cousin,unseen_cousin__frk2__so100large__ep000016__t0003,0.3634576101169963,0.3637283320999351,0.1479799706573018,1.1352964639663696,0.6075498598188374,0.6076310764137189,0
unseen_cousin,unseen_cousin__frk2__so100large__ep000017__t0035,0.5717619322028374,0.5689675682948389,0.1621197567743784,1.1881959438323977,0.6954428842261238,0.6946045750537242,0
unseen_cousin,unseen_cousin__frk2__so100large__ep000018__t0000,0.3643899760286871,0.3644080972080796,0.1471696267532517,1.1912626028060913,0.6299729219570182,0.6299783583108359,0
unseen_cousin,unseen_cousin__frk2__so100large__ep000019__t0005,0.4404652076773044,0.4407123461516642,0.1860647053395868,0.8423570990562439,0.5249018135275649,0.5249759550698729,0
unseen_cousin,unseen_cousin__frk2__so100large__ep000020__t0025,0.5527509820054426,0.5490455919761098,0.156903855663777,1.3010162115097046,0.7333029359046477,0.7321913188958479,0
unseen_cousin,unseen_cousin__frk2__so100large__ep000021__t0042,0.5173059082801068,0.5089844038645706,0.1674332102776219,1.1882247924804688,0.6807116525595062,0.6782152012348452,0
unseen_cousin,unseen_cousin__frk2__so100large__ep000022__t0040,0.2298213386831135,0.2299770687252736,0.150243639883671,1.3792234659194946,0.6657088799378332,0.6657555989504813,0
unseen_cousin,unseen_cousin__frk2__so100large__ep000023__t0000,0.3969794853047415,0.397608841879162,0.1641750780882235,1.046009540557861,0.5867501852410341,0.5869389922133602,0
unseen_cousin,unseen_cousin__frk2__so100large__ep000024__t0039,0.3653146430600752,0.3620452076555478,0.1669725717979049,1.322085738182068,0.6885204597302212,0.687539629108863,0
unseen_cousin,unseen_cousin__frk2__so100large__ep000025__t0031,0.5788978306027487,0.5783489444267764,0.1782253621973026,1.1505080461502075,0.6873401763000985,0.6871755104473067,0
unseen_cousin,unseen_cousin__frk2__so100large__ep000026__t0021,0.3971470091715056,0.3990801927294558,0.1709462459832015,1.2838345766067505,0.6839618071891123,0.6845417622564973,0
unseen_cousin,unseen_cousin__frk2__so100large__ep000027__t0015,0.5332688006150057,0.5332050649730696,0.1374375706031073,0.9760867953300476,0.591646629497453,0.5916275088048721,0
unseen_cousin,unseen_cousin__frk2__so100large__ep000028__t0020,0.5646550320988671,0.5645463100783611,0.1859605994349753,1.3106216192245483,0.7494333371499722,0.7494007205438202,0
unseen_cousin,unseen_cousin__frk2__so100large__ep000029__t0004,0.4564401746079817,0.4577121909711138,0.1528420670777039,0.9722395539283752,0.5716804940770558,0.5720620989859955,0
unseen_cousin,unseen_cousin__frk2__so100large__ep000030__t0012,0.4589889386659136,0.4595032986252185,0.1636645255978315,1.0499670505523682,0.6067828595000708,0.6069371674878623,0
unseen_cousin,unseen_cousin__frk2__so100large__ep000031__t0036,0.6196087208016052,0.6170291757557638,0.1426104662714371,1.2704566717147827,0.7368484248078258,0.7360745612940733,0
unseen_cousin,unseen_cousin__frk2__so100large__ep000032__t0014,0.3093521863940223,0.3080968753916404,0.1455408044841331,1.0415809154510498,0.5531002634438665,0.5527236701431519,0
unseen_cousin,unseen_cousin__frk2__so100large__ep000033__t0015,0.5592792631442871,0.5599145834905487,0.1531104937105576,1.0497866868972778,0.6336316018153646,0.633822197919243,0
unseen_cousin,unseen_cousin__frk2__so100large__ep000034__t0009,0.5139532988917583,0.5141291465842432,0.1714126194916473,1.6385191679000854,0.8610174426750559,0.8610701969828013,0
unseen_cousin,unseen_cousin__frk2__so100large__ep000035__t0034,0.5766506501263482,0.5765921227622153,0.1667965512484192,0.7911664843559265,0.5395007541548008,0.5394831959455609,0
unseen_cousin,unseen_cousin__frk2__so100large__ep000036__t0028,0.5607404978765391,0.5605924956680945,0.2577486909027123,1.102152705192566,0.6864078387108019,0.6863634380482685,0
unseen_cousin,unseen_cousin__frk2__so100large__ep000037__t0005,0.4963633038263826,0.4973716445109685,0.1291103936579877,1.4196382761001587,0.7554974196853746,0.7557999218907504,0
unseen_cousin,unseen_cousin__frk2__so100large__ep000038__t0005,0.3783981988405847,0.3781594301566201,0.1474717078016234,1.1944465637207031,0.6355395974809437,0.6354679668757544,0
unseen_cousin,unseen_cousin__frk2__so100large__ep000039__t0020,0.3780483724946104,0.3777974914385499,0.1576606212953267,1.4363559484481812,0.7352550775162536,0.7351798131994354,0
unseen_cousin,unseen_cousin__frk2__so100large__ep000040__t0032,0.5481614559492836,0.5479163574171144,0.2158420680063734,1.4668885469436646,0.8159564759641629,0.8158829464045122,0
unseen_cousin,unseen_cousin__frk2__so100large__ep000041__t0031,0.6938367285758762,0.6940767556276425,0.1874904513119948,1.337002873420715,0.7991993033346474,0.7992713114501773,0
unseen_cousin,unseen_cousin__frk2__so100large__ep000042__t0006,0.5274586593992436,0.5257986934273313,0.1946160271853152,1.2703590393066406,0.724766021698024,0.7242680319064503,0
unseen_cousin,unseen_cousin__frk2__so100large__ep000043__t0019,0.3951015635301929,0.3942995677010067,0.1471364332314549,1.1265301704406738,0.6132834672047639,0.6130428684560081,0
unseen_cousin,unseen_cousin__frk2__so100large__ep000044__t0035,0.5842171159960365,0.5784162143157126,0.1439770459125302,1.293735146522522,0.7359523071815788,0.7342120366774816,0
unseen_cousin,unseen_cousin__frk2__so100large__ep000045__t0018,0.5145912875423715,0.5142700381156757,0.1560737296664528,1.143962264060974,0.658784410787037,0.6586880359590283,0
unseen_cousin,unseen_cousin__frk2__so100large__ep000046__t0007,0.4711538530533322,0.4713811004184407,0.159656513824714,1.2904068231582642,0.7054058393267195,0.705474013536252,0
unseen_cousin,unseen_cousin__frk2__so100large__ep000047__t0035,0.4935685824657217,0.4936077907623417,0.1997574531367638,1.1728911399841309,0.677154266674398,0.6771660291633841,0
unseen_cousin,unseen_cousin__frk2__so100large__ep000048__t0021,0.3841842423086387,0.3846783610258287,0.1524050851814127,1.5261214971542358,0.7714253971087097,0.7715736327238667,0
unseen_cousin,unseen_cousin__frk2__so100large__ep000049__t0034,0.5751043454884781,0.5767945736976847,0.2345417899771108,0.7945349812507629,0.5607078331399818,0.5612149016027439,0
unseen_general,unseen_general__CSCSXX__pick_place_cube_1.18__ep000000__t0006,0.6570682187037009,0.6581799321061576,0.2961880561776225,0.7048690319061279,0.5679244952268482,0.5682580092475852,0
unseen_general,unseen_general__CSCSXX__pick_place_cube_1.18__ep000001__t0038,0.5260655125580076,0.5255246496494403,0.2836172404192433,0.9872093200683594,0.637788553920519,0.6376262950479489,0
unseen_general,unseen_general__CSCSXX__pick_place_cube_1.18__ep000002__t0035,0.5338287172145317,0.5330213850582508,0.2749184864247485,0.994021475315094,0.6402327512178216,0.6399905515709374,0
unseen_general,unseen_general__CSCSXX__pick_place_cube_1.18__ep000003__t0037,0.5346376246154859,0.5352323854621112,0.2094764399150159,1.081193447113037,0.6557115982043654,0.6558900264583529,0
unseen_general,unseen_general__CSCSXX__pick_place_cube_1.18__ep000004__t0018,0.6289827353995509,0.6259871457740604,0.2736473403285213,0.6979513168334961,0.5499695494518201,0.549070872564173,0
unseen_general,unseen_general__CSCSXX__pick_place_cube_1.18__ep000005__t0028,0.5941107845918971,0.5912293888890126,0.1962335375095183,0.6393553018569946,0.4928454173732224,0.4919809986623571,0
unseen_general,unseen_general__CSCSXX__pick_place_cube_1.18__ep000006__t0005,0.611876136635206,0.6118545360978029,0.2066720917558352,1.182925581932068,0.7187347012901395,0.7187282211289185,0
unseen_general,unseen_general__CSCSXX__pick_place_cube_1.18__ep000007__t0038,0.5222648438155667,0.5226353762369382,0.2178223652770051,1.1227740049362185,0.6711357647022589,0.6712469244286703,0
unseen_general,unseen_general__CSCSXX__pick_place_cube_1.18__ep000008__t0024,0.6748865766617912,0.6740693646724079,0.2528604486009365,0.7457277178764343,0.576615194729392,0.576370031132577,0
unseen_general,unseen_general__CSCSXX__pick_place_cube_1.18__ep000009__t0020,0.6160998761406575,0.6155640181943112,0.2666144342637757,0.7789888381958008,0.5764098283996504,0.5762490710157464,0
unseen_general,unseen_general__CSCSXX__pick_place_cube_1.18__ep000010__t0036,0.5376890654505513,0.5365580836202829,0.2530292753787497,1.0971083641052246,0.6760588478908802,0.6757195533417997,0
unseen_general,unseen_general__CSCSXX__pick_place_cube_1.18__ep000011__t0015,0.6298266911741849,0.6316385504937496,0.2443508952163534,0.7518060207366943,0.5629756842118392,0.5635192420077086,0
unseen_general,unseen_general__CSCSXX__pick_place_cube_1.18__ep000012__t0018,0.6650412196158715,0.6628571362031517,0.2844764125439236,0.607747495174408,0.5279542877177017,0.5272990626938858,0
unseen_general,unseen_general__CSCSXX__pick_place_cube_1.18__ep000013__t0011,0.6246034578159316,0.6258643974129088,0.2243456002644855,1.0180377960205078,0.6618998358323283,0.6622781177114214,0
unseen_general,unseen_general__CSCSXX__pick_place_cube_1.18__ep000014__t0012,0.6847567221015909,0.68801160885462,0.2024477958371878,0.7852137088775635,0.580246838932659,0.5812233049585678,0
unseen_general,unseen_general__CSCSXX__pick_place_cube_1.18__ep000015__t0011,0.7000192500717257,0.7000342974526675,0.2312281651508692,0.8521050810813904,0.6202162569993346,0.6202207712136172,0
unseen_general,unseen_general__CSCSXX__pick_place_cube_1.18__ep000016__t0002,0.583928680919344,0.5840409800049002,0.2533375499020627,1.0352383852005005,0.6652752233266221,0.6653089130522891,0
unseen_general,unseen_general__CSCSXX__pick_place_cube_1.18__ep000017__t0039,0.5565817029664901,0.5570032098401503,0.2762529715396798,0.9799050688743592,0.6418124299015946,0.6419388819636926,0
unseen_general,unseen_general__CSCSXX__pick_place_cube_1.18__ep000018__t0042,0.5493343925204037,0.5490519306412627,0.2485234779373714,1.2639871835708618,0.7449522345656773,0.744867496001935,0
unseen_general,unseen_general__CSCSXX__pick_place_cube_1.18__ep000019__t0016,0.7185479256910723,0.7193133184708302,0.2775065461226861,0.7720574736595154,0.6076393310079337,0.607868948841861,0
unseen_general,unseen_general__CSCSXX__pick_place_cube_1.18__ep000020__t0060,0.5839647354628279,0.5837835146260617,0.2339792591141533,1.3049037456512451,0.7673446966335924,0.7672903303825626,0
unseen_general,unseen_general__CSCSXX__pick_place_cube_1.18__ep000021__t0004,0.522115126077231,0.5215258242403027,0.2482101982077261,0.8374111652374268,0.5660620633804578,0.5658852728293794,0
unseen_general,unseen_general__CSCSXX__pick_place_cube_1.18__ep000022__t0005,0.5635915197614687,0.5637000934153953,0.2079707341641227,0.9600715637207032,0.6154973016659586,0.6155298737621366,0
unseen_general,unseen_general__CSCSXX__pick_place_cube_1.18__ep000023__t0016,0.6576666071059598,0.6589094726443203,0.2257541771565407,0.8279662132263184,0.5962127205692775,0.5965855802307857,0
unseen_general,unseen_general__CSCSXX__pick_place_cube_1.18__ep000024__t0019,0.6886516805923253,0.6884351235439703,0.2314464261228064,0.5746216177940369,0.5058780791321542,0.5058131120176478,0
unseen_general,unseen_general__CSCSXX__pick_place_cube_1.18__ep000025__t0004,0.5869316294345348,0.5868465350997929,0.185740518713558,1.0726581811904907,0.6608649169206241,0.6608393886202015,0
unseen_general,unseen_general__CSCSXX__pick_place_cube_1.18__ep000026__t0053,0.5637368073589424,0.5635940243731217,0.2199131355355811,0.9862892031669616,0.6296106641351418,0.6295678292393956,0
unseen_general,unseen_general__CSCSXX__pick_place_cube_1.18__ep000027__t0010,0.5731906101053694,0.5735999539539964,0.2203843097379128,1.2992064952850342,0.7577550740669984,0.7578778772215865,0
unseen_general,unseen_general__CSCSXX__pick_place_cube_1.18__ep000028__t0057,0.5655918008857179,0.5655742211383131,0.2378617615950052,1.083790898323059,0.6745524280734406,0.6745471541492192,0
unseen_general,unseen_general__CSCSXX__pick_place_cube_1.18__ep000029__t0050,0.6077652429736785,0.6069398008282324,0.2412984839015025,1.0665853023529053,0.6813532390037165,0.6811056063600827,0
unseen_general,unseen_general__CSCSXX__pick_place_cube_1.18__ep000030__t0045,0.5273720992419589,0.5277139528745225,0.2485945348108441,1.1795231103897097,0.7045992343717247,0.7047017904614938,0
unseen_general,unseen_general__CSCSXX__pick_place_cube_1.18__ep000031__t0033,0.5299194856134489,0.5296567533463304,0.2941716121606516,0.680895984172821,0.5195857230013585,0.5195069033212231,0
unseen_general,unseen_general__CSCSXX__pick_place_cube_1.18__ep000032__t0017,0.6070481098469099,0.6051655500617761,0.2824105542452559,0.7691752314567566,0.5745076918103524,0.5739429238748123,0
unseen_general,unseen_general__CSCSXX__pick_place_cube_1.18__ep000033__t0033,0.5926643469601216,0.5908126607399993,0.1915760900963496,1.0169297456741333,0.6420440293865948,0.6414885235205581,0
unseen_general,unseen_general__CSCSXX__pick_place_cube_1.18__ep000034__t0015,0.6660270655537183,0.6661097492437348,0.2497164569817335,0.8125500082969666,0.5997430600794222,0.5997678651864271,0
unseen_general,unseen_general__CSCSXX__pick_place_cube_1.18__ep000035__t0013,0.6725072005931337,0.6742185033542059,0.2655147529776889,0.7932443022727966,0.5987043069803655,0.5992176978086872,0
unseen_general,unseen_general__CSCSXX__pick_place_cube_1.18__ep000036__t0037,0.5211122681769379,0.5208440384159281,0.2206871988846087,1.0515307188034058,0.6431521276398263,0.6430716587115234,0
unseen_general,unseen_general__CSCSXX__pick_place_cube_1.18__ep000037__t0026,0.6010503213594185,0.6008627385937948,0.2731925012570978,0.8777241706848145,0.6133625150588806,0.6133062402291936,0
unseen_general,unseen_general__CSCSXX__pick_place_cube_1.18__ep000038__t0037,0.5492145489565421,0.5480046484945345,0.2646798999152375,0.9233155250549316,0.6134945446835065,0.6131315745449043,0
unseen_general,unseen_general__CSCSXX__pick_place_cube_1.18__ep000039__t0017,0.6144810289828302,0.6124859228495454,0.2514564583939027,0.9010130763053894,0.6201864767351757,0.6195879448951902,0
unseen_general,unseen_general__CSCSXX__pick_place_cube_1.18__ep000040__t0028,0.5484410065379512,0.5482756533762791,0.2163762577251001,0.6333791613578796,0.4827968438220673,0.4827472378735656,0
unseen_general,unseen_general__CSCSXX__pick_place_cube_1.18__ep000041__t0031,0.5823731529192784,0.5810046000629143,0.2466205821627222,0.7714228630065918,0.5572672657272368,0.5568566998703277,0
unseen_general,unseen_general__CSCSXX__pick_place_cube_1.18__ep000042__t0045,0.5837010583806476,0.5831572952004942,0.2630755016620238,0.8258392214775085,0.5843686566038049,0.5842055276497589,0
unseen_general,unseen_general__CSCSXX__pick_place_cube_1.18__ep000043__t0005,0.5681378898792402,0.5685259158482283,0.2069015762812015,1.062985062599182,0.6577058648878054,0.6578222726785018,0
unseen_general,unseen_general__CSCSXX__pick_place_cube_1.18__ep000044__t0020,0.600551408101653,0.5992159709798572,0.2108642967214418,0.7113580703735352,0.5279679395963425,0.5275673084598038,0
unseen_general,unseen_general__CSCSXX__pick_place_cube_1.18__ep000045__t0039,0.5253387190024082,0.5259181745712228,0.2590717624771711,1.3339289426803589,0.7688947215160173,0.7690685581866616,0
unseen_general,unseen_general__CSCSXX__pick_place_cube_1.18__ep000046__t0007,0.6458203007431936,0.6469210243828258,0.2406744382965054,0.9412267804145812,0.6424391338777422,0.642769350969632,0
unseen_general,unseen_general__CSCSXX__pick_place_cube_1.18__ep000047__t0031,0.580606624397824,0.5811648811094753,0.3059087546922938,1.0720304250717163,0.6947667837557219,0.6949342607692173,0
unseen_general,unseen_general__CSCSXX__pick_place_cube_1.18__ep000048__t0037,0.5605853864223653,0.5609822016060159,0.2333950679976963,1.374315857887268,0.7879204794809257,0.7880395240360208,0
unseen_general,unseen_general__CSCSXX__pick_place_cube_1.18__ep000049__t0021,0.5756753699133899,0.5736423105031313,0.30688332868904,1.074393391609192,0.6945249662244057,0.6939150484013281,0
unseen_general,unseen_general__ZGGZZG__so100_drop0__ep000000__t0024,0.5150589635534689,0.5034271339776358,0.2370411672276736,1.1471377611160278,0.684485143680754,0.680995594808004,0
unseen_general,unseen_general__ZGGZZG__so100_drop0__ep000001__t0031,0.7582194561306181,0.7561875937864032,0.2407654691907764,0.5388876795768738,0.5152505494271679,0.5146409907239033,0
unseen_general,unseen_general__ZGGZZG__so100_drop0__ep000002__t0002,0.2887236360816693,0.2885532984036184,0.1632344286946685,1.6943926811218262,0.8133444918816319,0.8132933905782166,0
unseen_general,unseen_general__ZGGZZG__so100_drop0__ep000003__t0034,0.685202183384039,0.6846810010275548,0.2340829538259555,1.4996694326400757,0.8756533142190287,0.8754969595120834,0
unseen_general,unseen_general__ZGGZZG__so100_drop0__ep000004__t0014,0.335879305539936,0.3310756046577067,0.1436210382634944,1.4863277673721311,0.7383812100898817,0.7369400998252129,0
unseen_general,unseen_general__ZGGZZG__so100_drop0__ep000005__t0028,0.7304986243271141,0.7303534824478739,0.2638848457432156,1.2995089292526243,0.8181186127221487,0.8180750701583767,0
unseen_general,unseen_general__ZGGZZG__so100_drop0__ep000006__t0047,0.6244813555075954,0.6256841752160657,0.2622489599840729,1.2064777612686155,0.7486101991549468,0.7489710450674879,0
unseen_general,unseen_general__ZGGZZG__so100_drop0__ep000007__t0050,0.7529346629825782,0.7564713073415519,0.2439983950702705,1.4095826148986816,0.8629129633753273,0.8639739566830194,0
unseen_general,unseen_general__ZGGZZG__so100_drop0__ep000008__t0021,0.3747524637583255,0.3702524877358367,0.1571340214194844,1.3656154870986938,0.7058121403928206,0.704462147586074,0
unseen_general,unseen_general__ZGGZZG__so100_drop0__ep000009__t0042,0.7856087360508401,0.7851071716173543,0.2561244666424922,1.1167559623718262,0.7592223457567302,0.7590718764266844,0
unseen_general,unseen_general__ZGGZZG__so100_drop0__ep000010__t0054,0.7502401560904319,0.7499444458494364,0.3109238778441557,1.207938313484192,0.801524535574053,0.8014358225017544,0
unseen_general,unseen_general__ZGGZZG__so100_drop0__ep000011__t0003,0.3459923041371586,0.3455644780760865,0.1813436663253406,1.5226407051086426,0.7672570731822068,0.7671287253638852,0
unseen_general,unseen_general__ZGGZZG__so100_drop0__ep000012__t0012,0.3373753733623819,0.3291217595714253,0.2401182143037268,1.3394804000854492,0.7090402363340124,0.7065641521967254,0
unseen_general,unseen_general__ZGGZZG__so100_drop0__ep000013__t0018,0.3121768727738425,0.3101514410430069,0.1890216439192894,1.5202454328536987,0.7584577281494191,0.7578500986301684,0
unseen_general,unseen_general__ZGGZZG__so100_drop0__ep000014__t0028,0.5784355875487035,0.5682955735642146,0.2132917815655136,1.5389280319213867,0.8530894235028199,0.8500474193074732,0
unseen_general,unseen_general__ZGGZZG__so100_drop0__ep000015__t0005,0.2634519385972733,0.2631085195752518,0.1622510886488136,1.7961875200271606,0.8461859161846904,0.8460828904780839,0
unseen_general,unseen_general__ZGGZZG__so100_drop0__ep000016__t0104,0.6988583828997634,0.7017765423300503,0.3052528801072848,1.32351815700531,0.8306406417042385,0.8315160895333246,0
unseen_general,unseen_general__ZGGZZG__so100_drop0__ep000017__t0009,0.2702407083853295,0.2698827560972584,0.1660923909569501,1.543975830078125,0.748490261833934,0.7483828761475126,0
unseen_general,unseen_general__ZGGZZG__so100_drop0__ep000018__t0003,0.2232346917700204,0.2230755189788388,0.1527857729407673,1.6474746465682983,0.7717959980405558,0.7717482462032013,0
unseen_general,unseen_general__ZGGZZG__so100_drop0__ep000019__t0015,0.5372895653457164,0.5278389423716059,0.2765670918766753,1.450738787651062,0.8244525122271423,0.8216173253349093,0
unseen_general,unseen_general__ZGGZZG__so100_drop0__ep000021__t0081,0.707396275267244,0.7084019757360213,0.2316481331195732,1.2553356885910034,0.7838475979524466,0.7841493080930797,0
unseen_general,unseen_general__ZGGZZG__so100_drop0__ep000022__t0024,0.4003963802562024,0.3923801243311535,0.1851349524615096,1.509068489074707,0.7792867954451965,0.7768819186676819,0
unseen_general,unseen_general__ZGGZZG__so100_drop0__ep000023__t0077,0.7896737585535077,0.7919711174654136,0.321617670226781,0.64359050989151,0.5908236325906906,0.5915128402642624,0
unseen_general,unseen_general__ZGGZZG__so100_drop0__ep000024__t0073,0.7099791307987161,0.7109382034951861,0.3003280002592997,1.461092472076416,0.8875291281479711,0.8878168499569121,0
unseen_general,unseen_general__ZGGZZG__so100_drop0__ep000025__t0015,0.3111864633275114,0.3105591944357582,0.145061028008679,1.4540281295776367,0.7184854992319119,0.7182973185643858,0
unseen_general,unseen_general__ZGGZZG__so100_drop0__ep000026__t0050,0.6897297286985917,0.692051952321207,0.2939313798865228,1.067283272743225,0.7220116416728244,0.722708308759609,0
unseen_general,unseen_general__ZGGZZG__so100_drop0__ep000027__t0011,0.2461254739347079,0.2460656029662944,0.1929317730547191,1.5598658323287964,0.7556635070283466,0.7556455457378226,0
unseen_general,unseen_general__ZGGZZG__so100_drop0__ep000028__t0047,0.6941260011051631,0.693428980290707,0.2991120798290352,1.0457926988601685,0.7162885038243268,0.71607939757999,0
unseen_general,unseen_general__ZGGZZG__so100_drop0__ep000029__t0014,0.3323526592898357,0.3315324875931595,0.1300763969686387,1.5296273231506348,0.7505796461377963,0.7503335946287935,0
unseen_general,unseen_general__ZGGZZG__so100_drop0__ep000030__t0004,0.337709034063644,0.3371709961479548,0.1709423216912423,1.6138591766357422,0.7981390773807628,0.7979776660060561,0
unseen_general,unseen_general__ZGGZZG__so100_drop0__ep000031__t0077,0.7304245307271789,0.7313325747807782,0.2888100974805324,1.4788578748703003,0.8973135384104336,0.8975859516265133,0
unseen_general,unseen_general__ZGGZZG__so100_drop0__ep000032__t0002,0.3242930974480331,0.324001736486817,0.1507890344949745,1.5155086517333984,0.7487281002762617,0.7486406919878968,0
unseen_cousin,unseen_cousin__aractingi__push_cube_offline_data__ep000000__t0001,0.5900117625227208,0.5913173929685298,0.3073015106231554,0.5831369757652283,0.5024487722498542,0.5028404613835968,1
unseen_cousin,unseen_cousin__aractingi__push_cube_offline_data__ep000001__t0024,0.5980542755329769,0.5964370553878601,0.2365125940036417,0.5643662810325623,0.4761165732740104,0.4756314072304755,1
unseen_cousin,unseen_cousin__aractingi__push_cube_offline_data__ep000002__t0006,0.5917296007917943,0.5924889065620058,0.2467859672881686,0.8588626384735107,0.5950997258133932,0.5953275175444567,1
unseen_cousin,unseen_cousin__aractingi__push_cube_offline_data__ep000003__t0002,0.6236141025750849,0.6239713488855871,0.2248607917598137,0.7258421778678894,0.5448793394476253,0.5449865133407761,1
unseen_cousin,unseen_cousin__aractingi__push_cube_offline_data__ep000004__t0016,0.5834754227191912,0.5839358254869269,0.221127740961223,0.5299394726753235,0.4533567381742537,0.4534948590045744,1
unseen_cousin,unseen_cousin__aractingi__push_cube_offline_data__ep000005__t0030,0.5882939718547691,0.5885713691716901,0.2644922908527694,0.7598323822021484,0.559768831693121,0.5598520508881972,1
unseen_cousin,unseen_cousin__aractingi__push_cube_offline_data__ep000006__t0032,0.6304499064583263,0.6305214039205455,0.2333729562708542,0.7578790187835693,0.562298466332182,0.5623199155708476,1
unseen_cousin,unseen_cousin__aractingi__push_cube_offline_data__ep000007__t0015,0.6149739955198643,0.6127823541235382,0.3115032083624197,0.5342411398887634,0.4916396171201905,0.4909821247012927,1
unseen_cousin,unseen_cousin__aractingi__push_cube_offline_data__ep000008__t0012,0.6701409980104714,0.6681745378479168,0.2306646356623092,0.4721154272556305,0.4590878610040864,0.45849792295532,1
unseen_cousin,unseen_cousin__aractingi__push_cube_offline_data__ep000009__t0038,0.550095195044564,0.5505496955493187,0.300262447063404,0.6721193194389343,0.5239550204079642,0.5240913705593906,1
unseen_cousin,unseen_cousin__aractingi__push_cube_offline_data__ep000010__t0030,0.5965283262368822,0.5956810144711322,0.2977172314772518,0.6734374165534973,0.5376486339356391,0.5373944404059141,1
unseen_cousin,unseen_cousin__aractingi__push_cube_offline_data__ep000011__t0045,0.6513694475862475,0.6494129637340842,0.2344298292974883,0.6152303814888,0.5118319356606408,0.5112449905049918,1
unseen_cousin,unseen_cousin__aractingi__push_cube_offline_data__ep000012__t0018,0.6182882953326149,0.6191302847967213,0.2270989574917541,0.4003569185733795,0.4137589432766625,0.4140115401158944,1
unseen_cousin,unseen_cousin__aractingi__push_cube_offline_data__ep000013__t0013,0.5213883226768377,0.5232455602957968,0.2858300100232284,0.7681595683097839,0.5494293271339334,0.5499864984196212,1
unseen_cousin,unseen_cousin__aractingi__push_cube_offline_data__ep000014__t0016,0.6121341955076386,0.6097363596391612,0.2086309556776852,0.4784320294857025,0.4376023571498781,0.4368830063893349,1
unseen_cousin,unseen_cousin__aractingi__push_cube_offline_data__ep000015__t0004,0.6384170548383314,0.6381868182084043,0.2534384701648219,0.4931995570659637,0.4648364803273315,0.4647674093383533,1
unseen_cousin,unseen_cousin__aractingi__push_cube_offline_data__ep000016__t0018,0.5914551662505938,0.5907906405350711,0.2745329605233453,0.6286429166793823,0.5112536047039347,0.5110542469892778,1
unseen_cousin,unseen_cousin__aractingi__push_cube_offline_data__ep000017__t0004,0.6009000951633072,0.6013871916487485,0.3053217355912193,0.9427273273468018,0.6489574801650786,0.6491036091107111,1
unseen_cousin,unseen_cousin__aractingi__push_cube_offline_data__ep000018__t0006,0.6535559441006685,0.6559164724655274,0.2596567577867403,0.4554672241210937,0.4561507002146602,0.4568588587241179,1
unseen_cousin,unseen_cousin__aractingi__push_cube_offline_data__ep000019__t0079,0.6825829921772119,0.6809278658024401,0.2584707963675174,0.384160965681076,0.4359805228358492,0.4354839849234176,1
unseen_cousin,unseen_cousin__aractingi__push_cube_offline_data__ep000020__t0064,0.5307346727301977,0.5286898060535838,0.21832944607247,0.4751250743865967,0.414769265395439,0.4141558053924549,1
unseen_cousin,unseen_cousin__aractingi__push_cube_offline_data__ep000021__t0008,0.5964668848190837,0.5984054414977473,0.2547894427791983,0.5060374736785889,0.4577918877509201,0.4583734547545192,1
unseen_cousin,unseen_cousin__aractingi__push_cube_offline_data__ep000022__t0022,0.6387313138070554,0.6365347962565233,0.285013684989174,0.5457851886749268,0.4954375751088395,0.4947786198436799,1
unseen_cousin,unseen_cousin__aractingi__push_cube_offline_data__ep000023__t0051,0.620395270529248,0.6186764778619183,0.2525736874190356,0.4396500587463379,0.4377507108830203,0.4372350730828213,1
unseen_cousin,unseen_cousin__aractingi__push_cube_offline_data__ep000024__t0019,0.58818138461432,0.5867197016468046,0.2508583167189651,0.3717576563358307,0.4004149729343178,0.3999764680440631,1
unseen_cousin,unseen_cousin__aractingi__push_cube_offline_data__ep000025__t0004,0.656995830915038,0.6578505840970861,0.2949365976031407,0.6345984935760498,0.5394191259858736,0.539675551940488,1
unseen_cousin,unseen_cousin__aractingi__push_cube_offline_data__ep000026__t0004,0.614554894022247,0.6125894543614538,0.273403972108957,0.5597208142280579,0.4902759855305844,0.4896863536323464,1
unseen_cousin,unseen_cousin__aractingi__push_cube_offline_data__ep000027__t0006,0.6542981068858542,0.6540716696389803,0.2466030662612861,0.4631929695606231,0.4555475397683913,0.4554796085943292,1
unseen_cousin,unseen_cousin__aractingi__push_cube_offline_data__ep000028__t0011,0.6141725314790543,0.6138738658965527,0.2836943735712094,0.5463685393333435,0.4879074872484165,0.487817887573666,1
unseen_cousin,unseen_cousin__aractingi__push_cube_offline_data__ep000029__t0002,0.5644023107303289,0.563943918465684,0.2683844654976679,0.6835259795188904,0.5232464246759552,0.5231089069965618,1
unseen_cousin,unseen_cousin__frk2__so100large__ep000000__t0043,0.3678203050897967,0.3672258911133985,0.1756864198228543,1.0645751953125,0.5888820955987953,0.5887037714058758,1
unseen_cousin,unseen_cousin__frk2__so100large__ep000001__t0021,0.4467303524809614,0.4477278778305082,0.157140729795162,1.2118722200393677,0.6659102126985841,0.6662094703034482,1
unseen_cousin,unseen_cousin__frk2__so100large__ep000002__t0030,0.5897093209325894,0.5908742389896737,0.1846519849339936,1.3295303583145142,0.7641205350857806,0.7644700105029059,1
unseen_cousin,unseen_cousin__frk2__so100large__ep000003__t0035,0.519120754513797,0.5184302662752835,0.2218567609402637,1.096463322639465,0.6608785836920044,0.6606714372204503,1
unseen_cousin,unseen_cousin__frk2__so100large__ep000004__t0006,0.4825713750282208,0.4824664503768807,0.144875808264815,0.9983695149421692,0.5875819609647784,0.5875504835693764,1
unseen_cousin,unseen_cousin__frk2__so100large__ep000005__t0022,0.3854534579847674,0.385476353762039,0.1523338081687655,1.1742268800735474,0.6310269318754789,0.6310338006086603,1
unseen_cousin,unseen_cousin__frk2__so100large__ep000006__t0027,0.5710406615358645,0.5716142930051102,0.1355616938529846,1.0274105072021484,0.6229449094975141,0.6231169989382879,1
unseen_cousin,unseen_cousin__frk2__so100large__ep000007__t0020,0.5700991504315136,0.5677433080320933,0.1761415571888355,1.0339162349700928,0.6374387062741418,0.6367319535543158,1
unseen_cousin,unseen_cousin__frk2__so100large__ep000008__t0039,0.5321541991577071,0.531760962692496,0.2127834742145732,1.1247329711914062,0.6733744904882466,0.6732565195486833,1
unseen_cousin,unseen_cousin__frk2__so100large__ep000009__t0040,0.5870172065991497,0.5863181380201425,0.1588442419316559,1.4098148345947266,0.7876843683971324,0.7874746478234302,1
unseen_cousin,unseen_cousin__frk2__so100large__ep000010__t0013,0.4843325546568893,0.4845318956349189,0.1413879841370041,1.1836529970169067,0.6611773604449308,0.6612371627383397,1
unseen_cousin,unseen_cousin__frk2__so100large__ep000011__t0035,0.6967960574400023,0.6938402605841487,0.1954699339727599,1.1453189849853516,0.7258073914179692,0.7249206523612133,1
unseen_cousin,unseen_cousin__frk2__so100large__ep000012__t0030,0.4984841119827925,0.4948502655284442,0.1501093850333406,1.3468360900878906,0.7333124851399961,0.7322223312036917,1
unseen_cousin,unseen_cousin__frk2__so100large__ep000013__t0028,0.5704923854994491,0.5644363322227915,0.1886533389050642,1.1180709600448608,0.6749721013392984,0.6731552853563011,1
unseen_cousin,unseen_cousin__frk2__so100large__ep000014__t0033,0.5554711297299222,0.5560303627102297,0.1857109569193105,1.3021841049194336,0.7432282679625433,0.7433960378566354,1
unseen_cousin,unseen_cousin__frk2__so100large__ep000015__t0016,0.4137974371182806,0.4134677331089732,0.1478897105723331,1.033302903175354,0.5818273055773258,0.5817283943745335,1
unseen_cousin,unseen_cousin__frk2__so100large__ep000016__t0003,0.3371801683724778,0.3372790498889464,0.1302140863723938,1.209964156150818,0.6242039388837887,0.6242336033387292,1
unseen_cousin,unseen_cousin__frk2__so100large__ep000017__t0035,0.555714696962842,0.5523522108460301,0.1614089332494263,1.2191921472549438,0.702813947965658,0.7018052021306145,1
unseen_cousin,unseen_cousin__frk2__so100large__ep000018__t0000,0.3047466016197419,0.3050899264124721,0.1111689993235455,1.119463324546814,0.5725600101017119,0.5726630075395309,1
unseen_cousin,unseen_cousin__frk2__so100large__ep000019__t0005,0.4834808565800496,0.4816932753447642,0.2022374975066492,0.8308010697364807,0.538035934120602,0.5374996597500163,1
unseen_cousin,unseen_cousin__frk2__so100large__ep000020__t0025,0.5826796621680164,0.5791926102202825,0.1536825959437051,1.2869237661361694,0.7356781838879842,0.7346320683036641,1
unseen_cousin,unseen_cousin__frk2__so100large__ep000021__t0042,0.656700383986994,0.6538787043143962,0.211915937903186,1.29582679271698,0.778915613653846,0.7780691097520667,1
unseen_cousin,unseen_cousin__frk2__so100large__ep000022__t0040,0.2591993444125837,0.2590025256507747,0.1924396146842655,1.3852611780166626,0.6895961589357198,0.6895371133071772,1
unseen_cousin,unseen_cousin__frk2__so100large__ep000023__t0000,0.5046639650890865,0.505289947011641,0.1976498318460054,1.256263256072998,0.7131994415097268,0.7133872360864931,1
unseen_cousin,unseen_cousin__frk2__so100large__ep000024__t0039,0.524870686535593,0.5226487399862898,0.1955772615893781,1.3294745683670044,0.7479242117842931,0.7472576278195022,1
unseen_cousin,unseen_cousin__frk2__so100large__ep000025__t0031,0.6242363376347063,0.6231977757922114,0.1800163609183269,1.128825068473816,0.6928058369554364,0.6924942684026879,1
unseen_cousin,unseen_cousin__frk2__so100large__ep000026__t0021,0.4176813275164897,0.4187420542296499,0.1427507672687465,1.319724440574646,0.6960194046654293,0.6963376226793774,1
unseen_cousin,unseen_cousin__frk2__so100large__ep000027__t0015,0.5406732616783094,0.5406538098886418,0.1258112079815687,0.9677050709724426,0.5870273692869405,0.5870215337500402,1
unseen_cousin,unseen_cousin__frk2__so100large__ep000028__t0020,0.4588174743328509,0.4588962773144145,0.215026216955955,1.254902720451355,0.7041141955671837,0.7041378364616528,1
unseen_cousin,unseen_cousin__frk2__so100large__ep000029__t0004,0.3839558770177921,0.3849928977364421,0.1056250899077256,0.9276237487792968,0.5179237895893741,0.5182348958049691,1
unseen_cousin,unseen_cousin__frk2__so100large__ep000030__t0012,0.3913794103167163,0.3909095861135474,0.1947564752954241,1.0299636125564575,0.5878262107062252,0.5876852634452745,1
unseen_cousin,unseen_cousin__frk2__so100large__ep000031__t0036,0.5471085726351339,0.5433745572622062,0.1396415102160952,1.3948674201965332,0.7639719929339821,0.7628517883221038,1
unseen_cousin,unseen_cousin__frk2__so100large__ep000032__t0014,0.3409412342396907,0.3392831102374988,0.1392841172776729,0.999334156513214,0.5438012680604948,0.5433038308598372,1
unseen_cousin,unseen_cousin__frk2__so100large__ep000033__t0015,0.5544364497126425,0.5545561451142034,0.2093632404345781,1.0266032218933103,0.6397811958014904,0.6398171044219587,1
unseen_cousin,unseen_cousin__frk2__so100large__ep000034__t0009,0.5549481494639484,0.5546609721314164,0.1652598118784447,1.6253458261489868,0.8662007188623128,0.8661145656625531,1
unseen_cousin,unseen_cousin__frk2__so100large__ep000035__t0034,0.5546734312184113,0.5548346465167123,0.1824001415051048,0.7197882533073425,0.5090373731399919,0.5090857377294822,1
unseen_cousin,unseen_cousin__frk2__so100large__ep000036__t0028,0.5630527376747939,0.5639611937790037,0.2708724911654196,1.1425048112869265,0.7071794931668346,0.7074520299980975,1
unseen_cousin,unseen_cousin__frk2__so100large__ep000037__t0005,0.4729772118136081,0.4734266922677654,0.1039153895056173,1.4557924270629885,0.7553847512209628,0.7555195953572101,1
unseen_cousin,unseen_cousin__frk2__so100large__ep000038__t0005,0.4103253811515533,0.4100014517209371,0.1684441429245754,1.1442543268203735,0.6313325879509881,0.6312354091218032,1
unseen_cousin,unseen_cousin__frk2__so100large__ep000039__t0020,0.4808684464187711,0.4807937489313634,0.1911467925060793,1.5496984720230105,0.8214839604866593,0.821461551240437,1
unseen_cousin,unseen_cousin__frk2__so100large__ep000040__t0032,0.588490064083715,0.588005377798291,0.2048833611714082,1.323019027709961,0.7672196386605213,0.7670742327748942,1
unseen_cousin,unseen_cousin__frk2__so100large__ep000041__t0031,0.6858605801230522,0.6864661131193524,0.2053516884087006,1.224785327911377,0.7572778117240766,0.7574594716229667,1
unseen_cousin,unseen_cousin__frk2__so100large__ep000042__t0006,0.5354783561496131,0.5348281153220042,0.1891570217548865,1.1815900802612305,0.6900266454758421,0.6898315732275595,1
unseen_cousin,unseen_cousin__frk2__so100large__ep000043__t0019,0.3807187911571806,0.379358478866059,0.1315259255700998,1.1172317266464231,0.6005661056767535,0.600158011989417,1
unseen_cousin,unseen_cousin__frk2__so100large__ep000044__t0035,0.6187642315547255,0.6138810157655086,0.1249908067302737,1.421580195426941,0.7917585896562762,0.7902936249195112,1
unseen_cousin,unseen_cousin__frk2__so100large__ep000045__t0018,0.4460637706742253,0.4462842397595469,0.1626735647742555,1.1161774396896362,0.6290921765103987,0.6291583172359952,1
unseen_cousin,unseen_cousin__frk2__so100large__ep000046__t0007,0.4112181010614378,0.4114999147128069,0.1401224971388419,1.269015192985535,0.6730082566542979,0.6730928007497086,1
unseen_cousin,unseen_cousin__frk2__so100large__ep000047__t0035,0.4852908348238614,0.4856049166374173,0.2168916209820475,1.1212714910507202,0.6591633331620608,0.6592575577061275,1
unseen_cousin,unseen_cousin__frk2__so100large__ep000048__t0021,0.358269329580925,0.3584240806166163,0.1299749243149814,1.6986404657363892,0.8259294624633277,0.8259758877740351,1
unseen_cousin,unseen_cousin__frk2__so100large__ep000049__t0034,0.5309429578459615,0.5318275945136649,0.1820828828957572,0.7499570250511169,0.5138905622429624,0.5141559532432735,1
unseen_general,unseen_general__CSCSXX__pick_place_cube_1.18__ep000000__t0006,0.654878690057095,0.6561917997635305,0.2707347233254279,0.6739435195922852,0.5472614318516709,0.5476553647636015,1
unseen_general,unseen_general__CSCSXX__pick_place_cube_1.18__ep000001__t0038,0.4926078994795889,0.4922566978075379,0.2473273014867867,1.2232248783111572,0.7112705116143756,0.7111651511127602,1
unseen_general,unseen_general__CSCSXX__pick_place_cube_1.18__ep000002__t0035,0.518676732142838,0.5168759564271378,0.2751741400845005,0.8895456194877625,0.5939735094633065,0.5934332767485965,1
unseen_general,unseen_general__CSCSXX__pick_place_cube_1.18__ep000003__t0037,0.5442421225951313,0.5440259805803095,0.2215455601930966,0.991354763507843,0.6262782102396056,0.6262133676351591,1
unseen_general,unseen_general__CSCSXX__pick_place_cube_1.18__ep000004__t0018,0.6188256131663273,0.6168580936545263,0.2757504952270235,0.7662825584411621,0.57488585589447,0.5742956000409298,1
unseen_general,unseen_general__CSCSXX__pick_place_cube_1.18__ep000005__t0028,0.5777508761913827,0.5753616411271847,0.2097208722879748,0.6194509267807007,0.4840218952560875,0.4833051247368282,1
unseen_general,unseen_general__CSCSXX__pick_place_cube_1.18__ep000006__t0005,0.5927013100115072,0.5923804723670625,0.2422370253126051,1.2706013917922974,0.7587220573141527,0.7586258060208192,1
unseen_general,unseen_general__CSCSXX__pick_place_cube_1.18__ep000007__t0038,0.5487957496361293,0.5490569631015452,0.2247110545913527,1.1829842329025269,0.7052457344292554,0.7053240984688802,1
unseen_general,unseen_general__CSCSXX__pick_place_cube_1.18__ep000008__t0024,0.6506142211222137,0.6501313470613654,0.2674823807912393,0.7703714370727539,0.5835775554031375,0.583432693184883,1
unseen_general,unseen_general__CSCSXX__pick_place_cube_1.18__ep000009__t0020,0.5907264104819328,0.5897418507071627,0.2434834117578497,0.7437214255332947,0.5477515168852526,0.5474561489528216,1
unseen_general,unseen_general__CSCSXX__pick_place_cube_1.18__ep000010__t0036,0.5403527705721805,0.5376096150988132,0.2462641747480161,1.0245763063430786,0.6458156061332905,0.6449926594912803,1
unseen_general,unseen_general__CSCSXX__pick_place_cube_1.18__ep000011__t0015,0.6329166350853908,0.6340847115548054,0.2048700889389134,0.7273883819580078,0.5422913699904943,0.5426417929313188,1
unseen_general,unseen_general__CSCSXX__pick_place_cube_1.18__ep000012__t0018,0.6382039314250647,0.6362023513590513,0.2685570206724864,0.5914989709854126,0.5086278740234305,0.5080274000036265,1
unseen_general,unseen_general__CSCSXX__pick_place_cube_1.18__ep000013__t0011,0.6175180686376273,0.618186376790069,0.2276063388304061,1.1736433506011963,0.7229946624808885,0.7231951549266211,1
unseen_general,unseen_general__CSCSXX__pick_place_cube_1.18__ep000014__t0012,0.6862491020053305,0.6879319310805149,0.2149588488455981,0.9212512969970704,0.6388629040541067,0.6393677527766621,1
unseen_general,unseen_general__CSCSXX__pick_place_cube_1.18__ep000015__t0011,0.6907350978905454,0.6915167159747522,0.2352463244399836,0.722012996673584,0.5665996253685923,0.5668341107938544,1
unseen_general,unseen_general__CSCSXX__pick_place_cube_1.18__ep000016__t0002,0.6215196410004974,0.6232898913199694,0.2650141671916743,0.9758546352386476,0.6563019965531105,0.6568330716489521,1
unseen_general,unseen_general__CSCSXX__pick_place_cube_1.18__ep000017__t0039,0.5689019248608436,0.5691164750777236,0.2346560163181535,1.025137186050415,0.6511222567738651,0.6511866218389292,1
unseen_general,unseen_general__CSCSXX__pick_place_cube_1.18__ep000018__t0042,0.5418489260683362,0.541398756765453,0.2461027653126011,1.1087301969528198,0.6798775861954092,0.6797425354045441,1
unseen_general,unseen_general__CSCSXX__pick_place_cube_1.18__ep000019__t0016,0.7401410923654415,0.741005302525911,0.2764712934975436,0.7408100962638855,0.6013077542644497,0.6015670173125907,1
unseen_general,unseen_general__CSCSXX__pick_place_cube_1.18__ep000020__t0060,0.5783437669343521,0.5789893314161487,0.2553827175280918,1.296850323677063,0.7688580748095584,0.7690517441540974,1
unseen_general,unseen_general__CSCSXX__pick_place_cube_1.18__ep000021__t0004,0.511831761337824,0.5118681509750911,0.2387732903693074,0.7433964610099792,0.5225400999161312,0.5225510168073113,1
unseen_general,unseen_general__CSCSXX__pick_place_cube_1.18__ep000022__t0005,0.5392304014251186,0.5395165505030458,0.2115744072578919,1.0689749717712402,0.6528314313133993,0.6529172760367774,1
unseen_general,unseen_general__CSCSXX__pick_place_cube_1.18__ep000023__t0016,0.6828970103169673,0.6858481510038839,0.2531746444770764,0.79681396484375,0.5995470823757131,0.600432424581788,1
unseen_general,unseen_general__CSCSXX__pick_place_cube_1.18__ep000024__t0019,0.7037234488930606,0.7043333290261615,0.2493003974209658,0.5463835597038269,0.5044605777757387,0.504643541815669,1
unseen_general,unseen_general__CSCSXX__pick_place_cube_1.18__ep000025__t0004,0.5691386817387576,0.5700903097028679,0.1764970173389136,0.9829426407814026,0.6168677660358624,0.6171532544250955,1
unseen_general,unseen_general__CSCSXX__pick_place_cube_1.18__ep000026__t0053,0.5758798202385036,0.5758906307722008,0.2392485604177272,0.960582435131073,0.6287714882492985,0.6287747314094077,1
unseen_general,unseen_general__CSCSXX__pick_place_cube_1.18__ep000027__t0010,0.5683674212791724,0.5689087430724047,0.2428238668500938,1.334879755973816,0.7773092888283062,0.777471685366276,1
unseen_general,unseen_general__CSCSXX__pick_place_cube_1.18__ep000028__t0057,0.5331995857287538,0.5334643391861301,0.2330801158550527,1.0319432020187378,0.6426611912826371,0.64274061731985,1
unseen_general,unseen_general__CSCSXX__pick_place_cube_1.18__ep000029__t0050,0.6022871054542022,0.6027188769234606,0.2432042653657158,1.1611562967300415,0.718109929937992,0.7182394613787695,1
unseen_general,unseen_general__CSCSXX__pick_place_cube_1.18__ep000030__t0045,0.5298794849123589,0.5301530537375891,0.2668855454450675,1.112790584564209,0.6841457429329115,0.6842278135804806,1
unseen_general,unseen_general__CSCSXX__pick_place_cube_1.18__ep000031__t0033,0.5676847099488194,0.5676721057482271,0.2645878616201255,0.668069064617157,0.5169093973175463,0.5169056160573686,1
unseen_general,unseen_general__CSCSXX__pick_place_cube_1.18__ep000032__t0017,0.6480680847438056,0.6481174158027574,0.2446938540908153,0.7587694525718689,0.5713363626791339,0.5713511619968195,1
unseen_general,unseen_general__CSCSXX__pick_place_cube_1.18__ep000033__t0033,0.600212243086693,0.598269095255524,0.2064299706196152,1.008644700050354,0.6454505441320341,0.6448675997826834,1
unseen_general,unseen_general__CSCSXX__pick_place_cube_1.18__ep000034__t0015,0.6664372989040224,0.6654361868834543,0.2224266837232306,0.6615815758705139,0.5312918251363814,0.530991491530211,1
unseen_general,unseen_general__CSCSXX__pick_place_cube_1.18__ep000035__t0013,0.6722591856235691,0.6730895341110137,0.2548693185836406,0.834852397441864,0.6120795102389085,0.6123286147851419,1
unseen_general,unseen_general__CSCSXX__pick_place_cube_1.18__ep000036__t0037,0.5124012500691175,0.5123585639408517,0.238573268090757,1.2280876636505127,0.7165274209081675,0.7165146150696877,1
unseen_general,unseen_general__CSCSXX__pick_place_cube_1.18__ep000037__t0026,0.5903996064815652,0.5902984509709401,0.250936954712466,0.8987650871276855,0.6119070032092836,0.611876656556096,1
unseen_general,unseen_general__CSCSXX__pick_place_cube_1.18__ep000038__t0037,0.541123413714932,0.54123210941008,0.2393200539018412,0.9190645813941956,0.6017588728427101,0.6017914815512546,1
unseen_general,unseen_general__CSCSXX__pick_place_cube_1.18__ep000039__t0017,0.662753555180329,0.6603583787511216,0.2545538263655231,0.916551411151886,0.64181277892451,0.6410942259957478,1
unseen_general,unseen_general__CSCSXX__pick_place_cube_1.18__ep000040__t0028,0.5805496368627131,0.580505227205566,0.236303952290201,0.6651305556297302,0.5111082989977663,0.5110949761006223,1
unseen_general,unseen_general__CSCSXX__pick_place_cube_1.18__ep000041__t0031,0.5732891281365259,0.5726632977456585,0.2408704876451101,0.733282744884491,0.5375609826882872,0.537373233571027,1
unseen_general,unseen_general__CSCSXX__pick_place_cube_1.18__ep000042__t0045,0.6004002810794729,0.5984796046604668,0.2700721250639954,0.8624232411384583,0.6061110182984238,0.605534815372722,1
unseen_general,unseen_general__CSCSXX__pick_place_cube_1.18__ep000043__t0005,0.5641821480892841,0.5637705090045976,0.1904836417272076,1.0611974000930786,0.6508786969821789,0.650755205256773,1
unseen_general,unseen_general__CSCSXX__pick_place_cube_1.18__ep000044__t0020,0.6078525876027592,0.6056413375007101,0.2291043069595492,0.7329496741294861,0.544266938020487,0.5436035629898722,1
unseen_general,unseen_general__CSCSXX__pick_place_cube_1.18__ep000045__t0039,0.5028681684724214,0.5035404166881376,0.2408492257151698,1.2322205305099487,0.7160034304602569,0.7162051049249718,1
unseen_general,unseen_general__CSCSXX__pick_place_cube_1.18__ep000046__t0007,0.6028059547823398,0.6038156452161448,0.2443309055368593,0.8206806182861328,0.5824133054102129,0.5827162125403544,1
unseen_general,unseen_general__CSCSXX__pick_place_cube_1.18__ep000047__t0031,0.5677803263714666,0.5667544076428017,0.2858663288071401,1.1296788454055786,0.7079655347158135,0.707657759097214,1
unseen_general,unseen_general__CSCSXX__pick_place_cube_1.18__ep000048__t0037,0.5737077712893475,0.5742572740017173,0.262731349885322,1.3949702978134155,0.8089198554777671,0.8090847062914781,1
unseen_general,unseen_general__CSCSXX__pick_place_cube_1.18__ep000049__t0021,0.5982808486588539,0.5953989268692486,0.3119125167932034,1.1035897731781006,0.7144939189068574,0.7136293423699758,1
unseen_general,unseen_general__ZGGZZG__so100_drop0__ep000000__t0024,0.6298066083782112,0.6208747203540839,0.2430404629457375,1.1290634870529177,0.7134795162183516,0.7107999498111135,1
unseen_general,unseen_general__ZGGZZG__so100_drop0__ep000001__t0031,0.7530834132739446,0.7515070324059694,0.2934122484206725,0.5217541456222534,0.5226503567572865,0.5221774424968939,1
unseen_general,unseen_general__ZGGZZG__so100_drop0__ep000002__t0002,0.2711262590030394,0.2711771054215347,0.1609296737749063,1.5913052558898926,0.7661388821893408,0.7661541361148894,1
unseen_general,unseen_general__ZGGZZG__so100_drop0__ep000003__t0034,0.7058496030685453,0.7059986152308675,0.2914523363304684,1.2738505601882937,0.8087308058950216,0.8087755095437181,1
unseen_general,unseen_general__ZGGZZG__so100_drop0__ep000004__t0014,0.3181706488691517,0.3138099120060369,0.1398824305826776,1.431879997253418,0.710167922736916,0.7088597016779816,1
unseen_general,unseen_general__ZGGZZG__so100_drop0__ep000005__t0028,0.7564778043240405,0.756263049305307,0.2784674518641602,1.1145817041397097,0.756316258512344,0.756251832006724,1
unseen_general,unseen_general__ZGGZZG__so100_drop0__ep000006__t0047,0.5969338256104184,0.5994780750402253,0.207262104350909,0.9262151718139648,0.6117448477139842,0.6125081225429263,1
unseen_general,unseen_general__ZGGZZG__so100_drop0__ep000007__t0050,0.7407204195357339,0.7449540512419963,0.2928765122909154,1.535040259361267,0.9240951832925016,0.9253652728043804,1
unseen_general,unseen_general__ZGGZZG__so100_drop0__ep000008__t0021,0.4114717141421738,0.4062837697265866,0.201355891837405,1.4219409227371216,0.7526246508887222,0.7510682675640461,1
unseen_general,unseen_general__ZGGZZG__so100_drop0__ep000009__t0042,0.7695350210461922,0.7687242736306379,0.2365062916193204,1.1319961547851562,0.7546108557137163,0.75436763148905,1
unseen_general,unseen_general__ZGGZZG__so100_drop0__ep000010__t0054,0.7383349383047629,0.7387441439481589,0.3157592920415251,1.1768473386764526,0.7869672045744676,0.7870899662674863,1
unseen_general,unseen_general__ZGGZZG__so100_drop0__ep000011__t0003,0.293585371503847,0.2932934942913578,0.1823089969207182,1.479264736175537,0.7344742049975844,0.7343866418338376,1
unseen_general,unseen_general__ZGGZZG__so100_drop0__ep000012__t0012,0.3132572211754011,0.3106469264177348,0.2045969102320338,1.3430455923080444,0.6925744763454483,0.6917913879181484,1
unseen_general,unseen_general__ZGGZZG__so100_drop0__ep000013__t0018,0.2914408056513389,0.2870500994572222,0.2181052865296628,1.348942756652832,0.6924409303154333,0.6911237184571983,1
unseen_general,unseen_general__ZGGZZG__so100_drop0__ep000014__t0028,0.4579476686048981,0.4430794153409132,0.1718741686657774,1.3715347051620483,0.7375604332460219,0.7330999572668264,1
unseen_general,unseen_general__ZGGZZG__so100_drop0__ep000015__t0005,0.31808703686632,0.3180222409605076,0.1759095459974521,1.598774552345276,0.787708795797242,0.7876893570254982,1
unseen_general,unseen_general__ZGGZZG__so100_drop0__ep000016__t0104,0.7024660734960686,0.7054731533269762,0.2848180068209409,1.4869941473007202,0.890982883015391,0.8918850069646633,1
unseen_general,unseen_general__ZGGZZG__so100_drop0__ep000017__t0009,0.3171321823670171,0.3163439696130475,0.1754729929649108,1.6757158041000366,0.818067874239593,0.8178314104134021,1
unseen_general,unseen_general__ZGGZZG__so100_drop0__ep000018__t0003,0.2219034458077825,0.2216946271818488,0.1559961865379965,1.7293723821640017,0.8051188425693344,0.8050561969815543,1
unseen_general,unseen_general__ZGGZZG__so100_drop0__ep000019__t0015,0.447518012074414,0.4428253174365497,0.2016283278316396,1.4840641021728516,0.7883695428409567,0.7869617344495974,1
unseen_general,unseen_general__ZGGZZG__so100_drop0__ep000021__t0081,0.6583716701047091,0.6576676709340881,0.2118177752259614,1.273340344429016,0.7703929713708076,0.7701817716196213,1
unseen_general,unseen_general__ZGGZZG__so100_drop0__ep000022__t0024,0.4784539811837108,0.4646576333300323,0.2335020961995629,1.4030437469482422,0.7748043219942791,0.7706654176381755,1
unseen_general,unseen_general__ZGGZZG__so100_drop0__ep000023__t0077,0.8015137843944418,0.8029206475348167,0.3560948438787971,0.8490228056907654,0.6868917107582778,0.6873137697003904,1
unseen_general,unseen_general__ZGGZZG__so100_drop0__ep000024__t0073,0.6931816649376394,0.695649975687531,0.2740535707182541,1.6294814348220823,0.9419631446256012,0.9427036378505684,1
unseen_general,unseen_general__ZGGZZG__so100_drop0__ep000025__t0015,0.2594225377376172,0.2585177393092979,0.1341740574603245,1.380624294281006,0.6703286962717849,0.6700572567432891,1
unseen_general,unseen_general__ZGGZZG__so100_drop0__ep000026__t0050,0.6742244978553991,0.6760787362698266,0.2350578051314786,0.99699467420578,0.6715825605783754,0.6721388321027035,1
unseen_general,unseen_general__ZGGZZG__so100_drop0__ep000027__t0011,0.2680084669589332,0.2674740654684475,0.1779069485362094,1.7021440267562866,0.8146322353510576,0.8144719149039118,1
unseen_general,unseen_general__ZGGZZG__so100_drop0__ep000028__t0047,0.6925564183874238,0.6916803220321737,0.2864481852118371,1.161280393600464,0.7582135385199639,0.7579507096133888,1
unseen_general,unseen_general__ZGGZZG__so100_drop0__ep000029__t0014,0.282413429118753,0.281115691936775,0.128476894638697,1.4024585485458374,0.68425051654557,0.6838611953909766,1
unseen_general,unseen_general__ZGGZZG__so100_drop0__ep000030__t0004,0.2788686051457262,0.2788670592710871,0.15806174461329,1.4479793310165403,0.7102708373343212,0.7102703735719293,1
unseen_general,unseen_general__ZGGZZG__so100_drop0__ep000031__t0077,0.7004928823929912,0.7004576046431584,0.2214575299517625,1.4415416717529297,0.853201792404598,0.8531912090796482,1
unseen_general,unseen_general__ZGGZZG__so100_drop0__ep000032__t0002,0.2691399191362476,0.2686861897242336,0.1572800785040046,1.5398529767990112,0.7438671900116802,0.743731071188076,1
unseen_cousin,unseen_cousin__aractingi__push_cube_offline_data__ep000000__t0001,0.5544367349101492,0.5545958452694183,0.2876030451971894,0.7047163844108582,0.5344984877965449,0.5345462209043256,2
unseen_cousin,unseen_cousin__aractingi__push_cube_offline_data__ep000001__t0024,0.6417806013291838,0.6407019802996641,0.2640127031919298,0.6363346576690674,0.5262718544239611,0.5259482681151051,2
unseen_cousin,unseen_cousin__aractingi__push_cube_offline_data__ep000002__t0006,0.6303904407043597,0.6317090385455616,0.2398685251879384,0.8522550463676453,0.6019797083147476,0.6023752876671081,2
unseen_cousin,unseen_cousin__aractingi__push_cube_offline_data__ep000003__t0002,0.6179134215501594,0.617317154904303,0.2812906136272175,0.7393640875816345,0.565506845585867,0.56532796559211,2
unseen_cousin,unseen_cousin__aractingi__push_cube_offline_data__ep000004__t0016,0.5981455844636712,0.5984547296111062,0.2422891319197337,0.4493880271911621,0.4318856257914863,0.4319783693357168,2
unseen_cousin,unseen_cousin__aractingi__push_cube_offline_data__ep000005__t0030,0.5972054182888248,0.5984281468610637,0.2951853960390118,0.7856618762016296,0.5819819947790028,0.5823488133506746,2
unseen_cousin,unseen_cousin__aractingi__push_cube_offline_data__ep000006__t0032,0.622167770178736,0.622650319301821,0.2500248583444128,0.7091287970542908,0.545309307378661,0.5454540721155865,2
unseen_cousin,unseen_cousin__aractingi__push_cube_offline_data__ep000007__t0015,0.5966646660945837,0.5937471894227837,0.3419372060937913,0.5152676701545715,0.4876876297183411,0.4868123867168011,2
unseen_cousin,unseen_cousin__aractingi__push_cube_offline_data__ep000008__t0012,0.6154833626769709,0.6129765041223998,0.2845288383291678,0.4725928604602813,0.4590408044859542,0.4582887469195828,2
unseen_cousin,unseen_cousin__aractingi__push_cube_offline_data__ep000009__t0038,0.4907346327120709,0.4920415764910472,0.2946631063163391,0.6269171237945557,0.4863861712263453,0.4867782543600382,2
unseen_cousin,unseen_cousin__aractingi__push_cube_offline_data__ep000010__t0030,0.6219227946943705,0.6230253645625792,0.265679750670338,0.669815719127655,0.5342070512604746,0.5345378222209372,2
unseen_cousin,unseen_cousin__aractingi__push_cube_offline_data__ep000011__t0045,0.6348190172408189,0.632828893634487,0.2881423212160996,0.5858774781227112,0.51123939278616,0.5106423557042605,2
unseen_cousin,unseen_cousin__aractingi__push_cube_offline_data__ep000012__t0018,0.5951497734899879,0.5953801673396203,0.1840122011983395,0.3925031721591949,0.3907498612701762,0.3908189794250659,2
unseen_cousin,unseen_cousin__aractingi__push_cube_offline_data__ep000013__t0013,0.5032296720696503,0.5041156162601141,0.2425996532986604,0.7825567126274109,0.5367714826614576,0.5370372659185967,2
unseen_cousin,unseen_cousin__aractingi__push_cube_offline_data__ep000014__t0016,0.5906663476607898,0.589492808472813,0.2381525179648801,0.4935436248779297,0.4460631096388728,0.4457110478824798,2
unseen_cousin,unseen_cousin__aractingi__push_cube_offline_data__ep000015__t0004,0.6681744424269578,0.6676440779251263,0.2592086251926829,0.5106561183929443,0.48247736764307,0.4823182582925205,2
unseen_cousin,unseen_cousin__aractingi__push_cube_offline_data__ep000016__t0018,0.5638924424846705,0.5627976740470182,0.3033904782005973,0.5793157815933228,0.4919111888429094,0.4915827583116137,2
unseen_cousin,unseen_cousin__aractingi__push_cube_offline_data__ep000017__t0004,0.5957078025921319,0.595757401817804,0.2652903530218242,0.9328606128692628,0.631443691831892,0.6314585715995935,2
unseen_cousin,unseen_cousin__aractingi__push_cube_offline_data__ep000018__t0006,0.6576125430102783,0.6585148853537031,0.2693779443591347,0.4247031211853027,0.447978394684945,0.4482490973879725,2
unseen_cousin,unseen_cousin__aractingi__push_cube_offline_data__ep000019__t0079,0.6576128044483899,0.6561812759508933,0.2419040622715829,0.3255802690982818,0.4000871676553045,0.3996577091060556,2
unseen_cousin,unseen_cousin__aractingi__push_cube_offline_data__ep000020__t0064,0.5385151981546074,0.5379759270825755,0.2465522985863446,0.5580362677574158,0.4587347561252519,0.4585729748036423,2
unseen_cousin,unseen_cousin__aractingi__push_cube_offline_data__ep000021__t0008,0.5849471062225604,0.5876392184267558,0.2714493977406783,0.4708561897277832,0.4452614270800849,0.4460690607413435,2
unseen_cousin,unseen_cousin__aractingi__push_cube_offline_data__ep000022__t0022,0.6380817062880193,0.6362586245701988,0.2697103629933665,0.5502107739448547,0.4924219303623576,0.4918750058470114,2
unseen_cousin,unseen_cousin__aractingi__push_cube_offline_data__ep000023__t0051,0.6329529289925677,0.6296610859150067,0.2869046691001028,0.4406047761440277,0.4521991898854123,0.4512116369621439,2
unseen_cousin,unseen_cousin__aractingi__push_cube_offline_data__ep000024__t0019,0.5872161027030696,0.5851234798548217,0.2229150352805741,0.6633760333061218,0.5083897547175418,0.5077619678630675,2
unseen_cousin,unseen_cousin__aractingi__push_cube_offline_data__ep000025__t0004,0.6253917244522085,0.6257498111727076,0.2781457781692066,0.6635668873786926,0.5364880057379016,0.5365954317540513,2
unseen_cousin,unseen_cousin__aractingi__push_cube_offline_data__ep000026__t0004,0.6189064869181407,0.6163918475638568,0.2836079050421302,0.6460082530975342,0.5291576188270949,0.5284032270208098,2
unseen_cousin,unseen_cousin__aractingi__push_cube_offline_data__ep000027__t0006,0.6313432776605707,0.6308355023728353,0.278028022937654,0.4472867548465729,0.4517260921180965,0.4515737595317759,2
unseen_cousin,unseen_cousin__aractingi__push_cube_offline_data__ep000028__t0011,0.6108552592334828,0.610440512102928,0.2892766799455804,0.4286397397518158,0.4414954776544453,0.4413710535152788,2
unseen_cousin,unseen_cousin__aractingi__push_cube_offline_data__ep000029__t0002,0.6201905719400596,0.6220615443630911,0.2758702050642357,0.8607046604156494,0.6131000972675484,0.6136613889944578,2
unseen_cousin,unseen_cousin__frk2__so100large__ep000000__t0043,0.3559119582772991,0.3560595471329182,0.1433055526017068,1.073848843574524,0.5793047906935114,0.5793490673501971,2
unseen_cousin,unseen_cousin__frk2__so100large__ep000001__t0021,0.4761699356747116,0.4760968877700008,0.1703498503921333,1.2591572999954224,0.6976188558182224,0.6975969414468092,2
unseen_cousin,unseen_cousin__frk2__so100large__ep000002__t0030,0.587760317893647,0.5901587229659084,0.2113846289991465,1.2412551641464231,0.7362455497264074,0.7369650712480859,2
unseen_cousin,unseen_cousin__frk2__so100large__ep000003__t0035,0.4787417087568314,0.4788356905960504,0.1814603499334744,1.154746651649475,0.6599592782668818,0.6599874728186476,2
unseen_cousin,unseen_cousin__frk2__so100large__ep000004__t0006,0.4001363243315548,0.401331262692674,0.1187028482069976,1.0472246408462524,0.5745416081000667,0.5749000896084024,2
unseen_cousin,unseen_cousin__frk2__so100large__ep000005__t0022,0.4767154483793771,0.4763917131802221,0.1759462333631243,1.0783663988113403,0.6271450640472866,0.62704794348754,2
unseen_cousin,unseen_cousin__frk2__so100large__ep000006__t0027,0.5468264062960334,0.5474920680114421,0.1619099150352189,1.050817370414734,0.6329478445652692,0.6331475430798919,2
unseen_cousin,unseen_cousin__frk2__so100large__ep000007__t0020,0.5666964244972734,0.5647144997975331,0.209850865994486,1.0258992910385132,0.6433239035629331,0.642729326153011,2
unseen_cousin,unseen_cousin__frk2__so100large__ep000008__t0039,0.601495327110882,0.6006517686427075,0.2510562625871917,1.3878756761550903,0.8109157473714583,0.8106626798310059,2
unseen_cousin,unseen_cousin__frk2__so100large__ep000009__t0040,0.67658612889302,0.6771433905811766,0.207055308547651,1.1891567707061768,0.740755139514672,0.740922318021119,2
unseen_cousin,unseen_cousin__frk2__so100large__ep000010__t0013,0.4781496358757542,0.4789931307155433,0.1588123296067041,1.0987141132354736,0.630574234938927,0.6308272833908637,2
unseen_cousin,unseen_cousin__frk2__so100large__ep000011__t0035,0.6332123334478483,0.6295761717809232,0.1759233622762132,1.1562539339065552,0.7052422822798405,0.704151433779763,2
unseen_cousin,unseen_cousin__frk2__so100large__ep000012__t0030,0.5420389453515768,0.5363986082973509,0.1545787088181965,1.2610419988632202,0.71340209579622,0.7117099946799523,2
unseen_cousin,unseen_cousin__frk2__so100large__ep000013__t0028,0.6730162279896663,0.6701614735507357,0.1923656374660585,1.239425778388977,0.7553848709923083,0.7545284446606291,2
unseen_cousin,unseen_cousin__frk2__so100large__ep000014__t0033,0.5678418135945816,0.568508445003947,0.2297053627040899,1.3536620140075684,0.7807289584926288,0.7809289479154384,2
unseen_cousin,unseen_cousin__frk2__so100large__ep000015__t0016,0.3407178672969687,0.3398622684632075,0.1939989429529948,0.9393922686576844,0.5361719505380629,0.5359152708879344,2
unseen_cousin,unseen_cousin__frk2__so100large__ep000016__t0003,0.3783610592057672,0.3787699379325884,0.1201774732061756,1.175427794456482,0.6197326775061757,0.619855341124222,2
unseen_cousin,unseen_cousin__frk2__so100large__ep000017__t0035,0.530761303137607,0.5252507807474395,0.1877156871742933,1.2561990022659302,0.7180226979999422,0.7163695412828919,2
unseen_cousin,unseen_cousin__frk2__so100large__ep000018__t0000,0.3831234057927015,0.3845513338084602,0.1631239566952909,1.1951545476913452,0.6419360278229358,0.6423644062276634,2
unseen_cousin,unseen_cousin__frk2__so100large__ep000019__t0005,0.3946438813549364,0.3946678165551257,0.1214175028266788,0.8652883172035217,0.5009337421358933,0.50094092269595,2
unseen_cousin,unseen_cousin__frk2__so100large__ep000020__t0025,0.5582573217549245,0.5556505876888791,0.1753499847832551,1.2688133716583252,0.7276075406247839,0.7268255204049704,2
unseen_cousin,unseen_cousin__frk2__so100large__ep000021__t0042,0.595243849142233,0.5876469315629582,0.2089194498670519,1.3808698654174805,0.7935969358697776,0.7913178605959952,2
unseen_cousin,unseen_cousin__frk2__so100large__ep000022__t0040,0.3200596509674046,0.3193742018215644,0.1560534048840421,1.394370436668396,0.7005820914227924,0.7003764566790404,2
unseen_cousin,unseen_cousin__frk2__so100large__ep000023__t0000,0.4082083429791359,0.4099712442442514,0.1634087699116394,1.0510401725769043,0.5919012028979943,0.592430073277529,2
unseen_cousin,unseen_cousin__frk2__so100large__ep000024__t0039,0.3631632343876364,0.3624742833306456,0.1863534428797666,1.2718327045440674,0.673588084997848,0.6733813996807506,2
unseen_cousin,unseen_cousin__frk2__so100large__ep000025__t0031,0.5865834777655128,0.5855694689946518,0.202024944965145,1.2537444829940796,0.7380803200168292,0.7377761173855709,2
unseen_cousin,unseen_cousin__frk2__so100large__ep000026__t0021,0.4378073464769849,0.4375440010710618,0.1696313560617707,1.382046103477478,0.7350500521526179,0.7349710485308409,2
unseen_cousin,unseen_cousin__frk2__so100large__ep000027__t0015,0.5098479654072384,0.5102685935769187,0.1389152394849997,0.9519066214561462,0.57539161005013,0.575517798501034,2
unseen_cousin,unseen_cousin__frk2__so100large__ep000028__t0020,0.4626812181484517,0.462939025485229,0.2198350890602511,1.2281454801559448,0.6960130842249889,0.696090426426022,2
unseen_cousin,unseen_cousin__frk2__so100large__ep000029__t0004,0.4306517277388957,0.4315901283596411,0.1487742266688352,0.9240736961364746,0.5434572647769091,0.5437387849631328,2
unseen_cousin,unseen_cousin__frk2__so100large__ep000030__t0012,0.2952856245284,0.2951781757304733,0.1455542282542794,1.114352107048035,0.5779927986540178,0.5779605640146397,2
unseen_cousin,unseen_cousin__frk2__so100large__ep000031__t0036,0.5648100839725565,0.5614946092042812,0.1555026547054887,1.3381808996200562,0.7513661814514361,0.7503715390209534,2
unseen_cousin,unseen_cousin__frk2__so100large__ep000032__t0014,0.3164919099596247,0.3145872444851857,0.1496141567807277,1.1138499975204468,0.5853718190302846,0.5848004193879528,2
unseen_cousin,unseen_cousin__frk2__so100large__ep000033__t0015,0.5935516770950543,0.5942354850743945,0.2006139664283082,1.018221735954285,0.6455383874387226,0.6457435298325247,2
unseen_cousin,unseen_cousin__frk2__so100large__ep000034__t0009,0.5200613457385463,0.5203198208551143,0.1244193184383686,1.550219178199768,0.8134318705329817,0.8135094130679521,2
unseen_cousin,unseen_cousin__frk2__so100large__ep000035__t0034,0.581081682385471,0.5809985392608847,0.2082115422215206,0.8814516663551331,0.5893686339241506,0.5893436909867749,2
unseen_cousin,unseen_cousin__frk2__so100large__ep000036__t0028,0.5775191573033323,0.5776045056963602,0.2588446429445348,1.0855183601379397,0.6851164841295359,0.6851420886474443,2
unseen_cousin,unseen_cousin__frk2__so100large__ep000037__t0005,0.5013756166313061,0.5018418911618725,0.1363333105962185,1.4738954305648804,0.7808708503942096,0.7810107327533795,2
unseen_cousin,unseen_cousin__frk2__so100large__ep000038__t0005,0.3570016521503146,0.3564155084565568,0.1589612485003274,1.1373060941696167,0.6097113078630393,0.6095354647549119,2
unseen_cousin,unseen_cousin__frk2__so100large__ep000039__t0020,0.5194413907420546,0.5190456968330992,0.1966526605690883,1.458235740661621,0.7981225116579913,0.7980038034853048,2
unseen_cousin,unseen_cousin__frk2__so100large__ep000040__t0032,0.6040516020150404,0.6039135801369248,0.2430659280558106,1.3811688423156738,0.8066027959475249,0.8065613893840902,2
unseen_cousin,unseen_cousin__frk2__so100large__ep000041__t0031,0.7048401244464744,0.7055495362964366,0.195726798197948,1.2638792991638184,0.7757217964588541,0.7759346200138427,2
unseen_cousin,unseen_cousin__frk2__so100large__ep000042__t0006,0.5920979182140247,0.5916202784437887,0.1704600323112235,1.0704803466796875,0.6569595238294494,0.6568162318983787,2
unseen_cousin,unseen_cousin__frk2__so100large__ep000043__t0019,0.3443624228842712,0.3426673518677435,0.1435898864212201,1.0888038873672483,0.5819072477385469,0.5813987264335885,2
unseen_cousin,unseen_cousin__frk2__so100large__ep000044__t0035,0.6561830419338913,0.6520363094097474,0.1728572660484223,1.3697285652160645,0.7966035184811199,0.7953594987238768,2
unseen_cousin,unseen_cousin__frk2__so100large__ep000045__t0018,0.4984567978911885,0.4981697219212305,0.1701001926008633,1.2097594738006592,0.6844708866678793,0.6843847638768918,2
unseen_cousin,unseen_cousin__frk2__so100large__ep000046__t0007,0.5152306254778618,0.5156875125519633,0.1484795541546559,1.213664412498474,0.684578818889145,0.6847158850113755,2
unseen_cousin,unseen_cousin__frk2__so100large__ep000047__t0035,0.4467185348392287,0.4465981216867555,0.1716379710323046,1.0965455770492554,0.6241251825811622,0.6240890586354202,2
unseen_cousin,unseen_cousin__frk2__so100large__ep000048__t0021,0.3857610517132853,0.3861902483335173,0.1286830295213143,1.4977089166641235,0.7534167910360293,0.7535455500220989,2
unseen_cousin,unseen_cousin__frk2__so100large__ep000049__t0034,0.5247103141870901,0.5253850676509887,0.1772458895982558,0.7747344374656677,0.5204806361218709,0.5206830621610405,2
unseen_general,unseen_general__CSCSXX__pick_place_cube_1.18__ep000000__t0006,0.6668632968319692,0.6683741184621801,0.2991928120173432,0.7249192595481873,0.5797845364740686,0.5802377829631319,2
unseen_general,unseen_general__CSCSXX__pick_place_cube_1.18__ep000001__t0038,0.5138793187308643,0.5133055310320593,0.2880042196746656,1.143401265144348,0.6979255675793983,0.6977534312697568,2
unseen_general,unseen_general__CSCSXX__pick_place_cube_1.18__ep000002__t0035,0.529321144465801,0.5279926702285618,0.2308878457277539,0.9023351073265076,0.5889967399886695,0.5885981977174977,2
unseen_general,unseen_general__CSCSXX__pick_place_cube_1.18__ep000003__t0037,0.5063476568676437,0.5067213200099971,0.2324256671127611,1.007412672042847,0.6245970660112601,0.6247091649539661,2
unseen_general,unseen_general__CSCSXX__pick_place_cube_1.18__ep000004__t0018,0.6457776023424933,0.6431880072896454,0.2671519084897975,0.8745540976524353,0.6237004923106614,0.622923613794807,2
unseen_general,unseen_general__CSCSXX__pick_place_cube_1.18__ep000005__t0028,0.554171927715037,0.5515058065177998,0.2213106111849893,0.6166053414344788,0.4792868982437994,0.4784870618846282,2
unseen_general,unseen_general__CSCSXX__pick_place_cube_1.18__ep000006__t0005,0.6146807137665737,0.6155711140127453,0.2079824107608515,1.1813468933105469,0.7193376946824463,0.7196048147562979,2
unseen_general,unseen_general__CSCSXX__pick_place_cube_1.18__ep000007__t0038,0.5413102145991091,0.5414003304422152,0.2312976294296755,1.2297189235687256,0.7236699226361256,0.7236969573890575,2
unseen_general,unseen_general__CSCSXX__pick_place_cube_1.18__ep000008__t0024,0.6687038451327993,0.6681017225055279,0.278609973836647,0.8345014452934265,0.6179947238082045,0.617814087020023,2
unseen_general,unseen_general__CSCSXX__pick_place_cube_1.18__ep000009__t0020,0.5924484200931315,0.591159102343469,0.249332548196338,0.7934179902076721,0.5699014865699097,0.5695146912450109,2
unseen_general,unseen_general__CSCSXX__pick_place_cube_1.18__ep000010__t0036,0.5317709623625754,0.5285607421660437,0.25425848057153,1.026219606399536,0.6462966754400461,0.6453336093810866,2
unseen_general,unseen_general__CSCSXX__pick_place_cube_1.18__ep000011__t0015,0.6543265360408494,0.6561389902385397,0.2051837314387049,0.736262321472168,0.5523580088327336,0.5529017450920406,2
unseen_general,unseen_general__CSCSXX__pick_place_cube_1.18__ep000012__t0018,0.6309606428079411,0.6296711680313409,0.2774374932478979,0.6063451766967773,0.5150575114954626,0.5146706690624826,2
unseen_general,unseen_general__CSCSXX__pick_place_cube_1.18__ep000013__t0011,0.6089173465252797,0.6102397766498253,0.2400826128937144,1.2503987550735474,0.7548594898551172,0.7552562188924808,2
unseen_general,unseen_general__CSCSXX__pick_place_cube_1.18__ep000014__t0012,0.6458710468103241,0.6476673376727627,0.2195366759015061,1.0375854969024658,0.6746565155745354,0.675195402833267,2
unseen_general,unseen_general__CSCSXX__pick_place_cube_1.18__ep000015__t0011,0.6976580351427887,0.6969543936308694,0.2616871424422909,0.7675228118896484,0.5948126780313833,0.5946015855778075,2
unseen_general,unseen_general__CSCSXX__pick_place_cube_1.18__ep000016__t0002,0.6359076846381015,0.6368309426053924,0.266497300495135,1.0117045640945437,0.6754033211777883,0.6756802985679756,2
unseen_general,unseen_general__CSCSXX__pick_place_cube_1.18__ep000017__t0039,0.5516763750073695,0.5518500685016159,0.2359641537331869,1.0232714414596558,0.6456007352060292,0.6456528432543032,2
unseen_general,unseen_general__CSCSXX__pick_place_cube_1.18__ep000018__t0042,0.5343128101610957,0.5344106683692043,0.2391630263749797,1.1243913173675537,0.6817992779078441,0.6818286353702767,2
unseen_general,unseen_general__CSCSXX__pick_place_cube_1.18__ep000019__t0016,0.6837867939794722,0.684860680247749,0.3123237787749047,0.7940931916236877,0.6164704484757881,0.6167926143562712,2
unseen_general,unseen_general__CSCSXX__pick_place_cube_1.18__ep000020__t0060,0.5591161886313472,0.5602647264413672,0.2323940464474803,1.2773823738098145,0.748406020047574,0.7487505813905799,2
unseen_general,unseen_general__CSCSXX__pick_place_cube_1.18__ep000021__t0004,0.5445638854924302,0.5441186009596793,0.2396221421893215,0.9128509163856506,0.6003961748587858,0.6002625894989606,2
unseen_general,unseen_general__CSCSXX__pick_place_cube_1.18__ep000022__t0005,0.5722482502042942,0.5716921831537884,0.2283774212437299,1.0294761657714844,0.651978167743001,0.6518113476278493,2
unseen_general,unseen_general__CSCSXX__pick_place_cube_1.18__ep000023__t0016,0.6702465943533398,0.6730134664356173,0.227755764935587,0.8601226806640625,0.6134497800523031,0.6142798416769863,2
unseen_general,unseen_general__CSCSXX__pick_place_cube_1.18__ep000024__t0019,0.6593720234311273,0.6585241185019453,0.2503316461349619,0.6165422797203064,0.5195280127579494,0.5192736412791947,2
unseen_general,unseen_general__CSCSXX__pick_place_cube_1.18__ep000025__t0004,0.5692685195848131,0.5689870669831363,0.2206690105698124,0.9517137408256532,0.617666755376649,0.6175823195961458,2
unseen_general,unseen_general__CSCSXX__pick_place_cube_1.18__ep000026__t0053,0.5542165156158018,0.5546143371477738,0.2428327353054682,1.0829594135284424,0.672298540687758,0.6724178871473496,2
unseen_general,unseen_general__CSCSXX__pick_place_cube_1.18__ep000027__t0010,0.5724294125697577,0.5732899674875716,0.2271467039029263,1.2822962999343872,0.7527913549155602,0.7530495213909043,2
unseen_general,unseen_general__CSCSXX__pick_place_cube_1.18__ep000028__t0057,0.5576182567987675,0.5574856272715518,0.2643959243013075,1.1261345148086548,0.6970580602534845,0.6970182713953197,2
unseen_general,unseen_general__CSCSXX__pick_place_cube_1.18__ep000029__t0050,0.6089923570396603,0.6085662224248791,0.2630496046259377,1.0780270099639893,0.6928233924852751,0.6926955521008408,2
unseen_general,unseen_general__CSCSXX__pick_place_cube_1.18__ep000030__t0045,0.5444996139972156,0.5445345603258258,0.2764733934652582,1.2197076082229614,0.7341749455279267,0.7341854294265098,2
unseen_general,unseen_general__CSCSXX__pick_place_cube_1.18__ep000031__t0033,0.536162953836483,0.5367120778475479,0.2583255173504799,0.6859805583953857,0.5127387647142432,0.5129035019175627,2
unseen_general,unseen_general__CSCSXX__pick_place_cube_1.18__ep000032__t0017,0.6473809810013745,0.6456299376966543,0.2807672023098905,0.7641050219535828,0.5840864637748127,0.5835611507833965,2
unseen_general,unseen_general__CSCSXX__pick_place_cube_1.18__ep000033__t0033,0.6034696104434287,0.6018035903853366,0.2256748874925324,0.9527040123939514,0.6298249543383689,0.6293251483209412,2
unseen_general,unseen_general__CSCSXX__pick_place_cube_1.18__ep000034__t0015,0.6654604069009249,0.6653258767383392,0.2470778433367185,0.7832549214363098,0.587063443645817,0.5870230845970412,2
unseen_general,unseen_general__CSCSXX__pick_place_cube_1.18__ep000035__t0013,0.6877563121339696,0.6887273302155257,0.2483280765183133,0.8907760977745056,0.6371357557054871,0.637427061129954,2
unseen_general,unseen_general__CSCSXX__pick_place_cube_1.18__ep000036__t0037,0.5181416624078048,0.5181705231803502,0.2053443841593382,1.1392403841018677,0.67274196761089,0.6727506258426537,2
unseen_general,unseen_general__CSCSXX__pick_place_cube_1.18__ep000037__t0026,0.5803573762562287,0.579559896443419,0.2684708587560533,0.8378608226776123,0.5897927995747296,0.5895535556308866,2
unseen_general,unseen_general__CSCSXX__pick_place_cube_1.18__ep000038__t0037,0.5497852373578674,0.5504502599418124,0.245632787698168,0.9430827498435974,0.6158585074542495,0.6160580142294331,2
unseen_general,unseen_general__CSCSXX__pick_place_cube_1.18__ep000039__t0017,0.6325589344386476,0.6300148416230775,0.2674850882325037,0.9364293217658995,0.6445849355077053,0.6438217076630343,2
unseen_general,unseen_general__CSCSXX__pick_place_cube_1.18__ep000040__t0028,0.5799840280738391,0.5806795867086627,0.2218754263015948,0.7306464314460754,0.5328164088910603,0.5330250764815074,2
unseen_general,unseen_general__CSCSXX__pick_place_cube_1.18__ep000041__t0031,0.5516015093429788,0.5506594265316336,0.2349085154312846,0.781251847743988,0.5484537465298742,0.5481711216864706,2
unseen_general,unseen_general__CSCSXX__pick_place_cube_1.18__ep000042__t0045,0.5530425810649804,0.5526112373173583,0.2428543207388527,0.8138640522956848,0.5643146914594239,0.5641852883351373,2
unseen_general,unseen_general__CSCSXX__pick_place_cube_1.18__ep000043__t0005,0.5639230531105044,0.5655005480828373,0.2036547918157367,0.9924101829528807,0.6272374266590247,0.6277106751507245,2
unseen_general,unseen_general__CSCSXX__pick_place_cube_1.18__ep000044__t0020,0.6058377475694716,0.603415203359392,0.2464371571562116,0.6631565690040588,0.5209450990193285,0.5202183357563046,2
unseen_general,unseen_general__CSCSXX__pick_place_cube_1.18__ep000045__t0039,0.4971687645981658,0.4984555911114355,0.2434705617258831,1.3387531042099,0.7576930395811746,0.7580790875351555,2
unseen_general,unseen_general__CSCSXX__pick_place_cube_1.18__ep000046__t0007,0.6359383742797315,0.6362312679135289,0.2837647114008849,0.8286903500556946,0.6073870657264628,0.607474933816602,2
unseen_general,unseen_general__CSCSXX__pick_place_cube_1.18__ep000047__t0031,0.5603495855299478,0.5598655048373842,0.2904834187674121,1.0705530643463137,0.6834711270277334,0.6833259028199643,2
unseen_general,unseen_general__CSCSXX__pick_place_cube_1.18__ep000048__t0037,0.587329336799262,0.5874787338484475,0.2591095895650819,1.3302836418151855,0.7860451346353774,0.786089953750133,2
unseen_general,unseen_general__CSCSXX__pick_place_cube_1.18__ep000049__t0021,0.6025134537100869,0.5994351592601334,0.2886123658006179,1.0526981353759766,0.6884170000036021,0.687493511668616,2
unseen_general,unseen_general__ZGGZZG__so100_drop0__ep000000__t0024,0.6129589829097895,0.5999781786459923,0.2518124754631025,1.1243243217468262,0.7091611662105981,0.7052669249314589,2
unseen_general,unseen_general__ZGGZZG__so100_drop0__ep000001__t0031,0.7211172751476665,0.7198623163415161,0.2773897594085414,0.7441543936729431,0.5972138678360397,0.5968373801941945,2
unseen_general,unseen_general__ZGGZZG__so100_drop0__ep000002__t0002,0.3029121518215684,0.302664339892726,0.1565414771502929,1.7114601135253906,0.8224201341017147,0.822345790523062,2
unseen_general,unseen_general__ZGGZZG__so100_drop0__ep000003__t0034,0.614727585002172,0.6119939351339438,0.311404935567415,1.3437455892562866,0.8153379918733907,0.8145178969129223,2
unseen_general,unseen_general__ZGGZZG__so100_drop0__ep000004__t0014,0.4467359312014113,0.4302043067647135,0.2062635478794889,1.280166745185852,0.7079665417986108,0.7030070544676015,2
unseen_general,unseen_general__ZGGZZG__so100_drop0__ep000005__t0028,0.6189587847500124,0.6180716883055479,0.2108538846256145,1.128383994102478,0.7002973984536793,0.7000312695203399,2
unseen_general,unseen_general__ZGGZZG__so100_drop0__ep000006__t0047,0.6050927301001825,0.6047072441709148,0.2034510619179909,0.8537867069244385,0.5840778203752275,0.5839621745964472,2
unseen_general,unseen_general__ZGGZZG__so100_drop0__ep000007__t0050,0.7415360328948548,0.744699835696738,0.2694750650142946,1.4974242448806765,0.9022730273250154,0.9032221681655804,2
unseen_general,unseen_general__ZGGZZG__so100_drop0__ep000008__t0021,0.3745916875857941,0.3717655091319015,0.1634124480410307,1.4802007675170898,0.7534815476948835,0.7526336941587157,2
unseen_general,unseen_general__ZGGZZG__so100_drop0__ep000009__t0042,0.7833824453799165,0.782617605731773,0.2806020333294839,0.8381431698799133,0.6544526115647855,0.6542231596703425,2
unseen_general,unseen_general__ZGGZZG__so100_drop0__ep000010__t0054,0.7447915508742906,0.7455657659938804,0.3155802870030545,0.904188632965088,0.6797870045492387,0.6800192690851157,2
unseen_general,unseen_general__ZGGZZG__so100_drop0__ep000011__t0003,0.2951143670985431,0.2949584135145185,0.18614530092714,1.4399895668029783,0.7203737271288964,0.720326941053689,2
unseen_general,unseen_general__ZGGZZG__so100_drop0__ep000012__t0012,0.3263753450736438,0.3225221099556083,0.2163518798614482,1.638179898262024,0.8180901267853372,0.8169341562499266,2
unseen_general,unseen_general__ZGGZZG__so100_drop0__ep000013__t0018,0.3322759174187401,0.325932855352846,0.2333207368771741,1.312726616859436,0.6947696430325487,0.6928667244127805,2
unseen_general,unseen_general__ZGGZZG__so100_drop0__ep000014__t0028,0.3192534380415908,0.314272588106963,0.1947437895357252,1.4777311086654663,0.7452916117393813,0.743797356758993,2
unseen_general,unseen_general__ZGGZZG__so100_drop0__ep000015__t0005,0.2806715697171297,0.2801825343988815,0.1693655724118089,1.626508355140686,0.785614484694956,0.7854677740994815,2
unseen_general,unseen_general__ZGGZZG__so100_drop0__ep000016__t0104,0.728489191326436,0.7321067053960364,0.3032587176032427,1.3536748886108398,0.8509943281232395,0.8520795823441196,2
unseen_general,unseen_general__ZGGZZG__so100_drop0__ep000017__t0009,0.2978616753933267,0.2974085734587789,0.1835326500371166,1.7278748750686646,0.8355682476565989,0.8354323170762344,2
unseen_general,unseen_general__ZGGZZG__so100_drop0__ep000018__t0003,0.222393022899193,0.2222984890755713,0.1494753268218286,1.680615782737732,0.7838068180113994,0.7837784578643129,2
unseen_general,unseen_general__ZGGZZG__so100_drop0__ep000019__t0015,0.4901183231730313,0.4822839756891439,0.2037177858119795,1.3821691274642944,0.761018483681221,0.7586681794360548,2
unseen_general,unseen_general__ZGGZZG__so100_drop0__ep000021__t0081,0.7164155649066408,0.7172783734024542,0.2357292646677771,0.8496707081794739,0.6255117321441149,0.625770574692859,2
unseen_general,unseen_general__ZGGZZG__so100_drop0__ep000022__t0024,0.3643786429586024,0.3595142867232926,0.1957310591755012,1.3759737014770508,0.7184223912310514,0.7169630843604585,2
unseen_general,unseen_general__ZGGZZG__so100_drop0__ep000023__t0077,0.7322599773263029,0.7342419824131297,0.2599198013353774,0.8017268776893616,0.6183446846742486,0.6189392862002967,2
unseen_general,unseen_general__ZGGZZG__so100_drop0__ep000024__t0073,0.6859178406597471,0.6867173164423359,0.2603948716553583,1.521619200706482,0.8925414939771246,0.8927813367119011,2
unseen_general,unseen_general__ZGGZZG__so100_drop0__ep000025__t0015,0.3996224831309327,0.3963492203149346,0.1908141325538682,1.5361042022705078,0.7915726656136435,0.790590686768844,2
unseen_general,unseen_general__ZGGZZG__so100_drop0__ep000026__t0050,0.7016735385079056,0.7048932585872549,0.2763656934953313,1.088879108428955,0.7289634129725531,0.7299293289963579,2
unseen_general,unseen_general__ZGGZZG__so100_drop0__ep000027__t0011,0.3086256681695893,0.3083144355798465,0.1806975246213827,1.6318291425704956,0.7995286148654899,0.799435245088567,2
unseen_general,unseen_general__ZGGZZG__so100_drop0__ep000028__t0047,0.6991037349053553,0.6981563138211244,0.2689980101166593,1.2870537042617798,0.8052520052113163,0.8049677788860471,2
unseen_general,unseen_general__ZGGZZG__so100_drop0__ep000029__t0014,0.2985639832657141,0.2975131211861116,0.1390207382556186,1.578248143196106,0.7625746737348422,0.7622594151109614,2
unseen_general,unseen_general__ZGGZZG__so100_drop0__ep000030__t0004,0.2813461678464449,0.2811817040808523,0.1557411151621264,1.5392647981643677,0.7468321041683186,0.7467827650386407,2
unseen_general,unseen_general__ZGGZZG__so100_drop0__ep000031__t0077,0.7171291557386131,0.7176045646718695,0.2835805800952594,1.626422882080078,0.950782073582193,0.95092469626217,2
unseen_general,unseen_general__ZGGZZG__so100_drop0__ep000032__t0002,0.2712722627839398,0.2702670479523871,0.1527313840845413,1.5631040334701538,0.752442707448606,0.7521411429991401,2
unseen_cousin,unseen_cousin__aractingi__push_cube_offline_data__ep000000__t0001,0.5670728550563017,0.5688732704916011,0.2726408602506478,0.714815616607666,0.5378403612351512,0.538380485865741,3
unseen_cousin,unseen_cousin__aractingi__push_cube_offline_data__ep000001__t0024,0.6587767088879704,0.657698857145776,0.256112435701555,0.6205829381942749,0.5226999186545676,0.5223765631319093,3
unseen_cousin,unseen_cousin__aractingi__push_cube_offline_data__ep000002__t0006,0.6231175079796426,0.6239731030622637,0.2579849279450199,0.8440336585044861,0.6019441941791932,0.6022008727039796,3
unseen_cousin,unseen_cousin__aractingi__push_cube_offline_data__ep000003__t0002,0.6142030263591445,0.6146709902592413,0.230915734402453,0.7595264315605164,0.5573462008526858,0.5574865900227148,3
unseen_cousin,unseen_cousin__aractingi__push_cube_offline_data__ep000004__t0016,0.6146325630068298,0.6157927833455359,0.2768121529461697,0.4825900495052337,0.4604694345879933,0.4608175006896051,3
unseen_cousin,unseen_cousin__aractingi__push_cube_offline_data__ep000005__t0030,0.5699193112537628,0.5699383068932804,0.3130276992152677,0.7117716670036316,0.5495927699421618,0.5495984686340171,3
unseen_cousin,unseen_cousin__aractingi__push_cube_offline_data__ep000006__t0032,0.6637838242826393,0.6657807624410123,0.2564694428698477,0.7212686538696289,0.5645834416935976,0.5651825231411096,3
unseen_cousin,unseen_cousin__aractingi__push_cube_offline_data__ep000007__t0015,0.5841541687608127,0.5822232604876751,0.3274776302107656,0.4703925848007202,0.4616465736117616,0.4610673011298203,3
unseen_cousin,unseen_cousin__aractingi__push_cube_offline_data__ep000008__t0012,0.6258609242192592,0.6234120860791266,0.2741427046894562,0.4726591110229492,0.4590647330817943,0.4583300816397545,3
unseen_cousin,unseen_cousin__aractingi__push_cube_offline_data__ep000009__t0038,0.4859861637236692,0.4873168783459948,0.2807603911951395,0.6597458124160767,0.4939222914420733,0.494321505828771,3
unseen_cousin,unseen_cousin__aractingi__push_cube_offline_data__ep000010__t0030,0.6222021408037399,0.6224733164010932,0.2809163825360189,0.6664250493049622,0.5375055767239125,0.5375869294031185,3
unseen_cousin,unseen_cousin__aractingi__push_cube_offline_data__ep000011__t0045,0.6615357258488819,0.6595144200058627,0.2524765708270131,0.6095456480979919,0.5180219482419652,0.5174155564890596,3
unseen_cousin,unseen_cousin__aractingi__push_cube_offline_data__ep000012__t0018,0.577418387689593,0.5773740814686875,0.2407703603990449,0.4056960344314575,0.4077350381991744,0.4077217463329027,3
unseen_cousin,unseen_cousin__aractingi__push_cube_offline_data__ep000013__t0013,0.5350489023666865,0.5349058995504878,0.2618087153562095,0.8163209557533264,0.5655856676181994,0.5655427667733398,3
unseen_cousin,unseen_cousin__aractingi__push_cube_offline_data__ep000014__t0016,0.6406690003191997,0.6385025995889796,0.1972498043806059,0.495897501707077,0.4497346420927725,0.4490847218737065,3
unseen_cousin,unseen_cousin__aractingi__push_cube_offline_data__ep000015__t0004,0.6391128213938061,0.6401930020609685,0.2325027509839049,0.4689044058322906,0.4490464340462295,0.4493704882463783,3
unseen_cousin,unseen_cousin__aractingi__push_cube_offline_data__ep000016__t0018,0.594190952362575,0.5934139507184586,0.3118265381040188,0.5987363457679749,0.5112997854471681,0.5110666849539331,3
unseen_cousin,unseen_cousin__aractingi__push_cube_offline_data__ep000017__t0004,0.6139440360138627,0.6134692192420315,0.2672083211197602,0.7950425148010254,0.582362713060497,0.5822202680289477,3
unseen_cousin,unseen_cousin__aractingi__push_cube_offline_data__ep000018__t0006,0.6529350974292762,0.6544158648988643,0.2290401379831925,0.458519846200943,0.4480005091041178,0.4484447393449942,3
unseen_cousin,unseen_cousin__aractingi__push_cube_offline_data__ep000019__t0079,0.6259186095364628,0.6246012730920831,0.2007407179109489,0.4251233041286468,0.4180471198856823,0.4176519189523683,3
unseen_cousin,unseen_cousin__aractingi__push_cube_offline_data__ep000020__t0064,0.5065303345006226,0.5061737903256394,0.2425004168559897,0.6081230640411377,0.4679584510234388,0.4678514877709438,3
unseen_cousin,unseen_cousin__aractingi__push_cube_offline_data__ep000021__t0008,0.6155521427368729,0.6189546887068778,0.2350278765366354,0.502274751663208,0.4560839064473357,0.4571046702383372,3
unseen_cousin,unseen_cousin__aractingi__push_cube_offline_data__ep000022__t0022,0.6299027829663877,0.6278575617742842,0.3076580355333315,0.5771656632423401,0.5121345108468518,0.5115209444892208,3
unseen_cousin,unseen_cousin__aractingi__push_cube_offline_data__ep000023__t0051,0.6070118630592343,0.6040185393533681,0.288458061085988,0.5035040378570557,0.4700425923863889,0.4691445952746291,3
unseen_cousin,unseen_cousin__aractingi__push_cube_offline_data__ep000024__t0019,0.6006840524011732,0.5990400630907233,0.25283427209104,0.6389252543449402,0.51162559908564,0.511132402292505,3
unseen_cousin,unseen_cousin__aractingi__push_cube_offline_data__ep000025__t0004,0.6265160363259578,0.6259903203931856,0.2504225539436417,0.7272921204566956,0.5539984252635581,0.5538407104837264,3
unseen_cousin,unseen_cousin__aractingi__push_cube_offline_data__ep000026__t0004,0.6247931625576967,0.6233584161451796,0.3067262538208746,0.6630319952964783,0.5446686230321627,0.5442381991084075,3
unseen_cousin,unseen_cousin__aractingi__push_cube_offline_data__ep000027__t0006,0.6413390971869742,0.6408943754294119,0.2622860418507092,0.4804076254367828,0.4632505918860182,0.4631171753587494,3
unseen_cousin,unseen_cousin__aractingi__push_cube_offline_data__ep000028__t0011,0.6060433795688867,0.606849764038494,0.2690837965298408,0.5137171149253845,0.468024998799772,0.4682669141406542,3
unseen_cousin,unseen_cousin__aractingi__push_cube_offline_data__ep000029__t0002,0.6469173057865749,0.6471481434300304,0.2871275968939902,0.8050310015678406,0.6022258714313058,0.6022951227243425,3
unseen_cousin,unseen_cousin__frk2__so100large__ep000000__t0043,0.4127470722688332,0.4127787876146952,0.163429078204382,0.9629048705101012,0.5580147933460051,0.5580243079497638,3
unseen_cousin,unseen_cousin__frk2__so100large__ep000001__t0021,0.3131105021491221,0.3133744237532974,0.1437088662350291,1.1951364278793335,0.6151003816669788,0.6151795581482313,3
unseen_cousin,unseen_cousin__frk2__so100large__ep000002__t0030,0.5979809139890921,0.5991595233467131,0.2073949408235824,1.3026043176651,0.7626544835098423,0.7630080663171287,3
unseen_cousin,unseen_cousin__frk2__so100large__ep000003__t0035,0.4939378815704178,0.4936056228591541,0.1371792755325488,1.0501474142074585,0.6093941128138733,0.6092944352004943,3
unseen_cousin,unseen_cousin__frk2__so100large__ep000004__t0006,0.4744293392474977,0.4742319731746678,0.1740586436220651,0.9801223278045654,0.586595325982695,0.586536116160846,3
unseen_cousin,unseen_cousin__frk2__so100large__ep000005__t0022,0.413884566218014,0.4147811711023507,0.1456149476199332,1.0697190761566162,0.5957374846140306,0.5960064660793316,3
unseen_cousin,unseen_cousin__frk2__so100large__ep000006__t0027,0.5696090698588091,0.5694016548492717,0.13669907503643,0.95196533203125,0.5926785762810718,0.5926163517782106,3
unseen_cousin,unseen_cousin__frk2__so100large__ep000007__t0020,0.6070367717939263,0.605558461567678,0.2788234101491504,0.9777016639709472,0.656838720171302,0.6563952271034275,3
unseen_cousin,unseen_cousin__frk2__so100large__ep000008__t0039,0.5974008655693059,0.5959426792604187,0.205000511702354,1.1783870458602903,0.7120752315256142,0.711637775632948,3
unseen_cousin,unseen_cousin__frk2__so100large__ep000009__t0040,0.5619321468246733,0.563180504638664,0.1702452255446572,1.3615254163742063,0.7642633782604817,0.764637885604679,3
unseen_cousin,unseen_cousin__frk2__so100large__ep000010__t0013,0.4676938288126659,0.4685998619354777,0.1948809993754767,1.1244958639144895,0.6485707940222387,0.6488426039590822,3
unseen_cousin,unseen_cousin__frk2__so100large__ep000011__t0035,0.6517921025906166,0.6477697273255643,0.197171790254071,1.032264232635498,0.6675948609076054,0.6663881483280898,3
unseen_cousin,unseen_cousin__frk2__so100large__ep000012__t0030,0.5404359862926927,0.5376010373431348,0.1334221687019663,1.2815178632736206,0.714764591807846,0.7139141071229786,3
unseen_cousin,unseen_cousin__frk2__so100large__ep000013__t0028,0.6613041697099884,0.6585718610779381,0.1872210679865925,1.1141077280044556,0.7002006625107565,0.6993809699211414,3
unseen_cousin,unseen_cousin__frk2__so100large__ep000014__t0033,0.5670526252650936,0.5690884016032833,0.1815437778167206,1.232116937637329,0.7174256959794759,0.7180364288809329,3
unseen_cousin,unseen_cousin__frk2__so100large__ep000015__t0016,0.3627558746169307,0.3619392334148448,0.1537324716085706,1.025464415550232,0.5651322700877432,0.5648872777271174,3
unseen_cousin,unseen_cousin__frk2__so100large__ep000016__t0003,0.3436843796478827,0.3435956690417739,0.1647892013119074,1.150244116783142,0.6126397210011939,0.6126131078193613,3
unseen_cousin,unseen_cousin__frk2__so100large__ep000017__t0035,0.5587560616462779,0.5553816759596499,0.1441479720870822,1.2302970886230469,0.7029900455692267,0.7019777298632384,3
unseen_cousin,unseen_cousin__frk2__so100large__ep000018__t0000,0.3456906726441177,0.3466512168566431,0.1299685782245995,1.1497329473495483,0.6025909542004345,0.6028791174641921,3
unseen_cousin,unseen_cousin__frk2__so100large__ep000019__t0005,0.4412363902918874,0.4413348559022499,0.1716668466512745,0.9035335183143616,0.5452843784086933,0.5453139180918021,3
unseen_cousin,unseen_cousin__frk2__so100large__ep000020__t0025,0.5723356781116753,0.5684079878064952,0.1597312186642904,1.288632035255432,0.7350728831349627,0.7338945760434086,3
unseen_cousin,unseen_cousin__frk2__so100large__ep000021__t0042,0.6076057831990118,0.6046544565416675,0.1677338951060673,1.3206372261047363,0.7608567939334183,0.759971395936215,3
unseen_cousin,unseen_cousin__frk2__so100large__ep000022__t0040,0.2642414615693986,0.2643150207770488,0.1702346265656995,1.3823994398117063,0.683302602365212,0.6833246701275071,3
unseen_cousin,unseen_cousin__frk2__so100large__ep000023__t0000,0.4055547690708403,0.4085311913435453,0.1345701647202184,1.241174578666687,0.6585073116039925,0.659400238285804,3
unseen_cousin,unseen_cousin__frk2__so100large__ep000024__t0039,0.5838886970619036,0.5828443003961765,0.2011893983672509,1.3299094438552856,0.7674872061708606,0.7671738871711425,3
unseen_cousin,unseen_cousin__frk2__so100large__ep000025__t0031,0.6101298107499289,0.6089611942479284,0.208665349820332,1.036811590194702,0.6603631842489592,0.660012599298359,3
unseen_cousin,unseen_cousin__frk2__so100large__ep000026__t0021,0.4272916165165084,0.4289261494765046,0.1977039745800409,1.4589282274246216,0.7710699682988134,0.7715603281868123,3
unseen_cousin,unseen_cousin__frk2__so100large__ep000027__t0015,0.5389217876104735,0.5389675892205441,0.1671595595370157,1.0273680686950684,0.6227716316222741,0.6227853721052954,3
unseen_cousin,unseen_cousin__frk2__so100large__ep000028__t0020,0.5569994361593831,0.5571017619376792,0.1886119886258506,1.3725090026855469,0.7726870285097889,0.7727177262432776,3
unseen_cousin,unseen_cousin__frk2__so100large__ep000029__t0004,0.4419905412679171,0.4425259626470623,0.1471614671529731,0.8380229473114014,0.5119547814508276,0.5121154078645712,3
unseen_cousin,unseen_cousin__frk2__so100large__ep000030__t0012,0.3770482700997362,0.3772761216798831,0.1713225403787359,1.0199309587478638,0.5724836266426871,0.5725519821167313,3
unseen_cousin,unseen_cousin__frk2__so100large__ep000031__t0036,0.5451534070768123,0.5427317559528773,0.1787166463493634,1.2000203132629397,0.6971691413330285,0.6964426459958479,3
unseen_cousin,unseen_cousin__frk2__so100large__ep000032__t0014,0.3479567694936321,0.3465124349915025,0.1385862719208643,1.1261972188949585,0.5964417999823324,0.5960084996316934,3
unseen_cousin,unseen_cousin__frk2__so100large__ep000033__t0015,0.5515829655606035,0.5521674530045921,0.1802462068956252,0.9905588626861572,0.6157722968113315,0.6159476430445281,3
unseen_cousin,unseen_cousin__frk2__so100large__ep000034__t0009,0.575778207224015,0.5760633271292511,0.1980758404702194,1.6386646032333374,0.8876220556016052,0.8877075915731761,3
unseen_cousin,unseen_cousin__frk2__so100large__ep000035__t0034,0.5879889878904165,0.5876326127256397,0.1797120101963506,0.8168560862541199,0.5570527339276781,0.5569458213782451,3
unseen_cousin,unseen_cousin__frk2__so100large__ep000036__t0028,0.5430592511775105,0.5430718161193142,0.2510198293224802,1.093807339668274,0.6757466600173069,0.675750429499848,3
unseen_cousin,unseen_cousin__frk2__so100large__ep000037__t0005,0.4579151606884185,0.4585259593435227,0.1021789068181117,1.4386106729507446,0.743472489432257,0.7436557290287882,3
unseen_cousin,unseen_cousin__frk2__so100large__ep000038__t0005,0.3856910630761903,0.3856628138395827,0.166763268236001,1.133209228515625,0.6190199907999074,0.6190115160289251,3
unseen_cousin,unseen_cousin__frk2__so100large__ep000039__t0020,0.558450715897236,0.5588259445201913,0.193387834362978,1.3528714179992676,0.7667001322777712,0.7668127008646578,3
unseen_cousin,unseen_cousin__frk2__so100large__ep000040__t0032,0.588818090476669,0.5893278136727791,0.1930153437721814,1.2983686923980713,0.7538975072338837,0.7540504241927167,3
unseen_cousin,unseen_cousin__frk2__so100large__ep000041__t0031,0.7153554182408333,0.7151752628800597,0.2215994865178461,1.2721699476242063,0.7899544504772864,0.7899004038690544,3
unseen_cousin,unseen_cousin__frk2__so100large__ep000042__t0006,0.5472502173060152,0.5471675355635913,0.1737688592906123,1.0535699129104614,0.6377336881431728,0.6377088836204456,3
unseen_cousin,unseen_cousin__frk2__so100large__ep000043__t0019,0.3530452904405592,0.3520763251414033,0.15093327846743,1.1120601892471311,0.5960176463712493,0.5957269567815026,3
unseen_cousin,unseen_cousin__frk2__so100large__ep000044__t0035,0.6046236976652349,0.6005878260417259,0.1475361666753508,1.390729308128357,0.7819396825535185,0.7807289210664659,3
unseen_cousin,unseen_cousin__frk2__so100large__ep000045__t0018,0.4404626174436309,0.441156591352,0.1502363571023438,1.1546906232833862,0.6390859416771469,0.6392941338496576,3
unseen_cousin,unseen_cousin__frk2__so100large__ep000046__t0007,0.4039304326556669,0.404099421649482,0.1517857411379373,1.2329596281051636,0.6598987033801467,0.6599494000782913,3
unseen_cousin,unseen_cousin__frk2__so100large__ep000047__t0035,0.5439439604686509,0.5442783502649986,0.2514501488497557,1.360174298286438,0.7826879521100972,0.7827882690490016,3
unseen_cousin,unseen_cousin__frk2__so100large__ep000048__t0021,0.3661431047103884,0.3667466493782794,0.1377551616358203,1.6266874074935913,0.8018444429012992,0.8020255063016665,3
unseen_cousin,unseen_cousin__frk2__so100large__ep000049__t0034,0.507016448211537,0.5076552478999636,0.1884195303183455,0.8443248867988586,0.5463607482785082,0.5465523881850363,3
unseen_general,unseen_general__CSCSXX__pick_place_cube_1.18__ep000000__t0006,0.650429195362856,0.6525352094875607,0.288022952538145,0.6467558145523071,0.5402379701912232,0.5408697744286346,3
unseen_general,unseen_general__CSCSXX__pick_place_cube_1.18__ep000001__t0038,0.4977804057040188,0.4976161575892581,0.2817476143469125,1.096507549285889,0.6724614257296349,0.6724121512952067,3
unseen_general,unseen_general__CSCSXX__pick_place_cube_1.18__ep000002__t0035,0.5602988598772984,0.5579917651189081,0.2333677396605925,0.8799610137939453,0.5900843853789455,0.5893922569514283,3
unseen_general,unseen_general__CSCSXX__pick_place_cube_1.18__ep000003__t0037,0.5397469727856292,0.5402900038840168,0.208618583195707,0.9840264320373536,0.6181202396093424,0.6182831489388586,3
unseen_general,unseen_general__CSCSXX__pick_place_cube_1.18__ep000004__t0018,0.6175313481733299,0.615678264006853,0.2872746693552047,0.8721274733543396,0.6202927946002963,0.6197368693503532,3
unseen_general,unseen_general__CSCSXX__pick_place_cube_1.18__ep000005__t0028,0.5679907256329317,0.5642091437819352,0.2115960773393044,0.6295654773712158,0.4857022318401571,0.4845677572848582,3
unseen_general,unseen_general__CSCSXX__pick_place_cube_1.18__ep000006__t0005,0.5868241125208956,0.5872332210583238,0.2058645861832084,1.2784202098846436,0.7491746935650887,0.7492974261263171,3
unseen_general,unseen_general__CSCSXX__pick_place_cube_1.18__ep000007__t0038,0.5191744133743212,0.519647266291591,0.2221227164132017,1.0525490045547483,0.6434087407581564,0.6435505966333372,3
unseen_general,unseen_general__CSCSXX__pick_place_cube_1.18__ep000008__t0024,0.6721420386507913,0.6714141389921723,0.2677783232417019,0.756392240524292,0.5845330047774647,0.5843146348798791,3
unseen_general,unseen_general__CSCSXX__pick_place_cube_1.18__ep000009__t0020,0.5899866419569019,0.5890554515029826,0.2622936420908779,0.7909915447235107,0.5720807031037383,0.5718013459675624,3
unseen_general,unseen_general__CSCSXX__pick_place_cube_1.18__ep000010__t0036,0.5264484837823611,0.5235931336817753,0.2193582936354901,1.124591588973999,0.673578668814955,0.6727220637847793,3
unseen_general,unseen_general__CSCSXX__pick_place_cube_1.18__ep000011__t0015,0.6531056855162483,0.6554794496092542,0.2197168247780526,0.7209447026252747,0.5502246341384001,0.5509367633663019,3
unseen_general,unseen_general__CSCSXX__pick_place_cube_1.18__ep000012__t0018,0.6317818233664132,0.6289737251521117,0.2873581757319798,0.6216314435005188,0.5243945771297254,0.523552147665435,3
unseen_general,unseen_general__CSCSXX__pick_place_cube_1.18__ep000013__t0011,0.6274209417108495,0.6294168224503534,0.2339420676471458,1.1201132535934448,0.7064542042447766,0.7070529684666278,3
unseen_general,unseen_general__CSCSXX__pick_place_cube_1.18__ep000014__t0012,0.6506780594887122,0.6515402813983819,0.2636118417128734,0.8938736319541931,0.6318364231421529,0.6320950897150539,3
unseen_general,unseen_general__CSCSXX__pick_place_cube_1.18__ep000015__t0011,0.6983263798936378,0.6988867758228214,0.2433089670722896,0.8586768507957458,0.6259613444080766,0.6261294631868317,3
unseen_general,unseen_general__CSCSXX__pick_place_cube_1.18__ep000016__t0002,0.6208928167950406,0.6202586780163211,0.2570936845165713,1.064606785774231,0.689238664703176,0.6890484230695602,3
unseen_general,unseen_general__CSCSXX__pick_place_cube_1.18__ep000017__t0039,0.5689443006422804,0.5696590466708666,0.2348027838967429,1.0632017850875854,0.6664048393967412,0.6666192632053171,3
unseen_general,unseen_general__CSCSXX__pick_place_cube_1.18__ep000018__t0042,0.528439260580222,0.5270971620126095,0.2404918706578215,1.1326287984848022,0.6837308587653339,0.6833282291950502,3
unseen_general,unseen_general__CSCSXX__pick_place_cube_1.18__ep000019__t0016,0.6988638235087024,0.7002236918626961,0.2526759751567119,0.8075354695320129,0.6084761274124295,0.6088840879186276,3
unseen_general,unseen_general__CSCSXX__pick_place_cube_1.18__ep000020__t0060,0.5693797508148148,0.5696962345869938,0.2336811440632877,1.283305048942566,0.7542402880404572,0.7543352331721109,3
unseen_general,unseen_general__CSCSXX__pick_place_cube_1.18__ep000021__t0004,0.5556638562637648,0.555967480392159,0.2431877386982353,0.7759456634521484,0.5500337438694594,0.5501248311079776,3
unseen_general,unseen_general__CSCSXX__pick_place_cube_1.18__ep000022__t0005,0.5540300280208377,0.5533702127088889,0.2084857421920063,0.8392667770385742,0.5644614418792828,0.5642634972856982,3
unseen_general,unseen_general__CSCSXX__pick_place_cube_1.18__ep000023__t0016,0.6580375398448088,0.658982996889461,0.2154705924107103,0.8164336681365967,0.5886259069312945,0.5889095440446901,3
unseen_general,unseen_general__CSCSXX__pick_place_cube_1.18__ep000024__t0019,0.7129534281435242,0.712638871010983,0.2357113276670424,0.5967329144477844,0.5232925925222838,0.5231982253825214,3
unseen_general,unseen_general__CSCSXX__pick_place_cube_1.18__ep000025__t0004,0.5546898620931049,0.5549748301298161,0.209577419348099,0.8536279201507568,0.5707313524926638,0.5708168429036773,3
unseen_general,unseen_general__CSCSXX__pick_place_cube_1.18__ep000026__t0053,0.5351462561772632,0.5348822914799611,0.2384506029502121,1.0386030673980713,0.6475202846974711,0.6474410952882805,3
unseen_general,unseen_general__CSCSXX__pick_place_cube_1.18__ep000027__t0010,0.5623460866687224,0.5631442248518207,0.2042788750581313,1.348451018333435,0.7693678958514302,0.7696073373063597,3
unseen_general,unseen_general__CSCSXX__pick_place_cube_1.18__ep000028__t0057,0.5227273253254608,0.5235850868770694,0.2595774374397204,1.0113316774368286,0.6392240998042857,0.6394814282697684,3
unseen_general,unseen_general__CSCSXX__pick_place_cube_1.18__ep000029__t0050,0.6173792007330017,0.6181193637244816,0.2390805153359624,1.108871579170227,0.7004865464887801,0.700708595386224,3
unseen_general,unseen_general__CSCSXX__pick_place_cube_1.18__ep000030__t0045,0.5614203349377646,0.5615509824739646,0.2519052271734693,1.2544139623641968,0.7457632535790488,0.7458024478399088,3
unseen_general,unseen_general__CSCSXX__pick_place_cube_1.18__ep000031__t0033,0.5356425639266857,0.5364561999380781,0.2681409231244032,0.6585526466369629,0.5045561047701118,0.5048001955735295,3
unseen_general,unseen_general__CSCSXX__pick_place_cube_1.18__ep000032__t0017,0.6692441258481511,0.6687074677444507,0.2735431046089329,0.7806435227394104,0.5950935782328893,0.5949325808017792,3
unseen_general,unseen_general__CSCSXX__pick_place_cube_1.18__ep000033__t0033,0.5946500094770479,0.5933746199480527,0.2215259139495944,0.9678477644920348,0.6319918828248067,0.6316092659661081,3
unseen_general,unseen_general__CSCSXX__pick_place_cube_1.18__ep000034__t0015,0.6806643819477662,0.6811635540682336,0.2406683707666383,0.7876908183097839,0.591476153138235,0.5916259047743753,3
unseen_general,unseen_general__CSCSXX__pick_place_cube_1.18__ep000035__t0013,0.6991351620357584,0.6996621885409344,0.2680601569235971,0.8290879130363464,0.6217937609023453,0.6219518688538981,3
unseen_general,unseen_general__CSCSXX__pick_place_cube_1.18__ep000036__t0037,0.5338153575691709,0.5331627563464711,0.2299737192289621,1.1228092908859253,0.6782604393938101,0.6780646590270001,3
unseen_general,unseen_general__CSCSXX__pick_place_cube_1.18__ep000037__t0026,0.5991834571470265,0.5981500207472329,0.2535512885739646,0.8556261658668518,0.598070890063038,0.5977608591431,3
unseen_general,unseen_general__CSCSXX__pick_place_cube_1.18__ep000038__t0037,0.5451186345556622,0.5462492174199596,0.236818771937907,0.9048216342926024,0.5965098756651117,0.5968490505244011,3
unseen_general,unseen_general__CSCSXX__pick_place_cube_1.18__ep000039__t0017,0.6550260030815737,0.6530614494476372,0.2492058917849001,0.9452619552612304,0.6493743505644344,0.6487849844742535,3
unseen_general,unseen_general__CSCSXX__pick_place_cube_1.18__ep000040__t0028,0.5700975912082265,0.5709561476829106,0.2343876091987826,0.7946946620941162,0.5592234249597492,0.5594809919021545,3
unseen_general,unseen_general__CSCSXX__pick_place_cube_1.18__ep000041__t0031,0.5928224720518712,0.5913996238799872,0.2484163019593626,0.77591872215271,0.5627391210644541,0.562312266612889,3
unseen_general,unseen_general__CSCSXX__pick_place_cube_1.18__ep000042__t0045,0.5894884232907703,0.5886688157178369,0.2486569960807083,0.8037512302398682,0.5729441179073909,0.5726982356355108,3
unseen_general,unseen_general__CSCSXX__pick_place_cube_1.18__ep000043__t0005,0.5672697139303673,0.5676300474751599,0.211802573582615,0.950006902217865,0.6137244471410407,0.6138325472044786,3
unseen_general,unseen_general__CSCSXX__pick_place_cube_1.18__ep000044__t0020,0.6033058244136118,0.6018512965336017,0.2251830695198408,0.7212888598442078,0.5370622121177189,0.5366258537537159,3
unseen_general,unseen_general__CSCSXX__pick_place_cube_1.18__ep000045__t0039,0.5302862266900813,0.5307206041886852,0.2390922953501201,1.2593430280685425,0.7345507678394774,0.7346810810890586,3
unseen_general,unseen_general__CSCSXX__pick_place_cube_1.18__ep000046__t0007,0.641796089432965,0.6421459683777768,0.2442735603515591,0.8393260836601257,0.6015513283994075,0.6016562920828511,3
unseen_general,unseen_general__CSCSXX__pick_place_cube_1.18__ep000047__t0031,0.5691776629758258,0.5693003549189557,0.2839025096073573,1.1254345178604126,0.70609785891912,0.7061346665020589,3
unseen_general,unseen_general__CSCSXX__pick_place_cube_1.18__ep000048__t0037,0.5846930499878044,0.5849191383034011,0.2569234453108141,1.444307804107666,0.830208070232652,0.8302758967273309,3
unseen_general,unseen_general__CSCSXX__pick_place_cube_1.18__ep000049__t0021,0.6013530825181995,0.5986238342450123,0.2860143091191029,1.0148178339004517,0.6721373510513714,0.6713185765694152,3
unseen_general,unseen_general__ZGGZZG__so100_drop0__ep000000__t0024,0.4972125555575427,0.4852970498277753,0.2464299741543892,1.3069206476211548,0.7458610179620415,0.7422863662431113,3
unseen_general,unseen_general__ZGGZZG__so100_drop0__ep000001__t0031,0.7820728295290161,0.7812846066964922,0.3175953734118176,0.7315977215766907,0.6225395495129264,0.6223030826631692,3
unseen_general,unseen_general__ZGGZZG__so100_drop0__ep000002__t0002,0.2838766017794382,0.2837720446883192,0.1661306177860201,1.5302952527999878,0.7471202669896326,0.747088899862297,3
unseen_general,unseen_general__ZGGZZG__so100_drop0__ep000003__t0034,0.6196071073052992,0.6172435543845145,0.1947532706027671,1.2818650007247925,0.7570541136623369,0.7563450477861016,3
unseen_general,unseen_general__ZGGZZG__so100_drop0__ep000004__t0014,0.4530547752148866,0.438288596512401,0.2204439908925185,1.5103936195373535,0.8062070776471629,0.8017772240364173,3
unseen_general,unseen_general__ZGGZZG__so100_drop0__ep000005__t0028,0.7750042731630922,0.7755615328080561,0.2842751655627866,1.2303720712661743,0.8099326601242334,0.8100998380177225,3
unseen_general,unseen_general__ZGGZZG__so100_drop0__ep000006__t0047,0.7308123259253583,0.7302049062151224,0.2656568028758206,1.001468300819397,0.6995280589681124,0.6993458330550417,3
unseen_general,unseen_general__ZGGZZG__so100_drop0__ep000007__t0050,0.7296728694154668,0.7327291623401051,0.2997078645058012,1.539387345314026,0.9245691583019908,0.9254860461793823,3
unseen_general,unseen_general__ZGGZZG__so100_drop0__ep000008__t0021,0.4088740382020605,0.4029841093987729,0.1781144411062657,1.4022916555404663,0.7370132060086844,0.7352462273676981,3
unseen_general,unseen_general__ZGGZZG__so100_drop0__ep000009__t0042,0.7731764356915447,0.7721475687027881,0.2542334156479514,1.25118887424469,0.8086985050997249,0.8083898450030979,3
unseen_general,unseen_general__ZGGZZG__so100_drop0__ep000010__t0054,0.770874441159532,0.7706736971970634,0.2948646755613352,1.0097336769104004,0.7236152057804204,0.7235549825916797,3
unseen_general,unseen_general__ZGGZZG__so100_drop0__ep000011__t0003,0.3436761550650093,0.3435713518315653,0.1624270710071794,1.4993538856506348,0.7515725220819105,0.7515410811118773,3
unseen_general,unseen_general__ZGGZZG__so100_drop0__ep000012__t0012,0.2769735951111051,0.2707407017477758,0.1989530240997057,1.4575761556625366,0.7258084480282578,0.7239385800192591,3
unseen_general,unseen_general__ZGGZZG__so100_drop0__ep000013__t0018,0.2982750913060991,0.2945655301047895,0.1809303138532533,1.5492018461227417,0.7634423599969025,0.7623294916365095,3
unseen_general,unseen_general__ZGGZZG__so100_drop0__ep000014__t0028,0.351713897668208,0.3452998362635238,0.1917585710646535,1.5457078218460083,0.781324869358262,0.7794006509368566,3
unseen_general,unseen_general__ZGGZZG__so100_drop0__ep000015__t0005,0.2456344248401921,0.2452618853284196,0.1610882429455714,1.7390409708023071,0.8176331886566519,0.8175214268031202,3
unseen_general,unseen_general__ZGGZZG__so100_drop0__ep000016__t0104,0.7071668453481395,0.7112810614165033,0.2958712730781371,1.3735445737838743,0.8503292650414327,0.851563529861942,3
unseen_general,unseen_general__ZGGZZG__so100_drop0__ep000017__t0009,0.3286677264099473,0.3282696140112539,0.1826348087587516,1.595039963722229,0.7914067460395013,0.7912873123198932,3
unseen_general,unseen_general__ZGGZZG__so100_drop0__ep000018__t0003,0.2640822341427291,0.2638529880968598,0.1770396081565338,1.6874761581420898,0.8073270159466148,0.8072582421328541,3
unseen_general,unseen_general__ZGGZZG__so100_drop0__ep000019__t0015,0.4709675269570987,0.4649821249048832,0.2163219382170332,1.4117430448532104,0.7708840574935238,0.7690884368778592,3
unseen_general,unseen_general__ZGGZZG__so100_drop0__ep000021__t0081,0.7268135510834988,0.7266489233026354,0.2645552481926347,1.2954893112182615,0.8156063642701448,0.8155569759358857,3
unseen_general,unseen_general__ZGGZZG__so100_drop0__ep000022__t0024,0.3643193685288883,0.3597689910297106,0.1745667594738198,1.4068540334701538,0.7244074517888739,0.7230423385391207,3
unseen_general,unseen_general__ZGGZZG__so100_drop0__ep000023__t0077,0.7835124410473162,0.7842666213173746,0.3260718524347075,0.717485249042511,0.6198693876616115,0.620095641742629,3
unseen_general,unseen_general__ZGGZZG__so100_drop0__ep000024__t0073,0.726040828943111,0.7285983176828001,0.2492408619672897,1.6130104064941406,0.9377886698707766,0.9385559164926832,3
unseen_general,unseen_general__ZGGZZG__so100_drop0__ep000025__t0015,0.3262598415014024,0.3258894069014908,0.1668426814090627,1.578200340270996,0.779210892981538,0.7790997626015645,3
unseen_general,unseen_general__ZGGZZG__so100_drop0__ep000026__t0050,0.7244601395321019,0.7280821500298857,0.3231461083960675,0.9044528603553772,0.6760630185206017,0.6771496216699369,3
unseen_general,unseen_general__ZGGZZG__so100_drop0__ep000027__t0011,0.2448722147628029,0.2444758450438042,0.1696114875100317,1.6480211019515991,0.7835535514624901,0.7834346405467905,3
unseen_general,unseen_general__ZGGZZG__so100_drop0__ep000028__t0047,0.6815092633710599,0.6809817099649685,0.2967557304812718,0.985968291759491,0.687866814859496,0.6877085488376684,3
unseen_general,unseen_general__ZGGZZG__so100_drop0__ep000029__t0014,0.2887638624613558,0.2879618047588044,0.1323840214833577,1.4777899980545044,0.7174603644052159,0.7172197470944504,3
unseen_general,unseen_general__ZGGZZG__so100_drop0__ep000030__t0004,0.2830795862401601,0.2828740449024481,0.1468138086160312,1.6204519271850586,0.7771487893308808,0.7770871269295673,3
unseen_general,unseen_general__ZGGZZG__so100_drop0__ep000031__t0077,0.7028674796539789,0.7026675006820834,0.2177840377833541,1.624445915222168,0.925973821320067,0.9259138276284984,3
unseen_general,unseen_general__ZGGZZG__so100_drop0__ep000032__t0002,0.2926277353035248,0.2924209315301493,0.1293517526600182,1.4980626106262207,0.7258188906395512,0.7257568495075386,3
