tier,sample,dino_pf,dino_flat,video,action,total_pf,total_flat,crf
unseen_cousin,unseen_cousin__aractingi__push_cube_offline_data__ep000000__t0001,0.1110715880380544,0.1115649866485238,0.0649092390507113,0.8922281265258789,0.4096854987369813,0.4098335183201221,0
unseen_cousin,unseen_cousin__aractingi__push_cube_offline_data__ep000001__t0024,0.0892444258648423,0.0893206069694854,0.0722587385021275,0.7666555047035217,0.3551131511914996,0.3551360055228925,0
unseen_cousin,unseen_cousin__aractingi__push_cube_offline_data__ep000002__t0006,0.2277215955513712,0.2283152205953912,0.1117784051649547,0.9169532656669616,0.4686313064816824,0.4688093939948884,0
unseen_cousin,unseen_cousin__aractingi__push_cube_offline_data__ep000003__t0002,0.2351570882984228,0.2361746654742256,0.0799740661913778,0.8961747288703918,0.4530092378950969,0.4533145110478378,0
unseen_cousin,unseen_cousin__aractingi__push_cube_offline_data__ep000004__t0016,0.1056135282476223,0.1060454829189702,0.0947103366422476,0.6099491715431213,0.3040768280842095,0.3042064144856138,0
unseen_cousin,unseen_cousin__aractingi__push_cube_offline_data__ep000005__t0030,0.1375542177355819,0.1376226612211832,0.0707287496996257,0.8171780705451965,0.3893561184486409,0.3893766514943213,0
unseen_cousin,unseen_cousin__aractingi__push_cube_offline_data__ep000006__t0032,0.1613468633073542,0.1622526456750204,0.0811502391084996,0.8502088189125061,0.4128326582897586,0.4131043930000584,0
unseen_cousin,unseen_cousin__aractingi__push_cube_offline_data__ep000007__t0015,0.2244874605246022,0.2245069548445726,0.1276376835312067,0.6574028730392456,0.3685986924324409,0.3686045407284321,0
unseen_cousin,unseen_cousin__aractingi__push_cube_offline_data__ep000008__t0012,0.1037757433655997,0.1037916712043727,0.0786421735406717,0.6153839230537415,0.300878944293378,0.3008837226450099,0
unseen_cousin,unseen_cousin__aractingi__push_cube_offline_data__ep000009__t0038,0.1864080818037094,0.1877123778691727,0.0901505324887339,0.749062716960907,0.3825926710720958,0.3829839598917348,0
unseen_cousin,unseen_cousin__aractingi__push_cube_offline_data__ep000010__t0030,0.1113189400174459,0.1108144862938561,0.0768437529831483,0.7469508647918701,0.3552291538169264,0.3550778176998494,0
unseen_cousin,unseen_cousin__aractingi__push_cube_offline_data__ep000011__t0045,0.093520151259873,0.0934730677185119,0.0710033322766955,0.6771914958953857,0.3202336434191248,0.3202195183567165,0
unseen_cousin,unseen_cousin__aractingi__push_cube_offline_data__ep000012__t0018,0.0989166129889304,0.0992929181652183,0.0593695113866147,0.4864102900028229,0.2420499533137927,0.242162844866679,0
unseen_cousin,unseen_cousin__aractingi__push_cube_offline_data__ep000013__t0013,0.1558481267515024,0.1557897927298798,0.0612103102205747,0.944486916065216,0.4429122975177096,0.4428947973112228,0
unseen_cousin,unseen_cousin__aractingi__push_cube_offline_data__ep000014__t0016,0.1135644676475548,0.1136062244467708,0.0731229299637101,0.6703361868858337,0.324140694037713,0.3241532210774778,0
unseen_cousin,unseen_cousin__aractingi__push_cube_offline_data__ep000015__t0004,0.2678803647183795,0.2688382322618249,0.0991724808193725,0.4002382755279541,0.2702111638725072,0.2704985241355409,0
unseen_cousin,unseen_cousin__aractingi__push_cube_offline_data__ep000016__t0018,0.0973575173077941,0.097299016540968,0.0778294176405193,0.5365426540374756,0.2671731420994843,0.2671555918694365,0
unseen_cousin,unseen_cousin__aractingi__push_cube_offline_data__ep000017__t0004,0.2245268597002513,0.2246896065107371,0.1327022756142324,1.0456831455230713,0.5254419988035737,0.5254908228467194,0
unseen_cousin,unseen_cousin__aractingi__push_cube_offline_data__ep000018__t0006,0.2123390150889738,0.2140933798713513,0.0791375062469159,0.5288978219032288,0.2990020851620584,0.2995283945967717,0
unseen_cousin,unseen_cousin__aractingi__push_cube_offline_data__ep000019__t0079,0.0826509289108299,0.0824961990463467,0.0937213278690817,0.3678796291351318,0.2000635286880262,0.2000171097286812,0
unseen_cousin,unseen_cousin__aractingi__push_cube_offline_data__ep000020__t0064,0.1637494335040096,0.1623274316900239,0.1026735541923218,0.6798558235168457,0.3518692257156377,0.351442625171442,0
unseen_cousin,unseen_cousin__aractingi__push_cube_offline_data__ep000021__t0008,0.1489682818737947,0.1501731684263644,0.1275865435617102,0.6246728301048279,0.3328355796725827,0.3331970456383536,0
unseen_cousin,unseen_cousin__aractingi__push_cube_offline_data__ep000022__t0022,0.0879200615522004,0.0879705898453078,0.0979531680395917,0.6248967051506042,0.3057206509377794,0.3057358094257116,0
unseen_cousin,unseen_cousin__aractingi__push_cube_offline_data__ep000023__t0051,0.2202122729251766,0.2201427571678307,0.0926249762647022,0.7040824294090271,0.3754841465205745,0.3754632917933707,0
unseen_cousin,unseen_cousin__aractingi__push_cube_offline_data__ep000024__t0019,0.120526881665264,0.1203555131769686,0.0735428596015775,0.7894237637519836,0.3739904278808459,0.3739390173343573,0
unseen_cousin,unseen_cousin__aractingi__push_cube_offline_data__ep000025__t0004,0.1146803342249224,0.1150084099920858,0.0843332181222757,0.7127140164375305,0.3447896722791717,0.3448880950093206,0
unseen_cousin,unseen_cousin__aractingi__push_cube_offline_data__ep000026__t0004,0.3953920237908792,0.3956340479082887,0.1036820284721365,0.7328144907951355,0.4428480119969589,0.4429206192321818,0
unseen_cousin,unseen_cousin__aractingi__push_cube_offline_data__ep000027__t0006,0.1408565822391846,0.1410253930624013,0.0766061749091511,0.6150909066200256,0.311275189792511,0.311325833039476,0
unseen_cousin,unseen_cousin__aractingi__push_cube_offline_data__ep000028__t0011,0.1683537924736462,0.1683603691353193,0.1179176570716199,0.7296349406242371,0.3777354111132747,0.3777373841117766,0
unseen_cousin,unseen_cousin__aractingi__push_cube_offline_data__ep000029__t0002,0.1940559505328661,0.1933855334616397,0.0982641505562893,0.8659272789955139,0.4340669419249522,0.4338658168035843,0
unseen_cousin,unseen_cousin__frk2__so100large__ep000000__t0043,0.0776203876682397,0.0776325693249553,0.0569536570024835,1.0800167322158811,0.4723789062875695,0.4723825607845842,0
unseen_cousin,unseen_cousin__frk2__so100large__ep000001__t0021,0.1107290276349444,0.1115092817073163,0.0648055775911293,1.224578022956848,0.5424915907505614,0.542725666972273,0
unseen_cousin,unseen_cousin__frk2__so100large__ep000002__t0030,0.3217455683752362,0.3240166385139587,0.0701027370590462,1.4736541509628296,0.7070161520154166,0.7076974730570333,0
unseen_cousin,unseen_cousin__frk2__so100large__ep000003__t0035,0.2110977143307479,0.21137030457173,0.0806704205542162,1.0267575979232788,0.4982334796348008,0.4983152567070954,0
unseen_cousin,unseen_cousin__frk2__so100large__ep000004__t0006,0.0981715634293606,0.0981989306020283,0.1178681107510107,1.0701812505722046,0.4928844024829933,0.4928926126347936,0
unseen_cousin,unseen_cousin__frk2__so100large__ep000005__t0022,0.1780504814260862,0.1792327931710327,0.0754055272239543,1.3218871355056765,0.6047916567972828,0.6051463503207666,0
unseen_cousin,unseen_cousin__frk2__so100large__ep000006__t0027,0.3596614234898251,0.3598558762028548,0.0864649723606988,1.028823971748352,0.545367507454498,0.5454258432684069,0
unseen_cousin,unseen_cousin__frk2__so100large__ep000007__t0020,0.2431927203244757,0.2433777711276954,0.1009013166433194,1.1396840810775757,0.5591018435213688,0.5591573587623347,0
unseen_cousin,unseen_cousin__frk2__so100large__ep000008__t0039,0.2738627434066533,0.2747173049847962,0.0717306336318026,1.3586193323135376,0.6471257460369518,0.6473821145103947,0
unseen_cousin,unseen_cousin__frk2__so100large__ep000009__t0040,0.2398333419682374,0.2423805704310233,0.0604711971796586,1.3501582145690918,0.6301546475720056,0.6309188161108413,0
unseen_cousin,unseen_cousin__frk2__so100large__ep000010__t0013,0.1054070952912214,0.1071410291325486,0.0577920068945078,1.1810842752456665,0.5213934407539854,0.5219136209063836,0
unseen_cousin,unseen_cousin__frk2__so100large__ep000011__t0035,0.0276098290331217,0.0276078620498189,0.0335836090338648,1.2798992395401,0.530317727236136,0.5303171371411451,0
unseen_cousin,unseen_cousin__frk2__so100large__ep000012__t0030,0.2013512460522362,0.2009568418311872,0.0478596995479012,1.429845929145813,0.6467016553383664,0.6465833340720517,0
unseen_cousin,unseen_cousin__frk2__so100large__ep000013__t0028,0.2159650522172098,0.2153352288150876,0.0583607653745521,1.4148502349853516,0.6482378392716692,0.6480488922510326,0
unseen_cousin,unseen_cousin__frk2__so100large__ep000014__t0033,0.3765472672332174,0.3790316632215212,0.0786531996985895,1.4132035970687866,0.7018415789070568,0.7025868977035479,0
unseen_cousin,unseen_cousin__frk2__so100large__ep000015__t0016,0.0813942079824769,0.0813774096397005,0.0865904133160366,0.98209410905838,0.4432330300129061,0.4432279905100732,0
unseen_cousin,unseen_cousin__frk2__so100large__ep000016__t0003,0.0385423982074604,0.0385778078508898,0.0686351236356828,1.224185585975647,0.5218274909432018,0.5218381138362306,0
unseen_cousin,unseen_cousin__frk2__so100large__ep000017__t0035,0.0980078939677643,0.0970844648790115,0.0376462009167029,1.3332780599594116,0.5740074524491048,0.573730423722479,0
unseen_cousin,unseen_cousin__frk2__so100large__ep000018__t0000,0.0562799918673757,0.0565167398987351,0.0464508495084489,1.2029091119766235,0.5119828972033968,0.5120539216128046,0
unseen_cousin,unseen_cousin__frk2__so100large__ep000019__t0005,0.0859657241323507,0.0859734659933827,0.0746018507212737,0.9302034974098206,0.4202516714200155,0.4202539939783252,0
unseen_cousin,unseen_cousin__frk2__so100large__ep000020__t0025,0.0849545923009748,0.0846451632029513,0.0249093831928598,1.3735857009887695,0.5823934730436582,0.5823006443142511,0
unseen_cousin,unseen_cousin__frk2__so100large__ep000021__t0042,0.004098893109942,0.004103115881995,0.0150460085335134,1.3625949621200562,0.5507814553410592,0.550782722172675,0
unseen_cousin,unseen_cousin__frk2__so100large__ep000022__t0040,0.0085676309502578,0.0085698499396591,0.011109717655056,1.3639426231384275,0.5514802538369653,0.5514809195337856,0
unseen_cousin,unseen_cousin__frk2__so100large__ep000023__t0000,0.1250789287024431,0.1266424483233531,0.0532791753175982,1.296195149421692,0.5719854909746892,0.5724545468609622,0
unseen_cousin,unseen_cousin__frk2__so100large__ep000024__t0039,0.0030784350960212,0.0030786770394956,0.0023317952480937,1.374876856803894,0.5515738118247921,0.5515738844078345,0
unseen_cousin,unseen_cousin__frk2__so100large__ep000025__t0031,0.2720648848874893,0.27269147062762,0.0534146035622211,1.227836012840271,0.5887782516710216,0.5889662273930607,0
unseen_cousin,unseen_cousin__frk2__so100large__ep000026__t0021,0.1366044750080442,0.1379796836004212,0.0799723241485944,1.3900957107543943,0.6210113240487495,0.6214238866264625,0
unseen_cousin,unseen_cousin__frk2__so100large__ep000027__t0015,0.1208398289067402,0.1217921129319919,0.0769636812501872,1.0759878158569336,0.4897361793898517,0.4900218645974272,0
unseen_cousin,unseen_cousin__frk2__so100large__ep000028__t0020,0.2451422842646153,0.246150431420341,0.1191621926646665,1.4360332489013672,0.6837046426393314,0.6840070867860492,0
unseen_cousin,unseen_cousin__frk2__so100large__ep000029__t0004,0.1140561713740352,0.1146784212216507,0.0726952516282614,0.9117081761360168,0.4207086973550957,0.4208953723093804,0
unseen_cousin,unseen_cousin__frk2__so100large__ep000030__t0012,0.1129902493247707,0.1127579604768693,0.0598102072361415,1.0257267951965332,0.4621308550468869,0.4620611683925165,0
unseen_cousin,unseen_cousin__frk2__so100large__ep000031__t0036,0.1026046321692803,0.1024319409352016,0.0433866968612352,1.442771553993225,0.6209060203064447,0.6208542129362211,0
unseen_cousin,unseen_cousin__frk2__so100large__ep000032__t0014,0.105068402019782,0.1040645309142436,0.0811354004819453,0.9960346221923828,0.4542749896274713,0.4539738282958098,0
unseen_cousin,unseen_cousin__frk2__so100large__ep000033__t0015,0.2258103885290361,0.227020203802212,0.057931986226612,1.161664605140686,0.5497885544829688,0.5501514990649217,0
unseen_cousin,unseen_cousin__frk2__so100large__ep000034__t0009,0.0396937815008227,0.0397484212391102,0.0577088972727687,1.5914812088012695,0.6658132871525854,0.6658296790740716,0
unseen_cousin,unseen_cousin__frk2__so100large__ep000035__t0034,0.1204224055262767,0.1211584150577834,0.0427930791458841,0.9486081600189208,0.4284079094092166,0.4286287122686686,0
unseen_cousin,unseen_cousin__frk2__so100large__ep000036__t0028,0.2683025441339343,0.2690859516437304,0.1097258366116354,1.19455087184906,0.591228862963295,0.5914638852162338,0
unseen_cousin,unseen_cousin__frk2__so100large__ep000037__t0005,0.1385899825730228,0.1386265470770947,0.051825550514175,1.598555088043213,0.6965466951434446,0.6965576644946662,0
unseen_cousin,unseen_cousin__frk2__so100large__ep000038__t0005,0.0945109561218228,0.0945749989007461,0.0498808305181621,1.1245728731155396,0.4931466852382113,0.4931658980718884,0
unseen_cousin,unseen_cousin__frk2__so100large__ep000039__t0020,0.0163329321493564,0.0162763054265999,0.0571337394534606,1.4738759994506836,0.6115904012611186,0.6115734132442916,0
unseen_cousin,unseen_cousin__frk2__so100large__ep000040__t0032,0.1211137718356844,0.1214533443849193,0.061337350240878,1.6105656623840332,0.698961601576582,0.6990634733413525,0
unseen_cousin,unseen_cousin__frk2__so100large__ep000041__t0031,0.1807132204641428,0.1814264329900748,0.0647858213108955,1.2843247652053833,0.5873796186146648,0.5875935823724444,0
unseen_cousin,unseen_cousin__frk2__so100large__ep000042__t0006,0.1709816418553419,0.1712976309140251,0.086067678301328,1.2590217590332031,0.5807234996602822,0.5808182963778872,0
unseen_cousin,unseen_cousin__frk2__so100large__ep000043__t0019,0.065368469324664,0.0647573452243797,0.0738672639258746,1.059099555015564,0.4654105419813872,0.4652272047513019,0
unseen_cousin,unseen_cousin__frk2__so100large__ep000044__t0035,0.0850816333826748,0.08458753191664,0.0334184656245785,1.4777355194091797,0.626644237465848,0.6264960070260375,0
unseen_cousin,unseen_cousin__frk2__so100large__ep000045__t0018,0.0929844355257204,0.0947360338714681,0.0569787276451966,1.2037737369537354,0.5264984437327693,0.5270239232364936,0
unseen_cousin,unseen_cousin__frk2__so100large__ep000046__t0007,0.0304126707159897,0.0304801765339997,0.0315221365941272,1.1502279043197632,0.4786716039209404,0.4786918556663434,0
unseen_cousin,unseen_cousin__frk2__so100large__ep000047__t0035,0.0031234096336358,0.003124424200132,0.003634824754501,1.3212403059005735,0.5305235926766705,0.5305238970466194,0
unseen_cousin,unseen_cousin__frk2__so100large__ep000048__t0021,0.0336846172032662,0.0338414110001354,0.0746613651594335,1.579321265220642,0.6642323007970669,0.6642793389361277,0
unseen_cousin,unseen_cousin__frk2__so100large__ep000049__t0034,0.1617323865491034,0.1624523578592858,0.0848634242048645,0.7172951698303223,0.3608968111583193,0.361112802551374,0
unseen_general,unseen_general__CSCSXX__pick_place_cube_1.18__ep000000__t0006,0.1678724951989846,0.1672575474457436,0.1249366040111001,0.78700852394104,0.4026461393394415,0.4024616550134692,0
unseen_general,unseen_general__CSCSXX__pick_place_cube_1.18__ep000001__t0038,0.1487563358415101,0.1491081252470465,0.1327828931938161,1.340141773223877,0.6205184780001487,0.6206240148218096,0
unseen_general,unseen_general__CSCSXX__pick_place_cube_1.18__ep000002__t0035,0.1803525766727728,0.180413622564291,0.137140167264947,1.1745003461837769,0.5650479616548267,0.5650662754222822,0
unseen_general,unseen_general__CSCSXX__pick_place_cube_1.18__ep000003__t0037,0.0851213368491671,0.0852755146931911,0.1071011712210954,1.2483638525009155,0.557012293421445,0.5570585467746522,0
unseen_general,unseen_general__CSCSXX__pick_place_cube_1.18__ep000004__t0018,0.1212050793925282,0.1205293664507141,0.1474887077660679,1.0646532773971558,0.5064694471064412,0.5062667332238969,0
unseen_general,unseen_general__CSCSXX__pick_place_cube_1.18__ep000005__t0028,0.2270772327254367,0.2255433735399493,0.1201294465643803,0.8667550086975098,0.450864007265949,0.4504038495103028,0
unseen_general,unseen_general__CSCSXX__pick_place_cube_1.18__ep000006__t0005,0.2279223650331433,0.2283775315724001,0.0701633009495313,1.4668868780136108,0.6761804510002468,0.6763170009620239,0
unseen_general,unseen_general__CSCSXX__pick_place_cube_1.18__ep000007__t0038,0.1149188265587545,0.1149615079572351,0.0903794224514393,1.4506826400756836,0.6418625307333317,0.6418753351528759,0
unseen_general,unseen_general__CSCSXX__pick_place_cube_1.18__ep000008__t0024,0.1533209989638871,0.1528482066872261,0.0985868979414149,0.8808109164237976,0.4278967356411096,0.4277548979581114,0
unseen_general,unseen_general__CSCSXX__pick_place_cube_1.18__ep000009__t0020,0.1482301952107217,0.1472503428396742,0.1177876686314994,0.9795377850532532,0.4716204731739677,0.4713265174626534,0
unseen_general,unseen_general__CSCSXX__pick_place_cube_1.18__ep000010__t0036,0.2017202343861189,0.2013263938534166,0.1461344009551877,1.3749116659164429,0.6543210569689691,0.6542029048091584,0
unseen_general,unseen_general__CSCSXX__pick_place_cube_1.18__ep000011__t0015,0.0895133638173064,0.0901196074365984,0.074522438007994,0.769923210144043,0.3571800246052073,0.3573618976909949,0
unseen_general,unseen_general__CSCSXX__pick_place_cube_1.18__ep000012__t0018,0.1093718604327987,0.1078907559642092,0.1215337621636953,0.5708513855934143,0.297612241016314,0.2971679096757371,0
unseen_general,unseen_general__CSCSXX__pick_place_cube_1.18__ep000013__t0011,0.1727927374231863,0.1739038118094452,0.0926585633109493,1.1341968774795532,0.533314141212062,0.5336474635279397,0
unseen_general,unseen_general__CSCSXX__pick_place_cube_1.18__ep000014__t0012,0.2347594238443108,0.2361881100644151,0.1193373258548194,1.140904664993286,0.5625908909070536,0.5630194967730848,0
unseen_general,unseen_general__CSCSXX__pick_place_cube_1.18__ep000015__t0011,0.1486653453707454,0.149090491594046,0.1352259019452399,1.0488225221633911,0.5046963830601521,0.5048239269271423,0
unseen_general,unseen_general__CSCSXX__pick_place_cube_1.18__ep000016__t0002,0.1452436557504539,0.1463123109902994,0.1327483919910553,1.32020103931427,0.6114780300481608,0.6117986266201145,0
unseen_general,unseen_general__CSCSXX__pick_place_cube_1.18__ep000017__t0039,0.1147433316837476,0.1142830799653031,0.1058686517134813,1.2999786138534546,0.5861750405605506,0.5860369650450172,0
unseen_general,unseen_general__CSCSXX__pick_place_cube_1.18__ep000018__t0042,0.1665931574916292,0.1675342275921612,0.1135509090678433,1.4555482864379885,0.6662625345430372,0.6665448555731968,0
unseen_general,unseen_general__CSCSXX__pick_place_cube_1.18__ep000019__t0016,0.1617093119968522,0.1620399965433721,0.1645086240403321,0.8792304992675781,0.4495575805181865,0.4496567858821425,0
unseen_general,unseen_general__CSCSXX__pick_place_cube_1.18__ep000020__t0060,0.1888392811499118,0.1890154714124744,0.1580493331373252,1.5645489692687988,0.7298861719936907,0.7299390290724594,0
unseen_general,unseen_general__CSCSXX__pick_place_cube_1.18__ep000021__t0004,0.1850775885922805,0.1849972791735846,0.0894780743178738,1.0164744853973389,0.4889564930319818,0.4889324002063731,0
unseen_general,unseen_general__CSCSXX__pick_place_cube_1.18__ep000022__t0005,0.1677836959210369,0.1682174428873972,0.1166743051427239,1.2317845821380615,0.5780512331743529,0.578181357264261,0
unseen_general,unseen_general__CSCSXX__pick_place_cube_1.18__ep000023__t0016,0.1240616075702213,0.1249088064344926,0.0888540423008311,0.8055477142333984,0.3860937806546751,0.3863479403139565,0
unseen_general,unseen_general__CSCSXX__pick_place_cube_1.18__ep000024__t0019,0.0765254896970714,0.0765375559504326,0.1523550965883648,0.6361741423606873,0.3231338328299058,0.3231374527059142,0
unseen_general,unseen_general__CSCSXX__pick_place_cube_1.18__ep000025__t0004,0.1577891877210641,0.1586736578250314,0.1080199897216646,1.1262742280960083,0.530252444471222,0.5305177855024121,0
unseen_general,unseen_general__CSCSXX__pick_place_cube_1.18__ep000026__t0053,0.1527965974942737,0.1528996455004757,0.1202467135650456,1.2937220335006714,0.5994018067180644,0.599432721119925,0
unseen_general,unseen_general__CSCSXX__pick_place_cube_1.18__ep000027__t0010,0.1296016894944971,0.1299264761328844,0.0752289561468771,1.514823079109192,0.6673784253360892,0.6674758613276053,0
unseen_general,unseen_general__CSCSXX__pick_place_cube_1.18__ep000028__t0057,0.1556200339772609,0.1559864417957709,0.1420262423683409,1.337055802345276,0.6241162038417909,0.6242261261873439,0
unseen_general,unseen_general__CSCSXX__pick_place_cube_1.18__ep000029__t0050,0.1422667871718207,0.14235171436416,0.1255680847110175,1.3879252672195437,0.6355205684526689,0.6355460466103707,0
unseen_general,unseen_general__CSCSXX__pick_place_cube_1.18__ep000030__t0045,0.0921213995206443,0.0923511396511566,0.0986242988766994,1.442529320716858,0.6342354378059463,0.6343043598451,0
unseen_general,unseen_general__CSCSXX__pick_place_cube_1.18__ep000031__t0033,0.1793920323484171,0.1795267447629508,0.1453571102757784,0.7000550627708435,0.377446767895596,0.3774871816199562,0
unseen_general,unseen_general__CSCSXX__pick_place_cube_1.18__ep000032__t0017,0.1541051968361151,0.1524204946666779,0.1254444581964037,0.8814480304718018,0.4364441086984764,0.4359386980476452,0
unseen_general,unseen_general__CSCSXX__pick_place_cube_1.18__ep000033__t0033,0.1971685875193574,0.1968673657036417,0.1190057378357115,1.211727738380432,0.5795433929586935,0.5794530264139788,0
unseen_general,unseen_general__CSCSXX__pick_place_cube_1.18__ep000034__t0015,0.1738341512689072,0.1743844754805711,0.1223328985493493,1.0562232732772827,0.5113394242563901,0.5115045215198892,0
unseen_general,unseen_general__CSCSXX__pick_place_cube_1.18__ep000035__t0013,0.2104940335705133,0.2110651740466028,0.1699741425496153,1.1124111413955688,0.5591049093942662,0.559276251537093,0
unseen_general,unseen_general__CSCSXX__pick_place_cube_1.18__ep000036__t0037,0.2058520716497262,0.2054667676117307,0.0915239655447244,1.4124921560287476,0.6542096735698343,0.6540940823584356,0
unseen_general,unseen_general__CSCSXX__pick_place_cube_1.18__ep000037__t0026,0.1184176754497778,0.1179969155190971,0.1306470256943506,1.068660855293274,0.5021837524605481,0.5020575244813439,0
unseen_general,unseen_general__CSCSXX__pick_place_cube_1.18__ep000038__t0037,0.0958601868496187,0.0962568296295119,0.1045896755834515,1.039003610610962,0.4757364029743058,0.4758553958082738,0
unseen_general,unseen_general__CSCSXX__pick_place_cube_1.18__ep000039__t0017,0.085096719997028,0.0849138953789954,0.1044504051644715,0.9569440484046936,0.4396417569103273,0.4395869095249176,0
unseen_general,unseen_general__CSCSXX__pick_place_cube_1.18__ep000040__t0028,0.2015207262818917,0.201718790123533,0.1044923178691419,0.7864093780517578,0.4063676644660132,0.4064270836185056,0
unseen_general,unseen_general__CSCSXX__pick_place_cube_1.18__ep000041__t0031,0.201145370117637,0.2008854749644648,0.1358476055897217,1.0908817052841189,0.5374505748258551,0.5373726062799035,0
unseen_general,unseen_general__CSCSXX__pick_place_cube_1.18__ep000042__t0045,0.1872656694193538,0.1871269102725458,0.1417068053996609,1.1235259771347046,0.5481021332995862,0.5480605055555439,0
unseen_general,unseen_general__CSCSXX__pick_place_cube_1.18__ep000043__t0005,0.2299534975762183,0.2309926403599707,0.0794391303633691,1.279891848564148,0.6047745278075355,0.6050862706426612,0
unseen_general,unseen_general__CSCSXX__pick_place_cube_1.18__ep000044__t0020,0.1900918102862842,0.1883982212190259,0.0958457865472653,0.8726439476013184,0.4348388580905922,0.4343307813704147,0
unseen_general,unseen_general__CSCSXX__pick_place_cube_1.18__ep000045__t0039,0.1527890594796836,0.1531263296633808,0.0936174516957035,1.589898705482483,0.7098814355456093,0.7099826166007186,0
unseen_general,unseen_general__CSCSXX__pick_place_cube_1.18__ep000046__t0007,0.1329214200621584,0.1344633241544285,0.1339070937146147,1.1236355304718018,0.5295027663217526,0.5299653375494338,0
unseen_general,unseen_general__CSCSXX__pick_place_cube_1.18__ep000047__t0031,0.1111188843225646,0.1112736578047582,0.1346284433496652,1.4396737813949585,0.6495937108596525,0.6496401429043105,0
unseen_general,unseen_general__CSCSXX__pick_place_cube_1.18__ep000048__t0037,0.1839624245005601,0.1846858442861739,0.1286210818504487,1.673275113105774,0.7630850971476123,0.7633021230832965,0
unseen_general,unseen_general__CSCSXX__pick_place_cube_1.18__ep000049__t0021,0.1332709845630138,0.1327664125837009,0.1469724166100408,1.1838630437850952,0.5576182378659544,0.5574668662721606,0
unseen_general,unseen_general__ZGGZZG__so100_drop0__ep000000__t0024,0.3786301524502241,0.3754927903296097,0.107003004797059,0.8588870167732239,0.4892447538834745,0.4883035452472901,0
unseen_general,unseen_general__ZGGZZG__so100_drop0__ep000001__t0031,0.5207306229453516,0.5214399963848615,0.1754309205565798,0.6389674544334412,0.4644354448239558,0.4646482568558088,0
unseen_general,unseen_general__ZGGZZG__so100_drop0__ep000002__t0002,0.0086700871391085,0.0086736323943794,0.0211646614100158,1.4552897214889526,0.5910663131603183,0.5910673767368997,0
unseen_general,unseen_general__ZGGZZG__so100_drop0__ep000003__t0034,0.0849026800960907,0.0848861394611434,0.034477397252684,1.1423083543777466,0.4927373649557311,0.4927324027652469,0
unseen_general,unseen_general__ZGGZZG__so100_drop0__ep000004__t0014,0.1098961592106656,0.1061473986918116,0.0729398244650837,1.2794349193572998,0.5666247628456448,0.5655001346899886,0
unseen_general,unseen_general__ZGGZZG__so100_drop0__ep000005__t0028,0.12052282792708,0.1207132535781768,0.0620392560382341,0.9031828045845032,0.4160417470233955,0.4160988747187246,0
unseen_general,unseen_general__ZGGZZG__so100_drop0__ep000006__t0047,0.1779138542154129,0.1795740142332524,0.0722564423691789,0.9881677627563475,0.4703181940779166,0.4708162420832685,0
unseen_general,unseen_general__ZGGZZG__so100_drop0__ep000007__t0050,0.3482546265935702,0.3544297791584808,0.1162116836170845,1.488316535949707,0.7346665074430794,0.7365190532125525,0
unseen_general,unseen_general__ZGGZZG__so100_drop0__ep000008__t0021,0.177908230179601,0.1736118856832106,0.0744493993787978,1.223530650138855,0.5651195489230616,0.5638306455741445,0
unseen_general,unseen_general__ZGGZZG__so100_drop0__ep000009__t0042,0.0586450905818585,0.0580589902877556,0.0602080541958536,0.9313343167304992,0.4081896701255134,0.4080138400372825,0
unseen_general,unseen_general__ZGGZZG__so100_drop0__ep000010__t0054,0.246749303774561,0.2476703056623256,0.1292923836626436,0.8580198287963867,0.4560204377497161,0.4562967383160455,0
unseen_general,unseen_general__ZGGZZG__so100_drop0__ep000011__t0003,0.0192172660762426,0.0192454412543692,0.0312852319143488,1.5363329648971558,0.6296839353560397,0.6296923879094777,0
unseen_general,unseen_general__ZGGZZG__so100_drop0__ep000012__t0012,0.0634732659473355,0.0615540735124575,0.0509870470911324,1.3105751276016235,0.5585681449521899,0.5579923872217265,0
unseen_general,unseen_general__ZGGZZG__so100_drop0__ep000013__t0018,0.059226265296921,0.0571367581677096,0.0657899289083078,1.3435567617416382,0.574927562958224,0.5743007108194605,0
unseen_general,unseen_general__ZGGZZG__so100_drop0__ep000014__t0028,0.1461274004182053,0.1443759925066287,0.0563203434497899,1.2237763404846191,0.5502448593542463,0.5497194369807733,0
unseen_general,unseen_general__ZGGZZG__so100_drop0__ep000015__t0005,0.0077046720293567,0.0077096627603845,0.0284842734850748,1.4650863409042358,0.5968912200160238,0.5968927172353322,0
unseen_general,unseen_general__ZGGZZG__so100_drop0__ep000016__t0104,0.3900964525912456,0.3971969519523171,0.10056660426996,1.3633933067321775,0.6925562397512327,0.6946863895595542,0
unseen_general,unseen_general__ZGGZZG__so100_drop0__ep000017__t0009,0.014820220683234,0.0147995957984558,0.0410076606390883,1.5309110879898071,0.6291127995926196,0.6291066121271861,0
unseen_general,unseen_general__ZGGZZG__so100_drop0__ep000018__t0003,0.0093129702011816,0.0093147221459111,0.0187202802820231,1.5167723894119265,0.615118930909732,0.6151194564931508,0
unseen_general,unseen_general__ZGGZZG__so100_drop0__ep000019__t0015,0.1709415463299415,0.1677044952183419,0.0828214237882031,1.2351839542388916,0.570202472731,0.5692313573975202,0
unseen_general,unseen_general__ZGGZZG__so100_drop0__ep000021__t0081,0.156490604307218,0.156710148273946,0.0829048191017243,0.968667209148407,0.4592855106820455,0.4593513738720639,0
unseen_general,unseen_general__ZGGZZG__so100_drop0__ep000022__t0024,0.1487156155369494,0.1473374315721611,0.0558300869027503,1.0885013341903689,0.4967642444080574,0.4963507892186209,0
unseen_general,unseen_general__ZGGZZG__so100_drop0__ep000023__t0077,0.1639024994427234,0.1646887383176155,0.0967576696931705,0.7904966473579407,0.3943967096839444,0.3946325813464121,0
unseen_general,unseen_general__ZGGZZG__so100_drop0__ep000024__t0073,0.3674975686102923,0.3710888995323865,0.137242486671148,1.501492619514465,0.7520190643902183,0.7530964636668465,0
unseen_general,unseen_general__ZGGZZG__so100_drop0__ep000025__t0015,0.0371505014675013,0.0367442952366339,0.0432678084320122,1.4725903272628784,0.6131616238750055,0.6130397620057453,0
unseen_general,unseen_general__ZGGZZG__so100_drop0__ep000026__t0050,0.2481699777176143,0.2537072800864333,0.0866552667493349,1.068030595779419,0.5276598116518524,0.529321002362498,0
unseen_general,unseen_general__ZGGZZG__so100_drop0__ep000027__t0011,0.0128016654897504,0.0128039993412822,0.0314096863998785,1.4705790281295776,0.6014950168187198,0.6014957169741794,0
unseen_general,unseen_general__ZGGZZG__so100_drop0__ep000028__t0047,0.1101799226069981,0.1100578653269348,0.0418304473287239,1.3198102712631226,0.5735272194859657,0.5734906023019467,0
unseen_general,unseen_general__ZGGZZG__so100_drop0__ep000029__t0014,0.0302073179005155,0.0297975341348307,0.0317217628605618,1.4421812295913696,0.5954512160648711,0.5953282809351657,0
unseen_general,unseen_general__ZGGZZG__so100_drop0__ep000030__t0004,0.0144802094558506,0.0144883899901956,0.019578229734671,1.4875704050064087,0.6052456937597199,0.6052481479200235,0
unseen_general,unseen_general__ZGGZZG__so100_drop0__ep000031__t0077,0.4672565486585667,0.4689255426428633,0.0955333325189193,1.4878826141357422,0.7639900100075427,0.7644907082028318,0
unseen_general,unseen_general__ZGGZZG__so100_drop0__ep000032__t0002,0.0134821487892555,0.0134849771731734,0.0189474643201995,1.5016103982925415,0.6103730432498532,0.6103738917650285,0
unseen_cousin,unseen_cousin__aractingi__push_cube_offline_data__ep000000__t0001,0.1107076494201904,0.1111968824775733,0.0652560457327305,0.8919400572776794,0.4095651314569481,0.4097119013741629,10
unseen_cousin,unseen_cousin__aractingi__push_cube_offline_data__ep000001__t0024,0.08934328247524,0.0894189508682721,0.0726453738766962,0.7665937542915344,0.3552340986221947,0.3552567991401043,10
unseen_cousin,unseen_cousin__aractingi__push_cube_offline_data__ep000002__t0006,0.2270952532224939,0.2276931189274226,0.1114535352286663,0.9167914390563964,0.4682812121579067,0.4684605718693853,10
unseen_cousin,unseen_cousin__aractingi__push_cube_offline_data__ep000003__t0002,0.2371770362592335,0.2382015006646378,0.0797506778569663,0.8964097499847412,0.4536422142287564,0.4539495535503777,10
unseen_cousin,unseen_cousin__aractingi__push_cube_offline_data__ep000004__t0016,0.1061155795225567,0.1065501732702759,0.0948893429384015,0.6098238825798035,0.3042310297702089,0.3043614078945246,10
unseen_cousin,unseen_cousin__aractingi__push_cube_offline_data__ep000005__t0030,0.1383564239969461,0.1384249885480931,0.0704458548981169,0.8171420097351074,0.3894974875625619,0.389518056927906,10
unseen_cousin,unseen_cousin__aractingi__push_cube_offline_data__ep000006__t0032,0.1631755670746074,0.1640951754270296,0.0813627076035932,0.8503105044364929,0.4134856841780573,0.413761566683784,10
unseen_cousin,unseen_cousin__aractingi__push_cube_offline_data__ep000007__t0015,0.2228947710419405,0.2229148426415418,0.1276070220122874,0.6574589610099792,0.3681341223202601,0.3681401438001405,10
unseen_cousin,unseen_cousin__aractingi__push_cube_offline_data__ep000008__t0012,0.1064053152724562,0.1064208802753559,0.0787705230950548,0.615562915802002,0.3017779178310541,0.301782587331924,10
unseen_cousin,unseen_cousin__aractingi__push_cube_offline_data__ep000009__t0038,0.1880856328631439,0.1893967493370296,0.0889896091691799,0.7491400837898254,0.3827786061256273,0.383171941067793,10
unseen_cousin,unseen_cousin__aractingi__push_cube_offline_data__ep000010__t0030,0.1111799660349109,0.1106741247032651,0.0767958128051838,0.7470629215240479,0.3552179022616476,0.3550661498621538,10
unseen_cousin,unseen_cousin__aractingi__push_cube_offline_data__ep000011__t0045,0.0904812583855006,0.0904375600359419,0.0707022829790127,0.6771020889282227,0.3191958979806431,0.3191827884757754,10
unseen_cousin,unseen_cousin__aractingi__push_cube_offline_data__ep000012__t0018,0.1002916390013513,0.1006661963395901,0.0592397647832529,0.4862391054630279,0.2423550633205924,0.2424674305220641,10
unseen_cousin,unseen_cousin__aractingi__push_cube_offline_data__ep000013__t0013,0.1548071467710202,0.1547498326952712,0.0610746425091934,0.9444565176963806,0.4425471438626164,0.4425299496398917,10
unseen_cousin,unseen_cousin__aractingi__push_cube_offline_data__ep000014__t0016,0.1129282479110637,0.112969695223323,0.0731053004083843,0.6704246997833252,0.3239799444091645,0.3239923786028423,10
unseen_cousin,unseen_cousin__aractingi__push_cube_offline_data__ep000015__t0004,0.2671922059194355,0.26813867108253,0.0992676893033112,0.4001393318176269,0.2699937012938748,0.2702776408428031,10
unseen_cousin,unseen_cousin__aractingi__push_cube_offline_data__ep000016__t0018,0.0984394013283143,0.0983761673024997,0.0770111440982985,0.5367537140846252,0.267336649261834,0.2673176790540896,10
unseen_cousin,unseen_cousin__aractingi__push_cube_offline_data__ep000017__t0004,0.2215657618700715,0.2217286225292906,0.1334975666181281,1.045767903327942,0.5248261598776367,0.5248750180754024,10
unseen_cousin,unseen_cousin__aractingi__push_cube_offline_data__ep000018__t0006,0.2105126026123501,0.2122315235148786,0.078705224990483,0.5285380482673645,0.2981805675877957,0.2986962438585543,10
unseen_cousin,unseen_cousin__aractingi__push_cube_offline_data__ep000019__t0079,0.0825493374105503,0.0823898811202127,0.0941532657002247,0.3680867850780487,0.200245494964452,0.2001976580773507,10
unseen_cousin,unseen_cousin__aractingi__push_cube_offline_data__ep000020__t0064,0.1637510710831889,0.1623376795395201,0.1031799412627737,0.6794926524162292,0.3518763646702805,0.3514523472071799,10
unseen_cousin,unseen_cousin__aractingi__push_cube_offline_data__ep000021__t0008,0.1492702026655325,0.1504867632862569,0.1272946434249188,0.6239537596702576,0.3325509576952384,0.3329159258814558,10
unseen_cousin,unseen_cousin__aractingi__push_cube_offline_data__ep000022__t0022,0.0876573558862781,0.087709096813874,0.0977311627639188,0.6248937249183655,0.3055740455624053,0.3055895678406841,10
unseen_cousin,unseen_cousin__aractingi__push_cube_offline_data__ep000023__t0051,0.2203318200309209,0.2202616887658259,0.0933456236489519,0.7042486071586609,0.3758026759674262,0.3757816365878977,10
unseen_cousin,unseen_cousin__aractingi__push_cube_offline_data__ep000024__t0019,0.1201675737123118,0.1199967662911423,0.0733793321622001,0.7898097634315491,0.3739879771349732,0.3739367349086224,10
unseen_cousin,unseen_cousin__aractingi__push_cube_offline_data__ep000025__t0004,0.1132642614981117,0.1135869824787186,0.0842685481094421,0.7129804491996765,0.3444520225621368,0.3445488388563188,10
unseen_cousin,unseen_cousin__aractingi__push_cube_offline_data__ep000026__t0004,0.3941420220259138,0.3943785166085224,0.103795322094133,0.7328340411186218,0.4425148196834628,0.4425857680582453,10
unseen_cousin,unseen_cousin__aractingi__push_cube_offline_data__ep000027__t0006,0.1470228622021641,0.1471960307804848,0.0765984108232787,0.6147857308387756,0.3130006742431431,0.3130526248166393,10
unseen_cousin,unseen_cousin__aractingi__push_cube_offline_data__ep000028__t0011,0.1683971374439646,0.1683957845919533,0.1181396447175447,0.7296614646911621,0.3778256205249176,0.3778252146693143,10
unseen_cousin,unseen_cousin__aractingi__push_cube_offline_data__ep000029__t0002,0.1927427185310219,0.19208887773863,0.0987996816592029,0.8660971522331238,0.433901580950317,0.4337054287125994,10
unseen_cousin,unseen_cousin__frk2__so100large__ep000000__t0043,0.0776765856577939,0.0776911935244391,0.0568539282648987,1.0798383951187134,0.4722945122242932,0.4722988945842867,10
unseen_cousin,unseen_cousin__frk2__so100large__ep000001__t0021,0.1107866592949387,0.1115634984669581,0.06476252212214,1.2241257429122925,0.5423150515900407,0.5425481033416465,10
unseen_cousin,unseen_cousin__frk2__so100large__ep000002__t0030,0.3207576560152727,0.3230235442701527,0.0703656588400116,1.4736367464065552,0.7067916930192074,0.7074714594956715,10
unseen_cousin,unseen_cousin__frk2__so100large__ep000003__t0035,0.2135690088240267,0.2138416866728749,0.0806656800540105,1.0267468690872192,0.4989691542982989,0.4990509576529534,10
unseen_cousin,unseen_cousin__frk2__so100large__ep000004__t0006,0.0988226178118732,0.0988487354907345,0.1186259685291988,1.0698847770690918,0.4931884867299583,0.4931963220336167,10
unseen_cousin,unseen_cousin__frk2__so100large__ep000005__t0022,0.1786283384452442,0.1798127478589652,0.0754749871733163,1.3216921091079712,0.6049078413287566,0.605263164152873,10
unseen_cousin,unseen_cousin__frk2__so100large__ep000006__t0027,0.3599551745402877,0.3601497631144573,0.0871540607027854,1.0286692380905151,0.545600465809128,0.5456588423813789,10
unseen_cousin,unseen_cousin__frk2__so100large__ep000007__t0020,0.2438620141314204,0.2440481515567911,0.1013212681696512,1.139382004737854,0.5593077865854631,0.5593636278130744,10
unseen_cousin,unseen_cousin__frk2__so100large__ep000008__t0039,0.2737015938448479,0.2745564429635225,0.0722063836535295,1.357831954956055,0.6469051752319351,0.6471616299675375,10
unseen_cousin,unseen_cousin__frk2__so100large__ep000009__t0040,0.2397657003570646,0.2423132167055466,0.0604208516757455,1.3501478433609009,0.6301151029542035,0.630879357858748,10
unseen_cousin,unseen_cousin__frk2__so100large__ep000010__t0013,0.1057335310192209,0.1074736581132734,0.0574600548370897,1.1805561780929563,0.5211805469940758,0.5217025851222916,10
unseen_cousin,unseen_cousin__frk2__so100large__ep000011__t0035,0.0278752110814809,0.027873588421834,0.0336773238638694,1.2798268795013428,0.5303965122841423,0.5303960254862482,10
unseen_cousin,unseen_cousin__frk2__so100large__ep000012__t0030,0.2001191668346081,0.1997285768599382,0.0473033830925424,1.429815411567688,0.6461529296052204,0.6460357526128194,10
unseen_cousin,unseen_cousin__frk2__so100large__ep000013__t0028,0.2165393280237109,0.2159064050027243,0.0583715767165531,1.4144386053085327,0.6482487135454924,0.6480588366391964,10
unseen_cousin,unseen_cousin__frk2__so100large__ep000014__t0033,0.3769265335703259,0.3794118217189817,0.0788684430901167,1.4130953550338743,0.7019766350116826,0.7027222214562794,10
unseen_cousin,unseen_cousin__frk2__so100large__ep000015__t0016,0.0814404057881903,0.0814233205352726,0.0869211891458389,0.9821006655693054,0.4433487447079309,0.4433436191320556,10
unseen_cousin,unseen_cousin__frk2__so100large__ep000016__t0003,0.0388344129235397,0.0388698850340839,0.0684164949564406,1.223943829536438,0.5217528041785693,0.5217634458117326,10
unseen_cousin,unseen_cousin__frk2__so100large__ep000017__t0035,0.0989366567654509,0.0980009092512494,0.0379693720949136,1.3334074020385742,0.574434769473539,0.5741540452192786,10
unseen_cousin,unseen_cousin__frk2__so100large__ep000018__t0000,0.0555341322113899,0.0557667341011435,0.046570822269328,1.202569842338562,0.5116594232796402,0.5117292038465663,10
unseen_cousin,unseen_cousin__frk2__so100large__ep000019__t0005,0.0866743798882815,0.0866814071077178,0.0747377268760408,0.9301366806030272,0.4204783042705077,0.4204804124363386,10
unseen_cousin,unseen_cousin__frk2__so100large__ep000020__t0025,0.0858764035632462,0.0855603518627944,0.0247149443322391,1.3734750747680664,0.5825674342758723,0.5824726187657367,10
unseen_cousin,unseen_cousin__frk2__so100large__ep000021__t0042,0.0041979716148897,0.0042022315850451,0.0152327764006829,1.3627039194107056,0.5509107921689541,0.5509120701600008,10
unseen_cousin,unseen_cousin__frk2__so100large__ep000022__t0040,0.0085000067202811,0.0085023127899444,0.0110464309323289,1.363795280456543,0.5513820434784003,0.5513827352992993,10
unseen_cousin,unseen_cousin__frk2__so100large__ep000023__t0000,0.1260891790309525,0.1276667200384944,0.0531366517818259,1.296248435974121,0.572267123633482,0.5727403859357445,10
unseen_cousin,unseen_cousin__frk2__so100large__ep000024__t0039,0.0029456116632245,0.002945863050846,0.0023946507764297,1.3752304315567017,0.5516942513545771,0.5516943267708635,10
unseen_cousin,unseen_cousin__frk2__so100large__ep000025__t0031,0.2730588401712416,0.2736850467477045,0.053487071644926,1.227571725845337,0.5889924638829851,0.589180325855924,10
unseen_cousin,unseen_cousin__frk2__so100large__ep000026__t0021,0.1365104561857588,0.1378855041262069,0.0800558650173647,1.3902171850204468,0.6210567703691158,0.6214692847512502,10
unseen_cousin,unseen_cousin__frk2__so100large__ep000027__t0015,0.1209267351253012,0.1218774394295936,0.0765664533799198,1.0757962465286257,0.4895664551630165,0.4898516664543043,10
unseen_cousin,unseen_cousin__frk2__so100large__ep000028__t0020,0.2465356604358832,0.2475457629138638,0.1193771688937163,1.4361170530319214,0.6842206700116484,0.6845237007550427,10
unseen_cousin,unseen_cousin__frk2__so100large__ep000029__t0004,0.1132096759551081,0.1138271175172696,0.072832755193543,0.9118792414665222,0.4205644259312042,0.4207496583998527,10
unseen_cousin,unseen_cousin__frk2__so100large__ep000030__t0012,0.1135184631862626,0.113283609271787,0.0604230523690181,1.027224898338318,0.4630724140019114,0.4630019578275687,10
unseen_cousin,unseen_cousin__frk2__so100large__ep000031__t0036,0.1032429146949467,0.1030687764048728,0.0434243044244275,1.442879319190979,0.621151893412204,0.6210996519251818,10
unseen_cousin,unseen_cousin__frk2__so100large__ep000032__t0014,0.1050641703147781,0.1040616144144545,0.0811691468102761,0.9965009689331056,0.4544703827107585,0.4541696159406614,10
unseen_cousin,unseen_cousin__frk2__so100large__ep000033__t0015,0.2269955633683913,0.2282079747412786,0.0579213890991358,1.1620956659317017,0.5503133521129389,0.5506770755248049,10
unseen_cousin,unseen_cousin__frk2__so100large__ep000034__t0009,0.0393774955034883,0.0394316407619372,0.0578042145991248,1.591790795326233,0.6658708311612772,0.6658870747388119,10
unseen_cousin,unseen_cousin__frk2__so100large__ep000035__t0034,0.1206427105422986,0.1213806410262413,0.0427402096558601,0.9485045075416564,0.4284166790761102,0.428638058221293,10
unseen_cousin,unseen_cousin__frk2__so100large__ep000036__t0028,0.2665703368002294,0.2673498905217197,0.1090411794439919,1.1944050788879397,0.5904454864284422,0.5906793525448893,10
unseen_cousin,unseen_cousin__frk2__so100large__ep000037__t0005,0.1381652544235428,0.1382024755703729,0.0519500785668705,1.5987282991409302,0.6965259195534961,0.696537085897545,10
unseen_cousin,unseen_cousin__frk2__so100large__ep000038__t0005,0.0964469332565238,0.0965120210662628,0.0500078679550146,1.1243597269058228,0.4936803311257907,0.4936998574687123,10
unseen_cousin,unseen_cousin__frk2__so100large__ep000039__t0020,0.0163593511143266,0.0163022326622215,0.0572934932204876,1.4744329452514648,0.6118690314010302,0.6118518958653987,10
unseen_cousin,unseen_cousin__frk2__so100large__ep000040__t0032,0.1208047811704162,0.1211394364449269,0.0613552796994723,1.61181640625,0.6993745807609666,0.6994749773433199,10
unseen_cousin,unseen_cousin__frk2__so100large__ep000041__t0031,0.1813586993970641,0.1820709214660646,0.0647761468946392,1.2842755317687988,0.5875506665950306,0.5877643332157307,10
unseen_cousin,unseen_cousin__frk2__so100large__ep000042__t0006,0.1708722621939337,0.1711860500461841,0.0862289631901374,1.2588566541671753,0.5806730292820914,0.5807671656377665,10
unseen_cousin,unseen_cousin__frk2__so100large__ep000043__t0019,0.0653111045643957,0.0647004048936488,0.0736795261362319,1.059298396110535,0.4654165476544022,0.4652333377531781,10
unseen_cousin,unseen_cousin__frk2__so100large__ep000044__t0035,0.0853688041742407,0.0848702213152834,0.0335364421308846,1.477737545967102,0.6267665922783785,0.6266170174206913,10
unseen_cousin,unseen_cousin__frk2__so100large__ep000045__t0018,0.0929366393474456,0.0946888857837504,0.0572084240142347,1.2038270235061646,0.52657432841097,0.5271000023418614,10
unseen_cousin,unseen_cousin__frk2__so100large__ep000046__t0007,0.0305267371127784,0.030594428970469,0.0316041412493044,1.1501502990722656,0.4786993831375311,0.4787196906948383,10
unseen_cousin,unseen_cousin__frk2__so100large__ep000047__t0035,0.0031040820622829,0.0031051368154882,0.0037376305046087,1.3211404085159302,0.5305086771764397,0.5305089936024012,10
unseen_cousin,unseen_cousin__frk2__so100large__ep000048__t0021,0.0337416231640648,0.0338984039578599,0.0748582660300762,1.5792113542556765,0.6642645084605129,0.6643115426986513,10
unseen_cousin,unseen_cousin__frk2__so100large__ep000049__t0034,0.1611720674144976,0.1618907003256203,0.0849493791697938,0.7171788811683655,0.3607079864426336,0.3609235763159704,10
unseen_general,unseen_general__CSCSXX__pick_place_cube_1.18__ep000000__t0006,0.1673682647581506,0.1667599460083433,0.1249923746470766,0.7874630093574524,0.4026933955645492,0.402510899939607,10
unseen_general,unseen_general__CSCSXX__pick_place_cube_1.18__ep000001__t0038,0.1505498955908963,0.1509050932116454,0.1337930835193441,1.33997642993927,0.6212934657087801,0.6214000249950049,10
unseen_general,unseen_general__CSCSXX__pick_place_cube_1.18__ep000002__t0035,0.1798988898284894,0.1799582842503475,0.1367904570127904,1.1738368272781372,0.5645415349636389,0.5645593532901964,10
unseen_general,unseen_general__CSCSXX__pick_place_cube_1.18__ep000003__t0037,0.0845792042973537,0.0847334480494085,0.1069928189136127,1.248319149017334,0.5567992665702235,0.5568455396958399,10
unseen_general,unseen_general__CSCSXX__pick_place_cube_1.18__ep000004__t0018,0.1214324019238085,0.1207592447257964,0.1479797939269952,1.065006136894226,0.5068261135129315,0.5066241663535279,10
unseen_general,unseen_general__CSCSXX__pick_place_cube_1.18__ep000005__t0028,0.227067247239439,0.2255395079085183,0.120704647870663,0.8666174411773682,0.4509785450039779,0.4505202232047016,10
unseen_general,unseen_general__CSCSXX__pick_place_cube_1.18__ep000006__t0005,0.2298675896892777,0.2303285734633335,0.070043758700531,1.4666472673416138,0.6766323114535882,0.6767706065858049,10
unseen_general,unseen_general__CSCSXX__pick_place_cube_1.18__ep000007__t0038,0.1152246056861425,0.1152663593752909,0.0900557750076564,1.4507241249084473,0.6418737641715186,0.6418862902782632,10
unseen_general,unseen_general__CSCSXX__pick_place_cube_1.18__ep000008__t0024,0.1543386791598132,0.1538677468271592,0.0991425868178481,0.8809454441070557,0.4284225574361207,0.4282812777363245,10
unseen_general,unseen_general__CSCSXX__pick_place_cube_1.18__ep000009__t0020,0.148949069124374,0.1479657058533912,0.1174160872145488,0.9791125655174256,0.4715545731086471,0.4712595641273522,10
unseen_general,unseen_general__CSCSXX__pick_place_cube_1.18__ep000010__t0036,0.2015166804029602,0.2011241785510676,0.1457070770593362,1.3749942779541016,0.6541648384203296,0.6540470878647618,10
unseen_general,unseen_general__CSCSXX__pick_place_cube_1.18__ep000011__t0015,0.0903550310712718,0.0909653013901797,0.0744192860248137,0.7699375152587891,0.3574073012323413,0.3575903823280136,10
unseen_general,unseen_general__CSCSXX__pick_place_cube_1.18__ep000012__t0018,0.1087272777547266,0.1072491744091623,0.1217030439661587,0.5708590745925903,0.2974727263533017,0.2970292953496325,10
unseen_general,unseen_general__CSCSXX__pick_place_cube_1.18__ep000013__t0011,0.1710364960936602,0.172135114371133,0.0932278234332266,1.1340945959091189,0.5329171342217135,0.5332467197049554,10
unseen_general,unseen_general__CSCSXX__pick_place_cube_1.18__ep000014__t0012,0.2367542879380619,0.2381945546074275,0.1198148773094676,1.1411782503128052,0.5634420496993809,0.5638741297001907,10
unseen_general,unseen_general__CSCSXX__pick_place_cube_1.18__ep000015__t0011,0.1483705895901556,0.1488002594054317,0.1354695607969755,1.0490261316299438,0.5047624977681169,0.5048913987126997,10
unseen_general,unseen_general__CSCSXX__pick_place_cube_1.18__ep000016__t0002,0.1456479614190865,0.1467088033235712,0.1323069425361317,1.3201788663864136,0.611458017741131,0.6117762703124764,10
unseen_general,unseen_general__CSCSXX__pick_place_cube_1.18__ep000017__t0039,0.1151832930407824,0.1147160274206915,0.1059412344613252,1.3000279664993286,0.5863485448503637,0.5862083651643365,10
unseen_general,unseen_general__CSCSXX__pick_place_cube_1.18__ep000018__t0042,0.1680306658097952,0.1689735400180876,0.113686093319215,1.4557112455368042,0.6667995259534248,0.6670823882159125,10
unseen_general,unseen_general__CSCSXX__pick_place_cube_1.18__ep000019__t0016,0.1607095562282232,0.1610391618315511,0.1644150053717759,0.8793072700500488,0.4492602765000193,0.4493591581810176,10
unseen_general,unseen_general__CSCSXX__pick_place_cube_1.18__ep000020__t0060,0.1895048109669178,0.1896835513166064,0.1571521517958376,1.5645346641540527,0.7298109544904477,0.7298645765953543,10
unseen_general,unseen_general__CSCSXX__pick_place_cube_1.18__ep000021__t0004,0.1843883827933506,0.1843082174837893,0.0895246569034867,1.0152584314346311,0.4882772844829037,0.4882532348900353,10
unseen_general,unseen_general__CSCSXX__pick_place_cube_1.18__ep000022__t0005,0.168362453938214,0.1687908868827082,0.116548976865131,1.232399582862854,0.5784332623861451,0.5785617922694934,10
unseen_general,unseen_general__CSCSXX__pick_place_cube_1.18__ep000023__t0016,0.1236314699725916,0.1244807264071408,0.0889043697289088,0.8055554032325745,0.3859829132034799,0.3862376901338447,10
unseen_general,unseen_general__CSCSXX__pick_place_cube_1.18__ep000024__t0019,0.0752976594308367,0.0753067946088014,0.1525608720345046,0.6357334852218628,0.3226509535283475,0.3226536940817369,10
unseen_general,unseen_general__CSCSXX__pick_place_cube_1.18__ep000025__t0004,0.1572986972906972,0.158222164219383,0.1085317591985781,1.1260063648223877,0.5301516828757378,0.5304287229543435,10
unseen_general,unseen_general__CSCSXX__pick_place_cube_1.18__ep000026__t0053,0.1527181134206345,0.1528208822760227,0.1189863802276938,1.2946242094039917,0.5993610318560951,0.5993918625127117,10
unseen_general,unseen_general__CSCSXX__pick_place_cube_1.18__ep000027__t0010,0.1311018629862214,0.1314343448707378,0.0751042642251668,1.5143593549728394,0.6676055801525523,0.6677053247179072,10
unseen_general,unseen_general__CSCSXX__pick_place_cube_1.18__ep000028__t0057,0.1548994000442125,0.1552656867017585,0.142652249171586,1.336885929107666,0.6240198664078059,0.6241297524050697,10
unseen_general,unseen_general__CSCSXX__pick_place_cube_1.18__ep000029__t0050,0.1425767819117538,0.1426635642180636,0.1255232666214617,1.387857437133789,0.6355729894134803,0.6355990241053732,10
unseen_general,unseen_general__CSCSXX__pick_place_cube_1.18__ep000030__t0045,0.0918051388509257,0.0920343613751114,0.0982945286807714,1.442621111869812,0.634078345007434,0.6341471117646897,10
unseen_general,unseen_general__CSCSXX__pick_place_cube_1.18__ep000031__t0033,0.1788817921120451,0.1790165951208053,0.1457638089032588,0.7001492381095886,0.3774533755484266,0.3774938164510547,10
unseen_general,unseen_general__CSCSXX__pick_place_cube_1.18__ep000032__t0017,0.1553619899144113,0.1536602846582907,0.1251958036159109,0.8812915682792664,0.4366839653708032,0.4361734537939671,10
unseen_general,unseen_general__CSCSXX__pick_place_cube_1.18__ep000033__t0033,0.1962748997293717,0.1959749089845514,0.1192081716585575,1.2121042013168335,0.5794866019431122,0.5793966047196661,10
unseen_general,unseen_general__CSCSXX__pick_place_cube_1.18__ep000034__t0015,0.174232680384212,0.1747861024292253,0.1213501147632634,1.056308627128601,0.5111982893956831,0.5113643160091871,10
unseen_general,unseen_general__CSCSXX__pick_place_cube_1.18__ep000035__t0013,0.2105540991620708,0.2111247781276589,0.1707313694844436,1.1122463941574097,0.5592841982569182,0.5594554019465947,10
unseen_general,unseen_general__CSCSXX__pick_place_cube_1.18__ep000036__t0037,0.2067663613391118,0.2063794190398606,0.0914211498900903,1.4121780395507812,0.6543274691890731,0.6542113864992978,10
unseen_general,unseen_general__CSCSXX__pick_place_cube_1.18__ep000037__t0026,0.1203598190344317,0.1199472952001065,0.1310643573710792,1.0692179203033447,0.5031144210429912,0.5029906638926936,10
unseen_general,unseen_general__CSCSXX__pick_place_cube_1.18__ep000038__t0037,0.0948546737293144,0.095238183375819,0.1046201471334097,1.039072036743164,0.4754712609560829,0.4755863138500342,10
unseen_general,unseen_general__CSCSXX__pick_place_cube_1.18__ep000039__t0017,0.0859671247727442,0.0857829364926884,0.1049764308775286,0.956977605819702,0.4400741090229627,0.4400188525389459,10
unseen_general,unseen_general__CSCSXX__pick_place_cube_1.18__ep000040__t0028,0.2008440192829189,0.2010450769998246,0.1045697301950482,0.7860841751098633,0.4060577948873355,0.4061181122024072,10
unseen_general,unseen_general__CSCSXX__pick_place_cube_1.18__ep000041__t0031,0.1998076944566788,0.1995501576878282,0.1361707302129559,1.0909932851791382,0.5371908414725457,0.5371135804418905,10
unseen_general,unseen_general__CSCSXX__pick_place_cube_1.18__ep000042__t0045,0.1863393801357865,0.1862028383613381,0.141683282558612,1.1236454248428345,0.5478649687454534,0.5478240062131189,10
unseen_general,unseen_general__CSCSXX__pick_place_cube_1.18__ep000043__t0005,0.2314922299170929,0.2325359629545853,0.0790628464314974,1.279875874519348,0.6051168727123164,0.605429992623564,10
unseen_general,unseen_general__CSCSXX__pick_place_cube_1.18__ep000044__t0020,0.1900439999151643,0.188352161208662,0.0953502256296781,0.8729262351989746,0.4347887617430426,0.4342812101310919,10
unseen_general,unseen_general__CSCSXX__pick_place_cube_1.18__ep000045__t0039,0.1523542538558611,0.1526930022454817,0.0930326524884906,1.589539885520935,0.7094320261116797,0.7095336506285659,10
unseen_general,unseen_general__CSCSXX__pick_place_cube_1.18__ep000046__t0007,0.132837934435087,0.1343486221733915,0.1340572952352788,1.1231368780136108,0.5293233201065541,0.5297765264280454,10
unseen_general,unseen_general__CSCSXX__pick_place_cube_1.18__ep000047__t0031,0.1111824033979818,0.1113380373629477,0.1341977797632645,1.439465880393982,0.6494004071059667,0.6494470972954565,10
unseen_general,unseen_general__CSCSXX__pick_place_cube_1.18__ep000048__t0037,0.1841935578723356,0.1849199879143943,0.1291144913959855,1.6726354360580444,0.7630465892037142,0.7632645182163318,10
unseen_general,unseen_general__CSCSXX__pick_place_cube_1.18__ep000049__t0021,0.1317385559408581,0.131240641015319,0.1463930874556155,1.1848708391189575,0.5573878286665251,0.5572384541888634,10
unseen_general,unseen_general__ZGGZZG__so100_drop0__ep000000__t0024,0.3783778144911359,0.3752327179651099,0.107426385015063,0.8588554859161377,0.4892834542183148,0.488339925260507,10
unseen_general,unseen_general__ZGGZZG__so100_drop0__ep000001__t0031,0.518957088434687,0.5196734207921452,0.1753667402435457,0.6389666795730591,0.4638838204326934,0.4640987201399308,10
unseen_general,unseen_general__ZGGZZG__so100_drop0__ep000002__t0002,0.0087655533553101,0.0087691241517805,0.0209958736964801,1.4551976919174194,0.5910075048825049,0.591008576121446,10
unseen_general,unseen_general__ZGGZZG__so100_drop0__ep000003__t0034,0.0878144294943646,0.0877988734329967,0.034267600404518,1.142418622970581,0.4935920581578972,0.4935873913394868,10
unseen_general,unseen_general__ZGGZZG__so100_drop0__ep000004__t0014,0.109833815912567,0.1060882523607761,0.0723581870878773,1.2795121669769287,0.5664624676909049,0.5653387986253675,10
unseen_general,unseen_general__ZGGZZG__so100_drop0__ep000005__t0028,0.1200863268129449,0.1202776665028082,0.0622271395159795,0.9032936096191406,0.4160114837463337,0.4160688856532926,10
unseen_general,unseen_general__ZGGZZG__so100_drop0__ep000006__t0047,0.1803139211022476,0.1819838584450744,0.0720974444593033,0.9877544045448304,0.4708251714863974,0.4713261526892455,10
unseen_general,unseen_general__ZGGZZG__so100_drop0__ep000007__t0050,0.3509111522510647,0.3571219084639659,0.1171005485329684,1.4886116981506348,0.7358481894954638,0.7377114163593342,10
unseen_general,unseen_general__ZGGZZG__so100_drop0__ep000008__t0021,0.1781001854742548,0.1738027260853587,0.0741025871939844,1.2236298322677612,0.5651127647075763,0.5638235268909075,10
unseen_general,unseen_general__ZGGZZG__so100_drop0__ep000009__t0042,0.0590589651967229,0.05847317389202,0.0601661483395212,0.9313461780548096,0.4083060052827971,0.4081302678913862,10
unseen_general,unseen_general__ZGGZZG__so100_drop0__ep000010__t0054,0.2478667629066693,0.248796329829504,0.1292762963459106,0.8580963015556335,0.4563814383980275,0.4566603084748779,10
unseen_general,unseen_general__ZGGZZG__so100_drop0__ep000011__t0003,0.0200701583918672,0.0200997246959484,0.0315513647027138,1.5364142656326294,0.6300521631814262,0.6300610330726505,10
unseen_general,unseen_general__ZGGZZG__so100_drop0__ep000012__t0012,0.0622382275121007,0.0603188026427806,0.0511910534046159,1.310578465461731,0.5582601704597074,0.5576843429989115,10
unseen_general,unseen_general__ZGGZZG__so100_drop0__ep000013__t0018,0.0585313083299345,0.056448046174975,0.0661299860040652,1.343087673187256,0.5746334575751023,0.5740084789286145,10
unseen_general,unseen_general__ZGGZZG__so100_drop0__ep000014__t0028,0.1464513997694071,0.1446927627162241,0.0564631150652871,1.2243417501449585,0.5506110545083917,0.5500834633924367,10
unseen_general,unseen_general__ZGGZZG__so100_drop0__ep000015__t0005,0.0077056849772545,0.0077107869960572,0.0286557303795594,1.4651297330856323,0.5969603178412972,0.596961848446938,10
unseen_general,unseen_general__ZGGZZG__so100_drop0__ep000016__t0104,0.3917313925850252,0.3988333442051902,0.1001305974857978,1.3632545471191406,0.6928604158689032,0.6949910013549527,10
unseen_general,unseen_general__ZGGZZG__so100_drop0__ep000017__t0009,0.0148977435697617,0.0148771295842153,0.0414117782828298,1.530766487121582,0.6291994514044102,0.6291932672087464,10
unseen_general,unseen_general__ZGGZZG__so100_drop0__ep000018__t0003,0.0088496316576861,0.0088504562428155,0.0188403783847833,1.5168485641479492,0.6150464286719206,0.6150466760474593,10
unseen_general,unseen_general__ZGGZZG__so100_drop0__ep000019__t0015,0.1702257187138456,0.166979899622935,0.0822502973147332,1.234988570213318,0.5697382328939008,0.5687644871666276,10
unseen_general,unseen_general__ZGGZZG__so100_drop0__ep000021__t0081,0.1578792117964075,0.1581008420611274,0.083364591610635,0.9688817858695984,0.4599258553699522,0.4599923444493681,10
unseen_general,unseen_general__ZGGZZG__so100_drop0__ep000022__t0024,0.1490628482543933,0.1476816590364555,0.0567330709069036,1.088639497756958,0.4971945748511723,0.496780218085791,10
unseen_general,unseen_general__ZGGZZG__so100_drop0__ep000023__t0077,0.1662550749555727,0.167045159707657,0.0971659253925314,0.7902975678443909,0.3951453272421876,0.3953823526678128,10
unseen_general,unseen_general__ZGGZZG__so100_drop0__ep000024__t0073,0.37280474819547,0.3764942574472414,0.1375313346794487,1.5014561414718628,0.7536832814512209,0.7547901342267522,10
unseen_general,unseen_general__ZGGZZG__so100_drop0__ep000025__t0015,0.0375834191585144,0.0371786766974833,0.0432939230706388,1.472504496574402,0.6132650012985067,0.6131435785601974,10
unseen_general,unseen_general__ZGGZZG__so100_drop0__ep000026__t0050,0.2527214234146504,0.2582721083897976,0.0861145204310567,1.0678032636642456,0.5287720886194104,0.5304372941119546,10
unseen_general,unseen_general__ZGGZZG__so100_drop0__ep000027__t0011,0.0114835995837449,0.0114861768512984,0.0310837052038887,1.4707187414169312,0.6010576880030626,0.6010584611833286,10
unseen_general,unseen_general__ZGGZZG__so100_drop0__ep000028__t0047,0.1108149142802114,0.1106934235884257,0.0417910364166708,1.3189958333969116,0.5733801185678293,0.5733436713602936,10
unseen_general,unseen_general__ZGGZZG__so100_drop0__ep000029__t0014,0.0305476900304486,0.0301409916194969,0.0316719315341677,1.4421305656433103,0.5955181127267092,0.5953961032034236,10
unseen_general,unseen_general__ZGGZZG__so100_drop0__ep000030__t0004,0.013531914037072,0.0135398075639526,0.0197586038961318,1.487447738647461,0.6049662508389456,0.6049686188970098,10
unseen_general,unseen_general__ZGGZZG__so100_drop0__ep000031__t0077,0.4729625946518492,0.4746469649551765,0.0951904843826056,1.4876669645309448,0.7655127095227143,0.7660180206137126,10
unseen_general,unseen_general__ZGGZZG__so100_drop0__ep000032__t0002,0.0131513468938623,0.0131540949604341,0.0187059815069118,1.5014983415603638,0.6101565351443778,0.6101573595643494,10
unseen_cousin,unseen_cousin__aractingi__push_cube_offline_data__ep000000__t0001,0.1119542465511323,0.1124450386590041,0.0656610420351722,0.8915216326713562,0.4098932396444338,0.4100404772767954,18
unseen_cousin,unseen_cousin__aractingi__push_cube_offline_data__ep000001__t0024,0.0878066431098527,0.0878797995349009,0.072601360770784,0.7676944136619568,0.3552001666289737,0.3552221135564882,18
unseen_cousin,unseen_cousin__aractingi__push_cube_offline_data__ep000002__t0006,0.221451572912549,0.2220071505418128,0.1116670165522433,0.9172677993774414,0.4668426965904143,0.4670093698791934,18
unseen_cousin,unseen_cousin__aractingi__push_cube_offline_data__ep000003__t0002,0.2345807152084282,0.2356034080450655,0.0806622655067712,0.8966948390007019,0.4532508298148406,0.4535576376658318,18
unseen_cousin,unseen_cousin__aractingi__push_cube_offline_data__ep000004__t0016,0.1068161057151305,0.1072484606150377,0.0952742086013997,0.61073899269104,0.3049226913713751,0.3050523978413473,18
unseen_cousin,unseen_cousin__aractingi__push_cube_offline_data__ep000005__t0030,0.140871423291842,0.1409465021595348,0.0706252013320899,0.8171133995056152,0.3902943471894257,0.3903168708497335,18
unseen_cousin,unseen_cousin__aractingi__push_cube_offline_data__ep000006__t0032,0.1647716888266821,0.1657080117685641,0.0808100138672447,0.851093053817749,0.4141117323352777,0.4143926292178423,18
unseen_cousin,unseen_cousin__aractingi__push_cube_offline_data__ep000007__t0015,0.2252423194659309,0.2252432396925701,0.1283204281815111,0.6578298211097717,0.3692007527381413,0.369201028806133,18
unseen_cousin,unseen_cousin__aractingi__push_cube_offline_data__ep000008__t0012,0.1038284230618321,0.1038401791813485,0.077902595372962,0.6153594851493835,0.3006630995901916,0.3006666264260466,18
unseen_cousin,unseen_cousin__aractingi__push_cube_offline_data__ep000009__t0038,0.1851765403705471,0.1864171413224203,0.089131279251385,0.7491679191589355,0.3819595135501538,0.3823316938357158,18
unseen_cousin,unseen_cousin__aractingi__push_cube_offline_data__ep000010__t0030,0.1105357367697967,0.1100261140163526,0.0771480328915444,0.7481293082237244,0.355556854187892,0.3554039673618588,18
unseen_cousin,unseen_cousin__aractingi__push_cube_offline_data__ep000011__t0045,0.0914591811914366,0.091415237868659,0.0708682674713648,0.6771666407585144,0.3195648909022462,0.3195517079054129,18
unseen_cousin,unseen_cousin__aractingi__push_cube_offline_data__ep000012__t0018,0.0953418585694888,0.0957015845074691,0.0591832047194944,0.4880677461624145,0.2415846174516608,0.2416925352330549,18
unseen_cousin,unseen_cousin__aractingi__push_cube_offline_data__ep000013__t0013,0.1537151353210698,0.1536777879471138,0.0610759840960833,0.9436351656913756,0.4418914021016963,0.4418801978895095,18
unseen_cousin,unseen_cousin__aractingi__push_cube_offline_data__ep000014__t0016,0.1173861000280867,0.1174268447812834,0.0720170622961752,0.6713148951530457,0.3253469067584968,0.3253591301844558,18
unseen_cousin,unseen_cousin__aractingi__push_cube_offline_data__ep000015__t0004,0.2713894875072064,0.2723947202963831,0.1006336570664995,0.4002900421619415,0.2717229602368883,0.2720245300736414,18
unseen_cousin,unseen_cousin__aractingi__push_cube_offline_data__ep000016__t0018,0.0968322050177771,0.096796924068357,0.0775738643388779,0.5382400155067444,0.2676178270096943,0.2676072427248682,18
unseen_cousin,unseen_cousin__aractingi__push_cube_offline_data__ep000017__t0004,0.2221104822475391,0.2222713148308671,0.1328587455822736,1.0465322732925415,0.5251036776659604,0.5251519274409588,18
unseen_cousin,unseen_cousin__aractingi__push_cube_offline_data__ep000018__t0006,0.2221263291395734,0.223973250530628,0.0786941953620721,0.5279794931411743,0.3014379546069634,0.3019920310242798,18
unseen_cousin,unseen_cousin__aractingi__push_cube_offline_data__ep000019__t0079,0.0823085134931874,0.0821424540180235,0.0941451793542498,0.3678009510040283,0.2000564882558425,0.2000066704132933,18
unseen_cousin,unseen_cousin__aractingi__push_cube_offline_data__ep000020__t0064,0.1643570552271153,0.1628957667910255,0.1033677106180959,0.6800073981285095,0.3523203890049672,0.3518820024741402,18
unseen_cousin,unseen_cousin__aractingi__push_cube_offline_data__ep000021__t0008,0.1506324575359485,0.1517787030212904,0.128077184524697,0.6240819692611694,0.3332456803226614,0.333589553968264,18
unseen_cousin,unseen_cousin__aractingi__push_cube_offline_data__ep000022__t0022,0.0879621801320994,0.0880145526331958,0.0973049616224608,0.624889075756073,0.3055357728287973,0.3055514845791262,18
unseen_cousin,unseen_cousin__aractingi__push_cube_offline_data__ep000023__t0051,0.2197266284526497,0.2196438657109636,0.0936706444709321,0.7042397856712341,0.3757150961455682,0.3756902673230624,18
unseen_cousin,unseen_cousin__aractingi__push_cube_offline_data__ep000024__t0019,0.1187745311725902,0.1185998627597866,0.0743691950917742,0.7901334166526794,0.3739964845403811,0.37394408401654,18
unseen_cousin,unseen_cousin__aractingi__push_cube_offline_data__ep000025__t0004,0.1155531725635369,0.1158796703580439,0.0839958161039592,0.7135303616523743,0.3452768412611985,0.3453747905995507,18
unseen_cousin,unseen_cousin__aractingi__push_cube_offline_data__ep000026__t0004,0.3942828905325826,0.3945290913106245,0.1029394693349333,0.7333733439445496,0.4425160455380746,0.4425899057714872,18
unseen_cousin,unseen_cousin__aractingi__push_cube_offline_data__ep000027__t0006,0.1462342330695265,0.1464052642177924,0.0763897728181604,0.615508496761322,0.3129906004708349,0.3130419098153146,18
unseen_cousin,unseen_cousin__aractingi__push_cube_offline_data__ep000028__t0011,0.1706498303852517,0.1706332557131817,0.1168531617836445,0.7305166125297546,0.3784575426625707,0.3784525702609497,18
unseen_cousin,unseen_cousin__aractingi__push_cube_offline_data__ep000029__t0002,0.1940848737630689,0.1934595767627849,0.0984524646249158,0.8665538430213928,0.4343827387249526,0.4341951496248674,18
unseen_cousin,unseen_cousin__frk2__so100large__ep000000__t0043,0.0757753293581255,0.0758177500217943,0.0566446965974292,1.079898238182068,0.4716853030594936,0.4716980292585942,18
unseen_cousin,unseen_cousin__frk2__so100large__ep000001__t0021,0.1109856833381645,0.1117778041928473,0.0637989784774774,1.2251769304275513,0.542506170715713,0.542743806972118,18
unseen_cousin,unseen_cousin__frk2__so100large__ep000002__t0030,0.3228875780843449,0.3251830298785579,0.0698671942126918,1.4736496210098269,0.7072862800930417,0.7079749156313057,18
unseen_cousin,unseen_cousin__frk2__so100large__ep000003__t0035,0.2167730982195089,0.2170359131349455,0.079323408356039,1.0267664194107056,0.4995355197369466,0.4996143642115776,18
unseen_cousin,unseen_cousin__frk2__so100large__ep000004__t0006,0.0990337831907451,0.0990600912989774,0.117445312990602,1.0694071054458618,0.4927065710327489,0.4927144634652186,18
unseen_cousin,unseen_cousin__frk2__so100large__ep000005__t0022,0.1753312122527951,0.1764907377243734,0.0757519612690975,1.320629000663757,0.6035765523220709,0.6039244099635442,18
unseen_cousin,unseen_cousin__frk2__so100large__ep000006__t0027,0.3574967454796822,0.3576860675327901,0.0870305691446937,1.029049515724182,0.5449780006769857,0.545034797292918,18
unseen_cousin,unseen_cousin__frk2__so100large__ep000007__t0020,0.2414217767663459,0.2416087133380815,0.1021087652227067,1.1383894681930542,0.5584149498739375,0.5584710308454581,18
unseen_cousin,unseen_cousin__frk2__so100large__ep000008__t0039,0.2748365568806547,0.2757021487921566,0.0704889889184974,1.3594335317611694,0.6473710764442134,0.647630754017664,18
unseen_cousin,unseen_cousin__frk2__so100large__ep000009__t0040,0.2389202570763479,0.2414585322332069,0.061303903675807,1.3502012491226196,0.6301477478746944,0.6309092304217521,18
unseen_cousin,unseen_cousin__frk2__so100large__ep000010__t0013,0.1073295965812317,0.1091042331821033,0.0578459555992922,1.1812251806259155,0.5220427379045234,0.5225751288847849,18
unseen_cousin,unseen_cousin__frk2__so100large__ep000011__t0035,0.0280464255591274,0.0280456197707028,0.0334931962280928,1.2790508270263672,0.530082217346713,0.5300819756101857,18
unseen_cousin,unseen_cousin__frk2__so100large__ep000012__t0030,0.2021875675899688,0.201792542195096,0.0477260758017118,1.4297696352005005,0.6468819470977043,0.6467634394792425,18
unseen_cousin,unseen_cousin__frk2__so100large__ep000013__t0028,0.2211124981293354,0.2204705211906443,0.0584054385730116,1.415941596031189,0.6502320194231798,0.6500394263415724,18
unseen_cousin,unseen_cousin__frk2__so100large__ep000014__t0033,0.3735162481341253,0.3759975671354688,0.0781445616899797,1.4118167161941528,0.7002249294248926,0.7009693251252956,18
unseen_cousin,unseen_cousin__frk2__so100large__ep000015__t0016,0.0811986917437165,0.0811829004329465,0.0869731208913273,0.9821193814277648,0.4432992963616191,0.4432945589683881,18
unseen_cousin,unseen_cousin__frk2__so100large__ep000016__t0003,0.0402828837411404,0.0403188301156368,0.068316531236939,1.224721074104309,0.5224682541351475,0.5224790380474964,18
unseen_cousin,unseen_cousin__frk2__so100large__ep000017__t0035,0.1000098023499505,0.0990546035758789,0.0395575637827789,1.333552002906799,0.5752910110025385,0.5750044513703171,18
unseen_cousin,unseen_cousin__frk2__so100large__ep000018__t0000,0.0572654291672447,0.0575060719731831,0.0471217546882977,1.2038599252700806,0.5128601252646949,0.5129323181064764,18
unseen_cousin,unseen_cousin__frk2__so100large__ep000019__t0005,0.0876930652970961,0.0877032782663981,0.0747756516303631,0.9304798245429992,0.4209325448954375,0.4209356087862281,18
unseen_cousin,unseen_cousin__frk2__so100large__ep000020__t0025,0.0861370845848928,0.0858326423706397,0.0245508006363288,1.3735023736953735,0.5826073150445159,0.58251598238024,18
unseen_cousin,unseen_cousin__frk2__so100large__ep000021__t0042,0.0042706880082226,0.0042745002899187,0.0156169267089166,1.3618625402450562,0.5507113005131643,0.5507124441976731,18
unseen_cousin,unseen_cousin__frk2__so100large__ep000022__t0040,0.0092713694848148,0.0092736829176094,0.0113808881488197,1.3640812635421753,0.5518281827069605,0.5518288767367989,18
unseen_cousin,unseen_cousin__frk2__so100large__ep000023__t0000,0.1236695296000635,0.125216100835972,0.0540961500747937,1.2965253591537476,0.5719398475639562,0.5724038189347288,18
unseen_cousin,unseen_cousin__frk2__so100large__ep000024__t0039,0.0031364041911957,0.0031368265190252,0.0024868723643851,1.3749350309371948,0.5516609953415522,0.5516611220399011,18
unseen_cousin,unseen_cousin__frk2__so100large__ep000025__t0031,0.2757362186888319,0.2763578913475418,0.0532529188788497,1.230264663696289,0.5908026067488201,0.5909891085464332,18
unseen_cousin,unseen_cousin__frk2__so100large__ep000026__t0021,0.1359535928880494,0.1373162698775543,0.0798074590571447,1.3896288871765137,0.6205798704541636,0.6209886735510152,18
unseen_cousin,unseen_cousin__frk2__so100large__ep000027__t0015,0.1205221317369661,0.1214672221142018,0.0765181158997674,1.0754395723342896,0.4892879032247359,0.4895714303379066,18
unseen_cousin,unseen_cousin__frk2__so100large__ep000028__t0020,0.2450365218812673,0.2460383845388912,0.1199460882774942,1.4348865747451782,0.6834494129456998,0.6837499717429869,18
unseen_cousin,unseen_cousin__frk2__so100large__ep000029__t0004,0.1131837755297756,0.1137947559160091,0.0724033857631516,0.9117401242256165,0.4203721980781247,0.4205554921939948,18
unseen_cousin,unseen_cousin__frk2__so100large__ep000030__t0012,0.1130277912930247,0.1127918230925356,0.0609183983146541,1.0285474061965942,0.4636028193609414,0.4635320289007947,18
unseen_cousin,unseen_cousin__frk2__so100large__ep000031__t0036,0.1056503402043446,0.1054710547892001,0.0441258698678576,1.442685604095459,0.6220071046598443,0.621953319035301,18
unseen_cousin,unseen_cousin__frk2__so100large__ep000032__t0014,0.1056353226953622,0.1046263402374152,0.0802445207820771,0.9968671798706056,0.454510824991474,0.4542081302540899,18
unseen_cousin,unseen_cousin__frk2__so100large__ep000033__t0015,0.2212782313707028,0.2224420391534286,0.0580783572134322,1.1616617441177368,0.5484716742223352,0.548820816557153,18
unseen_cousin,unseen_cousin__frk2__so100large__ep000034__t0009,0.038773440255983,0.0388275522296791,0.0591579676547089,1.589234471321106,0.66507321090165,0.6650894444937588,18
unseen_cousin,unseen_cousin__frk2__so100large__ep000035__t0034,0.1209036998201831,0.1216349729482381,0.0417822409995931,0.9482793807983398,0.4281175345652688,0.4283369165036853,18
unseen_cousin,unseen_cousin__frk2__so100large__ep000036__t0028,0.2638525718212592,0.2646203287298688,0.108513404966609,1.194391846656799,0.5894665316990801,0.5896968587716631,18
unseen_cousin,unseen_cousin__frk2__so100large__ep000037__t0005,0.1368596215286107,0.1368995498528861,0.0516104921019127,1.5974578857421875,0.695524188386032,0.6955361668833147,18
unseen_cousin,unseen_cousin__frk2__so100large__ep000038__t0005,0.0960940254619761,0.0961598963949982,0.0505321714809146,1.1237740516662598,0.4934974797493711,0.4935172410292777,18
unseen_cousin,unseen_cousin__frk2__so100large__ep000039__t0020,0.0163844244620956,0.0163289282512761,0.0570183294694723,1.4751335382461548,0.6120742414779323,0.6120575926146865,18
unseen_cousin,unseen_cousin__frk2__so100large__ep000040__t0032,0.123915782806862,0.1242631034237136,0.0613654067175913,1.6111382246017456,0.7000396466980343,0.7001438428830898,18
unseen_cousin,unseen_cousin__frk2__so100large__ep000041__t0031,0.1795213853241759,0.1802302087409857,0.0655099787597793,1.2799588441848757,0.5854929468991368,0.5857055939241798,18
unseen_cousin,unseen_cousin__frk2__so100large__ep000042__t0006,0.1725716996255286,0.1728974151295021,0.0865356132193989,1.2589455842971802,0.5813104275723504,0.5814081422235424,18
unseen_cousin,unseen_cousin__frk2__so100large__ep000043__t0019,0.0658204133984482,0.0652160326730605,0.075601496733299,1.0601292848587036,0.4664782869830056,0.4662969727653893,18
unseen_cousin,unseen_cousin__frk2__so100large__ep000044__t0035,0.0872779123517287,0.0867659389812317,0.0338249243997851,1.476755976676941,0.6270332416962305,0.6268796496850814,18
unseen_cousin,unseen_cousin__frk2__so100large__ep000045__t0018,0.0933325283971952,0.0950935052303576,0.0572791165458231,1.2032912969589231,0.5265000122664749,0.5270283053164236,18
unseen_cousin,unseen_cousin__frk2__so100large__ep000046__t0007,0.0313085168868513,0.0313777920445015,0.0321691070923874,1.1497334241867063,0.4789366568684542,0.4789574394157493,18
unseen_cousin,unseen_cousin__frk2__so100large__ep000047__t0035,0.0038323950303985,0.0038330783494228,0.0039678708649371,1.3208061456680298,0.5306625380358126,0.5306627430315198,18
unseen_cousin,unseen_cousin__frk2__so100large__ep000048__t0021,0.0348856067617047,0.0350447131876224,0.0741558655020503,1.5791807174682615,0.6643847286664312,0.6644324605942066,18
unseen_cousin,unseen_cousin__frk2__so100large__ep000049__t0034,0.1603265437019446,0.1610490382656974,0.0852533552960602,0.7178505063056946,0.3608141722216793,0.3610309205908051,18
unseen_general,unseen_general__CSCSXX__pick_place_cube_1.18__ep000000__t0006,0.1707156413409526,0.1700962767296356,0.125514234076424,0.7903892993927002,0.4050246823822931,0.404838872998898,18
unseen_general,unseen_general__CSCSXX__pick_place_cube_1.18__ep000001__t0038,0.1452885891305911,0.1456270350850119,0.1334091531908652,1.3425689935684204,0.6206369201238051,0.6207384539101313,18
unseen_general,unseen_general__CSCSXX__pick_place_cube_1.18__ep000002__t0035,0.1806646397103299,0.180725171267464,0.1365425229495216,1.1745355129241943,0.5649763539676332,0.5649945134347735,18
unseen_general,unseen_general__CSCSXX__pick_place_cube_1.18__ep000003__t0037,0.0870333770598991,0.0871902798152174,0.1079131809498046,1.2490640878677368,0.5581096025500059,0.5581566733766014,18
unseen_general,unseen_general__CSCSXX__pick_place_cube_1.18__ep000004__t0018,0.119668773254505,0.119001317789569,0.1483027471099322,1.0662469863891602,0.5068902506649953,0.5066900140255144,18
unseen_general,unseen_general__CSCSXX__pick_place_cube_1.18__ep000005__t0028,0.2250884484212491,0.2235650896475359,0.1208394815290389,0.866455078125,0.4503604102350864,0.4499034026029724,18
unseen_general,unseen_general__CSCSXX__pick_place_cube_1.18__ep000006__t0005,0.2322236932029291,0.2326984723980056,0.0692991955144476,1.4656156301498413,0.6767031186751495,0.6768455524336725,18
unseen_general,unseen_general__CSCSXX__pick_place_cube_1.18__ep000007__t0038,0.1142764618327248,0.1143231015473097,0.088301488268518,1.4510623216629028,0.641198313695534,0.6412123056099095,18
unseen_general,unseen_general__CSCSXX__pick_place_cube_1.18__ep000008__t0024,0.1509721835810312,0.1505034740252726,0.0975371893746709,0.8807834982872009,0.426866211201591,0.4267255983348634,18
unseen_general,unseen_general__CSCSXX__pick_place_cube_1.18__ep000009__t0020,0.1481919099911648,0.147220030998713,0.1169069242893078,0.9793155789375304,0.471255881859154,0.4709643181614185,18
unseen_general,unseen_general__CSCSXX__pick_place_cube_1.18__ep000010__t0036,0.2036429320851389,0.2032432560416197,0.1456539430795833,1.3750847578048706,0.6548229656713649,0.6547030628583091,18
unseen_general,unseen_general__CSCSXX__pick_place_cube_1.18__ep000011__t0015,0.090690992858914,0.0913035147512185,0.0750855405842947,0.7701663374900818,0.3577994950289954,0.3579832515966867,18
unseen_general,unseen_general__CSCSXX__pick_place_cube_1.18__ep000012__t0018,0.1095434087824242,0.1080455521068254,0.1206621322793126,0.5708698630332947,0.297409607531839,0.2969602505291593,18
unseen_general,unseen_general__CSCSXX__pick_place_cube_1.18__ep000013__t0011,0.1735489184221881,0.1746700962463414,0.0929758927959177,1.1308932304382324,0.5323147355407247,0.5326510888879707,18
unseen_general,unseen_general__CSCSXX__pick_place_cube_1.18__ep000014__t0012,0.2467608587754615,0.2482604829487146,0.1200662938215466,1.140514254570007,0.5662538476071054,0.5667037348590813,18
unseen_general,unseen_general__CSCSXX__pick_place_cube_1.18__ep000015__t0011,0.14674210531642,0.1471597646889763,0.1337123446372332,1.047474384307861,0.5031260887092406,0.5032513865210074,18
unseen_general,unseen_general__CSCSXX__pick_place_cube_1.18__ep000016__t0002,0.1433142127550402,0.1443492905245905,0.1319908977324646,1.321752429008484,0.611292504749645,0.6116030280805101,18
unseen_general,unseen_general__CSCSXX__pick_place_cube_1.18__ep000017__t0039,0.1118910504781591,0.1114497139143004,0.1063437495477102,1.3009227514266968,0.5858395405784396,0.5857071396092819,18
unseen_general,unseen_general__CSCSXX__pick_place_cube_1.18__ep000018__t0042,0.1669714043660641,0.1679124960432669,0.1152265887829222,1.4557815790176392,0.6669720295517516,0.6672543570549124,18
unseen_general,unseen_general__CSCSXX__pick_place_cube_1.18__ep000019__t0016,0.1580944091517115,0.158428473725137,0.1636129343962266,0.8790304064750671,0.4481243656544083,0.4482245850264359,18
unseen_general,unseen_general__CSCSXX__pick_place_cube_1.18__ep000020__t0060,0.1883222827209009,0.1884941078951963,0.1582670159353854,1.5642895698547363,0.7296926175387806,0.7297441650910692,18
unseen_general,unseen_general__CSCSXX__pick_place_cube_1.18__ep000021__t0004,0.1851180130123437,0.1850334059647139,0.0896272240556956,1.018520712852478,0.4898318562614031,0.4898064741471141,18
unseen_general,unseen_general__CSCSXX__pick_place_cube_1.18__ep000022__t0005,0.1668683139753708,0.1672811175385974,0.116989868007776,1.230918526649475,0.5775248652547341,0.5776487063237021,18
unseen_general,unseen_general__CSCSXX__pick_place_cube_1.18__ep000023__t0016,0.124552484354615,0.1253968427689716,0.0887625665815972,0.8058658242225647,0.3863408449698895,0.3865941524941965,18
unseen_general,unseen_general__CSCSXX__pick_place_cube_1.18__ep000024__t0019,0.0772458646617608,0.0772547858675154,0.1509558672168903,0.6361039280891418,0.3229020907992521,0.3229047671609785,18
unseen_general,unseen_general__CSCSXX__pick_place_cube_1.18__ep000025__t0004,0.1559115510057916,0.1567837192535323,0.1081211291071185,1.125964641571045,0.5295956606622911,0.5298573111366133,18
unseen_general,unseen_general__CSCSXX__pick_place_cube_1.18__ep000026__t0053,0.150983076994707,0.1510855009266866,0.1211543165949958,1.2944711446762085,0.5994296759473943,0.5994604031269882,18
unseen_general,unseen_general__CSCSXX__pick_place_cube_1.18__ep000027__t0010,0.1242734963612289,0.1245851634128693,0.0756617694802742,1.5162014961242676,0.666461178202158,0.6665546783176501,18
unseen_general,unseen_general__CSCSXX__pick_place_cube_1.18__ep000028__t0057,0.1556037969620292,0.1559711637505889,0.1432000754536979,1.3366622924804688,0.6243060787169057,0.6244162887534737,18
unseen_general,unseen_general__CSCSXX__pick_place_cube_1.18__ep000029__t0050,0.142524809295818,0.142613887108273,0.1251640559611935,1.389586091041565,0.6361410959937295,0.636167819337466,18
unseen_general,unseen_general__CSCSXX__pick_place_cube_1.18__ep000030__t0045,0.0924568160465414,0.0926883755736072,0.0973540330214655,1.441828370094299,0.6336746027581218,0.6337440706162416,18
unseen_general,unseen_general__CSCSXX__pick_place_cube_1.18__ep000031__t0033,0.1816579864984163,0.1817870328284917,0.1451205426499972,0.7015488147735596,0.3786530846539479,0.3786917985529705,18
unseen_general,unseen_general__CSCSXX__pick_place_cube_1.18__ep000032__t0017,0.1534350910258416,0.151755263279114,0.1268262295450066,0.8818948268890381,0.4368363269268697,0.4363323786028514,18
unseen_general,unseen_general__CSCSXX__pick_place_cube_1.18__ep000033__t0033,0.1959393671914622,0.1956444924808927,0.1185780034863189,1.210968852043152,0.5787427520205951,0.5786542896074243,18
unseen_general,unseen_general__CSCSXX__pick_place_cube_1.18__ep000034__t0015,0.1777430401560356,0.1783118000706768,0.1235161903415622,1.056568264961243,0.5130050751337765,0.5131757031081688,18
unseen_general,unseen_general__CSCSXX__pick_place_cube_1.18__ep000035__t0013,0.2097016751375965,0.2102667285241583,0.1708590681190621,1.1131218671798706,0.5594169698489458,0.5595864858649144,18
unseen_general,unseen_general__CSCSXX__pick_place_cube_1.18__ep000036__t0037,0.2063944503160004,0.2059984413402216,0.0901978474233278,1.413612961769104,0.6544228740294401,0.6543040713367064,18
unseen_general,unseen_general__CSCSXX__pick_place_cube_1.18__ep000037__t0026,0.1181821849864976,0.1177713365581089,0.1304512225252011,1.0682008266448977,0.5018703529114686,0.501747098382952,18
unseen_general,unseen_general__CSCSXX__pick_place_cube_1.18__ep000038__t0037,0.0989282743567915,0.0993284502962903,0.1065335326572092,1.039042592048645,0.4772555789236583,0.4773756317055079,18
unseen_general,unseen_general__CSCSXX__pick_place_cube_1.18__ep000039__t0017,0.0844652101055769,0.0842787257110007,0.1054092324811143,0.95683091878891,0.4396947002915713,0.4396387549731985,18
unseen_general,unseen_general__CSCSXX__pick_place_cube_1.18__ep000040__t0028,0.1980252976098313,0.1982115991236658,0.103682672367549,0.7881682515144348,0.4057796915989881,0.4058355820531384,18
unseen_general,unseen_general__CSCSXX__pick_place_cube_1.18__ep000041__t0031,0.1983432299261626,0.1980816974731293,0.1365506760394709,1.0946986675262451,0.5383476388001881,0.5382691790642782,18
unseen_general,unseen_general__CSCSXX__pick_place_cube_1.18__ep000042__t0045,0.1834468497671581,0.1833244339948614,0.1419923101415877,1.1219500303268433,0.5464117601033611,0.5463750353716721,18
unseen_general,unseen_general__CSCSXX__pick_place_cube_1.18__ep000043__t0005,0.22995585608027,0.2309814879292692,0.0795289146665739,1.2795262336730957,0.6046559246932915,0.6049636142479913,18
unseen_general,unseen_general__CSCSXX__pick_place_cube_1.18__ep000044__t0020,0.1896308124009648,0.1879482351377737,0.0956971705721478,0.8714444637298584,0.4341761803838772,0.4336714072049198,18
unseen_general,unseen_general__CSCSXX__pick_place_cube_1.18__ep000045__t0039,0.1505221834350295,0.1508619431290025,0.0922051179318829,1.5898839235305786,0.7087717598223052,0.7088736877304971,18
unseen_general,unseen_general__CSCSXX__pick_place_cube_1.18__ep000046__t0007,0.1336263026760301,0.1351834234136623,0.1344591313894761,1.1222357749938965,0.5293199402172105,0.5297870764385002,18
unseen_general,unseen_general__CSCSXX__pick_place_cube_1.18__ep000047__t0031,0.110571094699496,0.110723732546646,0.1343856558267682,1.439946174621582,0.6494654950065122,0.6495112863606571,18
unseen_general,unseen_general__CSCSXX__pick_place_cube_1.18__ep000048__t0037,0.1824905067671306,0.1831882168073615,0.1294533906380628,1.6713272333145142,0.7621140625473638,0.762323375559433,18
unseen_general,unseen_general__CSCSXX__pick_place_cube_1.18__ep000049__t0021,0.1317623550907004,0.1312605516603154,0.1477230750140686,1.1827090978622437,0.5569292681763283,0.5567787271472127,18
unseen_general,unseen_general__ZGGZZG__so100_drop0__ep000000__t0024,0.3774462462336281,0.3743219889960187,0.1079904122874289,0.8587620854377747,0.489135831731427,0.4881985545601441,18
unseen_general,unseen_general__ZGGZZG__so100_drop0__ep000001__t0031,0.5132040861702325,0.5139132099132652,0.1759008326926954,0.638691246509552,0.4622079742626992,0.462420711385609,18
unseen_general,unseen_general__ZGGZZG__so100_drop0__ep000002__t0002,0.0099264581468399,0.0099299078780147,0.0208294179093493,1.4547737836837769,0.5911362762903675,0.5911373112097199,18
unseen_general,unseen_general__ZGGZZG__so100_drop0__ep000003__t0034,0.082509044879321,0.0824951997206746,0.0346519268299858,1.1421366930007937,0.4920029687131095,0.4919988151655156,18
unseen_general,unseen_general__ZGGZZG__so100_drop0__ep000004__t0014,0.1097400469603129,0.1060281825584424,0.0730489971404626,1.2775970697402954,0.5658755411263509,0.5647619818057897,18
unseen_general,unseen_general__ZGGZZG__so100_drop0__ep000005__t0028,0.119496348234196,0.119685618402161,0.0625996775094384,0.9035983085632324,0.4160681311483833,0.4161249121987728,18
unseen_general,unseen_general__ZGGZZG__so100_drop0__ep000006__t0047,0.1706010050913279,0.1722409463785784,0.0725678549387558,0.986179769039154,0.4674225656246867,0.4679145480108619,18
unseen_general,unseen_general__ZGGZZG__so100_drop0__ep000007__t0050,0.3511095953899478,0.3573239259008678,0.1140212488853702,1.489455223083496,0.7353213425159939,0.7371856416692699,18
unseen_general,unseen_general__ZGGZZG__so100_drop0__ep000008__t0021,0.1769532424492086,0.1726986117085265,0.0737944010637444,1.2229722738265991,0.5644132025845255,0.5631368133623209,18
unseen_general,unseen_general__ZGGZZG__so100_drop0__ep000009__t0042,0.0588204436987139,0.0582272651407803,0.0590647637276872,0.931258738040924,0.40786905744429,0.4076911038769099,18
unseen_general,unseen_general__ZGGZZG__so100_drop0__ep000010__t0054,0.2575240004939224,0.2584875276128526,0.1272654848603828,0.8587136268615723,0.4589222963509205,0.4592113544865995,18
unseen_general,unseen_general__ZGGZZG__so100_drop0__ep000011__t0003,0.0218016567168397,0.0218344684218231,0.030657602493421,1.5364397764205933,0.6303136883313156,0.6303235318428106,18
unseen_general,unseen_general__ZGGZZG__so100_drop0__ep000012__t0012,0.0630179768353634,0.0611091255313585,0.0511580854287686,1.308406114578247,0.5576152645105386,0.557042609119337,18
unseen_general,unseen_general__ZGGZZG__so100_drop0__ep000013__t0018,0.058019042109552,0.055947432010671,0.0657526028855688,1.3439537286758425,0.5747129849688732,0.574091501939209,18
unseen_general,unseen_general__ZGGZZG__so100_drop0__ep000014__t0028,0.1492914871798622,0.1474985530924463,0.0562159079338676,1.226080298423767,0.5520843379036259,0.5515464576774011,18
unseen_general,unseen_general__ZGGZZG__so100_drop0__ep000015__t0005,0.0088907092575317,0.0088966803219063,0.027627207272959,1.4654693603515625,0.5971431190997722,0.5971449104190847,18
unseen_general,unseen_general__ZGGZZG__so100_drop0__ep000016__t0104,0.3858155096189402,0.3927987342790427,0.1001967391382047,1.3632258176803589,0.691094001699287,0.6931889690973178,18
unseen_general,unseen_general__ZGGZZG__so100_drop0__ep000017__t0009,0.0150903238569102,0.0150694438291071,0.0406676459624966,1.530479073524475,0.6289190203556122,0.6289127563472712,18
unseen_general,unseen_general__ZGGZZG__so100_drop0__ep000018__t0003,0.0089498662271971,0.0089512578921018,0.0187767047357709,1.5154690742492676,0.6145056009885975,0.614506018488069,18
unseen_general,unseen_general__ZGGZZG__so100_drop0__ep000019__t0015,0.1699301373402414,0.1667297452765089,0.0817643045194753,1.2357672452926636,0.5698152306749805,0.5688551130558608,18
unseen_general,unseen_general__ZGGZZG__so100_drop0__ep000021__t0081,0.1556630287243098,0.1558808917858797,0.0826928893416217,0.968717873096466,0.4589939246583659,0.4590592835768369,18
unseen_general,unseen_general__ZGGZZG__so100_drop0__ep000022__t0024,0.14575269019669,0.1444260728023294,0.0561425009869961,1.0884147882461548,0.4959344726535677,0.4955364874352596,18
unseen_general,unseen_general__ZGGZZG__so100_drop0__ep000023__t0077,0.1643788928270514,0.1651586584432732,0.0965116927381424,0.7914207577705383,0.3948354787777735,0.39506940846264,18
unseen_general,unseen_general__ZGGZZG__so100_drop0__ep000024__t0073,0.3659941336958314,0.369628006316952,0.1365043066488548,1.5015597343444824,0.7513734258411989,0.7524635876275351,18
unseen_general,unseen_general__ZGGZZG__so100_drop0__ep000025__t0015,0.0386883722719166,0.038289891731931,0.0434857130279452,1.4724410772323608,0.613628656482903,0.6135091123209073,18
unseen_general,unseen_general__ZGGZZG__so100_drop0__ep000026__t0050,0.2459242524222237,0.2513388805189589,0.0867818756879417,1.0666807889938354,0.5264841540305838,0.5281085424596044,18
unseen_general,unseen_general__ZGGZZG__so100_drop0__ep000027__t0011,0.0130493046123082,0.0130508969488946,0.0317900476262889,1.469839572906494,0.6013876348341768,0.6013881125351528,18
unseen_general,unseen_general__ZGGZZG__so100_drop0__ep000028__t0047,0.1134124879073523,0.1132776924373227,0.0417351159745071,1.317288875579834,0.5734598313964915,0.5734193927554826,18
unseen_general,unseen_general__ZGGZZG__so100_drop0__ep000029__t0014,0.0316268813540994,0.0312099076511105,0.0323040626343311,1.4413007497787476,0.5956995831080282,0.5955744909971316,18
unseen_general,unseen_general__ZGGZZG__so100_drop0__ep000030__t0004,0.0140907826779681,0.0140997868854361,0.0198095673980348,1.4876753091812134,0.6052402286952863,0.6052429299575266,18
unseen_general,unseen_general__ZGGZZG__so100_drop0__ep000031__t0077,0.4752285977777827,0.4769218686041193,0.0973095514153677,1.488155722618103,0.7670237338051864,0.7675317150530874,18
unseen_general,unseen_general__ZGGZZG__so100_drop0__ep000032__t0002,0.0134719495508538,0.0134753807235057,0.0181043065192112,1.5012598037719729,0.6099767983298086,0.6099778276816041,18
unseen_cousin,unseen_cousin__aractingi__push_cube_offline_data__ep000000__t0001,0.1158677197092965,0.1163538503050966,0.0650081679160059,0.8921792507171631,0.411134466574456,0.411280305753196,23
unseen_cousin,unseen_cousin__aractingi__push_cube_offline_data__ep000001__t0024,0.0928331500153372,0.0929115681521954,0.0720267740030073,0.7668095231056213,0.3561817864477519,0.3562053118888094,23
unseen_cousin,unseen_cousin__aractingi__push_cube_offline_data__ep000002__t0006,0.2262423533080325,0.2268644599177157,0.1082592583214935,0.9178912043571472,0.4675069652317167,0.4676935972146216,23
unseen_cousin,unseen_cousin__aractingi__push_cube_offline_data__ep000003__t0002,0.2387003102441918,0.2397863696884219,0.0815303087636929,0.8970546722412109,0.4548910545988498,0.4552168724321188,23
unseen_cousin,unseen_cousin__aractingi__push_cube_offline_data__ep000004__t0016,0.1089499334506308,0.1093835071254896,0.0961154399914552,0.6092661023139954,0.3052260529582239,0.3053561250606816,23
unseen_cousin,unseen_cousin__aractingi__push_cube_offline_data__ep000005__t0030,0.1426538181534793,0.1427279774821317,0.0702910792142146,0.818065881729126,0.3911098219019586,0.3911320697005543,23
unseen_cousin,unseen_cousin__aractingi__push_cube_offline_data__ep000006__t0032,0.167994600809581,0.1689360003905498,0.0828639721702672,0.8506280779838562,0.415508803087497,0.4157912229617876,23
unseen_cousin,unseen_cousin__aractingi__push_cube_offline_data__ep000007__t0015,0.2323481789853061,0.2323911793074765,0.1259792555060722,0.6582856178283691,0.3708124774787611,0.3708253775754123,23
unseen_cousin,unseen_cousin__aractingi__push_cube_offline_data__ep000008__t0012,0.1062825197567883,0.1062907234550396,0.0785176898294884,0.6162331700325012,0.3019333308888835,0.3019357919983589,23
unseen_cousin,unseen_cousin__aractingi__push_cube_offline_data__ep000009__t0038,0.1935210232557904,0.1948807324328704,0.0883321820986511,0.7498324513435364,0.384488942143747,0.384896854896871,23
unseen_cousin,unseen_cousin__aractingi__push_cube_offline_data__ep000010__t0030,0.112916279340279,0.1124317297119869,0.0774256618099588,0.746912956237793,0.3558677648401885,0.3557223999517009,23
unseen_cousin,unseen_cousin__aractingi__push_cube_offline_data__ep000011__t0045,0.0956587475088961,0.0956040610050762,0.0708133087202383,0.6781416535377502,0.3211982782838405,0.3211818723326945,23
unseen_cousin,unseen_cousin__aractingi__push_cube_offline_data__ep000012__t0018,0.0964390391763691,0.0967996662058867,0.058160633021393,0.4878439903259277,0.2415174977896997,0.241625685898555,23
unseen_cousin,unseen_cousin__aractingi__push_cube_offline_data__ep000013__t0013,0.1590403977470636,0.1589700631113303,0.058439048813733,0.9440503120422364,0.4428639587851335,0.4428428583944135,23
unseen_cousin,unseen_cousin__aractingi__push_cube_offline_data__ep000014__t0016,0.1154600523636507,0.1154998414000303,0.0722805971115716,0.6713938117027283,0.3248797195236581,0.3248916562345719,23
unseen_cousin,unseen_cousin__aractingi__push_cube_offline_data__ep000015__t0004,0.2662389942387581,0.2671978787893971,0.1004288739412507,0.3989144265651703,0.2695661310800707,0.2698537964452625,23
unseen_cousin,unseen_cousin__aractingi__push_cube_offline_data__ep000016__t0018,0.1024577385183734,0.1023614321408425,0.0774143321682653,0.5351173877716064,0.2680085763146342,0.2679796844013749,23
unseen_cousin,unseen_cousin__aractingi__push_cube_offline_data__ep000017__t0004,0.2199656707431904,0.2201213141476545,0.1320250886321489,1.045352816581726,0.5237383544452923,0.5237850474666315,23
unseen_cousin,unseen_cousin__aractingi__push_cube_offline_data__ep000018__t0006,0.2013395110379668,0.2029046845738198,0.0762738672269168,0.5256505012512207,0.2935442139799534,0.2940137660407093,23
unseen_cousin,unseen_cousin__aractingi__push_cube_offline_data__ep000019__t0079,0.0825418933795675,0.0823915415537928,0.0927514633113104,0.3683147430419922,0.1999139042240602,0.1998687986763278,23
unseen_cousin,unseen_cousin__aractingi__push_cube_offline_data__ep000020__t0064,0.1618907076916314,0.160470470425274,0.1028252282571975,0.6810429096221924,0.3518319446335257,0.3514058734536184,23
unseen_cousin,unseen_cousin__aractingi__push_cube_offline_data__ep000021__t0008,0.1460379320004075,0.1471892999178048,0.1262079775004421,0.6234531998634338,0.3310550527956284,0.3314004631708476,23
unseen_cousin,unseen_cousin__aractingi__push_cube_offline_data__ep000022__t0022,0.0867910898622838,0.086839539949542,0.0945469113305491,0.623150110244751,0.3036614444557503,0.3036759794819277,23
unseen_cousin,unseen_cousin__aractingi__push_cube_offline_data__ep000023__t0051,0.2180389076898028,0.2179360470671489,0.0945171539465025,0.7028949856758118,0.3749248127612163,0.3748939545744202,23
unseen_cousin,unseen_cousin__aractingi__push_cube_offline_data__ep000024__t0019,0.1215497527685928,0.1214009571848431,0.072644412364176,0.7899143099784851,0.3742239735312247,0.3741793348560998,23
unseen_cousin,unseen_cousin__aractingi__push_cube_offline_data__ep000025__t0004,0.1088601648854434,0.1091758369571362,0.0831109194601915,0.7143287658691406,0.3433228316513467,0.3434175332728546,23
unseen_cousin,unseen_cousin__aractingi__push_cube_offline_data__ep000026__t0004,0.3948597879950341,0.3950799768564893,0.1050799815529192,0.732963502407074,0.4431673318272155,0.4432333884856521,23
unseen_cousin,unseen_cousin__aractingi__push_cube_offline_data__ep000027__t0006,0.1398251278040981,0.139993727960856,0.0746794468738303,0.6159365177154541,0.3107259794895601,0.3107765595365875,23
unseen_cousin,unseen_cousin__aractingi__push_cube_offline_data__ep000028__t0011,0.1756027215582985,0.1755895981683581,0.1170068401090802,0.7296139597892761,0.3796284524159241,0.379624515398942,23
unseen_cousin,unseen_cousin__aractingi__push_cube_offline_data__ep000029__t0002,0.1973982309043875,0.196780954486393,0.0956564044417568,0.8662069439888,0.4343991681993633,0.434213985273965,23
unseen_cousin,unseen_cousin__frk2__so100large__ep000000__t0043,0.0757062270467424,0.0757189212802178,0.0563355690011462,1.0798016786575315,0.4715332102773793,0.4715370185474219,23
unseen_cousin,unseen_cousin__frk2__so100large__ep000001__t0021,0.1093694817624812,0.1101262432226347,0.0639563156225826,1.2256221771240234,0.5422466100651285,0.5424736385031746,23
unseen_cousin,unseen_cousin__frk2__so100large__ep000002__t0030,0.3172519122924248,0.3195230789359841,0.0695440345022762,1.4766663312911987,0.7067053165548898,0.7073866665479576,23
unseen_cousin,unseen_cousin__frk2__so100large__ep000003__t0035,0.2188803513838033,0.2191213747966562,0.0794840738400015,1.025568604469299,0.4997367693548612,0.4998090763787171,23
unseen_cousin,unseen_cousin__frk2__so100large__ep000004__t0006,0.0962035874496105,0.0962327136400107,0.1169501769916699,1.0709460973739624,0.4923245682819691,0.4923333061390892,23
unseen_cousin,unseen_cousin__frk2__so100large__ep000005__t0022,0.1737123209078222,0.1748664054985886,0.0753662932033508,1.321133375167847,0.6031769343004906,0.6035231596777205,23
unseen_cousin,unseen_cousin__frk2__so100large__ep000006__t0027,0.3604244784562518,0.3606207969251797,0.0877605570209903,1.028451681137085,0.5458361830980066,0.545895078638685,23
unseen_cousin,unseen_cousin__frk2__so100large__ep000007__t0020,0.2398098012416159,0.2400026081547597,0.1004609454903525,1.1384299993515017,0.5574532237601911,0.5575110658341342,23
unseen_cousin,unseen_cousin__frk2__so100large__ep000008__t0039,0.2742810497247177,0.2751324172252908,0.0688874668928029,1.3565915822982788,0.6455871879045677,0.6458425981547397,23
unseen_cousin,unseen_cousin__frk2__so100large__ep000009__t0040,0.2376970386386697,0.240218394073143,0.0606140117395609,1.3471778631210327,0.6283644603618823,0.6291208669922242,23
unseen_cousin,unseen_cousin__frk2__so100large__ep000010__t0013,0.1051261921917807,0.1068407135265204,0.0568765233997411,1.1811397075653076,0.5210566977035797,0.5215710541040015,23
unseen_cousin,unseen_cousin__frk2__so100large__ep000011__t0035,0.0347487421240465,0.0347454559376184,0.0344098894438028,1.2795451879501345,0.5325656646504086,0.5325646787944801,23
unseen_cousin,unseen_cousin__frk2__so100large__ep000012__t0030,0.2162665801106057,0.2158472409964088,0.0477442233697693,1.4302924871444702,0.6513202359019006,0.6511944341676416,23
unseen_cousin,unseen_cousin__frk2__so100large__ep000013__t0028,0.2157052146185868,0.2151007079899238,0.0592128184581912,1.4135494232177734,0.6478951792101428,0.6477138272215439,23
unseen_cousin,unseen_cousin__frk2__so100large__ep000014__t0033,0.373532816937126,0.3760254264352258,0.0788381471785587,1.4132084846496582,0.7009946830945687,0.7017424659439986,23
unseen_cousin,unseen_cousin__frk2__so100large__ep000015__t0016,0.08141323688981,0.081398972780824,0.0851415085702926,0.9829636216163636,0.4431518722845762,0.4431475930518804,23
unseen_cousin,unseen_cousin__frk2__so100large__ep000016__t0003,0.0405532417243204,0.0405887047466801,0.0693074544451487,1.2252999544143677,0.5230781906165879,0.5230888295232958,23
unseen_cousin,unseen_cousin__frk2__so100large__ep000017__t0035,0.0978174936982027,0.0969193057017947,0.0378214284790329,1.333356857299805,0.5740344195730925,0.5737649631741701,23
unseen_cousin,unseen_cousin__frk2__so100large__ep000018__t0000,0.0560909593589877,0.0563073682754757,0.046030727112899,1.2017468214035034,0.5113352345029675,0.5114001571779139,23
unseen_cousin,unseen_cousin__frk2__so100large__ep000019__t0005,0.0923813879579177,0.0923838062970112,0.0744067591848811,0.929831087589264,0.4219688791785452,0.4219696046802733,23
unseen_cousin,unseen_cousin__frk2__so100large__ep000020__t0025,0.0868597037039523,0.0865335835563358,0.0250971450967327,1.3731282949447632,0.5828383726181108,0.5827405365738259,23
unseen_cousin,unseen_cousin__frk2__so100large__ep000021__t0042,0.0044221556210471,0.0044257196643133,0.015714496982073,1.3630820512771606,0.5512738162918004,0.5512748855047802,23
unseen_cousin,unseen_cousin__frk2__so100large__ep000022__t0040,0.0099330859723959,0.0099353467842538,0.0123469716599515,1.3636808395385742,0.552156353105134,0.5521570313486914,23
unseen_cousin,unseen_cousin__frk2__so100large__ep000023__t0000,0.1241420214422518,0.1256799014175129,0.0537297956266746,1.2957432270050049,0.5716588359226799,0.5721201999152582,23
unseen_cousin,unseen_cousin__frk2__so100large__ep000024__t0039,0.0040832801163012,0.0040836305475752,0.0022484991638884,1.3757954835891724,0.552217727219726,0.5522178323491082,23
unseen_cousin,unseen_cousin__frk2__so100large__ep000025__t0031,0.2718101276371891,0.2724545383455593,0.0533999787815744,1.2260435819625854,0.5879804647106632,0.5881737879231743,23
unseen_cousin,unseen_cousin__frk2__so100large__ep000026__t0021,0.1369711771605537,0.1383463871208969,0.0800353187298711,1.3877801895141602,0.6202140245727916,0.6206265875608945,23
unseen_cousin,unseen_cousin__frk2__so100large__ep000027__t0015,0.1206635441272346,0.1216118700679426,0.0755708430788854,1.0746489763259888,0.4887299066922315,0.4890144044744439,23
unseen_cousin,unseen_cousin__frk2__so100large__ep000028__t0020,0.2498852780343682,0.2508906906721529,0.1171579432492242,1.4368271827697754,0.6848438394929879,0.6851454632843234,23
unseen_cousin,unseen_cousin__frk2__so100large__ep000029__t0004,0.1167536528730238,0.1173896349339556,0.0737149894504342,0.9111106991767884,0.4215848723677527,0.4217756669860323,23
unseen_cousin,unseen_cousin__frk2__so100large__ep000030__t0012,0.1136131533229682,0.11337051731364,0.0601464456142725,1.0332669019699097,0.4654346404691361,0.4653618496663376,23
unseen_cousin,unseen_cousin__frk2__so100large__ep000031__t0036,0.1023867303643781,0.1022163215296149,0.0450409673494531,1.4436988830566406,0.6217078625368057,0.6216567398863767,23
unseen_cousin,unseen_cousin__frk2__so100large__ep000032__t0014,0.1063350100351546,0.1053259900951421,0.0809013332806232,0.9965813755989076,0.4548034532342964,0.4545007472522926,23
unseen_cousin,unseen_cousin__frk2__so100large__ep000033__t0015,0.2242406252336758,0.2254173111900868,0.0576345161015684,1.1619925498962402,0.5493595623590694,0.5497125681459927,23
unseen_cousin,unseen_cousin__frk2__so100large__ep000034__t0009,0.0403659114898598,0.0404227775833089,0.0577778913252413,1.5921674966812134,0.6663101395170158,0.6663271993450505,23
unseen_cousin,unseen_cousin__frk2__so100large__ep000035__t0034,0.1231319022463524,0.1238857825280808,0.0415011323968463,0.948859930038452,0.4289338824083405,0.429160046492859,23
unseen_cousin,unseen_cousin__frk2__so100large__ep000036__t0028,0.2622298144692707,0.262976625925604,0.1083066855438819,1.1948074102401731,0.5890839141000151,0.5893079575369151,23
unseen_cousin,unseen_cousin__frk2__so100large__ep000037__t0005,0.136959400679941,0.1369876871357918,0.0519863623533266,1.5972601175308228,0.6955877759223095,0.6955962618590648,23
unseen_cousin,unseen_cousin__frk2__so100large__ep000038__t0005,0.0999474907500517,0.1000165911628062,0.0476846575776964,1.1241737604141235,0.4939591486639739,0.4939798787878002,23
unseen_cousin,unseen_cousin__frk2__so100large__ep000039__t0020,0.016506744757141,0.0164504035038515,0.0572184290111159,1.48493492603302,0.616091522543685,0.6160746201676982,23
unseen_cousin,unseen_cousin__frk2__so100large__ep000040__t0032,0.1223187379459991,0.1226460462470072,0.0614242236250955,1.6156104803085327,0.7013670805947415,0.7014652730850439,23
unseen_cousin,unseen_cousin__frk2__so100large__ep000041__t0031,0.1792611963895649,0.1799658217660605,0.0640605876528425,1.2892011404037476,0.5886769913742212,0.58888837898717,23
unseen_cousin,unseen_cousin__frk2__so100large__ep000042__t0006,0.1711146642036753,0.1714250910501226,0.0855928359996868,1.2574669122695925,0.5799990149688455,0.5800921430227797,23
unseen_cousin,unseen_cousin__frk2__so100large__ep000043__t0019,0.0657752123299749,0.0651627044217513,0.0717536778608276,1.06045663356781,0.4654413204843648,0.4652575681118977,23
unseen_cousin,unseen_cousin__frk2__so100large__ep000044__t0035,0.0823492241051011,0.0818816459435772,0.0348516509450934,1.478962779045105,0.6267453741331004,0.6266051006846433,23
unseen_cousin,unseen_cousin__frk2__so100large__ep000045__t0018,0.0920273278982276,0.0937235402020306,0.0565345277178124,1.2015262842178345,0.5251790703719458,0.5256879340630868,23
unseen_cousin,unseen_cousin__frk2__so100large__ep000046__t0007,0.0318423872241191,0.0319116559361984,0.0315680499145915,1.1488124132156372,0.4785480964278681,0.4785688770414919,23
unseen_cousin,unseen_cousin__frk2__so100large__ep000047__t0035,0.0047027090271389,0.0047035469046975,0.0035848233717968,1.3203469514846802,0.5306250403135528,0.5306252916768204,23
unseen_cousin,unseen_cousin__frk2__so100large__ep000048__t0021,0.0315852943396125,0.0317311060981111,0.0757499152043706,1.5794663429260254,0.6639871000336052,0.6640308435611548,23
unseen_cousin,unseen_cousin__frk2__so100large__ep000049__t0034,0.1591292577749217,0.1598450698207902,0.0847955704331269,0.7187343239784241,0.3606711780537842,0.3608859216675448,23
unseen_general,unseen_general__CSCSXX__pick_place_cube_1.18__ep000000__t0006,0.1697025922635681,0.1690895222660263,0.1251917670355015,0.7890925407409668,0.4041053240861076,0.4039214030868451,23
unseen_general,unseen_general__CSCSXX__pick_place_cube_1.18__ep000001__t0038,0.1457950914941376,0.1461310925814578,0.1309084729185424,1.3438080549240112,0.6205342912934085,0.6206350916196046,23
unseen_general,unseen_general__CSCSXX__pick_place_cube_1.18__ep000002__t0035,0.1800779396392892,0.1801424482083274,0.1367668240186821,1.1757475137710571,0.5653524346058143,0.5653717871765257,23
unseen_general,unseen_general__CSCSXX__pick_place_cube_1.18__ep000003__t0037,0.089297312331826,0.0894687436794946,0.1074754108735339,1.2498968839645386,0.5589905705474234,0.559041999951724,23
unseen_general,unseen_general__CSCSXX__pick_place_cube_1.18__ep000004__t0018,0.1182338640143462,0.1175796468715735,0.1533686951060514,1.0674309730529783,0.5084531569573107,0.5082568918144789,23
unseen_general,unseen_general__CSCSXX__pick_place_cube_1.18__ep000005__t0028,0.2258399835573732,0.2243006755974069,0.1201062657016479,0.8629065155982971,0.4489464810170252,0.4484846886290353,23
unseen_general,unseen_general__CSCSXX__pick_place_cube_1.18__ep000006__t0005,0.226037122460213,0.2264786523904631,0.070168102686133,1.4673501253128052,0.6758016176690259,0.6759340766481009,23
unseen_general,unseen_general__CSCSXX__pick_place_cube_1.18__ep000007__t0038,0.113513308790418,0.1135609439662754,0.0882167330392706,1.4498599767684937,0.640463003256304,0.6404772938090613,23
unseen_general,unseen_general__CSCSXX__pick_place_cube_1.18__ep000008__t0024,0.1498815437832941,0.1493969290863622,0.0981831744457525,0.8813499808311462,0.4269594078011725,0.4268140233920929,23
unseen_general,unseen_general__CSCSXX__pick_place_cube_1.18__ep000009__t0020,0.1455868154448482,0.144643375604951,0.1171890750042323,0.9723133444786072,0.4677581049261671,0.4674750729741979,23
unseen_general,unseen_general__CSCSXX__pick_place_cube_1.18__ep000010__t0036,0.2011122162991039,0.200722521954531,0.1455260027325382,1.374285340309143,0.65370560183315,0.653588693529778,23
unseen_general,unseen_general__CSCSXX__pick_place_cube_1.18__ep000011__t0015,0.0893200317133289,0.0899362899721796,0.0748695915563829,0.7712528705596924,0.3577580352047905,0.3579429126824457,23
unseen_general,unseen_general__CSCSXX__pick_place_cube_1.18__ep000012__t0018,0.1092560058529045,0.1077682039935667,0.1222423536642062,0.5710583329200745,0.297872841023163,0.2974265004653617,23
unseen_general,unseen_general__CSCSXX__pick_place_cube_1.18__ep000013__t0011,0.1690284859687448,0.170134149774996,0.0921793277146588,1.1317180395126345,0.5310495599100749,0.5313812590519502,23
unseen_general,unseen_general__CSCSXX__pick_place_cube_1.18__ep000014__t0012,0.2351378098211273,0.2365463833103311,0.1186772533212439,1.1367733478546145,0.5608538580845571,0.5612764301313182,23
unseen_general,unseen_general__CSCSXX__pick_place_cube_1.18__ep000015__t0011,0.1462622378793528,0.1466667883396807,0.135550838948166,1.050450325012207,0.5047240530531385,0.5048454181912368,23
unseen_general,unseen_general__CSCSXX__pick_place_cube_1.18__ep000016__t0002,0.1446540560596093,0.1457259731248956,0.132140909982555,1.314240574836731,0.6087347197473417,0.6090562948669277,23
unseen_general,unseen_general__CSCSXX__pick_place_cube_1.18__ep000017__t0039,0.1155653015475504,0.1150998934017526,0.1048252609332485,1.3008747100830078,0.5864670527774428,0.5863274303337035,23
unseen_general,unseen_general__CSCSXX__pick_place_cube_1.18__ep000018__t0042,0.1692517378414479,0.170183499509364,0.1168120768325589,1.4551706314086914,0.6678873969656787,0.6681669254660535,23
unseen_general,unseen_general__CSCSXX__pick_place_cube_1.18__ep000019__t0016,0.1625568580368027,0.1628977112688949,0.1662374551437658,0.8790192008018494,0.4502459742749103,0.4503482302445379,23
unseen_general,unseen_general__CSCSXX__pick_place_cube_1.18__ep000020__t0060,0.191460041662978,0.1916606142034347,0.1582183920111088,1.5657129287719729,0.7311887016110152,0.7312488733731523,23
unseen_general,unseen_general__CSCSXX__pick_place_cube_1.18__ep000021__t0004,0.1815979841033311,0.1815212079453055,0.0889597388401067,1.016527533531189,0.487778330295507,0.4877552974480993,23
unseen_general,unseen_general__CSCSXX__pick_place_cube_1.18__ep000022__t0005,0.1689721736107682,0.1693457498359618,0.1177625817773788,1.2340805530548096,0.579652647838368,0.579764720705926,23
unseen_general,unseen_general__CSCSXX__pick_place_cube_1.18__ep000023__t0016,0.1199026847830044,0.1207321717564036,0.0896376582803086,0.8061501979827881,0.3853221821121092,0.3855710282041289,23
unseen_general,unseen_general__CSCSXX__pick_place_cube_1.18__ep000024__t0019,0.0772416314439485,0.0772591753532426,0.1505696585253388,0.634454071521759,0.3221250155994898,0.322130278772278,23
unseen_general,unseen_general__CSCSXX__pick_place_cube_1.18__ep000025__t0004,0.1577850724468248,0.1586353071100664,0.1094158424790223,1.126514554023743,0.5307660960872512,0.5310211664862237,23
unseen_general,unseen_general__CSCSXX__pick_place_cube_1.18__ep000026__t0053,0.1447139530022577,0.1448657628308095,0.1187719532076873,1.2949949502944946,0.5970437519807814,0.5970892949293469,23
unseen_general,unseen_general__CSCSXX__pick_place_cube_1.18__ep000027__t0010,0.1297241021103767,0.1300493266367554,0.0784170693525931,1.512723445892334,0.6675317297958246,0.6676292971537382,23
unseen_general,unseen_general__CSCSXX__pick_place_cube_1.18__ep000028__t0057,0.1576151717514078,0.1579871574529737,0.1423199242373273,1.337481141090393,0.6249729852327778,0.6250845809432475,23
unseen_general,unseen_general__CSCSXX__pick_place_cube_1.18__ep000029__t0050,0.1421040639014838,0.1421858676208702,0.1271463712040453,1.3889983892440796,0.6363744862292906,0.6363990273451066,23
unseen_general,unseen_general__CSCSXX__pick_place_cube_1.18__ep000030__t0045,0.0962019593741115,0.0964324415781724,0.0999391596661045,1.4387394189834597,0.6343381033054487,0.6344072479666669,23
unseen_general,unseen_general__CSCSXX__pick_place_cube_1.18__ep000031__t0033,0.1798223931780717,0.1799493034150932,0.1466977666829453,0.7005206942558289,0.3781643256606366,0.3782023987317431,23
unseen_general,unseen_general__CSCSXX__pick_place_cube_1.18__ep000032__t0017,0.1556329612311296,0.1539353515762198,0.1284549834720899,0.8807999491691589,0.4375463630786295,0.4370370801821565,23
unseen_general,unseen_general__CSCSXX__pick_place_cube_1.18__ep000033__t0033,0.1991512291037569,0.1988487132184562,0.1184462207203307,1.2137757539749146,0.5807895365371921,0.580698781771602,23
unseen_general,unseen_general__CSCSXX__pick_place_cube_1.18__ep000034__t0015,0.17688922421814,0.1774637216146414,0.1242432469058549,1.0546993017196655,0.5122194620250647,0.5123918112440151,23
unseen_general,unseen_general__CSCSXX__pick_place_cube_1.18__ep000035__t0013,0.2034611020155169,0.2040029975337577,0.1722987662884219,1.1105260848999023,0.5569383944511426,0.5571009631066148,23
unseen_general,unseen_general__CSCSXX__pick_place_cube_1.18__ep000036__t0037,0.2077921105123271,0.2074312406796463,0.0906979066591826,1.4129523038864136,0.6547279267060184,0.6546196657562141,23
unseen_general,unseen_general__CSCSXX__pick_place_cube_1.18__ep000037__t0026,0.1171534633989506,0.1167640795204593,0.1311979405595655,1.073124647140503,0.503755280043756,0.5036384648802087,23
unseen_general,unseen_general__CSCSXX__pick_place_cube_1.18__ep000038__t0037,0.0962126675232267,0.0965640077804861,0.1070554491451153,1.0374444723129272,0.4759582239256735,0.4760636260028513,23
unseen_general,unseen_general__CSCSXX__pick_place_cube_1.18__ep000039__t0017,0.0857867290082258,0.0856090367043252,0.1051015503264248,0.9571384787559508,0.4401218753027756,0.4400685676116054,23
unseen_general,unseen_general__CSCSXX__pick_place_cube_1.18__ep000040__t0028,0.1994921340649852,0.1996766003419936,0.1040628273623982,0.7873835563659668,0.4060199109746017,0.4060752508577043,23
unseen_general,unseen_general__CSCSXX__pick_place_cube_1.18__ep000041__t0031,0.1995194915666141,0.1992598205952941,0.1362225892929406,1.0917344093322754,0.5374163879907766,0.5373384866993807,23
unseen_general,unseen_general__CSCSXX__pick_place_cube_1.18__ep000042__t0045,0.1896741253869161,0.1895280132919345,0.1417944723549391,1.121776103973389,0.548151020911912,0.5481071872834176,23
unseen_general,unseen_general__CSCSXX__pick_place_cube_1.18__ep000043__t0005,0.2339125481541273,0.2349362136226567,0.0803583154116484,1.2780065536499023,0.6054838805296937,0.6057909801702525,23
unseen_general,unseen_general__CSCSXX__pick_place_cube_1.18__ep000044__t0020,0.1895480136277459,0.1878824896779737,0.0960689511871364,0.8721551299095154,0.4345471414082709,0.4340474842233391,23
unseen_general,unseen_general__CSCSXX__pick_place_cube_1.18__ep000045__t0039,0.147934430213876,0.148280697193452,0.0923243711909421,1.5900105237960815,0.7080818499398781,0.7081857300337508,23
unseen_general,unseen_general__CSCSXX__pick_place_cube_1.18__ep000046__t0007,0.1376416312647855,0.1393070624441089,0.1339161469405264,1.12110435962677,0.5299090773123016,0.5304087066660986,23
unseen_general,unseen_general__CSCSXX__pick_place_cube_1.18__ep000047__t0031,0.1112529195009526,0.1114023097932673,0.1338237066839551,1.44056236743927,0.6497479348311803,0.6497927519188748,23
unseen_general,unseen_general__CSCSXX__pick_place_cube_1.18__ep000048__t0037,0.1861819238330224,0.1868936078462715,0.1274986069648366,1.6745251417160034,0.763914215925759,0.7641277211297338,23
unseen_general,unseen_general__CSCSXX__pick_place_cube_1.18__ep000049__t0021,0.1316414635382889,0.1311406266014055,0.1493501451178824,1.183364987373352,0.5576434775461923,0.5574932264651272,23
unseen_general,unseen_general__ZGGZZG__so100_drop0__ep000000__t0024,0.3783988705042117,0.3752820534076512,0.1082178411807422,0.8583391308784485,0.4893206658568656,0.4883856207278975,23
unseen_general,unseen_general__ZGGZZG__so100_drop0__ep000001__t0031,0.5163761408682498,0.5170961433783401,0.175034468737862,0.6410737633705139,0.4638526882300391,0.4640686889830662,23
unseen_general,unseen_general__ZGGZZG__so100_drop0__ep000002__t0002,0.0084859317391634,0.0084898172251635,0.0203464122707451,1.4546867609024048,0.5905244075639345,0.5905255732097345,23
unseen_general,unseen_general__ZGGZZG__so100_drop0__ep000003__t0034,0.0812080685803823,0.0811941789235355,0.0344377137458344,1.1418159008026123,0.49142009501891,0.4914159281218559,23
unseen_general,unseen_general__ZGGZZG__so100_drop0__ep000004__t0014,0.1094519047951359,0.1056872992424872,0.0722212384794533,1.2811144590377808,0.566947726597489,0.5658183449316945,23
unseen_general,unseen_general__ZGGZZG__so100_drop0__ep000005__t0028,0.1177219514694647,0.1178850702008627,0.0625613421280226,0.9049416184425354,0.4160616354562604,0.4161105710756798,23
unseen_general,unseen_general__ZGGZZG__so100_drop0__ep000006__t0047,0.1709071480473447,0.1725418404231334,0.071899607882519,0.9858112335205078,0.4671665201871622,0.4676569278998989,23
unseen_general,unseen_general__ZGGZZG__so100_drop0__ep000007__t0050,0.352246100724317,0.3585951971137139,0.1146298461268592,1.4896858930587769,0.7359371412788637,0.7378418701956827,23
unseen_general,unseen_general__ZGGZZG__so100_drop0__ep000008__t0021,0.1781311680090215,0.17389302235725,0.071837984876938,1.223354697227478,0.5643326247567791,0.5630611810612477,23
unseen_general,unseen_general__ZGGZZG__so100_drop0__ep000009__t0042,0.0580190110191765,0.0574314013841638,0.0578483342681297,0.9320290684700012,0.4075718309741923,0.4073955480836885,23
unseen_general,unseen_general__ZGGZZG__so100_drop0__ep000010__t0054,0.2456584139918634,0.2465753176597123,0.1290973843137756,0.856025755405426,0.4548370416538622,0.4551121127542168,23
unseen_general,unseen_general__ZGGZZG__so100_drop0__ep000011__t0003,0.0189250288421449,0.0189490112391133,0.0327812097390255,1.5363343954086304,0.6300456297378034,0.6300528244568939,23
unseen_general,unseen_general__ZGGZZG__so100_drop0__ep000012__t0012,0.0634276524433051,0.0615217737483021,0.0508561818831034,1.3084875345230105,0.5576801641071267,0.5571084004986259,23
unseen_general,unseen_general__ZGGZZG__so100_drop0__ep000013__t0018,0.0550486235615037,0.0530706979696811,0.0640015745992899,1.34483003616333,0.5736470739135702,0.5730536962360233,23
unseen_general,unseen_general__ZGGZZG__so100_drop0__ep000014__t0028,0.1468981223286871,0.145105609318852,0.0559699776985818,1.227630615234375,0.5519126761019307,0.5513749221989802,23
unseen_general,unseen_general__ZGGZZG__so100_drop0__ep000015__t0005,0.0086668990647265,0.0086703255244379,0.0279688842575432,1.4663084745407104,0.5975141248129651,0.5975151527508785,23
unseen_general,unseen_general__ZGGZZG__so100_drop0__ep000016__t0104,0.3962168391946781,0.4032535006420907,0.0999544077117197,1.3641000986099243,0.6944914135158891,0.6966024119501129,23
unseen_general,unseen_general__ZGGZZG__so100_drop0__ep000017__t0009,0.0137596560592426,0.0137413639694966,0.0401986057221513,1.5301414728164673,0.6282440676610053,0.6282385800340814,23
unseen_general,unseen_general__ZGGZZG__so100_drop0__ep000018__t0003,0.009265489229023,0.0092677734468771,0.0186748704669843,1.517988681793213,0.6155775806260875,0.6155782658914437,23
unseen_general,unseen_general__ZGGZZG__so100_drop0__ep000019__t0015,0.1725147086795752,0.1691885499911193,0.0833529699897361,1.2342965602874756,0.5704789277157837,0.5694810801092469,23
unseen_general,unseen_general__ZGGZZG__so100_drop0__ep000021__t0081,0.1497241971074984,0.149906625176202,0.0828314100785639,0.9689366817474364,0.4573413548547933,0.4573960832754044,23
unseen_general,unseen_general__ZGGZZG__so100_drop0__ep000022__t0024,0.1452584800100768,0.1439331636047118,0.0574277875014278,1.08848774433136,0.4962009779859954,0.4958033830643858,23
unseen_general,unseen_general__ZGGZZG__so100_drop0__ep000023__t0077,0.1652375304711107,0.1660001400288032,0.0966970852662235,0.7901732325553894,0.3946496777433561,0.3948784606106638,23
unseen_general,unseen_general__ZGGZZG__so100_drop0__ep000024__t0073,0.384634659102945,0.388484096655165,0.1366674261489601,1.501768946647644,0.7570982042346293,0.7582530355002952,23
unseen_general,unseen_general__ZGGZZG__so100_drop0__ep000025__t0015,0.036973394261441,0.0365753631874037,0.0447406919497397,1.472565531730652,0.6135404385556149,0.6134210292334038,23
unseen_general,unseen_general__ZGGZZG__so100_drop0__ep000026__t0050,0.253035262244322,0.2585624220970295,0.0850675247348659,1.0665165185928345,0.5280374435308901,0.5296955914867024,23
unseen_general,unseen_general__ZGGZZG__so100_drop0__ep000027__t0011,0.0166574506501841,0.0166586976493403,0.0310187335115406,1.4743579626083374,0.6040460402918524,0.6040464143915993,23
unseen_general,unseen_general__ZGGZZG__so100_drop0__ep000028__t0047,0.1170241899188299,0.1168999417586035,0.0416867334729605,1.318219542503357,0.5749010940188799,0.574863819570812,23
unseen_general,unseen_general__ZGGZZG__so100_drop0__ep000029__t0014,0.032048939779048,0.031625690557424,0.0315897008484743,1.441460132598877,0.5956756452278076,0.5955486704613203,23
unseen_general,unseen_general__ZGGZZG__so100_drop0__ep000030__t0004,0.0106092410081191,0.0106136062654259,0.0206721182833188,1.4858490228652954,0.6037240169335495,0.6037253265107416,23
unseen_general,unseen_general__ZGGZZG__so100_drop0__ep000031__t0077,0.4620165940028496,0.4636598575788382,0.0951856502532821,1.4882160425186155,0.7624470902842859,0.7629400693570825,23
unseen_general,unseen_general__ZGGZZG__so100_drop0__ep000032__t0002,0.0167346138779268,0.0167401722969885,0.0184405788473059,1.5013500452041626,0.6110925758992349,0.6110942434249534,23
unseen_cousin,unseen_cousin__aractingi__push_cube_offline_data__ep000000__t0001,0.1249189654172798,0.1254171475627186,0.0636957075101884,0.8914286494255066,0.4131558616484431,0.4133053162920748,28
unseen_cousin,unseen_cousin__aractingi__push_cube_offline_data__ep000001__t0024,0.0900354624781593,0.0900983389509548,0.0718611837554884,0.7704678177833557,0.3567561209834366,0.3567749839252753,28
unseen_cousin,unseen_cousin__aractingi__push_cube_offline_data__ep000002__t0006,0.232286014783875,0.2328995085095697,0.1102114894368477,0.9153762459754944,0.4688997496564145,0.469083797774123,28
unseen_cousin,unseen_cousin__aractingi__push_cube_offline_data__ep000003__t0002,0.2450725232555652,0.2460773311785088,0.0799161358816497,0.8958790898323059,0.4558482336740869,0.4561496760509699,28
unseen_cousin,unseen_cousin__aractingi__push_cube_offline_data__ep000004__t0016,0.1162654966890609,0.1167054597208681,0.094799621061804,0.6089940667152405,0.3069171620113557,0.3070491509208978,28
unseen_cousin,unseen_cousin__aractingi__push_cube_offline_data__ep000005__t0030,0.1334237517394506,0.1334888548742138,0.0727749679707916,0.8167833685874939,0.3885729633480702,0.3885924942884992,28
unseen_cousin,unseen_cousin__aractingi__push_cube_offline_data__ep000006__t0032,0.1626106353625313,0.1635155270091909,0.0832172254562407,0.8489466309547424,0.4133270106275286,0.4135984781215265,28
unseen_cousin,unseen_cousin__aractingi__push_cube_offline_data__ep000007__t0015,0.2231722467428695,0.2232031900772028,0.124470690077358,0.6560360789299011,0.3667073126180287,0.3667165956183287,28
unseen_cousin,unseen_cousin__aractingi__push_cube_offline_data__ep000008__t0012,0.115199664292642,0.1152055314345243,0.0798941985730705,0.6125485897064209,0.3035475947422821,0.3035493548848468,28
unseen_cousin,unseen_cousin__aractingi__push_cube_offline_data__ep000009__t0038,0.1993393689319746,0.2007571136987451,0.0897433638675616,0.7472876906394958,0.3856398960956592,0.3860652195256904,28
unseen_cousin,unseen_cousin__aractingi__push_cube_offline_data__ep000010__t0030,0.1260457334686481,0.1256216002133684,0.0757159885142074,0.7488648295402527,0.3600744484109577,0.3599472084343738,28
unseen_cousin,unseen_cousin__aractingi__push_cube_offline_data__ep000011__t0045,0.0897408359585358,0.0897003663606039,0.0731680497717638,0.6751126646995544,0.3189177315989117,0.3189055907195321,28
unseen_cousin,unseen_cousin__aractingi__push_cube_offline_data__ep000012__t0018,0.0977745773199515,0.0981384969778106,0.059861109084604,0.4870003461837768,0.2420908443948774,0.2422000202922351,28
unseen_cousin,unseen_cousin__aractingi__push_cube_offline_data__ep000013__t0013,0.1461997901621963,0.1461571405978284,0.0600508495882935,0.9430530667304992,0.4390964186173466,0.4390836237480363,28
unseen_cousin,unseen_cousin__aractingi__push_cube_offline_data__ep000014__t0016,0.1196496307816251,0.119679476563151,0.0740735485379213,0.6671379208564758,0.3249721221384543,0.324981075872912,28
unseen_cousin,unseen_cousin__aractingi__push_cube_offline_data__ep000015__t0004,0.2759608571861241,0.2769799214976868,0.1040157201737775,0.3989856541156769,0.2735872348542413,0.2738929541477101,28
unseen_cousin,unseen_cousin__aractingi__push_cube_offline_data__ep000016__t0018,0.1026387807171846,0.102627909920666,0.0745747107602986,0.5367147326469421,0.2678499405020219,0.2678466792630662,28
unseen_cousin,unseen_cousin__aractingi__push_cube_offline_data__ep000017__t0004,0.2458975884054834,0.2460519949169347,0.1299501080510042,1.0440436601638794,0.530371773002498,0.5304180949559335,28
unseen_cousin,unseen_cousin__aractingi__push_cube_offline_data__ep000018__t0006,0.2231188539693472,0.2250130331997989,0.0778070190723125,0.5284952521324158,0.3016758627654642,0.3022441165345997,28
unseen_cousin,unseen_cousin__aractingi__push_cube_offline_data__ep000019__t0079,0.0813525068994305,0.0811719403297879,0.0954841534335292,0.3693185746669769,0.2007784279666787,0.2007242579957859,28
unseen_cousin,unseen_cousin__aractingi__push_cube_offline_data__ep000020__t0064,0.1648148903547657,0.163368525331551,0.101548497487401,0.6787592768669128,0.3514127270994152,0.3509788175924507,28
unseen_cousin,unseen_cousin__aractingi__push_cube_offline_data__ep000021__t0008,0.1526409900066057,0.1539490644276437,0.1254526240198258,0.6227111220359802,0.3325125330223215,0.3329049553486329,28
unseen_cousin,unseen_cousin__aractingi__push_cube_offline_data__ep000022__t0022,0.0889491473484508,0.0889968030944607,0.0948189722015007,0.6211597323417664,0.303594328801692,0.303608625525495,28
unseen_cousin,unseen_cousin__aractingi__push_cube_offline_data__ep000023__t0051,0.2213101636453945,0.221195709818042,0.0984827570002295,0.7021808624267578,0.3768102211643903,0.3767758850161846,28
unseen_cousin,unseen_cousin__aractingi__push_cube_offline_data__ep000024__t0019,0.1200378039378205,0.1198581609377177,0.0714468781878432,0.786919355392456,0.3722131467946816,0.3721592538946507,28
unseen_cousin,unseen_cousin__aractingi__push_cube_offline_data__ep000025__t0004,0.1042157658781667,0.1045090619739038,0.0833277937695381,0.7111338973045349,0.3407166268161254,0.3408046156448465,28
unseen_cousin,unseen_cousin__aractingi__push_cube_offline_data__ep000026__t0004,0.3943473058961014,0.3945930071272934,0.1053796163193196,0.736290454864502,0.4444342586104272,0.4445079689797847,28
unseen_cousin,unseen_cousin__aractingi__push_cube_offline_data__ep000027__t0006,0.1331247263390053,0.1332821079209676,0.0753941913910802,0.6154158711433411,0.3087220237763621,0.3087692382509508,28
unseen_cousin,unseen_cousin__aractingi__push_cube_offline_data__ep000028__t0011,0.1718675543351541,0.171859634877813,0.1176615018472149,0.7295328974723816,0.3786718758436633,0.378669500006461,28
unseen_cousin,unseen_cousin__aractingi__push_cube_offline_data__ep000029__t0002,0.1961278232255536,0.1954789811257054,0.0981785238969693,0.8658499717712402,0.434631892845253,0.4344372402152985,28
unseen_cousin,unseen_cousin__frk2__so100large__ep000000__t0043,0.0756193688815142,0.0756764460019456,0.0561966367549086,1.0823662281036377,0.472491292932382,0.4725084160685114,28
unseen_cousin,unseen_cousin__frk2__so100large__ep000001__t0021,0.1124213167700398,0.1132234236422844,0.0637942104344387,1.2252604961395264,0.5429688566171541,0.5432094886788275,28
unseen_cousin,unseen_cousin__frk2__so100large__ep000002__t0030,0.3253451913731074,0.3276370446730281,0.0710182663609445,1.472108006477356,0.707752239911158,0.7084397959011342,28
unseen_cousin,unseen_cousin__frk2__so100large__ep000003__t0035,0.2163305577432665,0.2165497567281097,0.0833359844419076,1.0286550521850586,0.5013619835295757,0.5014277432250287,28
unseen_cousin,unseen_cousin__frk2__so100large__ep000004__t0006,0.1044843722227207,0.1045009841930755,0.1198276383231902,1.0628291368484497,0.4924252579031531,0.4924302414942596,28
unseen_cousin,unseen_cousin__frk2__so100large__ep000005__t0022,0.1736768920765359,0.1748403134919128,0.0772047619611986,1.3209679126739502,0.6036516612809004,0.6040006877055135,28
unseen_cousin,unseen_cousin__frk2__so100large__ep000006__t0027,0.3531332096417559,0.3532939009574847,0.0867178741146758,1.0287100076675415,0.5434393281939461,0.5434875355886648,28
unseen_cousin,unseen_cousin__frk2__so100large__ep000007__t0020,0.2417350987366401,0.2419114290399793,0.1015268912630973,1.140504240989685,0.5591802933957952,0.559233192486797,28
unseen_cousin,unseen_cousin__frk2__so100large__ep000008__t0039,0.2747926610800166,0.2756537783110274,0.0711969627263857,1.3537980318069458,0.6453160998646991,0.6455744350340024,28
unseen_cousin,unseen_cousin__frk2__so100large__ep000009__t0040,0.2305329947378196,0.2329907736929601,0.0592262172210668,1.344926834106445,0.6248984972302442,0.6256358309167863,28
unseen_cousin,unseen_cousin__frk2__so100large__ep000010__t0013,0.1078774491578013,0.1095885376605225,0.0566482547403918,1.1839101314544678,0.5229217637512451,0.5234350903020615,28
unseen_cousin,unseen_cousin__frk2__so100large__ep000011__t0035,0.0310508951028596,0.0310494417465244,0.0357226260635968,1.2783998250961304,0.5313919863883891,0.5313915503814886,28
unseen_cousin,unseen_cousin__frk2__so100large__ep000012__t0030,0.2096126676420593,0.2092359585841611,0.0497189129334143,1.4287785291671753,0.6493108858395122,0.6491978731221428,28
unseen_cousin,unseen_cousin__frk2__so100large__ep000013__t0028,0.2233484940689774,0.2226922098216168,0.057730780308895,1.4098291397094729,0.6482554381971508,0.6480585529229427,28
unseen_cousin,unseen_cousin__frk2__so100large__ep000014__t0033,0.3808214061611799,0.3832924720003289,0.0816689012924657,1.4138025045394895,0.7042680940518896,0.7050094138036342,28
unseen_cousin,unseen_cousin__frk2__so100large__ep000015__t0016,0.0828405270925945,0.0828280080240019,0.0857553560787153,0.9843150973320008,0.4443048038841933,0.4443010481636155,28
unseen_cousin,unseen_cousin__frk2__so100large__ep000016__t0003,0.0413102310812519,0.0413441457757512,0.0680089984658469,1.2249183654785156,0.5227631150555359,0.5227732894638857,28
unseen_cousin,unseen_cousin__frk2__so100large__ep000017__t0035,0.0963099081766091,0.095401243739383,0.0389348205304063,1.3305010795593262,0.5727738504358351,0.5725012511046672,28
unseen_cousin,unseen_cousin__frk2__so100large__ep000018__t0000,0.0593204253456546,0.059558483973692,0.046720200522209,1.2019444704055786,0.5125899759225906,0.5126613935110018,28
unseen_cousin,unseen_cousin__frk2__so100large__ep000019__t0005,0.0862111015329856,0.0862150638582043,0.076250476740347,0.9304683804512024,0.4209258256624808,0.4209270143600463,28
unseen_cousin,unseen_cousin__frk2__so100large__ep000020__t0025,0.0869429728416477,0.0866351767899235,0.0250864347286606,1.3741602897644043,0.5832729381768542,0.5831805993613369,28
unseen_cousin,unseen_cousin__frk2__so100large__ep000021__t0042,0.006846326992454,0.0068500462025437,0.0156567519066752,1.361011981964111,0.5511557164553833,0.5511568322184103,28
unseen_cousin,unseen_cousin__frk2__so100large__ep000022__t0040,0.0106085590655647,0.0106105303676887,0.0122796373974927,1.3628712892532349,0.5520149746402112,0.5520155660308484,28
unseen_cousin,unseen_cousin__frk2__so100large__ep000023__t0000,0.1275327005709193,0.129110671978721,0.0511963138169782,1.2940001487731934,0.5712187638256466,0.5716921552479871,28
unseen_cousin,unseen_cousin__frk2__so100large__ep000024__t0039,0.0094317471560383,0.0094322085398392,0.0029978631501585,1.3739370107650757,0.5533036873978894,0.5533038258130297,28
unseen_cousin,unseen_cousin__frk2__so100large__ep000025__t0031,0.2835916121739873,0.2842673092609323,0.0533261104419829,1.234540343284607,0.5948914540986339,0.5950941632247174,28
unseen_cousin,unseen_cousin__frk2__so100large__ep000026__t0021,0.1361059016865345,0.1374593025443105,0.0799140302787155,1.3938661813735962,0.6223524521390135,0.6227584723963463,28
unseen_cousin,unseen_cousin__frk2__so100large__ep000027__t0015,0.1245120904804431,0.1254971908216556,0.0759886197688555,1.0743677616119385,0.489897317719565,0.4901928478219287,28
unseen_cousin,unseen_cousin__frk2__so100large__ep000028__t0020,0.2525691521101064,0.2535778069104504,0.1183452328770563,1.4372477531433103,0.6861734167534731,0.6864760131935763,28
unseen_cousin,unseen_cousin__frk2__so100large__ep000029__t0004,0.1116520651723979,0.112243615478473,0.0736253347087818,0.9130632281303406,0.4208085112164902,0.4209859763083127,28
unseen_cousin,unseen_cousin__frk2__so100large__ep000030__t0012,0.1163473823761624,0.1160899307558167,0.0620252795184698,1.036730170249939,0.4682038666683653,0.4681266311822616,28
unseen_cousin,unseen_cousin__frk2__so100large__ep000031__t0036,0.0959422634992714,0.0957898772452121,0.0446301672968718,1.44268000125885,0.619243729742383,0.6191980138661652,28
unseen_cousin,unseen_cousin__frk2__so100large__ep000032__t0014,0.1048005592048935,0.1038198160889657,0.0812759997976485,0.9924244284629822,0.4527927390859555,0.4524985161511772,28
unseen_cousin,unseen_cousin__frk2__so100large__ep000033__t0015,0.2276821925185654,0.2288220472639466,0.0572179501236245,1.1652950048446655,0.5515880447305233,0.5519300011541376,28
unseen_cousin,unseen_cousin__frk2__so100large__ep000034__t0009,0.0405967877318749,0.040652219655324,0.0559357766862343,1.590798020362854,0.6652789774705744,0.6652956070476091,28
unseen_cousin,unseen_cousin__frk2__so100large__ep000035__t0034,0.1196932179990234,0.1204257400710684,0.043160170295367,0.9485434889793396,0.428273412080053,0.4284931687016665,28
unseen_cousin,unseen_cousin__frk2__so100large__ep000036__t0028,0.2500901163473638,0.2508076765387975,0.1096044770419617,1.1896296739578247,0.5837602475999275,0.5839755156573577,28
unseen_cousin,unseen_cousin__frk2__so100large__ep000037__t0005,0.1412621130695499,0.1412794729731623,0.0530931832603546,1.5974936485290527,0.6973040483105925,0.6973092562816762,28
unseen_cousin,unseen_cousin__frk2__so100large__ep000038__t0005,0.1064764151698375,0.1065392451233053,0.0502834611320959,1.1219511032104492,0.4958084041747597,0.4958272531608001,28
unseen_cousin,unseen_cousin__frk2__so100large__ep000039__t0020,0.016278958373437,0.0162311311958567,0.0567901908595612,1.4901493787765503,0.6179804962805197,0.6179661481272456,28
unseen_cousin,unseen_cousin__frk2__so100large__ep000040__t0032,0.1245461660148322,0.1248932169502061,0.0606187169585547,1.6049318313598633,0.6975221974359614,0.6976263127165736,28
unseen_cousin,unseen_cousin__frk2__so100large__ep000041__t0031,0.1800195106675542,0.180727563679072,0.0666873651796262,1.2774509191513062,0.5849924304146766,0.585204846318132,28
unseen_cousin,unseen_cousin__frk2__so100large__ep000042__t0006,0.1768255942667083,0.1771609213601794,0.0859963654801592,1.2566567659378052,0.5815092942991824,0.5816098924272237,28
unseen_cousin,unseen_cousin__frk2__so100large__ep000043__t0019,0.0651321472754938,0.0645333883433861,0.0712429281527982,1.0599651336669922,0.4648985760952845,0.4647189484156522,28
unseen_cousin,unseen_cousin__frk2__so100large__ep000044__t0035,0.0885504629906867,0.0880342834842626,0.0350257286227662,1.4789878129959106,0.6286679826824002,0.628513128830473,28
unseen_cousin,unseen_cousin__frk2__so100large__ep000045__t0018,0.0921109055361655,0.0938126792146663,0.0557724290074069,1.1993943452835083,0.5241227384764751,0.5246332705800253,28
unseen_cousin,unseen_cousin__frk2__so100large__ep000046__t0007,0.0377039450983194,0.0377829978905697,0.0315193364860206,1.1491745710372925,0.480436812890219,0.4804605287278941,28
unseen_cousin,unseen_cousin__frk2__so100large__ep000047__t0035,0.0083220648465765,0.0083212266043419,0.0040822255705159,1.3213540315628052,0.5322628997502499,0.5322626482775795,28
unseen_cousin,unseen_cousin__frk2__so100large__ep000048__t0021,0.0327223903857315,0.0328639076454845,0.0762334451128302,1.5800896883010864,0.6647226259700031,0.664765081147929,28
unseen_cousin,unseen_cousin__frk2__so100large__ep000049__t0034,0.1533948859680028,0.1540948341226482,0.0857315063317024,0.7161521911621094,0.3581987941547553,0.3584087786011489,28
unseen_general,unseen_general__CSCSXX__pick_place_cube_1.18__ep000000__t0006,0.1746615534684842,0.1741607344499685,0.1240929665123391,0.7917356491088867,0.4063206156378017,0.406170369932247,28
unseen_general,unseen_general__CSCSXX__pick_place_cube_1.18__ep000001__t0038,0.1368075882033686,0.1371414962532082,0.1319231345992016,1.3399162292480469,0.6165857085399898,0.6166858809549417,28
unseen_general,unseen_general__CSCSXX__pick_place_cube_1.18__ep000002__t0035,0.1812105100189514,0.1812855085137572,0.1398675728854649,1.1739988327026367,0.5659229579523797,0.5659454575008214,28
unseen_general,unseen_general__CSCSXX__pick_place_cube_1.18__ep000003__t0037,0.0859423695860599,0.0861241765414227,0.1097780147185594,1.25191068649292,0.5594803898885539,0.5595349319751627,28
unseen_general,unseen_general__CSCSXX__pick_place_cube_1.18__ep000004__t0018,0.1143285518136416,0.1136520448916286,0.1526947417217872,1.0708000659942627,0.5084270144583338,0.5082240623817298,28
unseen_general,unseen_general__CSCSXX__pick_place_cube_1.18__ep000005__t0028,0.2230897167289091,0.2216038658708717,0.1199614255373943,0.8758624196052551,0.4532603105219931,0.4528145552645818,28
unseen_general,unseen_general__CSCSXX__pick_place_cube_1.18__ep000006__t0005,0.2326246572787097,0.2331019711962743,0.0711887207091729,1.4711273908615112,0.6795949697409693,0.6797381639162388,28
unseen_general,unseen_general__CSCSXX__pick_place_cube_1.18__ep000007__t0038,0.1128037361745232,0.1128565202108218,0.0898312975085205,1.450034260749817,0.6408042144048399,0.6408200496157296,28
unseen_general,unseen_general__CSCSXX__pick_place_cube_1.18__ep000008__t0024,0.1516408985414666,0.1511645516615727,0.0986085720783839,0.8817543983459473,0.4277766005243341,0.4276336964603659,28
unseen_general,unseen_general__CSCSXX__pick_place_cube_1.18__ep000009__t0020,0.1473706744590843,0.1464033718593217,0.117110521261929,0.9766033291816713,0.4699856903889724,0.4696954996090436,28
unseen_general,unseen_general__CSCSXX__pick_place_cube_1.18__ep000010__t0036,0.198608547871869,0.1982248770222072,0.1462352238090402,1.380198359489441,0.6555324753000491,0.6554173740451507,28
unseen_general,unseen_general__CSCSXX__pick_place_cube_1.18__ep000011__t0015,0.0933463461257774,0.0939851713465863,0.0746932192961949,0.7687940001487732,0.357929469686101,0.3581211172523437,28
unseen_general,unseen_general__CSCSXX__pick_place_cube_1.18__ep000012__t0018,0.1109654985740247,0.109449385930101,0.1207240928344307,0.5714388489723206,0.2980824170114649,0.2976275832182877,28
unseen_general,unseen_general__CSCSXX__pick_place_cube_1.18__ep000013__t0011,0.1810077914070689,0.1821786224971936,0.0955354321445607,1.1223764419555664,0.5319135438477155,0.532264793174753,28
unseen_general,unseen_general__CSCSXX__pick_place_cube_1.18__ep000014__t0012,0.2449038302496088,0.2463888691048931,0.1181982401766669,1.143604397773743,0.5663723802373798,0.566817891893965,28
unseen_general,unseen_general__CSCSXX__pick_place_cube_1.18__ep000015__t0011,0.1528768204252238,0.1533211399739205,0.135182977813398,1.047438621520996,0.505393388079985,0.505526683944594,28
unseen_general,unseen_general__CSCSXX__pick_place_cube_1.18__ep000016__t0002,0.1482224768685967,0.1494420104900776,0.1333770765655482,1.3229892253875732,0.6136755561852728,0.614041416271717,28
unseen_general,unseen_general__CSCSXX__pick_place_cube_1.18__ep000017__t0039,0.110525185834241,0.1100937082042018,0.109255212775027,1.2981888055801392,0.585209641814836,0.5850801985258243,28
unseen_general,unseen_general__CSCSXX__pick_place_cube_1.18__ep000018__t0042,0.1684581213765692,0.1693489879419386,0.1138742982097887,1.452160358428955,0.6655638692474894,0.6658311292171003,28
unseen_general,unseen_general__CSCSXX__pick_place_cube_1.18__ep000019__t0016,0.1657564076558285,0.1660952243946171,0.1639115500328799,0.8784782886505127,0.4502917027668176,0.4503933477884542,28
unseen_general,unseen_general__CSCSXX__pick_place_cube_1.18__ep000020__t0060,0.1830378425118368,0.1832064431536779,0.1549271733870578,1.5623966455459597,0.7263481629880523,0.7263987431806046,28
unseen_general,unseen_general__CSCSXX__pick_place_cube_1.18__ep000021__t0004,0.1828389121269007,0.1827483044559891,0.087953185290623,1.0180152654647827,0.4884437354111702,0.4884165531098967,28
unseen_general,unseen_general__CSCSXX__pick_place_cube_1.18__ep000022__t0005,0.1758652730185436,0.1763210170539206,0.1174531862983077,1.224763035774231,0.5779007521047478,0.578037475315361,28
unseen_general,unseen_general__CSCSXX__pick_place_cube_1.18__ep000023__t0016,0.1220091057115237,0.1228437749067037,0.0872799743809642,0.8052000999450684,0.3848667640057737,0.3851171647643278,28
unseen_general,unseen_general__CSCSXX__pick_place_cube_1.18__ep000024__t0019,0.0733211866589598,0.0733289436723155,0.1498392883666542,0.634246289730072,0.320646658399713,0.3206489855037198,28
unseen_general,unseen_general__CSCSXX__pick_place_cube_1.18__ep000025__t0004,0.1564997342600311,0.1574825509399593,0.1080881982376211,1.1271827220916748,0.5302494685859656,0.5305443135899441,28
unseen_general,unseen_general__CSCSXX__pick_place_cube_1.18__ep000026__t0053,0.1497574672050933,0.1498839307243833,0.1185276104123472,1.2919143438339231,0.5972512608188015,0.5972891998745885,28
unseen_general,unseen_general__CSCSXX__pick_place_cube_1.18__ep000027__t0010,0.1297794558255897,0.1300945399010686,0.0770958296229229,1.5157891511917114,0.6683782461112384,0.668472771333882,28
unseen_general,unseen_general__CSCSXX__pick_place_cube_1.18__ep000028__t0057,0.1556913992408639,0.1560554664857987,0.1457067818649909,1.332672119140625,0.6234883019880065,0.623597522161487,28
unseen_general,unseen_general__CSCSXX__pick_place_cube_1.18__ep000029__t0050,0.1377308738147016,0.1378095890608841,0.1277587066293365,1.3912900686264038,0.636162901583773,0.6361865161576277,28
unseen_general,unseen_general__CSCSXX__pick_place_cube_1.18__ep000030__t0045,0.0995564417726864,0.099801639112111,0.0998731283121453,1.4430088996887207,0.6370324309009379,0.6371059901027653,28
unseen_general,unseen_general__CSCSXX__pick_place_cube_1.18__ep000031__t0033,0.1871388076317105,0.1873138418386859,0.1461256991138886,0.7020384669303894,0.3807947387958355,0.3808472490579281,28
unseen_general,unseen_general__CSCSXX__pick_place_cube_1.18__ep000032__t0017,0.1581903849693088,0.1564885411218736,0.1261296751067886,0.8816452622413635,0.4379541229193746,0.4374435697651441,28
unseen_general,unseen_general__CSCSXX__pick_place_cube_1.18__ep000033__t0033,0.1997986961669983,0.1995131780520401,0.1161874904516493,1.2183119058609009,0.5821206183299547,0.5820349628954673,28
unseen_general,unseen_general__CSCSXX__pick_place_cube_1.18__ep000034__t0015,0.1759112858493393,0.1764958579947418,0.1236552192957717,1.055994987487793,0.5122679465386505,0.5124433181822713,28
unseen_general,unseen_general__CSCSXX__pick_place_cube_1.18__ep000035__t0013,0.2134203298668004,0.2139991286481196,0.1702309136603138,1.1148722171783447,0.5610442599294723,0.5612178995638679,28
unseen_general,unseen_general__CSCSXX__pick_place_cube_1.18__ep000036__t0037,0.195900616772225,0.1955585636657897,0.0920783116933402,1.4142932891845703,0.6521109942134977,0.6520083782815671,28
unseen_general,unseen_general__CSCSXX__pick_place_cube_1.18__ep000037__t0026,0.1115664656055062,0.1111768181571952,0.1267377098737002,1.0668226480484009,0.4982203118631223,0.498103417628629,28
unseen_general,unseen_general__CSCSXX__pick_place_cube_1.18__ep000038__t0037,0.0951346221370742,0.0955078164011313,0.1070531915742567,1.0397464036941528,0.4765549055910604,0.4766668638702775,28
unseen_general,unseen_general__CSCSXX__pick_place_cube_1.18__ep000039__t0017,0.0839176281418138,0.083750154007519,0.1044622390043321,0.9578291773796082,0.4396456310956871,0.4395953888553986,28
unseen_general,unseen_general__CSCSXX__pick_place_cube_1.18__ep000040__t0028,0.1961224585664418,0.1962566358666526,0.1055003273953005,0.7877666354179382,0.405593489955698,0.4056337431457613,28
unseen_general,unseen_general__CSCSXX__pick_place_cube_1.18__ep000041__t0031,0.1992731817636572,0.1990293141825043,0.1372626835553372,1.0981489419937134,0.5402203363931837,0.5401471761188379,28
unseen_general,unseen_general__CSCSXX__pick_place_cube_1.18__ep000042__t0045,0.1908802461716782,0.1907411742883454,0.1453091242716753,1.1220532655715942,0.5496781173616437,0.5496363957966439,28
unseen_general,unseen_general__CSCSXX__pick_place_cube_1.18__ep000043__t0005,0.2329689381345313,0.2340142950074314,0.080529083356525,1.286535143852234,0.6086634639882106,0.6089770710500806,28
unseen_general,unseen_general__CSCSXX__pick_place_cube_1.18__ep000044__t0020,0.1904743094685206,0.1887777810138252,0.0957795822506279,0.8710691332817078,0.4343038208284276,0.4337948622920191,28
unseen_general,unseen_general__CSCSXX__pick_place_cube_1.18__ep000045__t0039,0.1483624136283147,0.1487061372208968,0.0935114431778854,1.5878299474716189,0.7076941360305076,0.7077972531082821,28
unseen_general,unseen_general__CSCSXX__pick_place_cube_1.18__ep000046__t0007,0.1376038807638178,0.1392604955605404,0.1353940141395559,1.1228406429290771,0.531035625642643,0.5315326100816598,28
unseen_general,unseen_general__CSCSXX__pick_place_cube_1.18__ep000047__t0031,0.1168484821945918,0.1170084848349244,0.1348689513185871,1.435275673866272,0.6496254996004625,0.6496735003925622,28
unseen_general,unseen_general__CSCSXX__pick_place_cube_1.18__ep000048__t0037,0.1864790162108238,0.1872105986025281,0.1253815022072698,1.6734296083450315,0.7629299988634408,0.7631494735809521,28
unseen_general,unseen_general__CSCSXX__pick_place_cube_1.18__ep000049__t0021,0.1288492037148233,0.1283657440871819,0.1467290715644315,1.1895142793655396,0.5584791943299923,0.5583341564416998,28
unseen_general,unseen_general__ZGGZZG__so100_drop0__ep000000__t0024,0.3844433556187405,0.381257059529443,0.1060315061886345,0.8577651381492615,0.4902485138019171,0.4892926249751279,28
unseen_general,unseen_general__ZGGZZG__so100_drop0__ep000001__t0031,0.5227749197114047,0.523433201309992,0.1780025968976192,0.6449298858642578,0.4682052093284102,0.4684026938079865,28
unseen_general,unseen_general__ZGGZZG__so100_drop0__ep000002__t0002,0.0157569681063686,0.0157595132865587,0.019261751457151,1.456713318824768,0.593190943398963,0.5931917069530201,28
unseen_general,unseen_general__ZGGZZG__so100_drop0__ep000003__t0034,0.0843078816501819,0.0842790732370249,0.0357766233509307,1.1404988765716553,0.4922249021289959,0.4922162596050489,28
unseen_general,unseen_general__ZGGZZG__so100_drop0__ep000004__t0014,0.1074517442363712,0.1038180681803112,0.0744342405335216,1.2787951231002808,0.5660838446710802,0.5649937418542622,28
unseen_general,unseen_general__ZGGZZG__so100_drop0__ep000005__t0028,0.1193258846656579,0.1195520167104519,0.0639749490215421,0.9020500183105468,0.4158102574303788,0.4158780970438169,28
unseen_general,unseen_general__ZGGZZG__so100_drop0__ep000006__t0047,0.1764326854430336,0.1781491010870002,0.0742868066748128,0.9876157641410828,0.470262153291787,0.470777077984977,28
unseen_general,unseen_general__ZGGZZG__so100_drop0__ep000007__t0050,0.358724535809204,0.3650638223037452,0.1162290248079611,1.488240361213684,0.7377822126706232,0.7396839986189856,28
unseen_general,unseen_general__ZGGZZG__so100_drop0__ep000008__t0021,0.1794126054089767,0.1751335137929148,0.0719243418781264,1.2244619131088257,0.5651858494296613,0.5639021219448427,28
unseen_general,unseen_general__ZGGZZG__so100_drop0__ep000009__t0042,0.0605071671101202,0.0599366614180681,0.0593076637160094,0.92991703748703,0.4079112642426509,0.4077401125350353,28
unseen_general,unseen_general__ZGGZZG__so100_drop0__ep000010__t0054,0.2485900672220809,0.2495572222213603,0.1303007963790274,0.8585407137870789,0.4570835445951641,0.4573736910949478,28
unseen_general,unseen_general__ZGGZZG__so100_drop0__ep000011__t0003,0.0301159852959231,0.0301517914447996,0.0319399433251397,1.5357799530029297,0.6329287597874907,0.6329395016321537,28
unseen_general,unseen_general__ZGGZZG__so100_drop0__ep000012__t0012,0.0633037737616839,0.0614308669880478,0.0518426790918297,1.310075283050537,0.558574049076269,0.5580121770441782,28
unseen_general,unseen_general__ZGGZZG__so100_drop0__ep000013__t0018,0.0633235870604075,0.0612979134958361,0.0651066925399944,1.3478502035140991,0.5776691652857602,0.5770614632163888,28
unseen_general,unseen_general__ZGGZZG__so100_drop0__ep000014__t0028,0.1523500738164059,0.1505715527229141,0.0554669552699234,1.222867727279663,0.5514921996377641,0.5509586433097166,28
unseen_general,unseen_general__ZGGZZG__so100_drop0__ep000015__t0005,0.0092519176018161,0.0092560784255932,0.0256310176889655,1.4640154838562012,0.5960710741297149,0.5960723223768482,28
unseen_general,unseen_general__ZGGZZG__so100_drop0__ep000016__t0104,0.3795361949917071,0.3865055094150476,0.0980775895273591,1.3623794317245483,0.6882359080455391,0.6903267023725413,28
unseen_general,unseen_general__ZGGZZG__so100_drop0__ep000017__t0009,0.0154229621048675,0.0154046711280555,0.0403056736968481,1.5373207330703735,0.6316468839686642,0.6316413966756206,28
unseen_general,unseen_general__ZGGZZG__so100_drop0__ep000018__t0003,0.0142133580061957,0.0142181785043252,0.019304198582329,1.5173519849777222,0.6169960609676464,0.6169975071170852,28
unseen_general,unseen_general__ZGGZZG__so100_drop0__ep000019__t0015,0.1765667509634703,0.1734079349976484,0.0859531132506398,1.2395180463790894,0.5745631778158689,0.5736155330261222,28
unseen_general,unseen_general__ZGGZZG__so100_drop0__ep000021__t0081,0.1529519576343486,0.1531601754193847,0.0866236322011392,0.9719254970550536,0.4606428757726679,0.4607053411081787,28
unseen_general,unseen_general__ZGGZZG__so100_drop0__ep000022__t0024,0.1436196457684407,0.1423516093969989,0.0556257392614196,1.0923179388046265,0.4967007910308087,0.4963203801193762,28
unseen_general,unseen_general__ZGGZZG__so100_drop0__ep000023__t0077,0.1678628107696734,0.1686582070582311,0.0949556884852056,0.790391743183136,0.3950022470497181,0.3952408659362854,28
unseen_general,unseen_general__ZGGZZG__so100_drop0__ep000024__t0073,0.3833568765391164,0.3870004716957136,0.1355565763465779,1.5014610290527344,0.756258447486802,0.7573515260337812,28
unseen_general,unseen_general__ZGGZZG__so100_drop0__ep000025__t0015,0.0390436708781419,0.0386330546501285,0.0435785873612465,1.47274911403656,0.6138863230864405,0.6137631382180365,28
unseen_general,unseen_general__ZGGZZG__so100_drop0__ep000026__t0050,0.2491878649096008,0.2546829791849281,0.0811254549810678,1.0699853897094729,0.5270881518509897,0.5287366861335878,28
unseen_general,unseen_general__ZGGZZG__so100_drop0__ep000027__t0011,0.0129705851589035,0.0129736663666248,0.0316330811653075,1.4729838371276855,0.6025746347483376,0.602575559110654,28
unseen_general,unseen_general__ZGGZZG__so100_drop0__ep000028__t0047,0.1011533912026664,0.1010324191910239,0.0411663181434182,1.3146486282348633,0.5685553640977707,0.5685190724942779,28
unseen_general,unseen_general__ZGGZZG__so100_drop0__ep000029__t0014,0.0321479417075442,0.0317678220966237,0.032492962498089,1.442109227180481,0.5962359621338824,0.5961219262506063,28
unseen_general,unseen_general__ZGGZZG__so100_drop0__ep000030__t0004,0.0109659364638719,0.0109706498598581,0.0218910432754743,1.488136887550354,0.6051118489419455,0.6051132629607413,28
unseen_general,unseen_general__ZGGZZG__so100_drop0__ep000031__t0077,0.4481238304316567,0.4497281921062928,0.0961968736417157,1.4897137880325315,0.7591817264350245,0.7596630349374153,28
unseen_general,unseen_general__ZGGZZG__so100_drop0__ep000032__t0002,0.0126143877433842,0.0126180762884848,0.0167875924499872,1.4997025728225708,0.6087016231870398,0.6087027297505699,28
