dataset,episode_index,depth_p5,depth_p50,depth_p95,pitch_deg,plane_inlier,pitch_deg_fov50,plane_inlier_fov50,pitch_deg_fov70,plane_inlier_fov70
00ri/so100_battery,0,1.6061881959438324,1.7827928066253662,1.9520249485969543,13.80869605075955,0.4729662698412698,14.49066866948506,0.4959077380952381,7.6641105931346445,0.47953869047619047
00ri/so100_battery,2,1.3896340787410737,1.6103577613830566,2.0164254665374757,23.685986539825137,0.39248511904761907,21.95944900414191,0.4095982142857143,16.16225026244253,0.39099702380952384
00ri/so100_battery,4,1.9988371789455415,2.271652579307556,2.7651654481887817,20.850885072471815,0.4914434523809524,24.640574245584403,0.5126488095238095,17.070089214292057,0.4992559523809524
00ri/so100_battery,6,1.5189022719860077,1.7372257113456726,2.019155514240265,18.36510622981255,0.4021577380952381,17.27358026106122,0.41703869047619047,14.673976707132335,0.40649801587301587
00ri/so100_battery,8,1.590570855140686,1.8137980103492737,2.180539894104004,17.19275069379882,0.5818452380952381,22.60525343386606,0.5911458333333334,16.843238352636945,0.583953373015873
00ri/so100_battery,10,1.547450315952301,1.6922224164009094,1.9059203207492827,10.645068248389547,0.5187251984126984,14.181347343925438,0.535094246031746,8.95716791624042,0.5239335317460317
00ri/so100_battery,12,1.3293453097343444,1.575373113155365,2.079770410060883,25.792752668859674,0.46118551587301587,29.194877165433557,0.47259424603174605,21.135782156727764,0.43898809523809523
00ri/so100_battery,14,1.388848340511322,1.7098014950752258,2.127556085586548,26.554665184698663,0.49330357142857145,34.257528219980635,0.5022321428571429,22.488516178806453,0.4632936507936508
00ri/so100_battery,17,1.5651092767715453,1.7672744989395142,2.0135369777679446,16.100177303648003,0.517609126984127,19.322403442927904,0.5250496031746031,12.953265304616533,0.5107886904761905
00ri/so100_battery,19,2.0501882553100588,2.2052441835403442,2.387056851387024,17.49418756012124,0.6159474206349206,21.829300570959486,0.6262400793650794,15.038444430348658,0.6139632936507936
00ri/so100_battery,21,1.5767236590385436,1.7403495907783508,1.938285720348358,9.813537215650431,0.7116815476190477,11.659016345267181,0.7192460317460317,7.652245400460596,0.7020089285714286
00ri/so100_battery,23,1.5093906462192535,1.6596238613128662,1.940665179491043,16.133147943731224,0.5455109126984127,18.10178883568197,0.5379464285714286,13.332044501947395,0.5414186507936508
00ri/so100_battery,25,1.3006148099899293,1.4754592180252075,1.808002579212189,25.45028267825917,0.4384920634920635,30.54869131204274,0.46242559523809523,20.378477899687265,0.4489087301587302
00ri/so100_battery,27,2.0758657336235045,2.378911018371582,2.840124547481537,22.444386720127266,0.572296626984127,27.63785622967212,0.5864335317460317,19.442912984480813,0.5675843253968254
00ri/so100_battery,29,1.8643267452716827,2.2210869789123535,2.7932873487472536,32.94011524777307,0.5189732142857143,38.028777764814016,0.5354662698412699,28.152180995077984,0.4962797619047619
00ri/so100_battery,31,1.7366281747817993,2.108248710632324,2.4821111798286437,20.10379686548007,0.3976934523809524,30.42092898866542,0.4181547619047619,16.854973418165486,0.39558531746031744
00ri/so100_battery,34,1.6031611919403077,1.8787012696266174,2.30080851316452,22.736519005665375,0.47445436507936506,25.923610659198793,0.49193948412698413,19.969264001405854,0.4681299603174603
00ri/so100_battery,36,1.817207497358322,2.1790355443954468,2.6121670842170714,26.90627028525324,0.46478174603174605,30.029351743750443,0.4905753968253968,21.26444327731524,0.4623015873015873
00ri/so100_battery,38,1.6113114535808564,1.9020716547966003,2.363466572761536,22.843207531355276,0.5026041666666666,29.490604856398882,0.5063244047619048,18.82331157421397,0.4964037698412698
00ri/so100_battery,40,1.6187472701072694,1.7561057806015015,2.0666155219078064,20.18307249682713,0.6062748015873016,23.506927330921474,0.5679563492063492,16.896183579626292,0.5797371031746031
00ri/so100_battery,42,1.7363371968269348,1.9511293172836304,2.2367252707481384,14.306997680682654,0.5696924603174603,20.679474681366155,0.5319940476190477,11.280462078999847,0.5530753968253969
00ri/so100_battery,44,1.5400680243968963,1.7110987305641174,1.8882675290107727,14.606512276755327,0.5577876984126984,16.292986249648024,0.5438988095238095,12.668750605031615,0.5376984126984127
00ri/so100_battery,46,1.4734573543071747,1.6744857430458069,1.9508156716823577,16.249765406428317,0.5266617063492064,19.178163588068013,0.5447668650793651,12.224984331997726,0.5441468253968254
00ri/so100_battery,49,1.6949242889881133,1.91689532995224,2.0940521359443665,22.486016097096893,0.5138888888888888,27.661258258170342,0.5287698412698413,19.29474438385725,0.5050843253968254
00ri/so100_battery_bin_center,0,1.6175634503364562,1.74388188123703,1.9070345044136048,7.492581232223201,0.5860615079365079,9.893024494815265,0.5989583333333334,6.156191143055078,0.589781746031746
00ri/so100_battery_bin_center,2,1.3792397201061248,1.52486914396286,1.7099979639053347,13.26361279715417,0.4071180555555556,17.85774993193502,0.4010416666666667,11.80159669582308,0.3970734126984127
00ri/so100_battery_bin_center,4,1.3578667640686035,1.5503228902816772,1.8140532076358795,14.775056993695793,0.39099702380952384,16.664153699697273,0.39694940476190477,11.698326009027975,0.39632936507936506
00ri/so100_battery_bin_center,6,1.5680737376213074,1.7952345609664917,1.9752431631088256,12.08607168117477,0.4626736111111111,13.542682727529774,0.46416170634920634,9.592266235831923,0.4712301587301587
00ri/so100_battery_bin_center,8,1.4436682522296906,1.6586968302726746,1.8976315915584565,13.39121478615656,0.423859126984127,16.542114639211523,0.423859126984127,10.624064446134582,0.42038690476190477
00ri/so100_battery_bin_center,10,1.5760210156440735,1.8370911478996277,2.160110080242157,19.8111665346978,0.38231646825396826,21.48169656777744,0.3923611111111111,15.190191084859178,0.3742559523809524
00ri/so100_battery_bin_center,12,1.4109496653079987,1.6534271836280823,1.9710363507270814,20.141845630028556,0.4052579365079365,24.092782603568253,0.41617063492063494,16.901846312068123,0.40228174603174605
00ri/so100_battery_bin_center,14,1.7127729773521423,1.9602951407432556,2.2134511470794678,15.298604172959912,0.5443948412698413,18.502570004453123,0.5569196428571429,13.0595450881523,0.5285218253968254
00ri/so100_battery_bin_center,17,1.5132382035255432,1.711590826511383,1.9916435658931733,14.436139073716449,0.4011656746031746,19.02698582454314,0.4001736111111111,12.171680133529899,0.4097222222222222
00ri/so100_battery_bin_center,19,1.6389611184597015,1.8788731098175049,2.1946204900741577,18.342102538150865,0.49094742063492064,22.690252850206605,0.49268353174603174,15.282040888083502,0.46688988095238093
00ri/so100_battery_bin_center,21,1.6010150492191315,1.8175134658813477,2.1026161313056946,19.69760579515671,0.4212549603174603,23.527305454538197,0.4273313492063492,14.639978485354378,0.41865079365079366
00ri/so100_battery_bin_center,23,1.5380543172359467,1.7409440875053406,1.9932784914970398,14.642113235745615,0.4437003968253968,16.384870819182016,0.43787202380952384,11.39150023304078,0.4303075396825397
00ri/so100_battery_bin_center,25,1.4649208545684815,1.7146594524383545,2.035468649864197,14.761190715552575,0.3680555555555556,21.47131471577006,0.36061507936507936,12.345104323136969,0.3638392857142857
00ri/so100_battery_bin_center,27,1.686201560497284,1.956838607788086,2.3233272075653075,16.084197364647977,0.5778769841269841,22.21065200132795,0.5894097222222222,13.28360346924834,0.5647321428571429
00ri/so100_battery_bin_center,29,1.6187737464904786,1.8552332520484924,2.158833622932434,13.966348704289354,0.4537450396825397,16.220082356365445,0.4522569444444444,12.90384060838678,0.46130952380952384
00ri/so100_battery_bin_center,31,1.5666229546070098,1.8531568050384521,2.1820244908332826,16.484154116619536,0.5208333333333334,18.82499443569576,0.4946676587301587,14.863461727966964,0.49975198412698413
00ri/so100_battery_bin_center,34,1.4519346952438354,1.6680216789245605,1.9405059814453127,15.849156543371267,0.521453373015873,17.0944225981379,0.5355902777777778,12.142051897559487,0.5262896825396826
00ri/so100_battery_bin_center,36,1.56030113697052,1.743602216243744,2.0014046669006347,16.443847223713963,0.48251488095238093,26.265274306855563,0.4905753968253968,12.894279193239251,0.48400297619047616
00ri/so100_battery_bin_center,38,1.464930933713913,1.6984251737594604,1.9994004845619202,15.330554602155573,0.5181051587301587,19.807256534713854,0.5120287698412699,13.416539203791256,0.5070684523809523
00ri/so100_battery_bin_center,40,1.4063885450363158,1.6170096397399902,1.9214649319648744,17.84494953111765,0.5598958333333334,21.374335682925558,0.5778769841269841,12.909237819268796,0.5343501984126984
00ri/so100_battery_bin_center,42,1.6980392158031463,1.91019606590271,2.1614084362983705,16.212292495481556,0.4931795634920635,20.51688941740514,0.4945436507936508,13.497105861652269,0.49268353174603174
00ri/so100_battery_bin_center,44,1.549350416660309,1.7042909264564514,1.9786949872970583,15.406336748446645,0.5288938492063492,17.49381265692968,0.5398065476190477,12.14221426014826,0.5288938492063492
00ri/so100_battery_bin_center,46,1.3796365678310394,1.6082639694213867,1.8544228613376619,15.033231413137068,0.5158730158730159,16.588960930341205,0.5148809523809523,11.276218867104582,0.5143849206349206
00ri/so100_battery_bin_center,49,1.3761127829551696,1.571287751197815,1.932288807630539,19.940374509172926,0.4072420634920635,26.080373909062512,0.3984375,16.881477717420434,0.3975694444444444
356c/so100_duck_reposition_1,0,1.1573990106582641,1.35400390625,1.8320461571216584,14.643747870415014,0.5775049603174603,18.523016491493085,0.5823412698412699,12.62765359056392,0.5797371031746031
356c/so100_duck_reposition_1,2,1.138108593225479,1.289641261100769,1.7455398917198182,13.951214476064813,0.5848214285714286,17.709258361642547,0.5875496031746031,12.245771893366111,0.5798611111111112
356c/so100_duck_reposition_1,5,1.0703913688659668,1.2406486868858337,1.6082727372646333,11.831515207794611,0.5613839285714286,14.830795608381882,0.5675843253968254,10.26109351531176,0.5613839285714286
356c/so100_duck_reposition_1,7,1.048853725194931,1.1937023997306824,1.6189521431922913,11.309946430908997,0.49950396825396826,14.064549943220673,0.515625,8.634471149376303,0.4949156746031746
356c/so100_duck_reposition_1,10,1.087213271856308,1.2634500861167908,1.6451057434082033,13.122780580688554,0.5401785714285714,17.680843318304724,0.5339781746031746,11.141255231059125,0.5334821428571429
356c/so100_duck_reposition_1,12,1.4144456028938293,1.591703712940216,2.1607746958732603,12.786927191181572,0.5337301587301587,16.305142554309644,0.5435267857142857,10.54297695460711,0.5461309523809523
356c/so100_duck_reposition_1,15,1.292085999250412,1.439263105392456,1.9005289256572724,7.284753398376121,0.5198412698412699,8.570841024731196,0.5106646825396826,5.690096470850369,0.5070684523809523
356c/so100_duck_reposition_1,17,1.2316355168819428,1.3843729496002197,1.760455471277237,7.294335201547468,0.5674603174603174,9.42618991959216,0.5677083333333334,5.84167242384031,0.5731646825396826
356c/so100_duck_reposition_1,20,1.3252831518650054,1.5112032294273376,2.0381537675857544,18.429868148441198,0.6424851190476191,23.60686123873477,0.6543898809523809,14.68614549549149,0.6381448412698413
356c/so100_duck_reposition_1,23,1.2116879999637604,1.3503350615501404,1.746812105178833,8.162962311880927,0.5718005952380952,9.960222213168686,0.5679563492063492,6.722370298975406,0.5670882936507936
356c/so100_duck_reposition_1,25,1.180008214712143,1.3014443516731262,1.6712444305419922,3.755149814305938,0.5409226190476191,4.591925536537437,0.5389384920634921,3.260447247445029,0.5472470238095238
356c/so100_duck_reposition_1,28,1.4619669020175934,1.6482864022254944,2.1952948689460756,14.845411419694596,0.6468253968253969,19.19787469924754,0.658234126984127,13.180132623532828,0.6431051587301587
356c/so100_duck_reposition_1,30,1.2530003547668458,1.4446721076965332,1.8892248451709748,6.983002710527702,0.49714781746031744,7.4196563762835135,0.5114087301587301,4.8217017083807505,0.5151289682539683
356c/so100_duck_reposition_1,33,1.141441959142685,1.3252381086349487,1.7396085679531097,9.378276197913715,0.5174851190476191,11.512214431246774,0.5215773809523809,7.370729974411601,0.5169890873015873
356c/so100_duck_reposition_1,35,1.1408385336399078,1.3251678347587585,1.7893554329872132,10.573189266889445,0.550843253968254,13.567933434501462,0.5514632936507936,8.900089782563834,0.5493551587301587
356c/so100_duck_reposition_1,38,1.1753556370735168,1.3557223677635193,1.8502757906913758,12.629793565364,0.5556795634920635,14.682912228415129,0.5613839285714286,10.495294602810391,0.5561755952380952
356c/so100_duck_reposition_1,41,1.18993381857872,1.31979238986969,1.736355996131897,5.002923355038958,0.49404761904761907,5.862539260753109,0.5043402777777778,4.1135650229549015,0.49962797619047616
356c/so100_duck_reposition_1,43,1.193622785806656,1.3843144178390503,1.8062758684158327,12.509085036881011,0.5441468253968254,14.694023668966683,0.5651041666666666,9.97482254344954,0.5533234126984127
356c/so100_duck_reposition_1,46,1.1723025560379028,1.3031836152076721,1.7161346554756165,6.799821462653841,0.5367063492063492,9.985365025720474,0.5424107142857143,5.771154502709237,0.5431547619047619
356c/so100_duck_reposition_1,48,1.0976124346256255,1.275100290775299,1.7130417048931124,15.875220390942738,0.5844494047619048,19.095783186874446,0.5910218253968254,12.800390747190159,0.5782490079365079
356c/so100_duck_reposition_1,51,1.229260116815567,1.3928712010383606,1.822135400772095,11.099094987175024,0.5580357142857143,14.291552882238872,0.5649801587301587,9.119019142981989,0.5626240079365079
356c/so100_duck_reposition_1,53,1.3682506501674652,1.5266571044921875,2.0019985675811767,6.353046519859817,0.5364583333333334,8.276638794714646,0.5348462301587301,5.657002719643688,0.5303819444444444
356c/so100_duck_reposition_1,56,1.37140953540802,1.5236070156097412,2.005248236656189,11.162884987951244,0.5561755952380952,13.481601649233426,0.5592757936507936,9.58033115056225,0.5461309523809523
356c/so100_duck_reposition_1,59,1.4599870204925538,1.6810383796691895,2.328042817115784,16.012163595653295,0.6417410714285714,19.18716433034034,0.6489335317460317,13.030646931926642,0.6295882936507936
356c/so100_nut_sort_1,0,1.3683845102787018,1.6043792963027954,2.0234336614608766,11.338868770864197,0.558531746031746,14.130461904567623,0.5637400793650794,9.250238650252696,0.560515873015873
356c/so100_nut_sort_1,2,1.0554138541221618,1.2223339080810547,1.66596776843071,8.783376437246332,0.48648313492063494,11.325051491455431,0.4820188492063492,7.5569168818377515,0.46912202380952384
356c/so100_nut_sort_1,5,1.3201493322849274,1.5138645768165588,1.9570671319961548,12.403335762391938,0.6070188492063492,15.657936330905954,0.6116071428571429,10.44946853996862,0.6016865079365079
356c/so100_nut_sort_1,7,1.276790726184845,1.4325059652328491,1.8047125220298768,5.95430405582473,0.5434027777777778,7.126482891788308,0.5455109126984127,4.96704102817869,0.5512152777777778
356c/so100_nut_sort_1,10,1.3627045035362244,1.5919148325920105,2.0548192501068114,15.967582355653773,0.6617063492063492,19.176219476027512,0.6612103174603174,13.193291493379988,0.6587301587301587
356c/so100_nut_sort_1,12,1.4850988507270813,1.6215458512306213,2.0000551342964172,7.445581077334317,0.6412450396825397,9.611389104871742,0.6374007936507936,6.618350637503712,0.6351686507936508
356c/so100_nut_sort_1,15,1.394033294916153,1.6477603912353516,2.076577830314636,9.138048123185769,0.5530753968253969,10.409814285041795,0.5365823412698413,7.102327869268008,0.5416666666666666
356c/so100_nut_sort_1,17,1.3131848394870758,1.538758397102356,1.9717638492584229,18.748430922599837,0.6181795634920635,22.671326191758528,0.6045386904761905,15.97716340168672,0.6021825396825397
356c/so100_nut_sort_1,20,1.3568158566951751,1.568430483341217,1.9977395474910737,10.237447291730154,0.5301339285714286,12.825430149965719,0.5306299603174603,8.770395299592838,0.5275297619047619
356c/so100_nut_sort_1,23,1.277311587333679,1.564888060092926,2.026555669307709,16.626598621997083,0.5326140873015873,19.154717630297487,0.5367063492063492,15.000319678125578,0.5068204365079365
356c/so100_nut_sort_1,25,1.4447260618209838,1.6993641257286072,2.1946649074554445,17.310150948219377,0.625,21.334063474278864,0.6349206349206349,13.91436637714815,0.6170634920634921
356c/so100_nut_sort_1,28,1.128754460811615,1.2526265978813171,1.637761324644089,7.1466872851259025,0.5271577380952381,9.052365842700883,0.5264136904761905,6.292733479775218,0.5199652777777778
356c/so100_nut_sort_1,30,1.2151301622390747,1.4518053531646729,1.8314456820487977,18.05249348320643,0.6419890873015873,21.946084315778876,0.6470734126984127,14.832409906655691,0.6320684523809523
356c/so100_nut_sort_1,33,1.2118693590164185,1.49674654006958,1.928054451942444,16.553301896402225,0.636656746031746,20.313503475292617,0.6409970238095238,13.411828499296789,0.6276041666666666
356c/so100_nut_sort_1,35,1.1728212177753448,1.4079669117927551,1.8493961691856384,14.477396631397776,0.5373263888888888,17.832865112082736,0.5491071428571429,11.87193836261833,0.5378224206349206
356c/so100_nut_sort_1,38,1.1011592507362367,1.2777590155601501,1.6817959547042847,14.460529977496183,0.4830109126984127,15.950168247084193,0.49007936507936506,12.149972699341815,0.4789186507936508
356c/so100_nut_sort_1,41,1.6152453303337098,1.9367382526397705,2.518454647064209,25.10359313197372,0.7151537698412699,31.356673003212542,0.7373511904761905,21.32604540754225,0.6980406746031746
356c/so100_nut_sort_1,43,1.5641145169734956,1.8089038133621216,2.2863824129104615,16.5640865033692,0.591765873015873,21.181386066383265,0.5993303571428571,14.75578812916189,0.5856894841269841
356c/so100_nut_sort_1,46,1.489256078004837,1.7713831663131714,2.33471941947937,19.53820562055481,0.5691964285714286,23.9212170514074,0.5735367063492064,16.006430357660193,0.5818452380952381
356c/so100_nut_sort_1,48,1.2566002190113068,1.5039865970611572,1.9867093682289123,14.882168797048362,0.49181547619047616,17.314752877307743,0.4849950396825397,11.936341348762605,0.4935515873015873
356c/so100_nut_sort_1,51,1.2333043217658997,1.487164318561554,1.9546470165252687,18.23820104885154,0.6108630952380952,21.948569655282643,0.6181795634920635,15.107678584564201,0.6018105158730159
356c/so100_nut_sort_1,53,1.247979086637497,1.4354165196418762,1.9384312927722933,15.162522382121397,0.5293898809523809,18.286435744102167,0.5474950396825397,13.231333267870268,0.5243055555555556
356c/so100_nut_sort_1,56,1.3591561913490295,1.5267846584320068,1.9453282475471496,12.657908134559495,0.6463293650793651,16.459583751855284,0.6531498015873016,11.667513562534943,0.6397569444444444
356c/so100_nut_sort_1,59,1.3239056885242462,1.5220972895622253,1.958235287666321,16.03747491331452,0.675719246031746,20.223300061345235,0.6812996031746031,13.868434883962697,0.6701388888888888
AndrejOrsula/lerobot_double_ball_stacking_random,0,1.6933535277843474,2.068593382835388,3.68900705575943,30.206510433811097,0.6103670634920635,35.91556823699065,0.6263640873015873,24.61935057876428,0.5982142857142857
AndrejOrsula/lerobot_double_ball_stacking_random,1,1.3526570320129394,1.6389012932777405,3.8353031873703003,27.21262825833278,0.48487103174603174,31.952943707397655,0.4992559523809524,22.05848858166275,0.48623511904761907
AndrejOrsula/lerobot_double_ball_stacking_random,3,1.4546547293663026,1.744697093963623,3.929307770729065,26.429199774112984,0.4975198412698413,31.812170716155173,0.5145089285714286,23.642695653536453,0.4836309523809524
AndrejOrsula/lerobot_double_ball_stacking_random,5,1.2622074246406556,1.51190185546875,3.900320851802826,30.689893134525175,0.5837053571428571,36.296837942021085,0.6041666666666666,26.459475858250578,0.5581597222222222
AndrejOrsula/lerobot_double_ball_stacking_random,6,1.084388017654419,1.3456172943115234,3.652454900741577,29.7061722047158,0.5561755952380952,36.435873171645135,0.5758928571428571,26.70138137767503,0.5530753968253969
AndrejOrsula/lerobot_double_ball_stacking_random,8,1.1710884034633637,1.471383512020111,3.72688205242157,28.645967820219198,0.529265873015873,32.84745020768555,0.5482390873015873,24.785209036081028,0.5109126984126984
AndrejOrsula/lerobot_double_ball_stacking_random,10,1.7887652039527893,2.102006435394287,4.0447190523147585,9.610243613973532,0.5379464285714286,12.229708901892566,0.5431547619047619,8.802299252502216,0.5287698412698413
AndrejOrsula/lerobot_double_ball_stacking_random,12,1.3654055535793304,1.5429556369781494,3.705820381641388,14.600484725670011,0.5776289682539683,16.401726714491662,0.5535714285714286,12.096000723083703,0.5735367063492064
AndrejOrsula/lerobot_double_ball_stacking_random,13,1.390628695487976,1.6314780116081238,3.7776336789131166,21.148573961141242,0.5689484126984127,26.027999183180572,0.5851934523809523,17.36817929504088,0.5776289682539683
AndrejOrsula/lerobot_double_ball_stacking_random,15,1.4156298160552978,1.619181513786316,3.856216108798981,23.051013750081445,0.5540674603174603,27.38863260818947,0.5678323412698413,19.56890891554927,0.5484871031746031
AndrejOrsula/lerobot_double_ball_stacking_random,17,1.6591553568840027,2.1021859645843506,3.9879061818122863,35.851897431480985,0.8087797619047619,42.18373710828042,0.8442460317460317,30.975875149073456,0.7979910714285714
AndrejOrsula/lerobot_double_ball_stacking_random,19,1.7764885187149049,2.027296781539917,3.693488049507141,21.160327200571917,0.5267857142857143,23.629867622692874,0.533234126984127,16.273217982182473,0.5187251984126984
AndrejOrsula/lerobot_double_ball_stacking_random,20,1.5813276708126067,1.8760965466499329,3.706889641284943,19.567756720425912,0.5719246031746031,24.076338309591396,0.6109871031746031,17.40850723294814,0.5880456349206349
AndrejOrsula/lerobot_double_ball_stacking_random,22,1.6225326538085938,1.8512447476387024,3.784805512428284,23.03869520763685,0.5997023809523809,27.01609283488464,0.6080109126984127,18.938196528675196,0.5930059523809523
AndrejOrsula/lerobot_double_ball_stacking_random,24,1.2779638826847077,1.4922872185707092,3.5702313065528872,24.924957316359983,0.5844494047619048,30.014403514504046,0.5881696428571429,20.9845325258734,0.5727926587301587
AndrejOrsula/lerobot_double_ball_stacking_random,26,1.314167284965515,1.5670932531356812,3.498985207080841,27.304000107870937,0.5756448412698413,32.43226099652285,0.5804811507936508,22.485042779732677,0.5502232142857143
AndrejOrsula/lerobot_double_ball_stacking_random,27,1.5630029022693634,1.9189006686210632,3.615995740890503,22.976825111220123,0.6682787698412699,29.44252151018433,0.7140376984126984,21.214659383368943,0.6630704365079365
AndrejOrsula/lerobot_double_ball_stacking_random,29,1.5059378385543822,1.7597053050994873,3.5765583515167236,20.238676620513505,0.48759920634920634,22.18317148725868,0.49107142857142855,15.702465480450336,0.48152281746031744
AndrejOrsula/lerobot_double_ball_stacking_random,31,1.202662456035614,1.3990628123283386,3.833498859405518,26.926050825302507,0.6252480158730159,31.197461473067637,0.6192956349206349,22.424189151894183,0.6114831349206349
AndrejOrsula/lerobot_double_ball_stacking_random,33,1.6886543452739715,1.9340899586677551,3.7237519264221195,26.398031187108096,0.5048363095238095,30.448940932307956,0.5314980158730159,23.193281621599922,0.5105406746031746
AndrejOrsula/lerobot_double_ball_stacking_random,34,1.7402081966400147,2.0884652137756348,3.6379062294960023,26.670713302144716,0.5690724206349206,30.764624576413894,0.5745287698412699,21.165889364215236,0.5623759920634921
AndrejOrsula/lerobot_double_ball_stacking_random,36,1.3545692801475524,1.589012861251831,3.965319037437439,28.29406909730377,0.6130952380952381,34.56164513718104,0.6235119047619048,24.514652896046943,0.6081349206349206
AndrejOrsula/lerobot_double_ball_stacking_random,38,1.2162948668003082,1.4409514665603638,3.670215475559235,18.511833317305275,0.4972718253968254,24.578214692542588,0.5069444444444444,16.670381076925903,0.4880952380952381
AndrejOrsula/lerobot_double_ball_stacking_random,40,1.3925921440124511,1.685455083847046,4.007645177841186,29.951136663922288,0.5636160714285714,34.105945361168025,0.5658482142857143,24.36717193434886,0.550719246031746
Bartm3/dice2,0,0.7169690042734146,0.9121063351631165,1.6932192325592041,37.3634578842819,0.5538194444444444,44.170905416953694,0.5854414682539683,32.95929092167509,0.5338541666666666
Bartm3/dice2,8,0.8361583471298217,1.0462646484375,1.755703717470169,37.27981100570003,0.5416666666666666,42.66599171272338,0.5758928571428571,32.0039121965664,0.5224454365079365
Bartm3/dice2,17,1.0047869622707366,1.2665797472000122,2.0517385244369506,38.51790866161046,0.6350446428571429,45.90915520254706,0.6937003968253969,33.897148944794175,0.6228918650793651
Bartm3/dice2,25,0.8609756976366043,1.1440186500549316,1.8539648234844208,44.80496521461896,0.5714285714285714,50.983814140697746,0.6352926587301587,39.02478041918175,0.5406746031746031
Bartm3/dice2,34,0.9296481937170029,1.190234363079071,1.9778872966766357,36.212756607350144,0.5031001984126984,42.98136403116574,0.5409226190476191,33.0239405870279,0.46899801587301587
Bartm3/dice2,42,0.8401788979768753,1.1079776287078857,1.8627122402191163,42.76520349724013,0.5462549603174603,49.13224328220289,0.6034226190476191,37.282556715735545,0.5208333333333334
Bartm3/dice2,51,1.0220378398895265,1.2423065304756165,1.8806958913803102,35.96801971109012,0.5964781746031746,41.643241324910846,0.6331845238095238,30.703172436828133,0.5875496031746031
Bartm3/dice2,59,0.847225883603096,1.0951910614967346,1.8044055104255676,42.72363240814557,0.5497271825396826,48.43231837711898,0.5931299603174603,37.24745837152363,0.5181051587301587
Bartm3/dice2,68,0.8618410915136338,1.061227798461914,1.661438983678818,36.973119044749296,0.5613839285714286,42.350600322537716,0.5990823412698413,30.46998680472723,0.5427827380952381
Bartm3/dice2,76,1.0215938925743102,1.3076112270355225,1.929967945814133,39.39609945203463,0.5344742063492064,45.26925145443272,0.5625,33.85320617918076,0.5044642857142857
Bartm3/dice2,85,1.0508076965808868,1.3151354789733887,1.9217733144760134,38.111935836189645,0.5963541666666666,44.55016240751637,0.6173115079365079,33.08008863322758,0.5755208333333334
Bartm3/dice2,93,0.804211312532425,1.0310123562812805,1.8477621614933015,40.90897540127654,0.6075148809523809,48.536061123959044,0.6452132936507936,35.86942131939913,0.5783730158730159
Bartm3/dice2,102,0.718543192744255,0.8582492172718048,1.1856086909770966,34.87958210896706,0.5270337301587301,41.274973827642235,0.5510912698412699,30.30658985896682,0.5086805555555556
Bartm3/dice2,110,0.6531313985586167,0.775659441947937,1.1243006289005282,30.714159899978434,0.4283234126984127,36.97922267157347,0.4469246031746032,24.826503249696366,0.41716269841269843
Bartm3/dice2,119,0.8198483794927597,1.004334807395935,1.6122758865356446,33.493735014678464,0.5329861111111112,39.331727574105116,0.5559275793650794,27.434498147445712,0.5166170634920635
Bartm3/dice2,127,0.7514320552349091,0.9005534946918488,1.3291731357574463,35.63828587543114,0.5146329365079365,41.27006066488197,0.5472470238095238,30.588357482085225,0.49702380952380953
Bartm3/dice2,136,0.7354328036308289,0.9479747116565704,1.5925899505615235,36.3385966574859,0.5562996031746031,40.9690836872364,0.5709325396825397,29.625414393413323,0.5050843253968254
Bartm3/dice2,144,0.876252943277359,1.0799948573112488,1.5142139971256257,32.42930619149242,0.5379464285714286,38.63341605860041,0.5693204365079365,27.90683678823233,0.5362103174603174
Bartm3/dice2,153,0.700684231519699,0.8607363402843475,1.2539574682712555,35.48531788471146,0.46763392857142855,41.61806222742013,0.46589781746031744,30.160484147657638,0.4466765873015873
Bartm3/dice2,161,0.7368142366409302,0.8560097813606262,1.214845609664917,29.565441185885255,0.45634920634920634,35.10464736333564,0.4758184523809524,24.926893999172474,0.44419642857142855
Bartm3/dice2,170,1.1367837190628052,1.3299309015274048,1.6227408707141877,30.89503378911027,0.3508184523809524,37.27252586127676,0.392609126984127,26.641360593727924,0.35553075396825395
Bartm3/dice2,178,0.7622491776943207,0.9302552342414856,1.3998640477657318,33.86206984728777,0.47445436507936506,39.46710515350786,0.5115327380952381,28.21141193737661,0.458953373015873
Bartm3/dice2,187,0.7613285452127456,0.9398176074028015,1.6971852242946626,37.92023259126896,0.6408730158730159,44.21868539043956,0.6815476190476191,33.951609506553275,0.6227678571428571
Bartm3/dice2,196,0.8027271628379822,1.041804015636444,1.8847706437110903,42.595352132649516,0.6175595238095238,47.3547829257515,0.6502976190476191,36.619809156144605,0.5818452380952381
Beegbrain/pick_lemon_and_drop_in_bowl,0,0.7055204927921295,0.8180607855319977,0.9015373140573502,4.621096137088564,0.48152281746031744,7.429091547696337,0.4729662698412698,4.213008504637234,0.49032738095238093
Beegbrain/pick_lemon_and_drop_in_bowl,1,0.6939793437719345,0.8019076883792877,0.9176074773073196,8.183836826475313,0.4575892857142857,12.652982387031322,0.47941468253968256,7.448031616618522,0.4833829365079365
Beegbrain/pick_lemon_and_drop_in_bowl,3,0.6048078060150146,0.7425824999809265,0.8395464301109314,3.68025440538071,0.3410218253968254,5.014775128872978,0.3359375,3.425541289772572,0.32428075396825395
Beegbrain/pick_lemon_and_drop_in_bowl,5,0.70359847843647,0.8008957505226135,0.88080013692379,6.401226400750872,0.4495287698412698,11.475778117677551,0.4429563492063492,8.250763494930327,0.42485119047619047
Beegbrain/pick_lemon_and_drop_in_bowl,6,0.6957711011171341,0.7879588305950165,0.8425915747880935,6.202196011282118,0.35131448412698413,6.805962366427249,0.3482142857142857,7.199554226932244,0.35032242063492064
Beegbrain/pick_lemon_and_drop_in_bowl,8,0.6699976176023483,0.774272620677948,0.8850990563631058,14.849143130780707,0.4232390873015873,18.172560651780433,0.4272073412698413,12.70193786670321,0.41877480158730157
Beegbrain/pick_lemon_and_drop_in_bowl,10,0.6205410569906235,0.7446818947792053,0.79021375477314,2.6066936750913166,0.3958333333333333,3.0702016550008024,0.39372519841269843,2.190173400395598,0.3947172619047619
Beegbrain/pick_lemon_and_drop_in_bowl,11,0.6892046838998794,0.7890364825725555,0.859791812300682,2.288670621339212,0.3420138888888889,1.8109971642671212,0.3576388888888889,1.1612955255052475,0.34598214285714285
Beegbrain/pick_lemon_and_drop_in_bowl,13,0.6827883094549179,0.7856132388114929,0.8532039821147919,5.531480299102994,0.30481150793650796,1.1876209447277148,0.314484126984127,2.300186595182545,0.2931547619047619
Beegbrain/pick_lemon_and_drop_in_bowl,15,0.674771872162819,0.8197298049926758,0.9374711781740189,19.09057345249213,0.40935019841269843,24.110253037059937,0.41083829365079366,10.449449710338769,0.3958333333333333
Beegbrain/pick_lemon_and_drop_in_bowl,16,0.7237572520971298,0.8077414631843567,0.8430969268083572,2.6756173128124674,0.4340277777777778,5.344488090423354,0.4382440476190476,1.991937453228637,0.4382440476190476
Beegbrain/pick_lemon_and_drop_in_bowl,18,0.6795100539922714,0.7552048861980438,0.8021378815174103,7.831229359091851,0.4962797619047619,7.640901282065897,0.5188492063492064,5.82867271456304,0.490203373015873
Beegbrain/pick_lemon_and_drop_in_bowl,20,0.7049608677625656,0.8184443712234497,0.9035431981086731,2.804422403107056,0.494171626984127,3.78221970429707,0.47780257936507936,1.2349554526535795,0.47842261904761907
Beegbrain/pick_lemon_and_drop_in_bowl,22,0.6662924468517304,0.7738603353500366,0.8385254859924316,6.552810393696319,0.3890128968253968,8.727309092224466,0.38665674603174605,3.825512460714938,0.36235119047619047
Beegbrain/pick_lemon_and_drop_in_bowl,23,0.710658249258995,0.8237544298171997,0.9009090602397919,1.109769647473459,0.39794146825396826,0.5147228841228291,0.41418650793650796,3.9853125467393475,0.3970734126984127
Beegbrain/pick_lemon_and_drop_in_bowl,25,0.7143911778926849,0.8333873152732849,0.8848433345556259,10.065228390057209,0.3723958333333333,12.88023805623073,0.38566468253968256,8.96330745201158,0.3759920634920635
Beegbrain/pick_lemon_and_drop_in_bowl,27,0.7089682042598724,0.7883908152580261,0.8704568445682526,4.103984672897835,0.4584573412698413,3.62217657804717,0.45188492063492064,2.30137754824225,0.4568452380952381
Beegbrain/pick_lemon_and_drop_in_bowl,28,0.6909143060445786,0.7866694927215576,0.8216611236333847,1.9978238218149267,0.4417162698412698,3.1652679278423026,0.46130952380952384,1.5983866298415832,0.4661458333333333
Beegbrain/pick_lemon_and_drop_in_bowl,30,0.6587223142385483,0.7781985700130463,0.850911769270897,16.015617432741607,0.3914930555555556,16.567763691851077,0.3834325396825397,13.054465989950907,0.3913690476190476
Beegbrain/pick_lemon_and_drop_in_bowl,32,0.6939713150262833,0.8382891714572906,0.9519157350063324,11.437126352507557,0.40476190476190477,14.918015196493645,0.41393849206349204,8.78198970716023,0.3933531746031746
Beegbrain/pick_lemon_and_drop_in_bowl,33,0.7045162081718445,0.7954613566398621,0.9192195355892182,7.80348491869529,0.5049603174603174,10.167323652848845,0.5127728174603174,7.244188019514643,0.5099206349206349
Beegbrain/pick_lemon_and_drop_in_bowl,35,0.7261055916547775,0.8287606537342072,0.8685479313135147,3.3728394489510802,0.36755952380952384,6.153260654498867,0.365203373015873,2.1525871060021795,0.357390873015873
Beegbrain/pick_lemon_and_drop_in_bowl,37,0.6585773229598999,0.7928342223167419,0.8652023047208786,16.80278816039001,0.34685019841269843,20.518877091733668,0.36148313492063494,6.533900082378583,0.31535218253968256
Beegbrain/pick_lemon_and_drop_in_bowl,39,0.7132732003927231,0.8506238460540771,0.9597911506891251,10.609513542489816,0.4208829365079365,11.048189642978695,0.4439484126984127,7.559071930764216,0.4191468253968254
Beegbrain/pick_place_green_block,0,0.6603892892599106,0.7429766058921814,0.7913508504629135,0.7322188772921718,0.44816468253968256,1.1095933061144505,0.46999007936507936,0.7582139125724704,0.45163690476190477
Beegbrain/pick_place_green_block,1,0.5105986058712005,0.6788812279701233,0.7522555291652679,5.09573769725306,0.45696924603174605,4.8473114828559485,0.47941468253968256,3.279008667425869,0.47507440476190477
Beegbrain/pick_place_green_block,3,0.675792407989502,0.7854301631450653,0.8589679509401321,3.151507470307202,0.4505208333333333,6.125703406116938,0.4444444444444444,3.682062905638844,0.4495287698412698
Beegbrain/pick_place_green_block,5,0.6859097570180893,0.8316388726234436,0.851986488699913,4.458960572141814,0.4035218253968254,4.796935729729342,0.41021825396825395,2.5958581328122223,0.4134424603174603
Beegbrain/pick_place_green_block,6,0.6337643504142761,0.7039723992347717,0.7413808345794678,4.111565000530672,0.4632936507936508,3.135314914169772,0.47160218253968256,1.5697251783046617,0.4616815476190476
Beegbrain/pick_place_green_block,8,0.697811958193779,0.8747685849666595,0.9070152133703232,6.799994521409839,0.48487103174603174,8.666486299311119,0.49330357142857145,6.358938570492092,0.48325892857142855
Beegbrain/pick_place_green_block,10,0.7021226286888123,0.7467054426670074,0.7855829030275345,1.4258756919933917,0.6722470238095238,0.5747126099757878,0.6701388888888888,0.14401765375946743,0.6767113095238095
Beegbrain/pick_place_green_block,11,0.7745120823383331,0.8559342920780182,1.041522890329361,12.558812234257214,0.5941220238095238,14.56821964701247,0.5982142857142857,10.232219411541921,0.5930059523809523
Beegbrain/pick_place_green_block,13,0.6476333320140839,0.7849673926830292,0.8051549285650254,4.693898961502423,0.42683531746031744,6.104833730837974,0.43725198412698413,4.388428342561037,0.41517857142857145
Beegbrain/pick_place_green_block,15,0.7078374087810516,0.7800087034702301,0.8395252376794815,3.20246846439921,0.5487351190476191,4.782498090648492,0.5329861111111112,2.215495248234496,0.5515873015873016
Beegbrain/pick_place_green_block,16,0.6325262755155563,0.7973949909210205,0.839297068119049,8.553683441739187,0.4490327380952381,11.820533748570103,0.43700396825396826,7.693757769428386,0.4305555555555556
Beegbrain/pick_place_green_block,18,0.7391450792551041,0.8213815689086914,0.9643627762794494,8.586843891658406,0.5868055555555556,13.16762048228053,0.6036706349206349,9.840829640134139,0.6009424603174603
Beegbrain/pick_place_green_block,20,0.7042702555656433,0.8420721292495728,0.90628722012043,2.718365871034579,0.5638640873015873,2.0271924712746006,0.5502232142857143,1.9854422993228151,0.5719246031746031
Beegbrain/pick_place_green_block,22,0.7654125720262528,0.8593207895755768,0.941189405322075,4.726918925515107,0.6005704365079365,3.8749976952944483,0.6222718253968254,3.193040314598185,0.6259920634920635
Beegbrain/pick_place_green_block,23,0.8493378788232804,0.9466972053050995,1.1496637284755706,10.581263715756755,0.5639880952380952,12.169234078392801,0.5581597222222222,9.317639948060831,0.5581597222222222
Beegbrain/pick_place_green_block,25,0.6894009739160538,0.8476651012897491,0.8645978450775147,3.1055145635140367,0.41183035714285715,3.3603944354423025,0.4115823412698413,3.0142182201229257,0.41096230158730157
Beegbrain/pick_place_green_block,27,0.7923284411430359,0.8653901517391205,0.9611918807029725,3.5110091806986254,0.5915178571428571,4.185866235171564,0.5913938492063492,3.838798008647919,0.6040426587301587
Beegbrain/pick_place_green_block,28,0.6929951399564743,0.8155843615531921,0.843390303850174,3.8492917414089862,0.38058035714285715,3.818083163009081,0.38405257936507936,3.209246919754075,0.3709077380952381
Beegbrain/pick_place_green_block,30,0.6729277282953262,0.7730337083339691,0.9780984193086624,15.596957291089593,0.607390873015873,20.30267965126795,0.605406746031746,11.449210256557874,0.5756448412698413
Beegbrain/pick_place_green_block,32,0.670624753832817,0.7993177473545074,0.8210975378751755,3.719470098875172,0.5465029761904762,5.645419355795693,0.5571676587301587,3.159510698749833,0.5533234126984127
Beegbrain/pick_place_green_block,33,0.6153789401054383,0.7251152694225311,0.8089517056941986,3.3479032142026024,0.5079365079365079,5.2035658801779645,0.5088045634920635,3.9792148368521087,0.5271577380952381
Beegbrain/pick_place_green_block,35,0.7081226974725723,0.8130426406860352,0.8271267652511597,5.45757927160889,0.46378968253968256,5.781741067889367,0.4867311507936508,5.035361236662982,0.47867063492063494
Beegbrain/pick_place_green_block,37,0.7490913063287735,0.8791159391403198,1.028988343477249,7.368972824494039,0.5166170634920635,5.893551809963144,0.5008680555555556,4.958593024961354,0.5094246031746031
Beegbrain/pick_place_green_block,39,0.6892217546701431,0.826077401638031,0.8594450622797012,3.146098460456943,0.41716269841269843,3.4884072787698246,0.4078621031746032,2.499906664706071,0.41865079365079366
Beegbrain/sweep_tissue_cube,0,0.6904832899570466,0.7839645147323608,0.8961957782506943,18.497769826911128,0.4020337301587302,26.48749169641568,0.42819940476190477,17.260809387567413,0.40128968253968256
Beegbrain/sweep_tissue_cube,1,0.8089667916297912,0.9021669328212738,1.0891784608364106,12.677779029382371,0.45324900793650796,17.795178637148123,0.47978670634920634,11.492073716497227,0.47544642857142855
Beegbrain/sweep_tissue_cube,2,0.7252712786197663,0.8054864704608917,0.9887062221765518,19.64609013883878,0.4140625,24.569887776593337,0.4439484126984127,9.067265423204704,0.41431051587301587
Beegbrain/sweep_tissue_cube,3,0.7240313977003098,0.8172844052314758,1.0047888278961183,11.593774602236461,0.5412946428571429,15.658948577744491,0.5489831349206349,10.681777335624828,0.5451388888888888
Beegbrain/sweep_tissue_cube,5,0.7048450678586959,0.7964468896389008,1.1629927277565002,29.60787572983417,0.32415674603174605,35.418130785164514,0.33444940476190477,20.3454016237583,0.3074156746031746
Beegbrain/sweep_tissue_cube,6,0.7750372767448426,0.9971729218959808,1.2809239625930786,22.23536591807183,0.48747519841269843,27.288689284122896,0.527405753968254,19.41647718024774,0.49007936507936506
Beegbrain/sweep_tissue_cube,7,0.7510580331087112,0.8534222841262817,1.1426391899585724,18.662292592872895,0.4898313492063492,23.000461092111625,0.5252976190476191,13.211279864348311,0.5004960317460317
Beegbrain/sweep_tissue_cube,8,0.8629546791315079,0.9832673072814941,1.1572704792022706,19.710499944872726,0.5261656746031746,25.482195502745796,0.5385664682539683,17.155393218523976,0.5218253968253969
Beegbrain/sweep_tissue_cube,10,0.6841058373451233,0.8105029463768005,1.0875998973846437,25.267258053553835,0.5457589285714286,27.476111269503853,0.5483630952380952,19.694393658237374,0.5491071428571429
Beegbrain/sweep_tissue_cube,11,0.6446608245372772,0.7142467200756073,0.8694347232580185,18.092168891484064,0.46651785714285715,23.31097402749597,0.46763392857142855,15.006915580002037,0.45969742063492064
Beegbrain/sweep_tissue_cube,12,0.8296068519353866,0.9589827060699463,1.2222156524658203,16.94670712307974,0.5260416666666666,19.516136751620486,0.5296378968253969,14.569998147091727,0.49962797619047616
Beegbrain/sweep_tissue_cube,13,0.7051883280277252,0.8009555041790009,1.1458902478218078,21.458435693553596,0.4079861111111111,25.51359535668732,0.42175099206349204,19.4397732964567,0.4000496031746032
Beegbrain/sweep_tissue_cube,15,0.9653743177652359,1.1523789167404175,1.551184642314911,23.75954097133623,0.6197916666666666,27.413840341474575,0.6383928571428571,19.310613239141407,0.6130952380952381
Beegbrain/sweep_tissue_cube,16,0.6883012145757675,0.7946958243846893,1.1272190868854524,29.411172633814505,0.44345238095238093,34.89616283902972,0.4564732142857143,21.865788137632713,0.42299107142857145
Beegbrain/sweep_tissue_cube,17,0.7057232767343521,0.7902795672416687,1.0458673000335694,8.278204413341383,0.40401785714285715,11.204948834989718,0.39360119047619047,6.436782944666617,0.40240575396825395
Beegbrain/sweep_tissue_cube,18,0.7304363697767258,0.8147663772106171,0.9678052127361297,13.993490571134394,0.5771329365079365,16.892376059811294,0.5866815476190477,12.967654838840426,0.5699404761904762
Beegbrain/sweep_tissue_cube,20,0.9087850004434586,1.0691646933555603,1.4688335835933686,25.251619859274527,0.5364583333333334,29.691538290206605,0.5472470238095238,21.623587848182023,0.5218253968253969
Beegbrain/sweep_tissue_cube,21,0.7844760805368424,0.913650631904602,1.2576422274112702,21.47951425724214,0.4976438492063492,24.25055497917085,0.4965277777777778,15.939477099241376,0.45709325396825395
Beegbrain/sweep_tissue_cube,22,0.7037355929613114,0.8296889066696167,1.0384156823158264,21.551456533481055,0.5044642857142857,25.974075908080145,0.5300099206349206,17.462702652803,0.5161210317460317
Beegbrain/sweep_tissue_cube,23,0.8685652196407319,0.9702641367912292,1.2906401813030244,13.046919339103434,0.4381200396825397,14.273931115464892,0.4513888888888889,9.93845999401557,0.44543650793650796
Beegbrain/sweep_tissue_cube,25,0.6921402484178543,0.812391072511673,1.0169520676136017,16.379458352833804,0.5223214285714286,23.0376741991515,0.5208333333333334,14.592475830718561,0.5140128968253969
Beegbrain/sweep_tissue_cube,26,0.8111855447292328,0.9029707312583923,1.1364631712436677,13.11799639466771,0.35726686507936506,15.222012463096515,0.37041170634920634,15.850456976397721,0.34685019841269843
Beegbrain/sweep_tissue_cube,27,0.7814194828271865,0.8613184094429016,0.9515587210655212,13.965103462950959,0.45535714285714285,18.55672015489566,0.4677579365079365,11.690777877411895,0.4573412698412698
Beegbrain/sweep_tissue_cube,29,0.702027827501297,0.8235165476799011,1.1021629631519319,20.532006703737856,0.39459325396825395,26.31295753871496,0.40166170634920634,17.018684379082025,0.38430059523809523
CSCSXX/pick_place_cube_1.18,0,0.937453693151474,1.2034627795219421,2.1596195697784424,40.95504425321857,0.6780753968253969,47.488501493162794,0.7232142857142857,35.281223575988406,0.6354166666666666
CSCSXX/pick_place_cube_1.18,2,0.87115218937397,1.1765406131744385,2.869700026512146,37.56119714494041,0.6688988095238095,42.80228402677035,0.7063492063492064,31.206828840670997,0.6336805555555556
CSCSXX/pick_place_cube_1.18,4,0.8490944921970367,1.058359146118164,2.864944624900818,33.87632956671779,0.5858134920634921,41.28329249360338,0.6281001984126984,29.612264736938613,0.5719246031746031
CSCSXX/pick_place_cube_1.18,6,0.941109785437584,1.2149957418441772,2.632734084129334,34.51553519041195,0.6866319444444444,41.21349104877881,0.7404513888888888,29.44978093860773,0.6614583333333334
CSCSXX/pick_place_cube_1.18,8,1.0933863282203675,1.400665521621704,2.155627775192261,40.58423181499772,0.5142609126984127,46.32697318459712,0.5571676587301587,34.24973157846727,0.4851190476190476
CSCSXX/pick_place_cube_1.18,10,0.7844657450914383,1.0604224801063538,2.4855422616004943,35.61017789809592,0.6083829365079365,41.90233477195797,0.6547619047619048,29.69876990354274,0.5636160714285714
CSCSXX/pick_place_cube_1.18,12,0.9106928050518036,1.2105047702789307,2.6959351539611816,34.67848279086275,0.6220238095238095,41.159457285410575,0.6932043650793651,29.876650720675634,0.5980902777777778
CSCSXX/pick_place_cube_1.18,14,0.9705874055624009,1.2505921125411987,2.9744027853012085,36.79236650475004,0.6612103174603174,42.531968733464254,0.7114335317460317,30.745384254955553,0.6295882936507936
CSCSXX/pick_place_cube_1.18,17,1.0095722734928132,1.285129427909851,2.3349578619003295,37.23119401927981,0.6417410714285714,42.638259472785656,0.6808035714285714,32.179008461037185,0.6145833333333334
CSCSXX/pick_place_cube_1.18,19,1.0684372544288636,1.3728236556053162,2.038696336746216,45.88397779162864,0.6723710317460317,51.51178339870214,0.7095734126984127,39.249064361811016,0.6241319444444444
CSCSXX/pick_place_cube_1.18,21,0.8758808940649032,1.09176105260849,2.722450578212738,33.15197400483753,0.5804811507936508,39.41758020809582,0.6068948412698413,27.91289970770446,0.5452628968253969
CSCSXX/pick_place_cube_1.18,23,0.9181041479110718,1.1418468952178955,2.011590075492859,34.606745204319836,0.42782738095238093,41.4474021564024,0.46552579365079366,28.810925285013955,0.39955357142857145
CSCSXX/pick_place_cube_1.18,25,1.1064061999320984,1.4282417297363281,2.128803551197052,43.57334472138272,0.6356646825396826,50.134397703464856,0.6661706349206349,38.31180501532509,0.6026785714285714
CSCSXX/pick_place_cube_1.18,27,1.091638547182083,1.3500917553901672,2.3322934031486513,31.41172511405369,0.5984623015873016,37.42547290291132,0.6344246031746031,27.180415878419183,0.5968501984126984
CSCSXX/pick_place_cube_1.18,29,0.7233652502298356,0.9917771518230438,2.43446364402771,33.569869901656574,0.6574900793650794,39.80140112637634,0.6681547619047619,29.36563826474727,0.6298363095238095
CSCSXX/pick_place_cube_1.18,31,0.863812592625618,1.0451920628547668,2.679794669151306,31.185242519676862,0.6411210317460317,37.01132772715004,0.6583581349206349,27.113794543091025,0.5845734126984127
CSCSXX/pick_place_cube_1.18,34,0.957948437333107,1.2861725687980652,2.9532984852790833,34.54845916085172,0.6906001984126984,40.94890108000671,0.7388392857142857,28.788878795642386,0.6437251984126984
CSCSXX/pick_place_cube_1.18,36,1.0985577046871184,1.3570547103881836,1.9792133152484894,38.95280579485329,0.5446428571428571,45.739811872285074,0.5936259920634921,34.684016462968664,0.5215773809523809
CSCSXX/pick_place_cube_1.18,38,0.9926375210285187,1.2726011276245117,2.8309335827827455,37.482882831461275,0.589781746031746,44.22570710717161,0.6346726190476191,31.054408508659694,0.5595238095238095
CSCSXX/pick_place_cube_1.18,40,0.8693454474210739,1.18257474899292,2.7568514466285707,35.19647748806955,0.6537698412698413,41.60813213238179,0.7033730158730159,29.4084742359164,0.6295882936507936
CSCSXX/pick_place_cube_1.18,42,0.8752637594938278,1.0985419750213623,2.8140492916107176,38.48671703729263,0.6820436507936508,44.1997409508382,0.744171626984127,32.2804018650458,0.6447172619047619
CSCSXX/pick_place_cube_1.18,44,0.8911762654781341,1.1963988542556763,2.9247761726379395,35.386285557552945,0.5944940476190477,40.77169862283686,0.6175595238095238,29.498845308350774,0.5590277777777778
CSCSXX/pick_place_cube_1.18,46,1.1010822534561158,1.4658482074737549,3.4866114020347596,36.05864577983068,0.48722718253968256,41.76598221538457,0.5228174603174603,30.194453018555585,0.4600694444444444
CSCSXX/pick_place_cube_1.18,49,1.0436797380447387,1.336807906627655,3.00206081867218,41.94384959045379,0.5474950396825397,49.55882704366385,0.6013144841269841,37.952917664710625,0.5282738095238095
Chojins/chess_game_000_white_red,0,1.1246836125850677,1.7164382934570312,3.1260373830795287,63.277523693736235,0.5680803571428571,68.26156385501905,0.6018105158730159,59.05141783294451,0.5177331349206349
Chojins/chess_game_000_white_red,4,1.0180400371551515,1.5575520992279053,2.907467615604401,63.44784820109122,0.6626984126984127,68.14268281214324,0.7322668650793651,59.21712144253564,0.6080109126984127
Chojins/chess_game_000_white_red,8,1.462171334028244,2.3331542015075684,3.5896200060844423,61.467331399260985,0.5876736111111112,66.94935067632173,0.6703869047619048,55.76010861884213,0.5550595238095238
Chojins/chess_game_000_white_red,13,1.4579667150974274,2.25410258769989,4.038716053962708,59.74900700975881,0.4496527777777778,64.48864146448491,0.5162450396825397,54.45072438962194,0.40637400793650796
Chojins/chess_game_000_white_red,17,1.8414519369602202,2.620147228240967,3.4488731265068053,64.0905634534736,0.36507936507936506,68.62047552345527,0.4212549603174603,60.039668710187776,0.3267609126984127
Chojins/chess_game_000_white_red,22,1.8240832567214966,2.5504539012908936,3.753174030780792,59.201020774617575,0.5569196428571429,64.31986988812021,0.6112351190476191,52.53545739474432,0.5013640873015873
Chojins/chess_game_000_white_red,26,1.5521638214588165,2.116965651512146,3.318065881729126,59.444394547805814,0.6024305555555556,65.14865704733198,0.6541418650793651,54.03173829677461,0.5415426587301587
Chojins/chess_game_000_white_red,31,1.743577241897583,2.4707506895065308,3.724643886089325,61.48354567730029,0.5500992063492064,66.2400813427272,0.6006944444444444,56.171801602122066,0.4935515873015873
Chojins/chess_game_000_white_red,35,1.5889915704727173,2.177381157875061,3.458119583129883,57.25869956822473,0.5529513888888888,62.95063997191424,0.6201636904761905,51.93258921436515,0.5128968253968254
Chojins/chess_game_000_white_red,39,1.4082419633865357,1.9759782552719116,3.078579592704773,62.725339431932575,0.5736607142857143,67.3126949978956,0.6474454365079365,55.23429065552059,0.5260416666666666
Chojins/chess_game_000_white_red,44,1.2957550287246704,1.8236903548240662,3.046762669086456,58.44823808380196,0.6370287698412699,63.773738669063796,0.6960565476190477,52.629418595279006,0.5803571428571429
Chojins/chess_game_000_white_red,48,1.3102176308631897,1.8971624374389648,3.095663046836853,61.764693444160756,0.6419890873015873,67.01314226894917,0.7220982142857143,57.18855687245272,0.5814732142857143
Chojins/chess_game_000_white_red,53,0.9642604202032089,1.1594303250312805,1.2575801491737366,9.82981365420217,0.5496031746031746,11.682246749035594,0.5523313492063492,7.933577370737794,0.5539434523809523
Chojins/chess_game_000_white_red,57,1.0266000092029572,1.4848411679267883,2.2491067171096804,63.92117436471949,0.6330605158730159,69.21254347426316,0.706969246031746,59.37607146149862,0.5657242063492064
Chojins/chess_game_000_white_red,62,1.673132413625717,1.9668200016021729,2.427386498451233,23.302506498700396,0.6764632936507936,29.170125080189624,0.6909722222222222,17.798553024316462,0.675719246031746
Chojins/chess_game_000_white_red,66,0.8075678199529648,1.5339333415031433,1.8840737283229827,33.908861402622605,0.4660218253968254,42.576659089651955,0.4765625,28.55641532246144,0.42956349206349204
Chojins/chess_game_000_white_red,70,0.3515797987580299,0.4124641567468643,0.4676693767309189,17.8175475421625,0.43005952380952384,12.698504907897226,0.41889880952380953,8.273245611714072,0.41021825396825395
Chojins/chess_game_000_white_red,75,1.3310916304588318,1.5842974185943604,1.7663834393024445,14.522094519482398,0.5768849206349206,17.535096137165947,0.5875496031746031,12.055435036646818,0.582093253968254
Chojins/chess_game_000_white_red,79,1.6295945286750793,1.9073938131332397,2.199320876598358,9.53464905396629,0.4660218253968254,11.778615128178718,0.4635416666666667,8.56504154250982,0.45461309523809523
Chojins/chess_game_000_white_red,84,2.1603229641914368,2.8357319831848145,3.623007035255432,35.75031561629866,0.673859126984127,41.561566994623576,0.7041170634920635,30.8566623508031,0.6521577380952381
Chojins/chess_game_000_white_red,88,0.8252289921045304,1.0970757007598877,1.2877061545848847,17.607302895548813,0.6541418650793651,20.353808070494345,0.6746031746031746,13.957870421025962,0.65625
Chojins/chess_game_000_white_red,93,1.3619477033615113,1.4728574752807617,1.5758100986480714,7.805069363065723,0.519469246031746,4.965699779989631,0.5256696428571429,3.9982148629653738,0.5225694444444444
Chojins/chess_game_000_white_red,97,1.6814066469669342,1.9085298776626587,2.076914870738983,30.554986476441044,0.44494047619047616,35.45541500763576,0.46391369047619047,26.982399169600818,0.4174107142857143
Chojins/chess_game_000_white_red,102,1.32101212143898,1.7647950053215027,2.1521541476249695,29.480426254283987,0.6635664682539683,34.53434709070252,0.6875,24.8106622849937,0.6459573412698413
Chojins/chess_game_001_blue_stereo,0,1.518685096502304,1.6429719924926758,1.7344188749790193,12.180504586406867,0.5218253968253969,15.449393713194759,0.5089285714285714,10.86118229594015,0.5076884920634921
Chojins/chess_game_001_blue_stereo,25,1.2838973701000214,1.5980280041694641,1.9486412525177002,30.030382172104257,0.6719990079365079,35.64855918915153,0.7079613095238095,26.402263212521646,0.6649305555555556
Chojins/chess_game_001_blue_stereo,50,1.6555994391441344,2.0172438621520996,2.6469346165657046,35.45396668375522,0.6634424603174603,41.01904131997171,0.6937003968253969,30.580632033043145,0.6447172619047619
Chojins/chess_game_001_blue_stereo,75,1.6971763789653778,1.8725996613502502,2.0472507238388062,13.054103122916748,0.5409226190476191,16.590456070654515,0.5457589285714286,11.772272796712775,0.5447668650793651
Chojins/chess_game_001_blue_stereo,100,1.9536837816238404,2.191044807434082,2.4617552638053892,17.604412453837345,0.6987847222222222,22.01071667798183,0.7175099206349206,14.204065057661046,0.701140873015873
Chojins/chess_game_001_blue_stereo,125,1.281042343378067,1.708828330039978,2.0268415331840517,57.65094493298692,0.5102926587301587,63.15349756759137,0.5574156746031746,49.5498968946413,0.45808531746031744
Chojins/chess_game_001_blue_stereo,150,0.936582687497139,1.1908448934555054,1.2404508948326112,3.486386146636664,0.5119047619047619,4.624909560716245,0.49169146825396826,2.703563973618517,0.5106646825396826
Chojins/chess_game_001_blue_stereo,175,1.4892510056495667,1.712363839149475,1.952006208896637,17.4349129848514,0.5631200396825397,20.755169890356605,0.5678323412698413,14.171823444243293,0.5536954365079365
Chojins/chess_game_001_blue_stereo,200,1.4176260590553285,1.6757805943489075,1.7457569897174836,6.230328829222005,0.4283234126984127,6.427607116370184,0.4148065476190476,4.886717979444011,0.4232390873015873
Chojins/chess_game_001_blue_stereo,225,1.429754501581192,1.743667185306549,1.8810561895370483,14.91008020491039,0.5880456349206349,18.64534788591496,0.5910218253968254,12.62141907562869,0.5708085317460317
Chojins/chess_game_001_blue_stereo,250,1.6061360657215118,1.87576162815094,2.026996541023254,16.603822786746193,0.5210813492063492,21.742741088984445,0.5378224206349206,13.608474074723887,0.5166170634920635
Chojins/chess_game_001_blue_stereo,275,1.620554393529892,1.8349130153656006,1.9699957430362702,10.352445989638824,0.5765128968253969,15.32766092534881,0.5980902777777778,8.607747225059288,0.5768849206349206
Chojins/chess_game_001_blue_stereo,300,1.3859747290611266,1.5485311150550842,1.6565353751182557,14.949528664197473,0.5773809523809523,20.81708569706769,0.5964781746031746,14.150577762371048,0.5851934523809523
Chojins/chess_game_001_blue_stereo,325,1.2693757951259614,1.4574937224388123,1.6336353123188019,18.836379048572873,0.660094246031746,22.482408371807896,0.6639384920634921,15.76166366281587,0.6591021825396826
Chojins/chess_game_001_blue_stereo,350,1.2915014803409577,1.6006890535354614,1.7867672681808473,24.366071022100353,0.6955605158730159,29.154846834068497,0.6997767857142857,20.219436878963005,0.6919642857142857
Chojins/chess_game_001_blue_stereo,375,1.7243364095687865,1.8592141270637512,1.9847195148468018,7.28276010120236,0.4437003968253968,10.32851142524304,0.44915674603174605,7.617827774707587,0.45969742063492064
Chojins/chess_game_001_blue_stereo,400,1.2213979482650756,1.5456942915916443,1.6436203122138977,24.549494542138216,0.44915674603174605,28.072558652755085,0.470734126984127,19.93055876053156,0.44816468253968256
Chojins/chess_game_001_blue_stereo,425,0.979021143913269,1.2110369205474854,1.2956073343753816,41.07981733954292,0.40935019841269843,48.11838267099176,0.4466765873015873,26.552052475087525,0.38913690476190477
Chojins/chess_game_001_blue_stereo,450,1.4816479325294494,1.968814730644226,2.5338603496551513,42.35711919266131,0.5393105158730159,48.06856743292591,0.5907738095238095,36.23113489550085,0.5207093253968254
Chojins/chess_game_001_blue_stereo,475,0.7592914283275605,0.9017735421657562,1.041035681962967,17.852826894720526,0.41716269841269843,20.31792981156683,0.41728670634920634,14.89832936863195,0.40637400793650796
Chojins/chess_game_001_blue_stereo,500,1.160679852962494,1.3538654446601868,1.4492904424667359,13.627214357137117,0.5420386904761905,17.564407159965636,0.5460069444444444,11.5590236669261,0.5305059523809523
Chojins/chess_game_001_blue_stereo,525,0.6866049438714981,0.8350772559642792,0.9092122286558151,21.105178731342242,0.45188492063492064,26.249912818958506,0.45771329365079366,17.755309525687306,0.42844742063492064
Chojins/chess_game_001_blue_stereo,550,0.8888508230447769,1.15847510099411,1.2204683303833008,3.5088336548406103,0.5026041666666666,3.331841494507668,0.49367559523809523,2.9627975687553656,0.5016121031746031
Chojins/chess_game_001_blue_stereo,576,1.0872288167476654,1.1755481958389282,1.234188312292099,4.629566155309519,0.6124751984126984,4.0258904459617755,0.6067708333333334,3.4356998512428403,0.5967261904761905
Chojins/chess_game_001_red_stereo,0,0.5554110884666443,0.5896709561347961,0.6167380303144455,10.178325870702237,0.5577876984126984,11.303205380001987,0.5540674603174603,9.014628638967748,0.5589037698412699
Chojins/chess_game_001_red_stereo,23,1.4451267004013062,1.4963733553886414,1.5397274613380432,3.641799930910871,0.5437748015873016,5.026092303324253,0.5481150793650794,3.5373433709945936,0.5472470238095238
Chojins/chess_game_001_red_stereo,46,1.5576547682285309,2.000875473022461,2.466037940979004,34.70650331446952,0.7251984126984127,41.49660809881383,0.7651289682539683,30.457990112583815,0.705109126984127
Chojins/chess_game_001_red_stereo,69,1.2753721475601196,1.434459388256073,1.6368593335151673,15.437363943723653,0.6369047619047619,19.162855069814405,0.6380208333333334,12.391771498393348,0.6338045634920635
Chojins/chess_game_001_red_stereo,92,1.6126040399074555,2.106712222099304,2.4901605606079102,35.03518354688493,0.7659970238095238,40.564574024037285,0.7790178571428571,29.739441186238803,0.7659970238095238
Chojins/chess_game_001_red_stereo,116,1.4273484826087952,1.5836899280548096,1.737832897901535,10.938319002597105,0.6045386904761905,13.132449033397394,0.6145833333333334,8.901701032031871,0.5974702380952381
Chojins/chess_game_001_red_stereo,139,1.1846226632595063,1.620109736919403,1.9997790932655335,25.889514805710444,0.767609126984127,31.226530954705144,0.7698412698412699,21.78443758975645,0.7640128968253969
Chojins/chess_game_001_red_stereo,162,1.4720896005630493,1.7132315039634705,1.975118201971054,22.24613905210004,0.6715029761904762,26.711814614571907,0.6820436507936508,17.785364814133903,0.6614583333333334
Chojins/chess_game_001_red_stereo,185,1.41269708275795,1.5663074851036072,1.7498626172542573,10.220658721960563,0.6223958333333334,13.908968718406982,0.6359126984126984,9.988220436798656,0.6362847222222222
Chojins/chess_game_001_red_stereo,208,1.5167431354522705,1.696271300315857,1.8654471039772034,10.107913180862301,0.6156994047619048,13.568908733390861,0.6178075396825397,8.550284576196136,0.6258680555555556
Chojins/chess_game_001_red_stereo,232,0.8629572868347168,0.9802599549293518,1.0470380187034607,11.896581194818586,0.4879712301587302,14.37204058542403,0.48921130952380953,9.702513281783713,0.48040674603174605
Chojins/chess_game_001_red_stereo,255,1.0981399059295653,1.2056086659431458,1.2557146728038788,4.185023982214497,0.5323660714285714,4.576543121539499,0.5363343253968254,4.9774825192183,0.5262896825396826
Chojins/chess_game_001_red_stereo,278,1.6892302751541137,2.0373538732528687,2.29330370426178,28.403296350997206,0.5926339285714286,32.844157139273804,0.6220238095238095,23.94820477109454,0.5799851190476191
Chojins/chess_game_001_red_stereo,301,1.427325177192688,1.735809862613678,1.904144710302353,19.236865467328933,0.3332093253968254,23.34108316504195,0.34387400793650796,16.079857813270024,0.33742559523809523
Chojins/chess_game_001_red_stereo,325,1.705546760559082,2.2238030433654785,2.6895970821380617,33.46152878694351,0.572296626984127,39.33021885237517,0.591765873015873,29.636942752183703,0.5234375
Chojins/chess_game_001_red_stereo,348,1.6524490594863892,2.1320971250534058,2.6520868420600894,36.14713011956438,0.7700892857142857,42.37328612992435,0.8020833333333334,31.335448711425034,0.7534722222222222
Chojins/chess_game_001_red_stereo,371,1.4861777365207671,1.6643412113189697,1.83646759390831,15.36152489540977,0.6794394841269841,20.001478461970446,0.6743551587301587,13.161337532016065,0.6690228174603174
Chojins/chess_game_001_red_stereo,394,1.2626931369304657,1.459778606891632,1.6660978317260742,16.323403025211608,0.5293898809523809,20.69902958898237,0.5381944444444444,16.945324543706857,0.511780753968254
Chojins/chess_game_001_red_stereo,417,1.176350963115692,1.6963536739349365,1.9391985714435578,54.92614411224582,0.5337301587301587,61.00645310324862,0.5595238095238095,49.97947441152026,0.498015873015873
Chojins/chess_game_001_red_stereo,441,1.5361348628997802,1.706368088722229,1.948502629995346,16.75962600966793,0.5035962301587301,21.733427972654376,0.5167410714285714,14.202032917566841,0.49888392857142855
Chojins/chess_game_001_red_stereo,464,1.587181919813156,1.744069516658783,1.8083625078201293,6.2461373103398,0.6510416666666666,9.655388142455356,0.6411210317460317,6.333511395116042,0.6557539682539683
Chojins/chess_game_001_red_stereo,487,1.38382887840271,1.5887593030929565,1.7430495619773865,22.298535574938516,0.5509672619047619,26.686290956073318,0.558531746031746,12.540265917126655,0.5302579365079365
Chojins/chess_game_001_red_stereo,510,1.429254937171936,1.5476763844490051,1.6919881761074067,5.761535177987935,0.4765625,7.967205951581919,0.4693700396825397,4.204725826026995,0.48251488095238093
Chojins/chess_game_001_red_stereo,534,1.2756025850772859,1.4563505053520203,1.563271176815033,9.901389318006856,0.5845734126984127,12.200688095371738,0.5871775793650794,8.676633947520903,0.5773809523809523
Chojins/chess_game_009_white,0,1.0604255318641662,1.6625855565071106,2.607106029987335,65.64935299658883,0.6137152777777778,69.80672445352569,0.6666666666666666,60.179163233166115,0.5849454365079365
Chojins/chess_game_009_white,14,1.3375764429569243,1.9564223289489746,2.6030238270759583,60.068197603181204,0.47085813492063494,65.29017601865442,0.5245535714285714,54.79632830803319,0.43874007936507936
Chojins/chess_game_009_white,29,1.3111208915710448,1.9421823620796204,2.757300877571106,60.84971420834054,0.5210813492063492,66.13182127523062,0.5612599206349206,56.127575792603196,0.47693452380952384
Chojins/chess_game_009_white,44,1.7017236828804017,2.1340357065200806,2.716466152667999,50.97737896572869,0.48462301587301587,56.795789922146966,0.5207093253968254,43.93017117249535,0.4365079365079365
Chojins/chess_game_009_white,59,2.244264376163483,2.980955123901367,4.534615468978882,63.192873301266516,0.5047123015873016,67.46821816560472,0.5591517857142857,58.59247025853822,0.44915674603174605
Chojins/chess_game_009_white,74,2.3126296043395995,3.410468816757202,4.656744194030762,64.54523546148533,0.5868055555555556,69.0715729393814,0.6846478174603174,60.35748331516139,0.5217013888888888
Chojins/chess_game_009_white,88,0.7987618625164032,1.1924050450325012,2.9109339475631715,68.08174286192467,0.6985367063492064,72.05601853909803,0.7682291666666666,63.692678334508756,0.6433531746031746
Chojins/chess_game_009_white,103,1.082891446352005,1.6000760793685913,3.0229832410812376,65.34391316707202,0.43625992063492064,69.56958749461778,0.4748263888888889,60.48478997100881,0.38950892857142855
Chojins/chess_game_009_white,118,1.290359801054001,1.8394593000411987,3.5460797429084776,64.7188711870204,0.566344246031746,69.17343244349252,0.6300843253968254,59.931862044266246,0.5150049603174603
Chojins/chess_game_009_white,133,0.8491299092769623,1.236800491809845,3.243943953514099,61.36078717210263,0.4019097222222222,66.44383167564162,0.42038690476190477,56.580294111011824,0.3725198412698413
Chojins/chess_game_009_white,148,1.9384388327598572,2.785362958908081,4.163581800460816,60.46819043835261,0.6119791666666666,65.72191204592265,0.7022569444444444,55.96147999913477,0.6122271825396826
Chojins/chess_game_009_white,163,1.9157820701599122,2.708836555480957,3.9526610255241397,63.23562424990554,0.6939484126984127,67.95049789234726,0.7581845238095238,58.888585566177106,0.6359126984126984
Chojins/chess_game_009_white,177,1.7401288092136382,2.397446632385254,3.660232388973236,62.02516240726376,0.6724950396825397,66.90835368052574,0.7244543650793651,57.34641293932289,0.597594246031746
Chojins/chess_game_009_white,192,1.8023254036903382,2.4765336513519287,4.087366127967835,63.652892916138505,0.47693452380952384,67.39933280479416,0.5431547619047619,57.75515642530978,0.4357638888888889
Chojins/chess_game_009_white,207,1.7929993152618409,2.7515904903411865,4.10645854473114,65.61793420058942,0.6437251984126984,70.14732375348758,0.7030009920634921,60.471709162353,0.5637400793650794
Chojins/chess_game_009_white,222,1.7084107637405395,2.5062577724456787,3.8682024598121645,67.89154143641983,0.6858878968253969,72.03187971999745,0.738343253968254,64.28194540080978,0.6149553571428571
Chojins/chess_game_009_white,237,1.8828614890575408,2.5598700046539307,3.8087469816207884,62.80620154438398,0.6315724206349206,67.51301874689143,0.6861359126984127,58.589497196979664,0.5648561507936508
Chojins/chess_game_009_white,252,0.6534383326768876,1.0410062670707703,2.8499457836151123,69.21411238021395,0.6577380952380952,72.94300399683328,0.7124255952380952,65.27099454062368,0.6008184523809523
Chojins/chess_game_009_white,266,1.0096809566020966,1.4825009107589722,2.900421965122223,67.8816530623006,0.38913690476190477,71.58618638356081,0.45200892857142855,63.2725855894441,0.35131448412698413
Chojins/chess_game_009_white,281,0.9689009666442872,1.6228666305541992,2.9752220273017884,65.71027511264326,0.6371527777777778,69.9041908392231,0.6976686507936508,60.73284320332091,0.5687003968253969
Chojins/chess_game_009_white,296,1.3422248184680938,2.059669017791748,2.784909152984619,61.47232246754393,0.7261904761904762,66.72537462554544,0.7783978174603174,56.58670133134298,0.6702628968253969
Chojins/chess_game_009_white,311,1.0880022287368774,1.7340245246887207,2.83722095489502,65.14348763581926,0.443328373015873,69.03479507425143,0.4857390873015873,60.3410868348694,0.39880952380952384
Chojins/chess_game_009_white,326,1.522594839334488,2.2164112329483032,3.636604428291321,65.29269473095773,0.6396329365079365,70.33033116411715,0.7222222222222222,61.16461160817773,0.5828373015873016
Chojins/chess_game_009_white,341,1.5506445586681366,1.7702603340148926,1.894264328479767,5.853036125152103,0.42671130952380953,6.455034882110384,0.43452380952380953,4.194372864864359,0.4212549603174603
DorayakiLin/so100_pick_charger_on_tissue,0,0.722113561630249,1.215152084827423,2.323345756530762,59.69678388267628,0.7266865079365079,65.61708681036892,0.8413938492063492,55.70009609345643,0.6654265873015873
DorayakiLin/so100_pick_charger_on_tissue,2,0.7245334059000015,1.112476885318756,2.365027332305908,61.767106432996805,0.7008928571428571,67.13391206799137,0.7940228174603174,56.64858892397794,0.644593253968254
DorayakiLin/so100_pick_charger_on_tissue,4,0.8560693889856339,1.3595543503761292,2.724747359752655,60.230812184998605,0.8101438492063492,65.66653527833438,0.9000496031746031,54.85470317316343,0.7690972222222222
DorayakiLin/so100_pick_charger_on_tissue,6,0.7459764510393143,1.2377024292945862,2.0689199686050417,59.699477577068,0.7868303571428571,64.72150738344979,0.8686755952380952,54.40675265363459,0.7335069444444444
DorayakiLin/so100_pick_charger_on_tissue,8,0.7661938905715943,1.198551893234253,2.5046533584594726,61.606811697070945,0.7874503968253969,66.35374864831198,0.8435019841269841,56.458462777753546,0.7224702380952381
DorayakiLin/so100_pick_charger_on_tissue,10,0.75844966173172,1.1941522359848022,2.411551105976105,60.2467271034893,0.7549603174603174,66.38273149076726,0.8681795634920635,55.60224513467807,0.7063492063492064
DorayakiLin/so100_pick_charger_on_tissue,12,1.0403485536575316,1.6499382853507996,2.934661400318146,63.73003367229646,0.6527777777777778,68.07922491253369,0.7244543650793651,57.594130384639314,0.5902777777777778
DorayakiLin/so100_pick_charger_on_tissue,14,0.732702374458313,1.2029483318328857,2.550192499160767,62.2438096576477,0.7705853174603174,66.8084024876009,0.8881448412698413,57.03671287219737,0.7057291666666666
DorayakiLin/so100_pick_charger_on_tissue,17,0.7814187645912171,1.2950307726860046,2.6288525223731996,62.813567361356974,0.8061755952380952,67.44946777348375,0.8619791666666666,57.847184358867814,0.7379712301587301
DorayakiLin/so100_pick_charger_on_tissue,19,0.7416374772787094,1.1977043151855469,2.4851878881454468,60.80318992193516,0.7813740079365079,66.21188787847704,0.8546626984126984,55.90623767797694,0.7317708333333334
DorayakiLin/so100_pick_charger_on_tissue,21,0.735210981965065,1.1410119533538818,2.593292284011841,62.88817333740321,0.7326388888888888,67.94243026186159,0.8149801587301587,58.8597419316379,0.667906746031746
DorayakiLin/so100_pick_charger_on_tissue,23,0.8102788209915162,1.315114676952362,2.646150505542755,62.248865010059994,0.8275049603174603,67.30059054611426,0.9264632936507936,56.93346121093049,0.7669890873015873
DorayakiLin/so100_pick_charger_on_tissue,25,0.7058534830808639,1.1786218881607056,2.3297838807106017,61.84841844950262,0.841765873015873,66.92074930958171,0.9001736111111112,57.2589594187072,0.7535962301587301
DorayakiLin/so100_pick_charger_on_tissue,27,0.9552530705928802,1.5146934390068054,3.0652375340461733,62.317671664660494,0.6893601190476191,67.47619305854404,0.7650049603174603,57.84892288543611,0.5970982142857143
DorayakiLin/so100_pick_charger_on_tissue,29,0.8372989058494568,1.265645980834961,2.5440073370933534,58.71641482046876,0.7114335317460317,64.49159108638528,0.8148561507936508,53.9375894489481,0.6158234126984127
DorayakiLin/so100_pick_charger_on_tissue,31,0.8368662238121033,1.2525388598442078,2.5383888363838194,60.70295894694808,0.7898065476190477,65.5226046267582,0.8630952380952381,55.62618896959315,0.7188740079365079
DorayakiLin/so100_pick_charger_on_tissue,34,0.7636247515678406,1.2329214811325073,2.220242369174957,60.76135284354738,0.7477678571428571,65.48059583277704,0.8208085317460317,54.44699278837009,0.6845238095238095
DorayakiLin/so100_pick_charger_on_tissue,36,0.8688427090644837,1.4631457924842834,2.902294254302979,63.90690195275863,0.7934027777777778,68.16102631712965,0.8844246031746031,58.60056067054952,0.6928323412698413
DorayakiLin/so100_pick_charger_on_tissue,38,0.9706645846366883,1.4676362872123718,2.6878700375556948,63.1501598170632,0.6850198412698413,67.73958741165934,0.7596726190476191,58.02650578223372,0.6185515873015873
DorayakiLin/so100_pick_charger_on_tissue,40,0.9006077617406845,1.5127505660057068,2.78785138130188,62.28441372008186,0.806671626984127,66.78203784972666,0.9212549603174603,57.03523125582063,0.7531001984126984
DorayakiLin/so100_pick_charger_on_tissue,42,0.989551094174385,1.551241159439087,2.908417749404907,61.5279118217099,0.6372767857142857,65.92268025991115,0.7266865079365079,55.78559334708029,0.581969246031746
DorayakiLin/so100_pick_charger_on_tissue,44,0.9574831247329711,1.4689863324165344,2.7027323603630067,61.806890597086436,0.5994543650793651,67.62305488816479,0.6672867063492064,57.614878912272054,0.5300099206349206
DorayakiLin/so100_pick_charger_on_tissue,46,0.8577584654092789,1.332149088382721,2.7333492159843447,62.71216155382448,0.7340029761904762,67.36897776983103,0.7874503968253969,57.26974660528471,0.6649305555555556
DorayakiLin/so100_pick_charger_on_tissue,49,0.9536710202693939,1.4934318661689758,2.9673585772514346,60.09313323948952,0.7416914682539683,65.87749221341697,0.8106398809523809,54.88748202167233,0.6728670634920635
FeiYjf/new_GtoR,0,1.4084960579872132,2.158868193626404,4.012871217727662,60.30132925601324,0.2884424603174603,67.23301174688993,0.3185763888888889,54.36048761441785,0.25768849206349204
FeiYjf/new_GtoR,16,1.6567895412445068,2.4827120304107666,3.8790405988693237,64.63777635733028,0.3148561507936508,68.14667145084597,0.37896825396825395,60.077546489717896,0.29228670634920634
FeiYjf/new_GtoR,32,1.2684418499469756,2.052964448928833,3.496644735336304,70.52366043490156,0.2734375,73.34581450190983,0.31572420634920634,66.31220158969832,0.24107142857142858
FeiYjf/new_GtoR,49,1.3706684231758117,2.2395217418670654,3.6470229387283326,70.43741962713987,0.28410218253968256,73.4124364379178,0.29724702380952384,67.07236518412,0.2482638888888889
FeiYjf/new_GtoR,65,1.423542433977127,2.234125256538391,3.4289151787757883,51.51241167103421,0.29724702380952384,56.09579143571832,0.3345734126984127,44.55345310821164,0.2806299603174603
FeiYjf/new_GtoR,81,1.3882844150066376,2.3026576042175293,3.8347188472747806,63.75721510189736,0.2777777777777778,70.50340469059222,0.3142361111111111,58.758927703999305,0.2507440476190476
FeiYjf/new_GtoR,98,1.3509847342967987,2.175140619277954,3.3801091194152835,52.07278743146766,0.2805059523809524,58.58301455575038,0.32341269841269843,46.05380572471269,0.26066468253968256
FeiYjf/new_GtoR,114,1.3516165494918824,2.0417970418930054,3.1540988087654114,62.83660039847256,0.2984871031746032,67.86092300925739,0.33444940476190477,58.27403183710959,0.2605406746031746
FeiYjf/new_GtoR,131,1.4389325857162476,2.3777427673339844,3.7880404233932494,64.758923491465,0.34412202380952384,64.37146252776185,0.39273313492063494,61.71245096175407,0.31460813492063494
FeiYjf/new_GtoR,147,1.5621514558792113,2.4603441953659058,3.8245995879173282,62.87140006416561,0.37822420634920634,67.4566284239865,0.40587797619047616,57.7893342207348,0.3376736111111111
FeiYjf/new_GtoR,163,1.4727829277515412,2.37631893157959,3.7221610307693482,52.98089442611264,0.2523561507936508,70.23321264989562,0.31212797619047616,49.848084466923666,0.23697916666666666
FeiYjf/new_GtoR,180,1.3231239318847656,2.331618070602417,3.7071203708648683,52.07286969236905,0.2286706349206349,58.849774277203906,0.2540922619047619,49.4373515217891,0.2230902777777778
FeiYjf/new_GtoR,196,1.3342908799648285,2.348240852355957,3.7291842579841616,54.10795798607797,0.2681051587301587,57.19327838456021,0.29712301587301587,44.27279440469671,0.2404513888888889
FeiYjf/new_GtoR,213,1.4881097018718719,2.4792908430099487,3.9129230260848997,60.40078508886537,0.25669642857142855,64.15144332286877,0.29501488095238093,55.32850957696371,0.23115079365079366
FeiYjf/new_GtoR,229,1.3013230562210083,2.203274369239807,3.7877798795700075,59.642949843943086,0.24131944444444445,63.1124099703446,0.28521825396825395,54.53143812794033,0.2248263888888889
FeiYjf/new_GtoR,245,1.2009937644004822,1.9322265982627869,3.2235392093658453,53.40311595958691,0.28683035714285715,58.89799076501727,0.30964781746031744,48.915431628654744,0.267609126984127
FeiYjf/new_GtoR,262,1.3419659793376923,2.137620449066162,3.330148696899414,65.68868626323247,0.20932539682539683,60.56128260003889,0.24603174603174602,48.822256297388385,0.21453373015873015
FeiYjf/new_GtoR,278,1.2573302745819093,2.0994964838027954,3.4273216962814335,69.04133585055972,0.25967261904761907,72.62503051155751,0.2927827380952381,65.2418181350497,0.23772321428571427
FeiYjf/new_GtoR,295,1.4495607137680053,2.286559224128723,3.6876722097396857,66.88154640292791,0.2672371031746032,70.12753058244247,0.29228670634920634,60.36106876835197,0.24330357142857142
FeiYjf/new_GtoR,311,1.3401310384273528,1.9909152388572693,3.1930081963539125,63.909084658945815,0.29873511904761907,68.04539024779508,0.34672619047619047,57.35635814370953,0.25768849206349204
FeiYjf/new_GtoR,327,1.3362583696842194,2.0693163871765137,3.436526107788086,59.3476084632702,0.49776785714285715,65.345034832509,0.5381944444444444,53.02243215318851,0.4654017857142857
FeiYjf/new_GtoR,344,1.2191076457500458,1.992530882358551,3.2983358025550844,64.29126419916608,0.34151785714285715,69.69433178663591,0.39372519841269843,60.04983812906476,0.30319940476190477
FeiYjf/new_GtoR,360,1.4565567314624785,2.327070951461792,3.739988994598389,66.5912157504745,0.32998511904761907,70.31961748197037,0.37103174603174605,60.38559573912637,0.3084077380952381
FeiYjf/new_GtoR,377,1.3681948363780976,2.2536306381225586,3.654548668861389,65.91156664202074,0.2896825396825397,68.331186478092,0.2819940476190476,63.35978247666775,0.2612847222222222
FsqZ/so100_1,0,1.3942871332168578,1.8427473902702332,2.2491331100463867,16.64676937655252,0.6328125,20.96820988396161,0.6500496031746031,13.802942977063953,0.6371527777777778
FsqZ/so100_1,1,1.5003381729125977,2.08018958568573,2.8231626987457275,20.16955708332179,0.3939732142857143,25.89787457851509,0.3723958333333333,16.63748018322378,0.3882688492063492
FsqZ/so100_1,3,2.037063443660736,2.3584680557250977,3.0691504359245303,24.962215776637827,0.7674851190476191,30.295963098717003,0.7802579365079365,21.006483622641454,0.7594246031746031
FsqZ/so100_1,5,1.3653523206710816,1.9916258454322815,2.5936254978179933,19.41108310829321,0.45461309523809523,22.39376628274732,0.4568452380952381,16.618110496454367,0.4439484126984127
FsqZ/so100_1,6,1.6943201422691345,2.3481457233428955,3.1417911410331727,20.846183183106806,0.37115575396825395,21.164621919011267,0.38591269841269843,16.148982498929733,0.3790922619047619
FsqZ/so100_1,8,1.6690195024013519,2.1607941389083862,2.7846100449562075,15.117018227580326,0.44072420634920634,18.23987050384785,0.4564732142857143,11.745242471878672,0.4428323412698413
FsqZ/so100_1,10,1.8350291967391967,2.092387557029724,2.7219354629516603,21.502837259379294,0.7506200396825397,25.19670245852414,0.7771577380952381,17.6807196292328,0.7534722222222222
FsqZ/so100_1,11,1.8969510972499848,2.170452117919922,2.764526033401489,21.777949092244953,0.7712053571428571,26.50938267090857,0.7765376984126984,18.69853455097329,0.7426835317460317
FsqZ/so100_1,13,1.9067339599132538,2.1837291717529297,2.718136203289032,18.55425184789505,0.7392113095238095,22.08004838174186,0.7369791666666666,14.72389625747615,0.7181299603174603
FsqZ/so100_1,15,1.8473717272281647,2.1852551698684692,2.637615919113159,17.947615246463474,0.7354910714285714,21.244122718844558,0.7493799603174603,15.015986913548543,0.7224702380952381
FsqZ/so100_1,16,1.5392353117465973,2.1883723735809326,3.144184422492981,23.417626861424353,0.4192708333333333,32.93890937350452,0.4076140873015873,19.837378669826556,0.4252232142857143
FsqZ/so100_1,18,1.796446818113327,2.0467567443847656,2.4642701745033264,17.517688679718592,0.7578125,21.975854251161863,0.7662450396825397,15.077669733437956,0.7788938492063492
FsqZ/so100_1,20,2.084045445919037,2.381611466407776,2.999127006530762,24.687876569675065,0.7633928571428571,30.421488781635144,0.7760416666666666,19.53091328475505,0.7621527777777778
FsqZ/so100_1,22,1.9635434985160827,2.248389482498169,2.858220970630646,22.881716530884102,0.7642609126984127,27.829912723775976,0.763640873015873,18.812544179354564,0.7473958333333334
FsqZ/so100_1,23,1.561868041753769,2.1271708011627197,2.9598181366920473,18.421753858545348,0.35788690476190477,24.09015557260566,0.36421130952380953,15.795046388889853,0.3629712301587302
FsqZ/so100_1,25,1.5770605742931365,2.2105679512023926,3.561215949058533,27.714727465221493,0.3820684523809524,32.356666088345634,0.3757440476190476,23.427893302825957,0.35639880952380953
FsqZ/so100_1,27,1.6850370943546296,2.1472346782684326,2.6332184195518495,19.53460063302928,0.6912202380952381,25.599668762611746,0.6946924603174603,17.436747969691048,0.6873759920634921
FsqZ/so100_1,28,1.6949766993522644,1.964776337146759,2.425267791748047,18.342449806940703,0.7589285714285714,22.926100228935784,0.761780753968254,14.980633852281601,0.7337549603174603
FsqZ/so100_1,30,1.3920265436172485,1.9672983288764954,2.4504173755645753,18.789676853724053,0.3515625,22.111733700342526,0.3680555555555556,13.139601892789775,0.3474702380952381
FsqZ/so100_1,32,1.6041919231414794,2.1841652393341064,3.3040515184402466,25.3880334045863,0.5740327380952381,30.53067945929647,0.5756448412698413,21.364241604313957,0.5560515873015873
FsqZ/so100_1,33,1.6489260494709015,2.2013274431228638,2.7467145800590513,20.782887313651468,0.5626240079365079,26.02323581336221,0.5638640873015873,17.898042754171936,0.5616319444444444
FsqZ/so100_1,35,1.8138849139213562,2.149171829223633,2.6494395375251774,16.93489308493531,0.722718253968254,20.735482333275023,0.7321428571428571,14.256717917341307,0.7219742063492064
FsqZ/so100_1,37,1.9458411455154419,2.249177932739258,2.836279058456421,22.316790564098255,0.7454117063492064,25.547794275581477,0.7765376984126984,17.443755662055416,0.7781498015873016
FsqZ/so100_1,39,1.6709195375442505,2.0964252948760986,2.54544221162796,19.45109850643854,0.7064732142857143,22.968731303551035,0.7175099206349206,15.318899134526301,0.6937003968253969
Gano007/so100_medic,0,0.768009003996849,0.8031919598579407,0.8378954052925109,4.3590969056910875,0.5989583333333334,4.114374279915587,0.6128472222222222,2.2601004110162966,0.6070188492063492
Gano007/so100_medic,2,0.7765270888805389,0.867935299873352,0.9396670669317245,3.057294495672152,0.5854414682539683,3.6243381797405587,0.5791170634920635,2.5123248990869294,0.580109126984127
Gano007/so100_medic,4,1.3514600694179535,1.4359411001205444,1.5042812883853913,0.910427210219215,0.5572916666666666,0.9065502036290334,0.5543154761904762,0.6667596324768701,0.5623759920634921
Gano007/so100_medic,6,1.3514600694179535,1.4359411001205444,1.5042812883853913,0.79327574070783,0.5601438492063492,0.7994186894990496,0.5555555555555556,0.6513203712768505,0.5616319444444444
Gano007/so100_medic,8,1.3514600694179535,1.4359411001205444,1.5042812883853913,1.1693557890228743,0.5618799603174603,3.9322351003820293,0.5457589285714286,0.736482254980239,0.5598958333333334
Gano007/so100_medic,10,1.3514600694179535,1.4359411001205444,1.5042812883853913,0.773796388087752,0.5621279761904762,1.132287455771424,0.5572916666666666,1.0241200309246896,0.5562996031746031
Gano007/so100_medic,12,1.3514600694179535,1.4359411001205444,1.5042812883853913,0.6783969395175264,0.5647321428571429,1.103048860071104,0.556671626984127,0.9232329976749138,0.566344246031746
Gano007/so100_medic,14,1.3514600694179535,1.4359411001205444,1.5042812883853913,0.5482264046987578,0.5620039682539683,0.9936690207812797,0.5617559523809523,1.2301926003956263,0.544890873015873
Gano007/so100_medic,17,1.3514600694179535,1.4359411001205444,1.5042812883853913,0.6587882546787679,0.550843253968254,0.4788811631912685,0.5463789682539683,0.6094145734388644,0.5628720238095238
Gano007/so100_medic,19,1.3514600694179535,1.4359411001205444,1.5042812883853913,1.0467976480369476,0.5575396825396826,0.9930780639017656,0.5634920634920635,0.6895542542614689,0.5634920634920635
Gano007/so100_medic,21,1.3514600694179535,1.4359411001205444,1.5042812883853913,1.2549180012432806,0.5519593253968254,0.7768250032593382,0.5618799603174603,0.8695316831798834,0.5648561507936508
Gano007/so100_medic,23,1.3514600694179535,1.4359411001205444,1.5042812883853913,0.8813780283396742,0.5560515873015873,1.0473582979693576,0.5634920634920635,0.7773286252992375,0.5587797619047619
Gano007/so100_medic,25,1.3514600694179535,1.4359411001205444,1.5042812883853913,0.42428491427026155,0.5539434523809523,0.9360726559922621,0.5654761904761905,0.5699260643056848,0.5641121031746031
Gano007/so100_medic,27,1.3514600694179535,1.4359411001205444,1.5042812883853913,1.0473582979693576,0.5627480158730159,1.4430646584368643,0.5648561507936508,0.6299395083651114,0.5631200396825397
Gano007/so100_medic,29,1.3514600694179535,1.4359411001205444,1.5042812883853913,0.9644892708761208,0.5622519841269841,0.9926838972217666,0.5584077380952381,0.9845687086580943,0.5591517857142857
Gano007/so100_medic,31,1.3514600694179535,1.4359411001205444,1.5042812883853913,0.8793776328341717,0.5582837301587301,0.8346252575454745,0.560515873015873,0.44499387390701634,0.5618799603174603
Gano007/so100_medic,34,1.3514600694179535,1.4359411001205444,1.5042812883853913,0.8206761832326609,0.5647321428571429,2.6382659039207272,0.5498511904761905,0.6507192383610296,0.5629960317460317
Gano007/so100_medic,36,1.3514600694179535,1.4359411001205444,1.5042812883853913,1.4136083525210943,0.5541914682539683,1.2502311883185886,0.5519593253968254,0.6957692013663594,0.5633680555555556
Gano007/so100_medic,38,1.356920313835144,1.4442269206047058,1.509482455253601,0.9360726559922621,0.5611359126984127,1.982779060937598,0.5548115079365079,0.5964328905051877,0.5628720238095238
Gano007/so100_medic,40,1.3514600694179535,1.4359411001205444,1.5042812883853913,0.81757066437973,0.5627480158730159,1.0857045643618128,0.5590277777777778,0.9895249119285936,0.5492311507936508
Gano007/so100_medic,42,1.3514600694179535,1.4359411001205444,1.5042812883853913,1.0129772274940387,0.558531746031746,1.0516466854274433,0.5560515873015873,0.4545647792463869,0.5577876984126984
Gano007/so100_medic,44,1.3514600694179535,1.4359411001205444,1.5042812883853913,0.8132511390912084,0.5620039682539683,0.9369084539315032,0.5618799603174603,0.9095670812225222,0.5596478174603174
Gano007/so100_medic,46,1.3514600694179535,1.4359411001205444,1.5042812883853913,1.0744718801107203,0.5642361111111112,1.0959298273225029,0.5603918650793651,0.4073441889832797,0.5549355158730159
Gano007/so100_medic,49,1.3514600694179535,1.4359411001205444,1.5042812883853913,0.6731850458725577,0.5647321428571429,0.8543210819997406,0.5565476190476191,0.5366834181293965,0.5515873015873016
HITHY/so100_peach3,0,1.175126850605011,1.3312535285949707,1.4735389292240144,10.55323747819296,0.33556547619047616,14.37802431032579,0.33482142857142855,9.336583339469508,0.3345734126984127
HITHY/so100_peach3,4,0.9508670151233674,1.0504745841026306,1.1166236519813537,2.7561240334484465,0.3423859126984127,13.024496062586238,0.3492063492063492,8.797187149827336,0.33643353174603174
HITHY/so100_peach3,8,1.022444063425064,1.2584420442581177,1.3765270292758942,2.7125269615342584,0.41902281746031744,3.2688428613099614,0.4150545634920635,3.0634353657884885,0.39099702380952384
HITHY/so100_peach3,12,1.1334106087684632,1.3265705108642578,1.434318882226944,12.102110673053678,0.48474702380952384,13.944867187348901,0.49714781746031744,8.834689282849281,0.48325892857142855
HITHY/so100_peach3,17,0.7206124395132065,0.8560627996921539,0.9626505702733994,10.505451328589524,0.3392857142857143,10.256184453550828,0.3402777777777778,8.178725183921978,0.3556547619047619
HITHY/so100_peach3,21,1.1215398490428925,1.2325265407562256,1.3671229720115663,14.891420695661147,0.421875,18.06336746040984,0.42757936507936506,12.226580889485613,0.42336309523809523
HITHY/so100_peach3,25,0.8889836132526397,0.9622133672237396,1.0477619528770448,9.62853485091505,0.46589781746031744,11.0227302886752,0.4547371031746032,7.699495159804948,0.4408482142857143
HITHY/so100_peach3,30,0.9209805965423584,1.0051429867744446,1.1293168187141418,16.629283860654922,0.36569940476190477,17.073497680917786,0.38157242063492064,12.497001593355021,0.3509424603174603
HITHY/so100_peach3,34,0.8099511682987214,1.0381967425346375,1.1434272646903991,13.600575850281643,0.3307291666666667,18.0554577377895,0.3304811507936508,11.664152570194707,0.3373015873015873
HITHY/so100_peach3,38,0.9466725438833237,1.0792761445045471,1.2267267465591432,11.453355818814213,0.3220486111111111,15.35493591215205,0.3203125,10.145400126842702,0.3089037698412698
HITHY/so100_peach3,43,1.2311614274978637,1.4458600282669067,1.5499674260616303,13.779290603239822,0.44717261904761907,15.598341718654876,0.43960813492063494,7.778468686959077,0.4466765873015873
HITHY/so100_peach3,47,0.824841371178627,0.9086244702339172,0.9899447977542878,11.323590580535798,0.3929811507936508,14.574368825046813,0.40339781746031744,9.922696936528268,0.392609126984127
HITHY/so100_peach3,51,1.07890328168869,1.197898268699646,1.3534276247024537,11.127868172384952,0.3323412698412698,15.223976383661896,0.330109126984127,8.334230814000447,0.3265128968253968
HITHY/so100_peach3,55,1.3009338855743409,1.4978203177452087,1.591042345762253,9.906214287115347,0.5178571428571429,12.98877672961156,0.5127728174603174,9.185898826878967,0.5057043650793651
HITHY/so100_peach3,60,1.441603410243988,1.7287003993988037,1.8615401923656463,3.6057061129008234,0.3446180555555556,4.6056408177508015,0.35143849206349204,3.2023461986149995,0.33370535714285715
HITHY/so100_peach3,64,1.162003082036972,1.2763583660125732,1.4094177842140199,12.108364114460164,0.3335813492063492,16.245236963572363,0.35478670634920634,10.805764614992183,0.34052579365079366
HITHY/so100_peach3,68,0.9483677476644516,1.0297525525093079,1.139880496263504,12.26629972474587,0.3793402777777778,16.910231291671504,0.3723958333333333,9.970839147897044,0.38293650793650796
HITHY/so100_peach3,73,1.1555058360099792,1.2616047859191895,1.3792225062847137,10.66226638443456,0.40674603174603174,13.253785108493055,0.38430059523809523,8.871303395313694,0.3922371031746032
HITHY/so100_peach3,77,0.9946044981479645,1.1027080416679382,1.2033636510372163,16.287958091435204,0.44134424603174605,19.935246859701415,0.4523809523809524,12.937883876873128,0.4609375
HITHY/so100_peach3,81,1.1395790457725525,1.3263925909996033,1.4428179264068604,3.920814406070897,0.32018849206349204,5.783639176379986,0.32663690476190477,3.75217639849412,0.32353670634920634
HITHY/so100_peach3,86,1.0754886746406556,1.1726296544075012,1.3733990013599395,16.53969156345096,0.3864087301587302,16.084801359543523,0.41083829365079366,11.59433535558399,0.40066964285714285
HITHY/so100_peach3,90,1.1824800670146942,1.2829590439796448,1.4469075500965118,12.653200656285055,0.3820684523809524,18.498361842032004,0.3803323412698413,12.208119240667015,0.37115575396825395
HITHY/so100_peach3,94,0.9613715976476669,1.0401362776756287,1.1827545642852784,14.594427632766266,0.3869047619047619,18.224403298429145,0.40302579365079366,13.332814599590462,0.40438988095238093
HITHY/so100_peach3,99,1.1205817103385924,1.259373426437378,1.4050102710723877,16.492588952258654,0.44754464285714285,20.48254370369648,0.44828869047619047,13.494457183025006,0.4439484126984127
HITHY/so100_peach4,0,0.8401167571544648,0.9358199536800385,1.0667450785636903,8.818976814386447,0.38306051587301587,10.10567515877356,0.39012896825396826,8.195296497566025,0.3802083333333333
HITHY/so100_peach4,17,1.2269601106643677,1.5566999316215515,1.7675551652908326,19.398110887065275,0.3294890873015873,23.11459256877132,0.314484126984127,16.72489023100543,0.32217261904761907
HITHY/so100_peach4,34,1.2190621972084046,1.4046550989151,1.5585679173469544,6.488243094327043,0.3865327380952381,8.390751679996733,0.39546130952380953,5.730392102923327,0.3939732142857143
HITHY/so100_peach4,52,1.1402866780757903,1.231880009174347,1.3470471024513246,15.022523392242514,0.4337797619047619,17.64859958320522,0.4283234126984127,11.016923783600769,0.4149305555555556
HITHY/so100_peach4,69,1.0768171489238738,1.15168035030365,1.277799129486084,13.05830572539607,0.3706597222222222,8.463248562314552,0.3515625,10.111240115995912,0.37958829365079366
HITHY/so100_peach4,86,0.9853708267211914,1.1200816631317139,1.2209307193756103,7.774607109715811,0.3226686507936508,8.399757170369542,0.31746031746031744,7.1239498922423445,0.314484126984127
HITHY/so100_peach4,104,0.9501517474651336,1.0579478740692139,1.1541443943977356,22.10510968053707,0.28137400793650796,27.92683034937661,0.26884920634920634,19.151542918707566,0.29389880952380953
HITHY/so100_peach4,121,1.3305445194244385,1.600089430809021,1.7381011426448822,4.571575563270992,0.40575396825396826,7.534082568637849,0.3812003968253968,4.552167611691928,0.39521329365079366
HITHY/so100_peach4,138,1.002343761920929,1.2299858927726746,1.33690088391304,4.291673937033218,0.3557787698412698,5.384850718769721,0.3413938492063492,3.210222815381851,0.3421378968253968
HITHY/so100_peach4,156,0.9225421637296677,1.1172449588775635,1.288539081811905,9.397495836312597,0.4427083333333333,8.747497584946546,0.4417162698412698,6.617372752672539,0.4340277777777778
HITHY/so100_peach4,173,1.3300119161605835,1.5794628262519836,1.7193828880786897,1.0744718801107203,0.3871527777777778,4.388517604569261,0.3790922619047619,2.6666771649158236,0.3812003968253968
HITHY/so100_peach4,190,1.2227944612503052,1.6230371594429016,1.8340815126895904,4.753656408161633,0.3116319444444444,6.02467047988596,0.30753968253968256,4.210869595425618,0.31200396825396826
HITHY/so100_peach4,208,1.3070363879203797,1.6470502018928528,1.8230034232139587,2.8569783377913485,0.3552827380952381,5.202549098814496,0.35379464285714285,3.659285485490724,0.3444940476190476
HITHY/so100_peach4,225,0.9160785138607025,0.9849378168582916,1.1107444941997529,9.00603707353469,0.3506944444444444,18.16835537018078,0.3451140873015873,6.8496829740342555,0.34846230158730157
HITHY/so100_peach4,242,0.8364491313695908,0.9001729190349579,1.0733895361423493,17.02601048806501,0.3638392857142857,19.73636510696997,0.37462797619047616,11.198092641064969,0.3619791666666667
HITHY/so100_peach4,260,0.9145942240953445,0.9843076467514038,1.1059616804122925,16.436510566513032,0.4167906746031746,15.253444508605941,0.42311507936507936,14.100957324305792,0.41195436507936506
HITHY/so100_peach4,277,1.0589405238628387,1.2005147337913513,1.3461276173591614,13.04138139222251,0.35119047619047616,12.475171780665153,0.33110119047619047,10.192076592145268,0.3583829365079365
HITHY/so100_peach4,294,1.0934876799583435,1.1861758828163147,1.3454415798187256,11.25618638977525,0.3306051587301587,11.709723345732515,0.34362599206349204,8.662156371323077,0.3345734126984127
HITHY/so100_peach4,312,1.0389561831951142,1.1509085893630981,1.3198172986507417,15.428727138044536,0.36148313492063494,19.223541634676874,0.3655753968253968,14.351622542139943,0.3413938492063492
HITHY/so100_peach4,329,0.7595032751560211,0.8211809694766998,1.0465614080429078,10.323672190461394,0.3603670634920635,13.299096727437636,0.3566468253968254,9.47322028780454,0.35627480158730157
HITHY/so100_peach4,346,1.013010323047638,1.1290431022644043,1.2116909205913544,4.71920444547278,0.35540674603174605,7.107049477552776,0.36532738095238093,5.338802031589229,0.361359126984127
HITHY/so100_peach4,364,0.8472897797822952,0.9076825976371765,1.0413530945777894,17.4873358276313,0.45622519841269843,22.839160565716014,0.4790426587301587,15.596779466020704,0.46589781746031744
HITHY/so100_peach4,381,0.9835852235555649,1.0656986236572266,1.197686642408371,12.764688750691231,0.3413938492063492,14.441877709568528,0.3394097222222222,11.4042363611975,0.3515625
HITHY/so100_peach4,399,1.170068484544754,1.4827159643173218,1.6086690247058868,1.4436069887791325,0.39521329365079366,1.3474103410157632,0.3957093253968254,2.1561301318213286,0.3820684523809524
HITHY/so100_strawberry,0,1.0177091240882874,1.132326066493988,1.2371501564979552,12.915106488349773,0.4575892857142857,17.56343390708363,0.45969742063492064,11.431131368474169,0.44717261904761907
HITHY/so100_strawberry,6,0.9801172375679016,1.0990530252456665,1.271206271648407,21.95659036013934,0.45262896825396826,26.868036548334626,0.45349702380952384,17.945731097225746,0.4564732142857143
HITHY/so100_strawberry,13,0.8672610610723496,1.0031487345695496,1.1221732437610628,15.587326487664843,0.4375,18.90671922833704,0.4358878968253968,11.667648657842362,0.4236111111111111
HITHY/so100_strawberry,19,0.8687537044286728,1.0267724990844727,1.1772914052009584,10.137351039305013,0.3681795634920635,14.033304162381354,0.3932291666666667,12.671880137476386,0.37276785714285715
HITHY/so100_strawberry,26,1.249006187915802,1.5928314924240112,1.826906245946884,5.430798762862042,0.34499007936507936,7.377195893618532,0.3244047619047619,4.8763236728216315,0.3489583333333333
HITHY/so100_strawberry,33,1.0696397364139556,1.1898332834243774,1.2905382633209228,11.566656588539676,0.3634672619047619,15.579190418073289,0.36421130952380953,10.584722329746922,0.3567708333333333
HITHY/so100_strawberry,39,1.1181068539619445,1.2747803330421448,1.3721437871456146,11.603796159578572,0.4164186507936508,18.67790019476912,0.41964285714285715,9.589540099424351,0.41418650793650796
HITHY/so100_strawberry,46,1.051140123605728,1.2281002402305603,1.3504213094711304,9.434297936005843,0.3696676587301587,10.263585508948681,0.3861607142857143,7.094811033772594,0.3819444444444444
HITHY/so100_strawberry,52,1.3081792354583741,1.5452532172203064,1.6512947797775268,11.131742680856213,0.5184771825396826,13.607385432416839,0.5122767857142857,9.286793769256851,0.5159970238095238
HITHY/so100_strawberry,59,1.0005903005599976,1.1409558653831482,1.2019178926944734,7.290810769734421,0.4632936507936508,9.325082779897468,0.4634176587301587,5.502031513259771,0.4539930555555556
HITHY/so100_strawberry,66,0.9690719276666642,1.0756186842918396,1.2590737223625184,25.373971011877888,0.47433035714285715,29.50914986165283,0.46564980158730157,19.272531704274677,0.443328373015873
HITHY/so100_strawberry,72,1.1054229736328125,1.2475520372390747,1.3885729730129241,13.299646018935068,0.3423859126984127,17.113616782850087,0.35342261904761907,5.963350553003848,0.3489583333333333
HITHY/so100_strawberry,79,0.9269865781068802,1.0371307730674744,1.2335464537143708,10.597877169003878,0.40649801587301587,13.473645106390343,0.38950892857142855,8.973340997236406,0.40141369047619047
HITHY/so100_strawberry,85,0.8062018156051636,0.886653333902359,1.0125585436820985,18.213054073448085,0.404265873015873,22.091619887944223,0.412078373015873,14.490068134707384,0.4045138888888889
HITHY/so100_strawberry,92,1.2751484513282776,1.4658803939819336,1.5603582680225372,7.113643460332412,0.4011656746031746,8.751987616826748,0.404265873015873,6.3000200807298485,0.4000496031746032
HITHY/so100_strawberry,99,1.231755781173706,1.3479730486869812,1.4865071117877962,12.587803626777767,0.4079861111111111,16.60756311564897,0.4383680555555556,11.157644677354819,0.41889880952380953
HITHY/so100_strawberry,105,1.2933604955673217,1.4571060538291931,1.5517072618007661,2.3698423600966443,0.3976934523809524,10.3527880584161,0.41220238095238093,7.21281273328618,0.41021825396825395
HITHY/so100_strawberry,112,0.9956928193569183,1.1244413256645203,1.2279084861278533,12.430050452116753,0.46205357142857145,11.164190276637488,0.4480406746031746,10.013529347244813,0.4618055555555556
HITHY/so100_strawberry,118,1.1866247534751893,1.3505107164382935,1.4964009821414948,16.923235291077578,0.5249255952380952,21.454411822720314,0.5474950396825397,14.580108481962304,0.5308779761904762
HITHY/so100_strawberry,125,1.1005427181720733,1.202375888824463,1.3295475006103517,13.455399449094338,0.5182291666666666,16.306808947695803,0.5169890873015873,11.679294829865183,0.5126488095238095
HITHY/so100_strawberry,132,0.77199387550354,0.832142174243927,0.9547307282686234,14.844638307749573,0.4490327380952381,19.130243639643293,0.4660218253968254,12.243775219008366,0.44680059523809523
HITHY/so100_strawberry,138,0.8481212139129639,0.9055222868919373,0.9835712552070618,13.9845479417122,0.5953621031746031,16.670202502944676,0.5952380952380952,11.691671098950064,0.591765873015873
HITHY/so100_strawberry,145,0.8551470249891281,0.9518007040023804,1.1318165898323058,24.37609339508138,0.35553075396825395,29.77823294189686,0.3654513888888889,21.46370951672324,0.3463541666666667
HITHY/so100_strawberry,152,0.9378775417804718,1.0919508934020996,1.1765216171741486,6.5868377800724165,0.44047619047619047,8.462691640614079,0.44928075396825395,6.390588522446321,0.43278769841269843
Ityl/so100_recording2,0,0.9282153755426407,1.0505825281143188,1.395899373292923,22.279113399362192,0.5395585317460317,29.271072439181367,0.5567956349206349,16.348500006928937,0.5243055555555556
Ityl/so100_recording2,1,0.8187395960092545,0.8879374861717224,1.0351221501827241,8.5072002621749,0.4728422619047619,8.866828997369486,0.4728422619047619,6.534530303624559,0.47470238095238093
Ityl/so100_recording2,3,0.9035442262887955,0.9891749918460846,1.165008729696274,9.492228710168582,0.5047123015873016,13.945589900990923,0.5054563492063492,8.63426641897838,0.503968253968254
Ityl/so100_recording2,5,0.8834415644407272,0.9510209262371063,1.0916595399379732,6.687739184015251,0.4955357142857143,12.280645891385428,0.49404761904761907,8.239761717056249,0.49107142857142855
Ityl/so100_recording2,7,1.0190236151218415,1.0793191194534302,1.1771829843521118,3.0442040554766825,0.5297619047619048,4.264388476437527,0.5286458333333334,2.490572028201356,0.5326140873015873
Ityl/so100_recording2,9,0.9281223177909851,1.058260440826416,1.435550367832184,22.906156059906454,0.515625,25.668637972174704,0.542906746031746,18.027990059328907,0.5065724206349206
Ityl/so100_recording2,11,0.9436183661222458,1.0214563608169556,1.1629244685173035,12.025049338435227,0.4990079365079365,13.606427356496019,0.5048363095238095,8.580986479567686,0.49875992063492064
Ityl/so100_recording2,13,1.065191239118576,1.1601271629333496,1.3294617056846618,9.729406826577508,0.5199652777777778,11.319415523959039,0.5276537698412699,7.5021606154798315,0.5293898809523809
Ityl/so100_recording2,15,1.0632813215255736,1.1613913178443909,1.3327945053577424,8.1853001401094,0.5393105158730159,10.971600657949153,0.5618799603174603,7.369159208631979,0.5529513888888888
Ityl/so100_recording2,17,0.7291087865829468,0.7719824910163879,0.8429603815078736,1.2426955274091351,0.4898313492063492,1.7044467062237443,0.4894593253968254,1.223013549898495,0.4880952380952381
Ityl/so100_recording2,19,0.9592306524515152,1.0990911722183228,1.3989042520523072,12.552355517831666,0.4507688492063492,21.374785452529384,0.4694940476190476,12.63836550848625,0.4585813492063492
Ityl/so100_recording2,21,1.158551073074341,1.2896568775177002,1.605215209722519,12.860582763560082,0.5394345238095238,17.33305704670566,0.5487351190476191,12.690330481082684,0.5359623015873016
Ityl/so100_recording2,22,0.9458107739686966,1.018269419670105,1.1575751245021821,11.983177951397073,0.4790426587301587,13.938134266708122,0.4773065476190476,3.2236721832722317,0.47358630952380953
Ityl/so100_recording2,24,1.218406343460083,1.3670392632484436,1.6207547068595887,14.105862604796036,0.5776289682539683,17.241048258290974,0.5538194444444444,11.686867134237017,0.5750248015873016
Ityl/so100_recording2,26,1.285413008928299,1.4376910328865051,1.6766976237297058,15.450932043579328,0.581969246031746,18.730168192094848,0.6047867063492064,13.503250002402284,0.5824652777777778
Ityl/so100_recording2,28,1.4092410862445832,1.586353361606598,1.9996390342712402,18.027890745067726,0.5933779761904762,24.934752730813727,0.6186755952380952,14.949025595239023,0.5962301587301587
Ityl/so100_recording2,30,1.3209856152534485,1.4918059706687927,1.9347023606300355,20.210393674203257,0.5756448412698413,25.899930900912985,0.5968501984126984,16.976265786034315,0.5691964285714286
Ityl/so100_recording2,32,1.204962009191513,1.2857296466827393,1.3746060132980347,3.3216603820720185,0.5405505952380952,4.534923304377843,0.5579117063492064,4.088734033476121,0.5455109126984127
Ityl/so100_recording2,34,0.9047330468893051,0.9672612845897675,1.0857106924057007,11.077893245347095,0.46068948412698413,13.229244210224149,0.4522569444444444,2.3762756867785795,0.45610119047619047
Ityl/so100_recording2,36,1.2613277316093445,1.3527567386627197,1.4231364130973816,1.136255391072714,0.5355902777777778,2.1061715339781624,0.5353422619047619,2.8020481992312867,0.5204613095238095
Ityl/so100_recording2,38,1.0852342307567597,1.196123480796814,1.3737703561782837,8.591897298142149,0.5374503968253969,9.181747711143341,0.5158730158730159,7.107132284931054,0.5344742063492064
Ityl/so100_recording2,40,1.0751039743423463,1.1564385294914246,1.3124119222164154,12.258452952704559,0.5295138888888888,13.110515788323974,0.529265873015873,9.888213040765725,0.5267857142857143
Ityl/so100_recording2,42,1.0775237679481506,1.1590192914009094,1.279010820388794,5.536721315345955,0.5548115079365079,6.259745275491391,0.5565476190476191,4.72007606513451,0.5505952380952381
Ityl/so100_recording2,44,1.5154905557632445,1.7119941711425781,2.0919401168823244,13.6589946973448,0.5725446428571429,18.75127827735854,0.5757688492063492,11.035101467012284,0.5474950396825397
Jiafei1224/so100_pa222per,0,2.0251720666885378,2.584024429321289,3.4819507122039797,78.04123224400628,0.263640873015873,79.96876503543301,0.29290674603174605,76.96094654380671,0.22247023809523808
Jiafei1224/so100_pa222per,1,1.7134805142879486,2.2707979679107666,2.9203766345977784,82.2663569079762,0.20510912698412698,82.11739847584107,0.22420634920634921,80.1440794704071,0.1654265873015873
Jiafei1224/so100_pa222per,2,1.6141187608242036,2.8246465921401978,3.6197713971138,82.96685217438456,0.21031746031746032,80.96865425713086,0.2309027777777778,79.99521524520422,0.2062251984126984
Jiafei1224/so100_pa222per,3,1.2146983683109283,2.992466688156128,3.741472315788269,87.01591817090576,0.26946924603174605,86.97121196066983,0.32242063492063494,85.09445980791888,0.2404513888888889
Jiafei1224/so100_pa222per,5,1.655424213409424,2.5325264930725098,3.507875895500183,84.96150461666953,0.20572916666666666,84.31737119727931,0.22581845238095238,9.63947269505614,0.18725198412698413
Jiafei1224/so100_pa222per,6,1.1024864852428435,2.9501748085021973,3.9712082982063293,86.70017164253908,0.25,87.48208562639851,0.29799107142857145,84.85219981549425,0.24020337301587302
Jiafei1224/so100_pa222per,7,1.1504299879074096,3.156829595565796,4.0317157983779905,88.64818324451521,0.24280753968253968,89.31509874283476,0.2931547619047619,88.47817274324005,0.23487103174603174
Jiafei1224/so100_pa222per,8,1.695458459854126,3.1936092376708984,3.943273138999939,82.11724246869447,0.31820436507936506,83.12977258630876,0.3325892857142857,79.26158488937837,0.32762896825396826
Jiafei1224/so100_pa222per,10,1.41538964509964,2.996336817741394,3.7507843732833863,82.63163269459854,0.27306547619047616,84.64910302560911,0.29191468253968256,84.77279078875345,0.23201884920634921
Jiafei1224/so100_pa222per,11,1.5130951881408692,3.2481898069381714,4.02440791130066,82.13339967018184,0.25148809523809523,84.17620450780073,0.28311011904761907,83.34666454265817,0.24553571428571427
Jiafei1224/so100_pa222per,12,1.7320668578147889,3.0717129707336426,3.840283238887787,84.27330184684727,0.2542162698412698,85.49619176225963,0.3160962301587302,83.65212399199227,0.2594246031746032
Jiafei1224/so100_pa222per,13,1.9097500443458557,3.3632296323776245,3.9835734009742736,82.9684909412463,0.3741319444444444,83.7334240674024,0.3933531746031746,81.20228830418436,0.3488343253968254
Jiafei1224/so100_pa222per,15,2.1733774900436402,3.158132791519165,3.8996355056762697,82.11104523114388,0.3314732142857143,83.71045813863317,0.3230406746031746,81.19235460804924,0.3149801587301587
Jiafei1224/so100_pa222per,16,1.2331929445266723,2.8846914768218994,3.517355811595917,83.97369171815555,0.21726190476190477,83.48571619332957,0.25756448412698413,41.57491831356604,0.22916666666666666
Jiafei1224/so100_pa222per,17,2.0391425013542177,2.967357635498047,3.71977276802063,44.50535374567462,0.24293154761904762,50.57264643551352,0.2693452380952381,39.20485238869018,0.24714781746031747
Jiafei1224/so100_pa222per,18,1.3543079018592834,2.627975821495056,3.5419432282447816,48.57697252089,0.2251984126984127,55.01293876250873,0.23511904761904762,44.070302592052805,0.20907738095238096
Jiafei1224/so100_pa222per,20,1.4228724837303162,2.971317768096924,3.9395331859588625,47.66783375691707,0.24516369047619047,54.482769555731494,0.24851190476190477,42.92897183341745,0.2126736111111111
Jiafei1224/so100_pa222per,21,1.5163274109363556,2.6159651279449463,3.4804166078567507,51.329772311462115,0.2296626984126984,55.427586160961255,0.23983134920634921,45.43839821774296,0.2197420634920635
Jiafei1224/so100_pa222per,22,1.3910345077514648,2.8222110271453857,3.815797173976898,46.38666226683458,0.2255704365079365,53.50676048106427,0.25768849206349204,89.60432839874971,0.19692460317460317
Jiafei1224/so100_pa222per,23,1.345495194196701,2.902966022491455,3.9731908202171327,47.819181147353525,0.2261904761904762,54.7090596070366,0.24603174603174602,43.177850584707045,0.20436507936507936
Jiafei1224/so100_pa222per,25,2.2610686779022218,3.2709730863571167,4.24050579071045,47.37471141577771,0.2761656746031746,53.34546082548391,0.2786458333333333,41.89679658928953,0.27120535714285715
Jiafei1224/so100_pa222per,26,1.8741129577159883,3.1216578483581543,4.002640771865845,48.35347643102726,0.2796378968253968,53.94602136851142,0.2771577380952381,42.829830019534135,0.24925595238095238
Jiafei1224/so100_pa222per,27,2.1402793884277345,3.026416063308716,3.888407838344574,47.67879062458975,0.26277281746031744,54.41841026497587,0.2526041666666667,42.98118369859636,0.2364831349206349
Jiafei1224/so100_pa222per,29,1.8872333943843842,3.1414979696273804,4.040924024581909,46.152179820522804,0.2584325396825397,52.50556993055634,0.26574900793650796,42.01922366153916,0.2472718253968254
Jiangeng/so100_413,0,0.9402232229709625,1.23159921169281,1.4741813957691194,14.602584485993097,0.5916418650793651,17.247845062274152,0.5906498015873016,11.096877248992431,0.5793650793650794
Jiangeng/so100_413,2,0.8932512193918228,1.1686757802963257,1.378458696603775,11.769862162146657,0.4670138888888889,14.969280902743868,0.4601934523809524,8.899383390201772,0.45969742063492064
Jiangeng/so100_413,4,0.9233771592378617,1.3140942454338074,1.5423008263111115,7.653142976171312,0.5529513888888888,10.079307414179992,0.5513392857142857,6.449959924818674,0.5424107142857143
Jiangeng/so100_413,6,0.8525982886552811,1.2388509511947632,1.4910756230354312,11.313811601076281,0.5685763888888888,13.780480619019556,0.5680803571428571,10.313014152463209,0.5538194444444444
Jiangeng/so100_413,8,0.9200658679008484,1.3243069648742676,1.7369285941123962,16.58404398546227,0.5354662698412699,18.805076568883315,0.5324900793650794,12.556267641201922,0.5132688492063492
Jiangeng/so100_413,10,0.8754524677991867,1.1813862323760986,1.4243620216846469,6.212050621077589,0.5281498015873016,8.978747485479973,0.5336061507936508,4.641651485834791,0.5240575396825397
Jiangeng/so100_413,12,0.9312877625226974,1.244633674621582,1.4635580480098727,13.173780611847661,0.5349702380952381,15.594099148706452,0.535094246031746,7.542568934551617,0.5301339285714286
Jiangeng/so100_413,14,1.0456478536128997,1.3492971062660217,1.5561647415161133,9.811733752236405,0.47507440476190477,7.816628648428325,0.48449900793650796,4.978781250976732,0.48921130952380953
Jiangeng/so100_413,17,1.05391725897789,1.4756681323051453,1.7262640595436096,7.283945370317026,0.5235615079365079,10.098295941981178,0.5298859126984127,6.851887478911312,0.5271577380952381
Jiangeng/so100_413,19,1.0016633808612823,1.4649532437324524,1.7642829596996308,10.745468128520908,0.6419890873015873,13.37434998084434,0.6305803571428571,9.548411417131964,0.6374007936507936
Jiangeng/so100_413,21,1.016668474674225,1.4262888431549072,1.6307794392108919,6.520982218102065,0.5921378968253969,8.906709508298128,0.5968501984126984,5.545315787644106,0.5961061507936508
Jiangeng/so100_413,23,1.0489441335201264,1.3376847505569458,1.5965514898300173,13.571193865865155,0.49342757936507936,16.309873705904508,0.48139880952380953,11.561375409141542,0.4816468253968254
Jiangeng/so100_413,25,1.1138125717639924,1.6073499917984009,2.039309370517731,18.215457751813833,0.6728670634920635,23.405318716752582,0.6727430555555556,15.055637505419268,0.6656746031746031
Jiangeng/so100_413,27,1.0736717462539673,1.3681199550628662,1.5448197901248932,5.842175708240564,0.5484871031746031,8.638132735138562,0.5476190476190477,5.293871665933159,0.5584077380952381
Jiangeng/so100_413,29,0.9908365845680237,1.3930381536483765,1.7219469904899598,15.097966187670286,0.6850198412698413,18.117609767391404,0.6920882936507936,12.591093947402252,0.6784474206349206
Jiangeng/so100_413,31,0.9464142352342606,1.274950623512268,1.4686561286449433,7.8737234049328295,0.5752728174603174,9.084779857201337,0.5704365079365079,6.115325523975411,0.5690724206349206
Jiangeng/so100_413,34,1.0676962554454803,1.4342961311340332,1.7009145438671114,8.571413884657737,0.6517857142857143,10.97093671999382,0.6501736111111112,6.156668808358942,0.6121031746031746
Jiangeng/so100_413,36,1.1746119022369386,1.5658162832260132,1.933061558008194,14.909628927542387,0.6809275793650794,18.72016850826088,0.6860119047619048,12.609660568416722,0.6861359126984127
Jiangeng/so100_413,38,0.981195405125618,1.3383867740631104,1.5938207685947419,5.932767669288817,0.5155009920634921,6.995660093501925,0.5255456349206349,4.319966268872097,0.515625
Jiangeng/so100_413,40,1.0375201523303985,1.2949614524841309,1.5152195870876313,8.313967515076365,0.4758184523809524,10.973107829250488,0.4807787698412698,6.763207488527971,0.48040674603174605
Jiangeng/so100_413,42,0.9601660311222077,1.2976926565170288,1.5707603931427003,12.193203982151712,0.6112351190476191,14.679530024828235,0.5993303571428571,12.014865667872003,0.5675843253968254
Jiangeng/so100_413,44,1.0420185029506683,1.3049402236938477,1.5236554443836212,5.134883154806662,0.4748263888888889,5.6078708300486655,0.47941468253968256,4.0497038733876005,0.48400297619047616
Jiangeng/so100_413,46,0.8962841600179673,1.3296747207641602,1.532067906856537,6.252976334660164,0.5643601190476191,8.376135352303814,0.582093253968254,5.202436110874321,0.5799851190476191
Jiangeng/so100_413,49,0.9154112070798874,1.3526901602745056,1.52649045586586,6.0924257592783935,0.589781746031746,8.216423975970605,0.5959821428571429,5.207442894520405,0.6116071428571429
LemonadeDai/so100_coca,0,0.9927014112472534,1.086378574371338,1.157951283454895,13.137513533127851,0.5357142857142857,16.22576653445884,0.5496031746031746,10.886327678500109,0.5458829365079365
LemonadeDai/so100_coca,2,1.2638840854167939,1.4051541090011597,1.5926468193531036,11.004281950539529,0.5958581349206349,14.990737380898102,0.5895337301587301,8.479707736525626,0.5787450396825397
LemonadeDai/so100_coca,4,0.9419880628585815,1.0339286923408508,1.2079377591609954,9.655347419055326,0.6392609126984127,13.333895624517643,0.6636904761904762,8.844045718288154,0.6589781746031746
LemonadeDai/so100_coca,6,1.0733389139175415,1.1803196668624878,1.368415939807892,14.137342753307474,0.6109871031746031,17.733044051348035,0.5978422619047619,12.061973800402438,0.5963541666666666
LemonadeDai/so100_coca,8,1.568373167514801,1.764675259590149,2.1257201194763184,21.97489600103009,0.4635416666666667,28.98137492559541,0.47271825396825395,19.639903197091883,0.45002480158730157
LemonadeDai/so100_coca,10,0.9319186180830001,1.1153334975242615,1.4603463172912599,10.428320551401429,0.628844246031746,12.86246984840587,0.6313244047619048,8.660047304069659,0.6297123015873016
LemonadeDai/so100_coca,12,1.3077534019947052,1.4486205577850342,1.616457509994507,7.731520955059335,0.46726190476190477,21.32551014152005,0.4711061507936508,6.200615296518722,0.4583333333333333
LemonadeDai/so100_coca,14,0.7081326395273209,0.7989279329776764,0.8561918526887894,2.3288535946642406,0.49094742063492064,1.9228482918240535,0.4820188492063492,1.996745952773691,0.4915674603174603
LemonadeDai/so100_coca,17,0.9985591620206833,1.1278164386749268,1.3754065394401551,15.927210972460351,0.6447172619047619,19.832849559972132,0.6413690476190477,13.31271852093724,0.636656746031746
LemonadeDai/so100_coca,19,1.669573724269867,1.824907898902893,2.1974716901779177,19.62174809293937,0.5183531746031746,25.4348450158275,0.5297619047619048,17.13886369531075,0.49231150793650796
LemonadeDai/so100_coca,21,1.197160929441452,1.373285174369812,1.5366100132465363,17.674342885009757,0.5627480158730159,21.459947960275926,0.5941220238095238,14.062821316896041,0.5731646825396826
LemonadeDai/so100_coca,23,1.5848160207271575,1.795757532119751,2.0309898018836976,17.088798563814727,0.5022321428571429,20.207694786645135,0.5215773809523809,13.88617648338783,0.5256696428571429
LemonadeDai/so100_coca,25,1.1661572217941285,1.3558822870254517,1.5888272941112518,17.98608764433925,0.4208829365079365,23.38901305396561,0.421875,14.574382396583458,0.4149305555555556
LemonadeDai/so100_coca,27,1.1653769254684447,1.269728660583496,1.3969235837459564,11.445407422191403,0.6169394841269841,12.401300458335113,0.6253720238095238,8.85592157587503,0.6261160714285714
LemonadeDai/so100_coca,29,1.5922018945217133,1.8773237466812134,2.313732898235321,18.780291159195706,0.6543898809523809,22.823969591820706,0.6608382936507936,15.49904482342617,0.6417410714285714
LemonadeDai/so100_coca,31,0.9113025605678559,0.986923098564148,1.1286931455135345,13.454562852372828,0.494171626984127,16.727026189678007,0.4935515873015873,11.370161231172872,0.48139880952380953
LemonadeDai/so100_coca,34,0.7861901700496674,0.8365680873394012,0.9501331984996797,5.275517839515485,0.43712797619047616,5.132020570177483,0.4252232142857143,4.6762965205498315,0.4347718253968254
LemonadeDai/so100_coca,36,1.5720694959163666,1.7751203179359436,2.0527578473091124,19.373562139194256,0.46391369047619047,24.11199190208299,0.46875,15.784416097443396,0.458953373015873
LemonadeDai/so100_coca,38,0.8745539218187333,0.9884404242038727,1.1558308124542236,11.522203376388774,0.4252232142857143,15.203961420891659,0.4290674603174603,10.04418092966564,0.4149305555555556
LemonadeDai/so100_coca,40,1.0233881711959838,1.1822078824043274,1.3359693706035614,18.72937053394548,0.5564236111111112,22.287057092492603,0.5837053571428571,15.427944074044156,0.5601438492063492
LemonadeDai/so100_coca,42,1.305947059392929,1.4922757744789124,1.7791109383106234,20.250588966430755,0.5071924603174603,23.47446423781353,0.48933531746031744,16.207668218128532,0.4868551587301587
LemonadeDai/so100_coca,44,1.162956827878952,1.3801640272140503,1.6971809685230255,22.66914649547361,0.5080605158730159,28.222138082422205,0.5255456349206349,18.72677525946233,0.49404761904761907
LemonadeDai/so100_coca,46,1.3621143043041228,1.516423761844635,1.842009687423706,18.9626148790401,0.45002480158730157,25.079006429858254,0.45709325396825395,16.19777921114593,0.4444444444444444
LemonadeDai/so100_coca,49,1.2534375071525574,1.3493656516075134,1.6339709758758545,18.554799195477663,0.41455853174603174,22.285174986391635,0.4123263888888889,14.50939586255117,0.39360119047619047
Loki0929/so100_duck,0,1.691231018304825,1.849869430065155,1.9878376364707948,4.881463387008564,0.44072420634920634,6.304686567200221,0.4427083333333333,4.63519016751214,0.44345238095238093
Loki0929/so100_duck,13,1.785472708940506,2.100321412086487,2.272427833080292,8.921475970999861,0.45126488095238093,9.364454989156247,0.46750992063492064,6.936866971877091,0.47668650793650796
Loki0929/so100_duck,26,1.6535946905612946,1.9745736122131348,2.122370755672455,7.001153765083004,0.4820188492063492,9.7299928476638,0.47346230158730157,5.987986339916968,0.4869791666666667
Loki0929/so100_duck,39,1.53216552734375,1.6745300889015198,1.8539954483509065,7.958577724433683,0.552703373015873,10.119290318430505,0.5523313492063492,6.186497521339499,0.5441468253968254
Loki0929/so100_duck,52,1.4597510993480682,1.7242421507835388,1.8904256403446198,10.387147024229742,0.44407242063492064,12.72057796904383,0.4521329365079365,7.724130373930489,0.4435763888888889
Loki0929/so100_duck,65,1.6713396966457368,1.955941081047058,2.1711558222770693,11.764319204493612,0.45634920634920634,13.265369115274726,0.45634920634920634,9.394943837566402,0.44754464285714285
Loki0929/so100_duck,78,1.636212009191513,1.8957865238189697,2.083538019657135,10.115985446878549,0.45882936507936506,12.699949657899795,0.48425099206349204,8.810396686846767,0.47085813492063494
Loki0929/so100_duck,91,1.7657970309257507,2.04358446598053,2.20481413602829,8.8131610612304,0.4662698412698413,11.84975654149236,0.4599454365079365,7.29699758021777,0.46577380952380953
Loki0929/so100_duck,104,1.5341553568840027,1.815226972103119,1.9750437021255494,8.415499589827814,0.47619047619047616,9.515373405126208,0.4792906746031746,6.338184258127244,0.4729662698412698
Loki0929/so100_duck,117,1.5373214781284332,1.8035314679145813,1.9922068417072296,10.233507406705098,0.43625992063492064,10.540102238356225,0.4496527777777778,7.740679592188243,0.4357638888888889
Loki0929/so100_duck,130,1.6455131649971009,1.8194025754928589,2.0449132084846497,11.383959079208008,0.4908234126984127,13.92521230515673,0.5011160714285714,9.27754127603222,0.4935515873015873
Loki0929/so100_duck,143,1.7579314708709717,1.9385409951210022,2.137873673439026,7.923773289770128,0.513640873015873,10.462283735643306,0.5319940476190477,6.808036918124805,0.5252976190476191
Loki0929/so100_duck,156,1.696017587184906,1.9959827661514282,2.1812878012657166,9.560385979074496,0.4722222222222222,11.322164273759205,0.4677579365079365,7.867189190081644,0.47532242063492064
Loki0929/so100_duck,169,1.7473147213459015,1.9690411686897278,2.1598115086555483,10.022834638545932,0.4103422619047619,12.39180332662142,0.4087301587301587,9.19682406081367,0.3820684523809524
Loki0929/so100_duck,182,1.623094767332077,1.8778433799743652,2.04618444442749,8.624866379843969,0.48152281746031744,9.615540376197183,0.47346230158730157,7.729743793575642,0.46887400793650796
Loki0929/so100_duck,195,1.5765827298164368,1.8355261087417603,2.0120087385177614,9.93555084098675,0.47160218253968256,12.159428797965795,0.47767857142857145,7.164590033739683,0.4632936507936508
Loki0929/so100_duck,208,1.5072877764701844,1.6552287340164185,1.8238298773765564,10.031504026719439,0.5342261904761905,13.456265346315499,0.5316220238095238,8.588010324330284,0.5285218253968254
Loki0929/so100_duck,221,1.4440836191177369,1.6770125031471252,1.863345777988434,10.27337516572578,0.48288690476190477,12.650721523314095,0.4905753968253968,8.213269052623737,0.49714781746031744
Loki0929/so100_duck,234,1.5214410483837129,1.6665433049201965,1.8178699016571045,7.678565025932151,0.5280257936507936,10.681371984495424,0.5388144841269841,6.536510605105168,0.5297619047619048
Loki0929/so100_duck,247,1.5463172316551208,1.79986572265625,1.9383530378341676,7.995834430077487,0.44568452380952384,9.960360423654732,0.45287698412698413,7.38049320425785,0.4476686507936508
Loki0929/so100_duck,260,1.5477104902267456,1.8660979270935059,2.10062495470047,11.5983278258905,0.5132688492063492,14.1019385141377,0.5226934523809523,9.836932457228022,0.5107886904761905
Loki0929/so100_duck,273,1.6146251857280731,1.7645342946052551,1.9884610533714295,9.492808526638953,0.5865575396825397,12.477811677769871,0.5907738095238095,7.614091417450138,0.5866815476190477
Loki0929/so100_duck,286,1.5847978353500367,1.9194447994232178,2.1878323912620545,11.066779188310974,0.5086805555555556,14.674165445838396,0.5104166666666666,10.065384713618043,0.4975198412698413
Loki0929/so100_duck,299,1.438959550857544,1.60282963514328,1.7374462127685548,10.366006155611048,0.5706845238095238,12.961368011023414,0.5602678571428571,8.435893197242672,0.5596478174603174
Mohamedal/put_banana,0,1.257249617576599,1.4326424598693848,1.7462418735027314,15.388303739792832,0.5600198412698413,18.750364619385216,0.5657242063492064,12.66456113504926,0.5596478174603174
Mohamedal/put_banana,1,1.2216309130191803,1.407914161682129,1.7484104454517364,19.418213251188355,0.6344246031746031,23.38722359398459,0.6633184523809523,15.637348568855634,0.6372767857142857
Mohamedal/put_banana,2,1.3556620240211488,1.5961516499519348,1.9298657774925232,20.930815740024617,0.5974702380952381,25.752333871782685,0.6181795634920635,17.88677139335014,0.5953621031746031
Mohamedal/put_banana,3,1.2621507525444031,1.4986841082572937,1.9176713228225708,24.75000151878184,0.5773809523809523,29.54458058230356,0.5915178571428571,21.66162636594188,0.5678323412698413
Mohamedal/put_banana,5,1.2159738421440125,1.3513274192810059,1.6351621270179748,16.27582585599887,0.6447172619047619,19.316313046033105,0.6481894841269841,13.060738999070818,0.6438492063492064
Mohamedal/put_banana,6,1.1951238095760346,1.3711867332458496,1.5597170233726503,12.094452386372005,0.5471230158730159,16.162814612970905,0.5503472222222222,9.708529753500354,0.5555555555555556
Mohamedal/put_banana,7,1.1605498373508454,1.3774985074996948,1.609684419631958,20.435167016604115,0.46205357142857145,26.449471744313517,0.46651785714285715,17.64156929759207,0.45597718253968256
Mohamedal/put_banana,8,1.0695372521877289,1.2146708965301514,1.4421794652938842,17.963556359823027,0.48487103174603174,16.119389454302606,0.5040922619047619,12.94226079935517,0.4849950396825397
Mohamedal/put_banana,10,0.910677382349968,1.0925918221473694,1.2546364068984985,22.496255832548567,0.2818700396825397,26.01492132264872,0.29476686507936506,18.19615411808795,0.2818700396825397
Mohamedal/put_banana,11,1.0484595239162444,1.1765639781951904,1.3247437238693238,15.582369063332628,0.4539930555555556,18.726083836863396,0.45535714285714285,12.929858280220802,0.44655257936507936
Mohamedal/put_banana,12,1.267561775445938,1.417297899723053,1.7895159065723418,21.98895547918975,0.5054563492063492,25.626394438092312,0.5207093253968254,18.757736402927883,0.5009920634920635
Mohamedal/put_banana,13,1.1696509897708893,1.3186718821525574,1.5913645565509795,14.688745076165931,0.5109126984126984,20.122278933034394,0.5386904761904762,13.79526855252957,0.5241815476190477
Mohamedal/put_banana,15,1.0557531714439392,1.2010928392410278,1.4501670360565186,20.962320833994024,0.4412202380952381,24.57749214591324,0.4554811507936508,4.810637915448216,0.43191964285714285
Mohamedal/put_banana,16,1.0452471554279328,1.1919623613357544,1.385868775844574,12.43579260014589,0.5698164682539683,15.184911613413481,0.5794890873015873,10.46124931078741,0.5691964285714286
Mohamedal/put_banana,17,1.1288576543331146,1.2672762870788574,1.469631600379944,17.58244814865278,0.49255952380952384,24.83143178790925,0.5073164682539683,15.104769437622577,0.49255952380952384
Mohamedal/put_banana,18,1.0529817044734955,1.2011862993240356,1.385832554101944,13.288091357068764,0.3369295634920635,22.120505357107604,0.34250992063492064,9.369679641760099,0.3479662698412698
Mohamedal/put_banana,20,1.0511616826057435,1.189107060432434,1.3750101387500764,10.700572616847603,0.49813988095238093,12.98257596265476,0.5062003968253969,8.035045334350043,0.490203373015873
Mohamedal/put_banana,21,0.950733995437622,1.0855989456176758,1.3497639715671539,23.654342523673215,0.5395585317460317,23.15684335393181,0.5648561507936508,16.08237291944407,0.5606398809523809
Mohamedal/put_banana,22,1.0952678740024566,1.247572124004364,1.4866801321506502,19.346447636908135,0.49776785714285715,22.152697233338774,0.49181547619047616,14.78865635749869,0.4749503968253968
Mohamedal/put_banana,23,0.9579562425613404,1.065389335155487,1.2694251716136933,18.7823701886303,0.4775545634920635,21.907554738608603,0.4728422619047619,14.848143655206446,0.46750992063492064
Mohamedal/put_banana,25,1.1496376156806947,1.2869762182235718,1.6453714728355409,21.181386066383265,0.47061011904761907,25.666643238903028,0.49541170634920634,17.25215220023099,0.46378968253968256
Mohamedal/put_banana,26,1.0473094761371613,1.1807520985603333,1.4468401849269867,15.851182172740895,0.5155009920634921,20.424395149331218,0.5365823412698413,13.827856012108525,0.5073164682539683
Mohamedal/put_banana,27,1.1659650444984435,1.3127464652061462,1.7083140432834625,23.18255275118889,0.5233134920634921,27.880396763147864,0.5298859126984127,19.46205863724787,0.5152529761904762
Mohamedal/put_banana,29,1.050211989879608,1.2435935735702515,1.5780909955501556,24.600497118198376,0.3585069444444444,30.375237354916592,0.37375992063492064,20.29820090787256,0.35714285714285715
Mwuqiu/so100_0408_muti,0,2.140957999229431,3.6239906549453735,4.379154896736145,74.60717597738497,0.6155753968253969,77.54674461569769,0.6656746031746031,71.6126200261068,0.5706845238095238
Mwuqiu/so100_0408_muti,2,1.756829994916916,2.8775243759155273,3.5131398916244505,72.597219075886,0.5915178571428571,75.85834475803472,0.6416170634920635,69.20181822278907,0.5259176587301587
Mwuqiu/so100_0408_muti,5,2.0280272603034972,3.2571051120758057,3.8974087595939637,72.30054608611923,0.6500496031746031,75.52694689852109,0.6939484126984127,68.81661631357119,0.6067708333333334
Mwuqiu/so100_0408_muti,8,1.9386175572872162,3.1334643363952637,3.994619190692902,73.23320695106695,0.5719246031746031,76.46204939058696,0.6339285714285714,70.5606641469854,0.4956597222222222
Mwuqiu/so100_0408_muti,11,1.9134004533290863,3.458997368812561,4.208277440071106,77.34338102184611,0.5875496031746031,79.77412863640325,0.6634424603174603,74.62698454529158,0.5213293650793651
Mwuqiu/so100_0408_muti,14,1.6006919503211976,2.9396697282791138,3.7894586205482486,77.30311041532357,0.6282242063492064,79.47330783731097,0.6801835317460317,74.57931150786274,0.558531746031746
Mwuqiu/so100_0408_muti,16,1.8350243866443634,3.055101752281189,3.881578493118287,75.65199943067344,0.5519593253968254,78.23391687536432,0.6060267857142857,72.67654646949346,0.48921130952380953
Mwuqiu/so100_0408_muti,19,1.7957716941833497,3.2058827877044678,4.031967997550964,77.04210610869261,0.6040426587301587,79.38141163084993,0.6610863095238095,74.70279228204664,0.5450148809523809
Mwuqiu/so100_0408_muti,22,1.9156415700912475,3.326464295387268,4.10851354598999,76.87100237625788,0.6499255952380952,78.92572491286474,0.7105654761904762,74.22815915278488,0.6085069444444444
Mwuqiu/so100_0408_muti,25,2.0995532274246216,3.441453695297241,4.432334566116333,73.75263875808423,0.5700644841269841,77.05690358710761,0.6436011904761905,71.16650110717792,0.5089285714285714
Mwuqiu/so100_0408_muti,28,1.7232810139656067,2.8854564428329468,3.895615112781525,75.84439262121518,0.5484871031746031,78.38428231998778,0.6469494047619048,73.19708683680729,0.4990079365079365
Mwuqiu/so100_0408_muti,31,1.9924268960952758,3.360790252685547,3.9613407254219055,75.25588115823605,0.6326884920634921,77.75873349719096,0.6928323412698413,72.20830202738476,0.576140873015873
Mwuqiu/so100_0408_muti,33,2.020897614955902,3.304807186126709,4.053362774848938,73.77702334135411,0.5584077380952381,76.9869645874222,0.6417410714285714,71.26152717767552,0.4696180555555556
Mwuqiu/so100_0408_muti,36,1.6330414950847625,2.831876039505005,3.515212666988373,75.89872682053691,0.6067708333333334,78.74707326633938,0.6501736111111112,73.78566775209032,0.5326140873015873
Mwuqiu/so100_0408_muti,39,1.9050132989883424,3.4351810216903687,4.394269108772278,77.42216591071309,0.6137152777777778,79.6727109131504,0.6729910714285714,74.7445682004161,0.5458829365079365
Mwuqiu/so100_0408_muti,42,1.746131467819214,3.0302857160568237,4.118305540084839,76.78055080010797,0.5256696428571429,79.76178136391398,0.6189236111111112,74.72423620394154,0.45907738095238093
Mwuqiu/so100_0408_muti,45,1.7997262597084045,3.189491033554077,4.083474922180176,77.37377622729309,0.5729166666666666,80.08113758143337,0.6261160714285714,74.94839580178466,0.4992559523809524
Mwuqiu/so100_0408_muti,48,1.6336034655570983,2.552111506462097,3.7797457337379456,76.01989444095862,0.5143849206349206,78.57692705144638,0.5778769841269841,72.345260684039,0.43936011904761907
Mwuqiu/so100_0408_muti,50,1.6455786526203156,2.9018226861953735,3.743557596206665,77.45536905076112,0.5690724206349206,79.63067114886698,0.6405009920634921,75.19075637144678,0.5086805555555556
Mwuqiu/so100_0408_muti,53,1.8841810941696167,3.3268553018569946,3.936413836479187,75.90339236324394,0.6351686507936508,78.4162185559177,0.6863839285714286,73.26320967995275,0.5763888888888888
Mwuqiu/so100_0408_muti,56,1.654568338394165,2.9752798080444336,3.7283069133758544,76.98652206691528,0.5322420634920635,79.91533435836008,0.6228918650793651,75.06933545579699,0.48288690476190477
Mwuqiu/so100_0408_muti,59,1.6463978588581085,3.168966054916382,3.833239805698395,77.73946123165473,0.6495535714285714,80.10614089106646,0.7065972222222222,75.24836096425484,0.5815972222222222
Mwuqiu/so100_0408_muti,62,1.8035202264785766,3.0499179363250732,3.831085753440857,75.79642175581968,0.6259920634920635,78.22602689219623,0.6824156746031746,73.07524926206075,0.5561755952380952
Mwuqiu/so100_0408_muti,65,1.7537937402725219,3.2738986015319824,4.109759402275086,78.02290200652965,0.6316964285714286,80.28711035206287,0.7113095238095238,75.11338222178537,0.5812251984126984
NONHUMAN-RESEARCH/SOARM100_TASK_VENDA,0,1.7906307637691499,2.3702588081359863,3.1762396812438967,44.16271506818055,0.775421626984127,49.61267897298683,0.8332093253968254,37.20534027080541,0.7433035714285714
NONHUMAN-RESEARCH/SOARM100_TASK_VENDA,6,1.474821013212204,1.9789323210716248,2.783219337463379,42.907953378597526,0.816468253968254,50.02488751859315,0.8482142857142857,37.4617313787707,0.7797619047619048
NONHUMAN-RESEARCH/SOARM100_TASK_VENDA,12,1.3862217843532563,1.7625620365142822,2.547513151168823,37.408088537939165,0.7083333333333334,45.27269326136608,0.7630208333333334,32.538411291108645,0.6901041666666666
NONHUMAN-RESEARCH/SOARM100_TASK_VENDA,19,1.5667606115341186,2.0618817806243896,2.6233694195747375,39.88168962204712,0.7615327380952381,46.24654824987981,0.792906746031746,34.52523751579372,0.730530753968254
NONHUMAN-RESEARCH/SOARM100_TASK_VENDA,25,1.4740666925907135,1.9779531955718994,2.851168203353882,42.908720840996956,0.7739335317460317,48.58145389519944,0.8258928571428571,36.51194715126706,0.740203373015873
NONHUMAN-RESEARCH/SOARM100_TASK_VENDA,32,1.5729664862155914,2.102080225944519,2.8933733463287354,41.93673689468313,0.839905753968254,48.126606524097205,0.8649553571428571,36.53700522726623,0.8056795634920635
NONHUMAN-RESEARCH/SOARM100_TASK_VENDA,38,1.528469544649124,2.0435829162597656,2.9396961808204654,41.207540282704954,0.7881944444444444,48.2871383328344,0.8442460317460317,35.13775308196999,0.7492559523809523
NONHUMAN-RESEARCH/SOARM100_TASK_VENDA,45,1.2557185411453247,1.7236623167991638,2.6496228694915773,44.802498446587876,0.7504960317460317,51.368175285289674,0.8056795634920635,39.06131665115195,0.7108134920634921
NONHUMAN-RESEARCH/SOARM100_TASK_VENDA,51,1.2920641899108887,1.7270956635475159,2.7527076005935673,40.995490010440406,0.7125496031746031,48.22336950181443,0.7646329365079365,35.67730847242879,0.6786954365079365
NONHUMAN-RESEARCH/SOARM100_TASK_VENDA,58,1.2382843792438507,1.732450544834137,2.6257076501846317,44.86207807998172,0.6996527777777778,51.28352322179144,0.7783978174603174,38.25161501522285,0.6722470238095238
NONHUMAN-RESEARCH/SOARM100_TASK_VENDA,64,1.539826887845993,1.9997442960739136,2.7166065335273744,39.77539118062601,0.7198660714285714,46.41125119801918,0.7762896825396826,34.76185618814356,0.7057291666666666
NONHUMAN-RESEARCH/SOARM100_TASK_VENDA,71,1.418011724948883,1.8408553004264832,2.75233108997345,38.71082183045786,0.7248263888888888,44.49745581866025,0.7766617063492064,32.5864189842434,0.6949404761904762
NONHUMAN-RESEARCH/SOARM100_TASK_VENDA,77,1.4748005628585816,1.9989053010940552,2.7191845536231996,42.175416249250475,0.7854662698412699,48.24612977525576,0.8159722222222222,36.70590356556187,0.7419394841269841
NONHUMAN-RESEARCH/SOARM100_TASK_VENDA,84,1.195577871799469,1.656813621520996,2.895745944976807,44.376656248106414,0.6019345238095238,51.3758298062973,0.6505456349206349,39.37699362280162,0.5677083333333334
NONHUMAN-RESEARCH/SOARM100_TASK_VENDA,90,1.5027895748615265,2.110536575317383,3.224225103855133,45.86097869328923,0.6009424603174603,53.84680878012584,0.6571180555555556,40.67760383545108,0.5727926587301587
NONHUMAN-RESEARCH/SOARM100_TASK_VENDA,97,1.3092521607875824,1.851444661617279,3.0070871710777287,45.183332155614764,0.5243055555555556,52.47668241268223,0.5651041666666666,39.69590730651895,0.5014880952380952
NONHUMAN-RESEARCH/SOARM100_TASK_VENDA,103,1.4182020425796509,1.8588756918907166,2.7899172067642217,39.69237826208418,0.6166914682539683,45.841917004897404,0.6408730158730159,33.99431639968505,0.5895337301587301
NONHUMAN-RESEARCH/SOARM100_TASK_VENDA,110,1.4366247713565827,1.9116395115852356,3.2423970460891725,38.22293883779211,0.5736607142857143,44.174581124204366,0.6156994047619048,33.329793691886415,0.5419146825396826
NONHUMAN-RESEARCH/SOARM100_TASK_VENDA,116,1.295597743988037,1.7630965113639832,2.7444992065429723,42.52474906670891,0.6748511904761905,49.16060218124536,0.7206101190476191,37.034343319347464,0.6479414682539683
NONHUMAN-RESEARCH/SOARM100_TASK_VENDA,123,1.0835184395313262,1.48158597946167,3.175751662254334,41.831792107773346,0.6040426587301587,48.13841069688219,0.6361607142857143,34.99834941135504,0.5502232142857143
NONHUMAN-RESEARCH/SOARM100_TASK_VENDA,129,1.8781176686286927,2.5473867654800415,3.1410602927207947,43.70477465864006,0.6471974206349206,49.97138898558264,0.6976686507936508,37.90981211119513,0.6124751984126984
NONHUMAN-RESEARCH/SOARM100_TASK_VENDA,136,1.0861785352230071,1.5069235563278198,3.4623178839683537,46.66270005125968,0.6378968253968254,52.909272540325574,0.7034970238095238,40.7290128468141,0.595734126984127
NONHUMAN-RESEARCH/SOARM100_TASK_VENDA,142,1.4145111083984374,1.951235055923462,3.324085140228272,45.046931017208266,0.6455853174603174,52.29294801061196,0.7286706349206349,39.05000482049314,0.6164434523809523
NONHUMAN-RESEARCH/SOARM100_TASK_VENDA,149,1.29279465675354,1.7707284092903137,3.3287863016128543,47.66594890937981,0.6722470238095238,54.146166724630746,0.7127976190476191,42.02281525868455,0.6245039682539683
Odog16/so100_cube_drop_pick_v1,0,1.1074813783168793,1.4579766988754272,2.010794723033905,15.08385202141126,0.38578869047619047,21.31995012984666,0.3943452380952381,14.495417495856566,0.3851686507936508
Odog16/so100_cube_drop_pick_v1,1,1.2992525100708008,1.7669386267662048,2.255835402011871,17.020994533544165,0.3967013888888889,19.096190302854193,0.40637400793650796,12.50561577225078,0.38070436507936506
Odog16/so100_cube_drop_pick_v1,3,1.4286238372325897,2.0941325426101685,2.3647314786911013,23.40144107377151,0.30282738095238093,26.860887152670745,0.32688492063492064,17.80073152160996,0.32180059523809523
Odog16/so100_cube_drop_pick_v1,5,1.3419931828975677,1.900169849395752,2.187894582748413,22.917682529844612,0.3111359126984127,28.15076227389949,0.34858630952380953,19.87366630097173,0.3353174603174603
Odog16/so100_cube_drop_pick_v1,6,1.088038021326065,1.5832074880599976,1.9749527454376221,32.8052162512211,0.4146825396825397,43.386991890577264,0.46279761904761907,29.291831126370056,0.39806547619047616
Odog16/so100_cube_drop_pick_v1,8,1.4126405477523805,2.159816861152649,2.569872295856476,8.053811878171803,0.40612599206349204,12.202336255630536,0.3912450396825397,6.893383686627481,0.41803075396825395
Odog16/so100_cube_drop_pick_v1,10,1.4616651356220245,1.8733361959457397,2.0534399628639224,10.007576541182067,0.4480406746031746,13.707430437420344,0.44928075396825395,11.76029853067701,0.4410962301587302
Odog16/so100_cube_drop_pick_v1,11,1.431870174407959,1.862024188041687,2.144007074832916,12.846474699730207,0.39732142857142855,13.167275671189694,0.38678075396825395,10.834634929491257,0.38851686507936506
Odog16/so100_cube_drop_pick_v1,13,1.307033395767212,1.8535261154174805,2.284466636180878,23.188086901398005,0.2620287698412698,28.601712331294294,0.27021329365079366,20.647731614732617,0.259796626984127
Odog16/so100_cube_drop_pick_v1,15,1.2008175611495973,1.6523333191871643,2.2406780123710632,24.966358685931898,0.5405505952380952,29.76198700221026,0.5539434523809523,19.129972695015873,0.5224454365079365
Odog16/so100_cube_drop_pick_v1,16,1.1289923250675202,1.436511516571045,1.9642138600349428,35.91401375508009,0.2666170634920635,31.152857624680017,0.26686507936507936,19.510196540440923,0.25111607142857145
Odog16/so100_cube_drop_pick_v1,18,1.1535959661006927,1.3367955088615417,2.1422051548957826,7.3723270220073,0.35553075396825395,9.347607318692953,0.35342261904761907,10.830528236292862,0.3549107142857143
Odog16/so100_cube_drop_pick_v1,20,1.1069766581058502,1.3838531970977783,1.769766014814377,21.845092044358307,0.2977430555555556,36.344693818027956,0.28521825396825395,19.243415255539173,0.2935267857142857
Odog16/so100_cube_drop_pick_v1,22,1.0776929438114167,1.3011544942855835,1.637988442182541,17.471031201816757,0.3566468253968254,23.266030977953882,0.3540426587301587,15.482665231690888,0.35825892857142855
Odog16/so100_cube_drop_pick_v1,23,1.1630998015403748,1.4284818172454834,1.7470477223396301,6.623682024693492,0.3618551587301587,2.9236893953421994,0.35788690476190477,3.634965338196599,0.36569940476190477
Odog16/so100_cube_drop_pick_v1,25,0.9923888593912125,1.3459723591804504,1.7766633927822113,12.666539233104624,0.39818948412698413,16.150541796339667,0.39521329365079366,11.890499792545109,0.3758680555555556
Odog16/so100_cube_drop_pick_v1,27,1.171528971195221,1.485221803188324,2.092361044883728,15.691698300822836,0.40513392857142855,21.966260832102122,0.40339781746031744,14.676093140945463,0.39694940476190477
Odog16/so100_cube_drop_pick_v1,28,1.0809296369552612,1.3848401308059692,2.03321053981781,10.833999037835994,0.3681795634920635,9.815460548301001,0.36259920634920634,5.762079453578821,0.3619791666666667
Odog16/so100_cube_drop_pick_v1,30,1.1332265973091125,1.609005868434906,2.0016544222831727,27.709366459026537,0.41418650793650796,35.36947453191004,0.4273313492063492,24.86369677406323,0.39806547619047616
Odog16/so100_cube_drop_pick_v1,32,1.1265498757362367,1.5770393013954163,2.299334371089935,27.554062710216844,0.26240079365079366,78.41992164005423,0.24925595238095238,20.863584705660806,0.25310019841269843
Odog16/so100_cube_drop_pick_v1,33,0.918849590420723,1.3084675073623657,1.6451810002326965,32.45133409687959,0.2935267857142857,42.28169181641256,0.3023313492063492,29.473229225105353,0.2867063492063492
Odog16/so100_cube_drop_pick_v1,35,1.1507506132125855,1.4334704279899597,2.0362937688827514,13.501275399282534,0.4982638888888889,16.605364427238452,0.4992559523809524,11.068558178012756,0.49516369047619047
Odog16/so100_cube_drop_pick_v1,37,1.0685801029205322,1.41981440782547,1.8138590574264526,29.339393578350904,0.4368799603174603,39.2521355607206,0.42671130952380953,23.940926126241564,0.40811011904761907
Odog16/so100_cube_drop_pick_v1,39,1.2885540664196014,1.8479238748550415,2.2726991891860964,20.431792220694966,0.37785218253968256,24.446942436952536,0.39050099206349204,16.92087698265164,0.37624007936507936
Odog16/so100_cube_stacking_v1,0,1.0417809903621673,1.2590067982673645,2.2900346994400023,24.485203629296617,0.4908234126984127,28.43900083973962,0.5040922619047619,18.69948260662225,0.4636656746031746
Odog16/so100_cube_stacking_v1,2,1.598350340127945,2.0943591594696045,2.584421229362488,4.233783213932934,0.5842013888888888,6.963818795835316,0.5765128968253969,4.105129768711314,0.5838293650793651
Odog16/so100_cube_stacking_v1,4,1.5349080383777618,1.7430448532104492,1.9802237510681153,19.460213567618542,0.4548611111111111,23.474249904164758,0.4603174603174603,17.716543206981445,0.44655257936507936
Odog16/so100_cube_stacking_v1,6,1.014085865020752,1.2397516369819641,1.413492900133133,7.410315175106396,0.2604166666666667,12.322385606479756,0.2709573412698413,5.73504184256745,0.27306547619047616
Odog16/so100_cube_stacking_v1,8,1.1797798931598664,1.390631377696991,1.6663452446460725,18.0549618915376,0.4565972222222222,22.396078936625464,0.4723462301587302,16.118602206691513,0.45089285714285715
Odog16/so100_cube_stacking_v1,10,1.4181227326393127,1.5825797319412231,1.7899531722068787,10.464822349790982,0.5081845238095238,14.07106906705998,0.5048363095238095,8.848753556959416,0.5064484126984127
Odog16/so100_cube_stacking_v1,12,1.1434730112552642,1.2983418703079224,1.552125197649002,15.768036564418715,0.33482142857142855,21.030449444368525,0.3359375,12.615072071860634,0.330109126984127
Odog16/so100_cube_stacking_v1,14,1.3121019899845123,1.4429852962493896,1.7717650473117827,18.016178988034955,0.4623015873015873,21.780250188319545,0.47023809523809523,13.434219302832762,0.47619047619047616
Odog16/so100_cube_stacking_v1,17,1.5209440767765046,1.7597245573997498,2.014691114425659,15.39833891266732,0.5159970238095238,18.35193213242424,0.5262896825396826,12.219677124887575,0.5178571428571429
Odog16/so100_cube_stacking_v1,19,1.7103062450885773,2.034138798713684,2.349436604976654,13.874659791029313,0.49330357142857145,17.121924300301423,0.5027281746031746,11.66634830147402,0.4975198412698413
Odog16/so100_cube_stacking_v1,21,1.5004530668258667,1.6986502408981323,2.049210250377655,10.819909118620833,0.5128968253968254,11.481338338547136,0.5091765873015873,8.494424565860735,0.5017361111111112
Odog16/so100_cube_stacking_v1,23,1.6116461098194121,1.9918583035469055,2.223565101623535,7.389500158136254,0.511656746031746,9.237482814364522,0.5213293650793651,6.410531593725213,0.5172371031746031
Odog16/so100_cube_stacking_v1,25,1.4741231441497802,1.9015607833862305,2.134860146045685,20.72188730076778,0.42981150793650796,21.939878936358383,0.4381200396825397,18.77292791364655,0.4154265873015873
Odog16/so100_cube_stacking_v1,27,0.860194331407547,1.104272723197937,1.3214833736419678,11.526852846987847,0.20982142857142858,16.690060446402843,0.21825396825396826,9.058961958783776,0.21688988095238096
Odog16/so100_cube_stacking_v1,29,1.5565491020679474,1.827885389328003,2.08433837890625,13.291270615134778,0.4487847222222222,16.413635474551363,0.44990079365079366,13.571572259008487,0.44060019841269843
Odog16/so100_cube_stacking_v1,31,1.500694066286087,1.7700871229171753,2.073353886604309,11.389113887049467,0.5017361111111112,15.91169719582762,0.49851190476190477,10.828365243965035,0.5017361111111112
Odog16/so100_cube_stacking_v1,34,1.5396698057651519,1.7440351843833923,1.998118507862091,14.281339557760544,0.4993799603174603,17.52921236227052,0.5028521825396826,12.542389108540604,0.49441964285714285
Odog16/so100_cube_stacking_v1,36,1.1065212905406951,1.268566608428955,1.5038851618766784,14.43043931628064,0.29650297619047616,34.327391854625276,0.29811507936507936,11.192340790430013,0.2961309523809524
Odog16/so100_cube_stacking_v1,38,1.7232385516166686,1.9940313696861267,2.287576150894165,14.294056685002136,0.5396825396825397,15.938619018396937,0.5369543650793651,11.697264843234287,0.5493551587301587
Odog16/so100_cube_stacking_v1,40,1.37408367395401,1.6566131711006165,1.890798443555832,15.23186858974708,0.5184771825396826,17.66967419107153,0.5174851190476191,12.128812149354586,0.5158730158730159
Odog16/so100_cube_stacking_v1,42,1.641337949037552,1.8693251013755798,2.226866579055786,18.678913240572175,0.5497271825396826,26.159705920715115,0.5457589285714286,18.019215258372782,0.5297619047619048
Odog16/so100_cube_stacking_v1,44,1.2323825716972352,1.860088050365448,2.1552717208862306,13.041517598957755,0.46416170634920634,12.90154650404152,0.47172619047619047,8.23580513311057,0.46391369047619047
Odog16/so100_cube_stacking_v1,46,1.5576815485954285,1.7832825183868408,2.075383925437927,9.464480741317542,0.4869791666666667,13.687672218243835,0.4740823412698413,7.964051562855418,0.4878472222222222
Odog16/so100_cube_stacking_v1,49,1.4044572591781617,1.642549455165863,1.9305269777774812,14.27973356085559,0.43365575396825395,17.275144351239085,0.44208829365079366,10.743782855034882,0.43191964285714285
RasmusP/so100_Orange2Green,0,1.6050919234752654,1.9211105108261108,2.341795468330383,15.815496674687827,0.48425099206349204,20.254633886461853,0.47643849206349204,10.76828520154772,0.46068948412698413
RasmusP/so100_Orange2Green,2,1.4654362380504609,1.7223272323608398,2.388536047935486,20.499245602306093,0.4880952380952381,25.60328057900632,0.4992559523809524,19.078060322712656,0.4548611111111111
RasmusP/so100_Orange2Green,4,1.422270369529724,1.6642335057258606,2.393534982204437,22.34477981122492,0.4972718253968254,25.609365059511365,0.5037202380952381,17.96730978092948,0.48759920634920634
RasmusP/so100_Orange2Green,6,1.4428166151046753,1.680234968662262,2.7035367131233214,21.208458060230743,0.39620535714285715,20.059038754660936,0.39632936507936506,17.614651129524304,0.39050099206349204
RasmusP/so100_Orange2Green,8,1.4198026478290557,1.660768449306488,2.692411959171295,14.961716411894454,0.46837797619047616,20.34669816187794,0.48648313492063494,12.091110573238202,0.4765625
RasmusP/so100_Orange2Green,10,1.441283392906189,1.8058470487594604,2.4212839245796203,22.49306922208694,0.4515128968253968,23.457448974741496,0.4382440476190476,17.304526032816725,0.4479166666666667
RasmusP/so100_Orange2Green,12,1.4832361698150636,1.8008989095687866,2.505006754398346,19.336497179248337,0.46564980158730157,23.546880500822233,0.4836309523809524,15.14608830033793,0.4755704365079365
RasmusP/so100_Orange2Green,14,1.5701661825180053,1.972450613975525,2.404921841621399,23.14567280429926,0.49181547619047616,23.109485548743727,0.46837797619047616,17.157662360025423,0.4739583333333333
RasmusP/so100_Orange2Green,17,1.4684914708137513,1.9562031030654907,2.5249833464622498,22.757839855432685,0.4833829365079365,25.860787769396588,0.49243551587301587,18.00586301423232,0.48288690476190477
RasmusP/so100_Orange2Green,19,1.5747320175170898,2.002485752105713,2.3664690494537357,24.572983990306042,0.4791666666666667,28.127800261428167,0.5145089285714286,17.896220238216625,0.4800347222222222
RasmusP/so100_Orange2Green,21,1.6468073785305024,1.9026813507080078,2.340096426010132,16.437355409642155,0.43266369047619047,18.144036091942443,0.4365079365079365,11.99509721358937,0.4358878968253968
RasmusP/so100_Orange2Green,23,1.7080413579940796,2.053589701652527,2.4455006957054137,13.686373253675095,0.43191964285714285,15.096969699328865,0.43092757936507936,11.808190520399268,0.4409722222222222
RasmusP/so100_Orange2Green,25,1.5292238414287567,1.8617351055145264,2.1342913031578066,17.08962368949569,0.4548611111111111,20.845031545525462,0.46143353174603174,12.366745517305125,0.43563988095238093
RasmusP/so100_Orange2Green,27,1.452463537454605,1.8331712484359741,2.1774391889572144,22.399861161369795,0.5228174603174603,28.10898914649249,0.5189732142857143,18.38584101114236,0.5189732142857143
RasmusP/so100_Orange2Green,29,1.4294320523738862,1.8761311173439026,2.1751421451568604,20.51463844605016,0.47842261904761907,24.017638524306832,0.4904513888888889,16.686361875220243,0.46577380952380953
RasmusP/so100_Orange2Green,31,1.589190512895584,1.8805307149887085,2.1371515870094298,17.465399612432336,0.4703621031746032,20.53231828830403,0.47098214285714285,12.486028198581959,0.46750992063492064
RasmusP/so100_Orange2Green,34,1.383351457118988,1.6256677508354187,2.7064271092414858,24.94550814319813,0.5106646825396826,29.569088511934755,0.5074404761904762,22.58379615625148,0.47507440476190477
RasmusP/so100_Orange2Green,36,1.5137162864208222,1.8191547989845276,2.2094011425971987,21.4291785503404,0.5128968253968254,24.77257102758481,0.5168650793650794,18.526660368490834,0.5074404761904762
RasmusP/so100_Orange2Green,38,1.5990342319011688,2.0071442127227783,2.1997167825698853,23.530752939650487,0.5328621031746031,26.74840368810511,0.5460069444444444,18.269732089158733,0.5311259920634921
RasmusP/so100_Orange2Green,40,1.595879364013672,2.0580577850341797,2.30391606092453,21.170230288244884,0.4789186507936508,26.23268103385039,0.4827628968253968,16.27788505785895,0.47867063492063494
RasmusP/so100_Orange2Green,42,1.5353863179683684,1.799045979976654,2.6520578980445864,21.117770212747146,0.40513392857142855,25.996220256267865,0.42311507936507936,17.27506384994907,0.4134424603174603
RasmusP/so100_Orange2Green,44,1.6722054958343506,1.939529001712799,2.5028875946998594,22.02324265474083,0.4730902777777778,26.98042704714344,0.4626736111111111,19.22144634066634,0.439484126984127
RasmusP/so100_Orange2Green,46,1.477209323644638,1.7852230072021484,2.4453003287315367,24.858887959414403,0.44481646825396826,29.83401449756923,0.4489087301587302,20.56013818760437,0.43464781746031744
RasmusP/so100_Orange2Green,49,1.6212643623352052,2.041924834251404,2.4588929533958437,24.29901769018924,0.5079365079365079,26.923803371068004,0.5318700396825397,18.930903002866128,0.5161210317460317
VoicAndrei/so100_banana_to_plate_only,0,0.8166149139404297,0.9372774362564087,1.036616575717926,4.872304507744167,0.46044146825396826,2.2773542823393886,0.45523313492063494,1.0601714279313648,0.45610119047619047
VoicAndrei/so100_banana_to_plate_only,5,0.7747193366289139,0.9127134680747986,0.9573782116174698,3.30931892666867,0.4469246031746032,8.253428399313567,0.45014880952380953,3.977787413035222,0.4361359126984127
VoicAndrei/so100_banana_to_plate_only,10,0.7743933171033859,0.8566607236862183,0.9665014773607254,5.5282907727511486,0.43253968253968256,6.681431425849104,0.43117559523809523,4.4828806113427655,0.43018353174603174
VoicAndrei/so100_banana_to_plate_only,15,0.7650800377130509,0.8970295786857605,0.9411496728658676,3.678551476402273,0.4283234126984127,4.787083576366381,0.421875,3.183461282246439,0.43291170634920634
VoicAndrei/so100_banana_to_plate_only,20,0.9226868033409119,1.1076598167419434,1.1989728033542633,2.6748124586535513,0.45200892857142855,2.4359030037338925,0.4601934523809524,2.2161135496627997,0.46217757936507936
VoicAndrei/so100_banana_to_plate_only,25,0.8246750921010971,0.92519211769104,0.9817160993814469,2.1443885614194977,0.47185019841269843,2.3797325862120506,0.4728422619047619,1.7559116736168199,0.47780257936507936
VoicAndrei/so100_banana_to_plate_only,31,0.6666219681501389,0.9312198162078857,0.9874299854040146,2.999112982288475,0.4079861111111111,6.311120675102897,0.4156746031746032,2.9438404043486863,0.42212301587301587
VoicAndrei/so100_banana_to_plate_only,36,0.7585506945848465,0.8801327049732208,0.9425730973482132,5.226972385093356,0.44221230158730157,6.880396552443673,0.4572172619047619,4.516615974510344,0.4409722222222222
VoicAndrei/so100_banana_to_plate_only,41,0.8526984065771103,0.9528167843818665,1.018662041425705,2.056332212392541,0.5285218253968254,3.355846939236582,0.5221974206349206,2.740240349026443,0.5114087301587301
VoicAndrei/so100_banana_to_plate_only,46,0.8434800922870636,0.9391061663627625,0.9996383458375931,7.594942975577932,0.39794146825396826,8.004030346974554,0.3852926587301587,7.249548438780795,0.39012896825396826
VoicAndrei/so100_banana_to_plate_only,51,0.8081757217645645,0.9338013231754303,0.9870427131652832,2.4222854901657067,0.4554811507936508,2.2211418860945114,0.4547371031746032,1.5491446944750666,0.4496527777777778
VoicAndrei/so100_banana_to_plate_only,56,0.777695432305336,0.856438547372818,0.8993031442165375,2.734018571423771,0.4895833333333333,0.39067068775520747,0.5079365079365079,2.085628035710078,0.49243551587301587
VoicAndrei/so100_banana_to_plate_only,62,0.7311346977949142,0.863042414188385,0.9538825929164887,6.202638539509394,0.40054563492063494,8.57736937679652,0.419890873015873,4.031577672914461,0.3960813492063492
VoicAndrei/so100_banana_to_plate_only,67,0.9607689768075943,1.051792025566101,1.1021890699863435,8.03602256088422,0.4087301587301587,10.31612307741004,0.40587797619047616,7.039824406471048,0.40947420634920634
VoicAndrei/so100_banana_to_plate_only,72,0.9013798326253891,1.1190373301506042,1.2149727106094361,11.850122416277344,0.3929811507936508,14.919805970099342,0.39446924603174605,9.636168150882249,0.3916170634920635
VoicAndrei/so100_banana_to_plate_only,77,0.8738019078969955,1.0119222402572632,1.1201701223850251,6.227527540465892,0.4439484126984127,7.970728528416722,0.4365079365079365,4.917490532923705,0.4437003968253968
VoicAndrei/so100_banana_to_plate_only,82,0.7170950293540954,0.8728365302085876,0.933712151646614,1.1728647385149051,0.47643849206349204,2.8653252301726244,0.47668650793650796,1.6756134785706782,0.46478174603174605
VoicAndrei/so100_banana_to_plate_only,87,0.8545409947633743,0.9521148204803467,1.027450865507126,1.5293111986270043,0.36706349206349204,4.800242504769841,0.35441468253968256,1.4016525465793233,0.35553075396825395
VoicAndrei/so100_banana_to_plate_only,93,0.8333017289638519,0.9652209579944611,1.0475262224674224,6.21182969483403,0.4045138888888889,3.965263224843942,0.42075892857142855,3.110742346199005,0.4113343253968254
VoicAndrei/so100_banana_to_plate_only,98,0.7499120354652404,0.840634822845459,0.8927571833133697,1.6393663647633494,0.4072420634920635,1.408754859424502,0.41282242063492064,1.868440847745933,0.41096230158730157
VoicAndrei/so100_banana_to_plate_only,103,0.7386282742023468,0.8607523739337921,0.9455010145902634,4.9521091243887945,0.40612599206349204,5.793864721659113,0.41530257936507936,4.476321880420453,0.41517857142857145
VoicAndrei/so100_banana_to_plate_only,108,0.8499853581190109,0.9764277040958405,1.0670421421527863,6.854692191897751,0.35949900793650796,2.429869141718717,0.3609871031746032,6.087017528745143,0.33816964285714285
VoicAndrei/so100_banana_to_plate_only,113,0.8508544236421585,0.9694135189056396,1.0659676492214203,4.320646276391167,0.38764880952380953,2.5505986046311127,0.3804563492063492,3.933878148328791,0.38851686507936506
VoicAndrei/so100_banana_to_plate_only,119,0.7641153454780578,0.8642291128635406,0.9195679038763046,2.298909889762271,0.4807787698412698,3.176566232791178,0.4827628968253968,2.604890879264719,0.45882936507936506
ZGGZZG/so100_drop0,0,0.9439355164766312,1.0843974351882935,1.2773620545864106,21.893491365969126,0.4790426587301587,25.360212304953173,0.49206349206349204,18.041822679182456,0.4826388888888889
ZGGZZG/so100_drop0,1,1.3303462028503419,1.6363720893859863,1.91349977850914,21.48573421795968,0.5967261904761905,26.05634469894568,0.6143353174603174,17.579531135352454,0.5931299603174603
ZGGZZG/so100_drop0,2,1.0943785965442658,1.2694151997566223,1.4390916883945466,19.31716994231327,0.7413194444444444,23.195215268383397,0.7516121031746031,16.16351389027985,0.7478918650793651
ZGGZZG/so100_drop0,4,1.3585645794868468,1.4387189149856567,1.5040731251239776,7.544650028096779,0.5752728174603174,8.612058687890512,0.5880456349206349,6.340473018189604,0.6101190476190477
ZGGZZG/so100_drop0,5,1.1191393911838532,1.259003758430481,1.391435718536377,15.356792969411686,0.5713045634920635,19.56255573652873,0.5777529761904762,12.792619672613105,0.5715525793650794
ZGGZZG/so100_drop0,6,1.5200187921524049,1.6703989505767822,1.763654500246048,12.089855120534986,0.5913938492063492,12.878935771037531,0.6108630952380952,9.921369015261856,0.6204117063492064
ZGGZZG/so100_drop0,8,1.075793719291687,1.2174912691116333,1.3985010445117951,21.01974088899248,0.4992559523809524,25.365992448392582,0.5343501984126984,17.256262586808926,0.5231894841269841
ZGGZZG/so100_drop0,9,1.2297118782997132,1.3746702671051025,1.5499974608421325,17.006895519330843,0.564484126984127,20.936082476501934,0.5832093253968254,14.898608306954385,0.5708085317460317
ZGGZZG/so100_drop0,11,0.9137382537126542,0.9850574135780334,1.0678553104400634,15.41772217355828,0.6460813492063492,19.872671727890538,0.6526537698412699,12.96391050323504,0.6458333333333334
ZGGZZG/so100_drop0,12,1.152214652299881,1.3487269878387451,1.6011998891830443,20.400689632805047,0.43774801587301587,24.73067001952893,0.45634920634920634,17.372812074242173,0.44134424603174605
ZGGZZG/so100_drop0,13,1.5677742958068848,1.7968888878822327,2.0783029198646545,25.037166089537827,0.4799107142857143,29.777875370284953,0.49094742063492064,20.94970703372106,0.47532242063492064
ZGGZZG/so100_drop0,15,1.6403705179691315,1.7576330304145813,1.901019424200058,5.796502835342108,0.46279761904761907,13.772177081854323,0.4806547619047619,4.712724521235701,0.47606646825396826
ZGGZZG/so100_drop0,16,1.1306538045406342,1.324013352394104,1.4741751849651337,15.36013254175366,0.5834573412698413,18.960617960731618,0.5910218253968254,12.353423680865355,0.5807291666666666
ZGGZZG/so100_drop0,18,1.0399821996688843,1.1825875043869019,1.3262500703334807,19.039478929530016,0.7373511904761905,21.451834673882857,0.7424355158730159,15.828798715993656,0.7374751984126984
ZGGZZG/so100_drop0,19,1.1856536567211151,1.312490701675415,1.4406224846839906,12.67258067491878,0.5182291666666666,13.331155873466681,0.5127728174603174,10.352902078857642,0.5109126984126984
ZGGZZG/so100_drop0,20,0.8465930163860321,0.8611055314540863,0.8958757609128952,8.384711458096278,0.6498015873015873,12.219596450733542,0.6324404761904762,6.741597936819675,0.6416170634920635
ZGGZZG/so100_drop0,22,1.1390338957309722,1.254482924938202,1.379990315437317,16.85618653157346,0.6691468253968254,19.998562824832547,0.6610863095238095,14.347516225867372,0.6571180555555556
ZGGZZG/so100_drop0,23,1.0431884050369262,1.0970690846443176,1.1620199263095856,10.887611466277061,0.5579117063492064,14.453594578163521,0.5596478174603174,9.345357286180064,0.5618799603174603
ZGGZZG/so100_drop0,25,1.281131809949875,1.4674295783042908,1.6000231981277466,14.803219277965987,0.5993303571428571,18.82576702165032,0.6023065476190477,11.941194909526494,0.5902777777777778
ZGGZZG/so100_drop0,26,1.3021504759788514,1.6201651096343994,1.7938355803489685,18.05817914838887,0.4915674603174603,22.30399826306686,0.5057043650793651,13.696703895146864,0.49206349206349204
ZGGZZG/so100_drop0,27,1.0063980996608735,1.0800663232803345,1.178211224079132,11.950665310432157,0.5628720238095238,14.707736649017075,0.5669642857142857,9.761505676757551,0.5646081349206349
ZGGZZG/so100_drop0,29,1.3053565680980683,1.4317266941070557,1.6441971063613892,16.31192872597058,0.5672123015873016,20.001758022197112,0.5720486111111112,13.295770811194904,0.5466269841269841
ZGGZZG/so100_drop0,30,1.3031064867973328,1.392400324344635,1.4946892499923705,5.833748386955473,0.5479910714285714,6.972207671195429,0.5421626984126984,4.446732169647214,0.5364583333333334
ZGGZZG/so100_drop0,32,1.179034459590912,1.3437065482139587,1.5435020804405213,20.887668780445694,0.5896577380952381,24.798630817529315,0.5992063492063492,17.51901609203821,0.5952380952380952
ad330/cubePlace,0,0.7019271165132522,0.8125074207782745,0.8548910707235337,9.343317072987144,0.28125,11.137560788032483,0.28782242063492064,7.219011676503255,0.28596230158730157
ad330/cubePlace,2,0.7444415837526321,0.8537795841693878,0.8944126158952713,7.310214489857436,0.30753968253968256,12.536962471673009,0.3400297619047619,8.169525835417877,0.32862103174603174
ad330/cubePlace,4,0.7544948756694794,0.8774880766868591,0.9165279686450958,5.230120326404597,0.31646825396825395,7.539264025546853,0.32068452380952384,4.993986690609079,0.3177083333333333
ad330/cubePlace,6,0.8396196246147156,1.0037503838539124,1.0494442760944367,5.9004325028943985,0.4029017857142857,7.5953822236728845,0.40500992063492064,5.600841912723273,0.3974454365079365
ad330/cubePlace,8,0.8160734683275223,0.9741335213184357,1.019164890050888,8.850507257703546,0.35553075396825395,10.4373164518947,0.35280257936507936,6.286842007724015,0.34089781746031744
ad330/cubePlace,10,0.8239869266748429,0.9826802909374237,1.0256049454212188,4.611166508443736,0.34052579365079366,5.280863695076268,0.3263888888888889,5.271504900217295,0.31039186507936506
ad330/cubePlace,12,0.7238021343946457,0.866864025592804,0.9048066854476928,4.6339221881999935,0.5472470238095238,5.428200110059648,0.5472470238095238,4.155437771860965,0.5445188492063492
ad330/cubePlace,14,0.6938898056745529,0.7636916041374207,0.8178446918725968,9.137510513182985,0.36681547619047616,10.897045431072796,0.37115575396825395,7.959884881571459,0.36731150793650796
ad330/cubePlace,17,0.6141285330057145,0.7668769657611847,0.8017788916826248,5.7037202361121615,0.47333829365079366,6.853690639817896,0.4670138888888889,5.245981183564547,0.4835069444444444
ad330/cubePlace,19,0.6210446268320083,0.7077920734882355,0.7444564372301101,0.2654081917510314,0.328125,12.357126495748156,0.314484126984127,1.5883153713464073,0.3213045634920635
ad330/cubePlace,21,0.6502869904041291,0.7230541408061981,0.7629643619060517,7.548550541015377,0.38504464285714285,8.707051594021703,0.3900049603174603,5.610631036422386,0.39831349206349204
ad330/cubePlace,23,0.5186083763837814,0.6343687772750854,0.6612542808055878,5.69188730385089,0.5064484126984127,6.487275910414089,0.5189732142857143,3.802820668465542,0.5028521825396826
ad330/cubePlace,25,0.6632276087999344,0.7577042281627655,0.8100059330463409,3.0425959646199394,0.4243551587301587,5.872427627378696,0.4337797619047619,4.042104629066785,0.43080357142857145
ad330/cubePlace,27,0.6485125392675399,0.7867934703826904,0.8506556421518325,8.645746630079158,0.45808531746031744,11.019228881142073,0.46143353174603174,7.558241140887448,0.46106150793650796
ad330/cubePlace,29,0.7237900137901306,0.8758479952812195,0.9163465887308121,4.750152323460357,0.5208333333333334,7.6144007023998235,0.5243055555555556,4.584326224175392,0.5230654761904762
ad330/cubePlace,31,0.8827815026044845,0.9650852382183075,1.0068385541439056,3.4463966436033373,0.47966269841269843,4.9580398514558315,0.47606646825396826,3.14653401177134,0.46056547619047616
ad330/cubePlace,34,0.8417477071285248,1.0148420333862305,1.0575267255306244,5.277337521478648,0.3294890873015873,7.497006011729801,0.34164186507936506,5.032442191809867,0.3179563492063492
ad330/cubePlace,36,0.8284505903720856,0.9291341006755829,0.965300053358078,5.019929549999129,0.4603174603174603,6.231021089258018,0.47023809523809523,3.4790215733694145,0.45424107142857145
ad330/cubePlace,38,0.8593245446681976,0.9441994726657867,0.9893023371696472,5.996001496730918,0.4146825396825397,6.986737747752177,0.4097222222222222,4.763700906022601,0.4181547619047619
ad330/cubePlace,40,0.924963253736496,1.067653477191925,1.1067045867443084,3.6771140174806694,0.4513888888888889,4.964871181433277,0.46081349206349204,3.162421574797617,0.44506448412698413
ad330/cubePlace,42,0.9073298037052154,0.9719742238521576,1.0081674039363862,3.803747408868582,0.4314236111111111,4.667155686687299,0.4193948412698413,3.667623355730427,0.4286954365079365
ad330/cubePlace,44,0.9943694233894348,1.0974395871162415,1.1406019151210784,2.0990041705986062,0.4368799603174603,3.194817869589712,0.4619295634920635,2.0008583300154523,0.45362103174603174
ad330/cubePlace,46,0.8045166552066803,0.9670447409152985,1.0124339163303375,8.166401001469852,0.2744295634920635,7.514052480939434,0.28447420634920634,4.680190630030867,0.2796378968253968
ad330/cubePlace,49,0.6621899724006652,0.8790936172008514,0.9161619424819947,4.748172406360379,0.4930555555555556,4.06090734022369,0.4908234126984127,2.7285718543740107,0.4911954365079365
aimihat/so100_tape,0,0.6242559671401977,0.9729695916175842,3.953948915004732,65.60774076923279,0.4928075396825397,70.27890511764312,0.5694444444444444,61.179561166737784,0.4470486111111111
aimihat/so100_tape,1,0.6582378715276718,1.0916706323623657,3.9229785561561585,67.0513686425849,0.5720486111111112,70.92675039015579,0.6664186507936508,62.257873375088266,0.5081845238095238
aimihat/so100_tape,2,0.655373004078865,1.0754429697990417,5.658838820457459,66.95518489831657,0.5265376984126984,71.02718345841731,0.6075148809523809,62.450107437288345,0.46378968253968256
aimihat/so100_tape,3,0.6308359324932098,0.9754990637302399,3.8780110836029054,64.46150116268717,0.515625,69.19551824326864,0.6046626984126984,58.982595709177325,0.4487847222222222
aimihat/so100_tape,5,0.6815074652433395,1.086016595363617,4.341462016105652,63.34017868591281,0.5750248015873016,68.27305446928757,0.6485615079365079,58.72649643308939,0.5167410714285714
aimihat/so100_tape,6,0.6554957240819931,0.9925874173641205,3.5029343962669373,64.95172765825677,0.5283978174603174,69.4602130313111,0.5970982142857143,60.64509977728765,0.47172619047619047
aimihat/so100_tape,7,0.6275902569293976,1.002124547958374,2.6083322286605837,65.83326516884608,0.558655753968254,70.08799675367428,0.6369047619047619,61.09487968803138,0.4965277777777778
aimihat/so100_tape,8,0.7002851784229278,1.1358648538589478,2.893404221534729,65.81139018538362,0.5685763888888888,70.03664304289089,0.6312003968253969,61.446394712526086,0.5084325396825397
aimihat/so100_tape,10,0.7697517544031143,1.1790912747383118,5.579210662841799,64.69394912340648,0.5772569444444444,68.69270132198326,0.6479414682539683,59.63681121564161,0.5288938492063492
aimihat/so100_tape,11,0.674791407585144,1.0747219920158386,2.502069687843323,63.77759319577081,0.5472470238095238,68.50288771630667,0.6082589285714286,59.57321355465579,0.5027281746031746
aimihat/so100_tape,12,0.709195339679718,1.101723551750183,3.4176923751831056,65.79228791911937,0.574280753968254,70.12397365002478,0.6309523809523809,61.274720287697015,0.4911954365079365
aimihat/so100_tape,13,0.7201588153839111,1.1759176850318909,3.268569266796112,66.51017442972888,0.5491071428571429,70.90549460600488,0.626984126984127,62.52520467872561,0.49950396825396826
aimihat/so100_tape,15,0.6590210109949112,1.0410358309745789,3.627620577812195,65.74154367644009,0.5484871031746031,70.11118328536239,0.6287202380952381,61.80205861256475,0.48834325396825395
aimihat/so100_tape,16,0.7089046210050582,1.1666049361228943,2.7452896714210513,66.24392458470408,0.5383184523809523,70.15055338991209,0.6304563492063492,61.90885774208471,0.4740823412698413
aimihat/so100_tape,17,0.6613901525735855,1.0603654384613037,2.696947193145752,66.24621368510819,0.5565476190476191,70.40081544972543,0.6256200396825397,61.68320507715679,0.5004960317460317
aimihat/so100_tape,18,0.6697295635938645,1.0783975720405579,3.343826985359192,64.4385360071004,0.5623759920634921,68.98437376130538,0.6287202380952381,59.973962180183754,0.5048363095238095
aimihat/so100_tape,20,0.6827853411436081,1.132900893688202,3.7426836490631112,66.56145432228303,0.5889136904761905,70.56299640381562,0.6669146825396826,61.47014376314486,0.5089285714285714
aimihat/so100_tape,21,0.7422403305768966,1.2370285987854004,2.566280734539032,66.67918435505443,0.5944940476190477,71.19373780139223,0.6719990079365079,62.562603274336695,0.5221974206349206
aimihat/so100_tape,22,0.6991709887981414,1.1125164031982422,2.730050599575043,66.407692601242,0.5913938492063492,70.22479695843852,0.6614583333333334,61.634861911433724,0.5269097222222222
aimihat/so100_tape,23,0.6924067288637161,1.156351387500763,2.586414802074432,66.657540333344,0.6090029761904762,70.85307163260228,0.6798115079365079,61.58676851104469,0.529265873015873
aimihat/so100_tape,25,0.649375993013382,0.9352212846279144,2.651772379875183,65.45283496257822,0.46279761904761907,69.72036007782233,0.5600198412698413,60.32811905026847,0.39546130952380953
aimihat/so100_tape,26,0.9313588738441467,1.3807013034820557,3.183369553089142,66.8991406746682,0.4211309523809524,71.34094327704042,0.48387896825396826,62.74208666548191,0.37524801587301587
aimihat/so100_tape,27,0.6876087814569474,1.0529435873031616,3.014662277698517,66.40304920679247,0.49677579365079366,70.22106981553793,0.5672123015873016,61.106203925094746,0.43861607142857145
aimihat/so100_tape,29,0.7305473119020462,1.0621158480644226,4.5157962322235115,67.02083032539112,0.42175099206349204,71.18327876881825,0.47879464285714285,64.23050735022363,0.3638392857142857
aractingi/push_cube_offline_data,0,2.1134716510772713,3.0293376445770264,3.7968764662742616,42.61836110397535,0.8818204365079365,48.858408622147586,0.8963293650793651,37.022264214264716,0.8665674603174603
aractingi/push_cube_offline_data,1,2.2060265779495247,3.2122331857681274,3.96640841960907,46.42572444793819,0.8280009920634921,52.603652482682705,0.8432539682539683,40.96877116411003,0.8110119047619048
aractingi/push_cube_offline_data,2,2.1650029063224796,3.1735284328460693,3.8284739375114443,44.13804851289386,0.8736359126984127,50.346153837980715,0.890625,38.667306386901615,0.8551587301587301
aractingi/push_cube_offline_data,3,2.300648510456085,3.302003860473633,4.071329021453858,47.36727089291058,0.7642609126984127,53.361350186334654,0.7873263888888888,41.853549602238566,0.7444196428571429
aractingi/push_cube_offline_data,5,2.347990143299104,3.3263453245162964,4.053365397453308,42.06574203857573,0.8983134920634921,48.12911979401742,0.9107142857142857,36.69859517842736,0.8883928571428571
aractingi/push_cube_offline_data,6,2.166290771961213,3.2360899448394775,3.892456924915314,46.558202934849625,0.8891369047619048,52.5707733217625,0.902405753968254,41.10602486328693,0.8782242063492064
aractingi/push_cube_offline_data,7,2.349653255939484,3.157647728919983,3.6870965123176576,36.31454518779836,0.8036954365079365,42.604358155722956,0.8245287698412699,31.347949825733608,0.7920386904761905
aractingi/push_cube_offline_data,8,2.4970616459846497,3.414642095565796,4.1552876234054565,42.28339228994418,0.7963789682539683,48.370562006932836,0.8132440476190477,36.851792691875,0.7795138888888888
aractingi/push_cube_offline_data,10,2.4178038716316226,3.3296977281570435,4.063275027275085,40.47705792944524,0.8666914682539683,46.6373395390327,0.8829365079365079,35.17907778528697,0.8532986111111112
aractingi/push_cube_offline_data,11,2.3756911635398867,3.277841806411743,3.959557521343231,43.035741592350234,0.7698412698412699,48.99389560452236,0.7911706349206349,37.542633438438195,0.7596726190476191
aractingi/push_cube_offline_data,12,2.388178753852846,3.2148704528808594,3.685585343837738,36.61845226250852,0.8056795634920635,42.46574705901596,0.8251488095238095,31.14342283345369,0.7993551587301587
aractingi/push_cube_offline_data,13,2.0651889801025396,3.021214723587036,3.8924968957901003,44.500242875593955,0.8802083333333334,50.69828638764637,0.8999255952380952,38.90567950150437,0.8687996031746031
aractingi/push_cube_offline_data,15,2.3057764649391177,2.9700039625167847,3.4683510184288027,32.73704490733557,0.7844742063492064,38.889069780461504,0.7969990079365079,27.962830788049715,0.775421626984127
aractingi/push_cube_offline_data,16,1.9782775104045869,2.5367953777313232,2.877228379249573,31.816426888109014,0.7679811507936508,36.812820820843335,0.769469246031746,26.141969327725253,0.7501240079365079
aractingi/push_cube_offline_data,17,2.2967436552047733,3.218083143234253,3.7376264929771423,39.41277707313235,0.8247767857142857,46.14461215368884,0.8624751984126984,34.5783230003659,0.8270089285714286
aractingi/push_cube_offline_data,18,2.445278990268708,3.3491079807281494,4.07640438079834,40.59429918315664,0.7853422619047619,46.14327658337881,0.7996031746031746,35.17427021081833,0.7637648809523809
aractingi/push_cube_offline_data,20,2.074237585067749,3.0880178213119507,3.829883658885956,44.211687276869135,0.8845486111111112,50.45669148735612,0.9029017857142857,38.669667605544205,0.871155753968254
aractingi/push_cube_offline_data,21,2.2088833808898936,3.0247057676315308,3.5167172074317934,39.34175395363705,0.8629712301587301,45.63691767549762,0.886780753968254,34.32481192151743,0.857390873015873
aractingi/push_cube_offline_data,22,2.3622318506240845,3.2469345331192017,3.919001817703247,40.87512368572926,0.8045634920634921,46.98734793792187,0.8206845238095238,35.53674481944897,0.7962549603174603
aractingi/push_cube_offline_data,23,2.296959936618805,3.098667025566101,3.653067421913147,38.83096492810433,0.8392857142857143,44.88693778966663,0.8536706349206349,33.562896447958295,0.8208085317460317
aractingi/push_cube_offline_data,25,2.307529866695405,3.341313600540161,4.1846720457077025,45.98002149083257,0.8818204365079365,51.990432710172065,0.8959573412698413,40.41616689774742,0.8655753968253969
aractingi/push_cube_offline_data,26,2.055205953121186,3.0725080966949463,3.744915890693665,45.36394666143518,0.8924851190476191,51.375318364634715,0.9064980158730159,39.88662130150324,0.8799603174603174
aractingi/push_cube_offline_data,27,2.2194338798522955,3.094956636428833,3.6803436636924745,44.05455402850944,0.7625248015873016,50.085646710789156,0.7810019841269841,38.716194887619054,0.7384672619047619
aractingi/push_cube_offline_data,29,2.183151686191559,3.088035821914673,4.394512581825257,46.58557118822238,0.7796378968253969,52.8951601415049,0.826140873015873,41.05338806180665,0.7493799603174603
bensprenger/chess_game_001_blue_stereo,0,1.137735229730606,1.4454352855682373,1.8782212495803834,71.7746174714877,0.25186011904761907,66.55155096967063,0.29203869047619047,55.320465874867644,0.2516121031746032
bensprenger/chess_game_001_blue_stereo,13,1.92809716463089,2.663545250892639,4.006827998161316,64.10260792840826,0.40314980158730157,68.59170324827353,0.4568452380952381,60.87048394770622,0.3580109126984127
bensprenger/chess_game_001_blue_stereo,26,1.7365055143833161,2.2363287210464478,3.0930926322937013,62.83883435023424,0.35131448412698413,66.68014755201663,0.4104662698412698,56.25700184848782,0.3253968253968254
bensprenger/chess_game_001_blue_stereo,39,2.473629105091095,3.484689712524414,4.465784215927124,66.78211588677235,0.43005952380952384,70.44778842359644,0.5076884920634921,61.769360444762995,0.38169642857142855
bensprenger/chess_game_001_blue_stereo,53,2.1749853134155273,3.39578914642334,4.474019289016724,64.1187810887189,0.5375744047619048,69.25322930634364,0.611359126984127,59.47158027156271,0.4826388888888889
bensprenger/chess_game_001_blue_stereo,66,2.4178364753723143,3.42139208316803,4.568528747558593,63.356741157942025,0.455109126984127,67.22107988278597,0.5231894841269841,58.58982131728323,0.4079861111111111
bensprenger/chess_game_001_blue_stereo,79,1.138961923122406,1.6136531829833984,2.339232087135315,52.54537420756044,0.1949404761904762,65.1370138052104,0.24813988095238096,53.997961679175354,0.20052083333333334
bensprenger/chess_game_001_blue_stereo,93,1.5086666285991668,1.8762439489364624,2.364728724956513,55.40244019058506,0.23958333333333334,60.57325987429845,0.2692212301587302,49.78802076734022,0.20014880952380953
bensprenger/chess_game_001_blue_stereo,106,2.225082778930664,2.8090627193450928,3.334054696559906,59.17348834632378,0.37648809523809523,64.04570048290577,0.4320436507936508,53.22694688593767,0.34375
bensprenger/chess_game_001_blue_stereo,119,2.2576819896697997,3.032225489616394,4.3042988061904905,62.573646279905084,0.4556051587301587,67.44944003980052,0.5131448412698413,57.32302193529689,0.38777281746031744
bensprenger/chess_game_001_blue_stereo,133,2.186360764503479,3.006678819656372,3.849594736099243,63.83278934108038,0.4615575396825397,67.0165402769213,0.5131448412698413,58.26198188148403,0.3967013888888889
bensprenger/chess_game_001_blue_stereo,146,2.3532333374023438,3.287742853164673,4.267688655853272,63.12704740390025,0.6030505952380952,66.90993892954037,0.6700148809523809,58.28306927937387,0.5453869047619048
bensprenger/chess_game_001_blue_stereo,159,1.9107029736042023,2.525119662284851,3.6499019622802735,60.98339493987197,0.40054563492063494,65.4197259875743,0.4410962301587302,60.180548809716925,0.35813492063492064
bensprenger/chess_game_001_blue_stereo,172,1.9391646206378936,2.50800883769989,3.7236983180046086,63.92298799804701,0.42212301587301587,68.8390332675538,0.45436507936507936,59.24852787866889,0.37797619047619047
bensprenger/chess_game_001_blue_stereo,186,2.1336121797561645,2.6645790338516235,3.459200668334961,57.87727918089368,0.48053075396825395,62.60923802898581,0.5152529761904762,51.91618178587642,0.4419642857142857
bensprenger/chess_game_001_blue_stereo,199,1.9027533829212189,2.7331364154815674,3.426486444473267,61.88413396676749,0.3521825396825397,68.13704922215095,0.3852926587301587,57.30244528316106,0.32626488095238093
bensprenger/chess_game_001_blue_stereo,212,1.7442597150802612,2.353701949119568,3.0685331344604494,63.994216492082245,0.3577628968253968,66.5096531146107,0.39818948412698413,60.41202342094297,0.3152281746031746
bensprenger/chess_game_001_blue_stereo,226,1.993057417869568,2.8722147941589355,3.733030104637147,60.96235500032742,0.4592013888888889,66.40076285226117,0.5127728174603174,57.625680011574886,0.4056299603174603
bensprenger/chess_game_001_blue_stereo,239,2.4836850643157957,3.998548746109009,5.013881587982178,65.6531052601283,0.4946676587301587,67.18956644664983,0.6031746031746031,56.617024884632464,0.45597718253968256
bensprenger/chess_game_001_blue_stereo,252,1.1179448425769807,1.6522663235664368,2.051398265361786,62.88157022836485,0.4712301587301587,67.45553946700969,0.5088045634920635,57.41190441332855,0.4305555555555556
bensprenger/chess_game_001_blue_stereo,266,1.7326290369033814,2.3629608154296875,3.2763864040374755,58.58727634255762,0.5900297619047619,64.01294245160402,0.6294642857142857,53.36930427683368,0.5396825396825397
bensprenger/chess_game_001_blue_stereo,279,0.9763769060373306,1.228337287902832,1.444320595264435,29.71502657355822,0.37475198412698413,32.89491213512448,0.4046378968253968,23.415160564662642,0.37810019841269843
bensprenger/chess_game_001_blue_stereo,292,1.7266665875911713,2.235089659690857,2.9333157896995545,62.99575762961786,0.39112103174603174,67.22347078376775,0.4388640873015873,58.275031579756615,0.3531746031746032
bensprenger/chess_game_001_blue_stereo,307,1.7516408264636993,2.7725231647491455,3.484291207790375,63.70946439480385,0.5388144841269841,68.46472681765925,0.595734126984127,59.456422076436226,0.4894593253968254
bensprenger/left_arm_yellow_brick_in_box_v0,0,1.579197609424591,1.7914834022521973,2.1150917053222655,19.066375662264026,0.42299107142857145,24.585414438284655,0.42485119047619047,15.734862449054452,0.4164186507936508
bensprenger/left_arm_yellow_brick_in_box_v0,2,1.7288703739643096,2.012505888938904,2.2893899202346804,21.690677230983734,0.4541170634920635,25.63469993451741,0.4650297619047619,16.490808480345635,0.4453125
bensprenger/left_arm_yellow_brick_in_box_v0,4,1.8259579598903657,2.13013231754303,2.4624458074569704,23.414997282009153,0.41728670634920634,29.32446072335978,0.4459325396825397,20.618288878795415,0.4254712301587302
bensprenger/left_arm_yellow_brick_in_box_v0,6,1.7084571182727815,1.9208243489265442,2.177854585647583,16.92309450549939,0.46478174603174605,20.237926322560693,0.470734126984127,12.780830850672354,0.45783730158730157
bensprenger/left_arm_yellow_brick_in_box_v0,8,1.707335537672043,1.9721744656562805,2.2653902769088745,18.14715036621017,0.4412202380952381,23.623033548297364,0.4494047619047619,15.144467463813687,0.43861607142857145
bensprenger/left_arm_yellow_brick_in_box_v0,10,1.748257225751877,2.005536675453186,2.348682034015656,22.886063726303977,0.38492063492063494,25.719844482424936,0.39012896825396826,19.552476323056545,0.3756200396825397
bensprenger/left_arm_yellow_brick_in_box_v0,12,1.5246847450733185,1.7380913496017456,2.0614643454551698,24.878710592077116,0.3489583333333333,27.321818002317546,0.3499503968253968,20.377153874140703,0.32353670634920634
bensprenger/left_arm_yellow_brick_in_box_v0,14,1.4912409722805022,1.7349570393562317,2.06834899187088,25.61743084446673,0.33283730158730157,33.1776816615608,0.36681547619047616,23.496068171723177,0.32998511904761907
bensprenger/left_arm_yellow_brick_in_box_v0,17,1.6901257038116455,1.9350887537002563,2.245736002922058,22.344465409160563,0.4595734126984127,30.718365360737476,0.46577380952380953,18.574278919975526,0.45188492063492064
bensprenger/left_arm_yellow_brick_in_box_v0,19,1.6747046172618867,1.9357978701591492,2.2220617294311524,18.276898826510344,0.3967013888888889,24.932322442926342,0.3975694444444444,15.161125247624403,0.39372519841269843
bensprenger/left_arm_yellow_brick_in_box_v0,21,1.6468110501766204,1.9130148887634277,2.241289520263672,22.97958951301646,0.3473462301587302,24.17139362518989,0.34598214285714285,15.058240445519235,0.32626488095238093
bensprenger/left_arm_yellow_brick_in_box_v0,23,1.4248190701007843,1.6829336881637573,1.965455913543701,23.0365396950967,0.28918650793650796,28.828756768172056,0.31646825396825395,19.200294383812803,0.2829861111111111
bensprenger/left_arm_yellow_brick_in_box_v0,25,1.5343847632408143,1.8143333792686462,2.1267670154571534,16.968918835239897,0.31708829365079366,24.52309614015131,0.34499007936507936,15.4171441048113,0.3333333333333333
bensprenger/left_arm_yellow_brick_in_box_v0,27,1.5456902086734772,1.7584770917892456,2.0099663734436035,17.829017393839244,0.4392361111111111,22.27617661461367,0.4480406746031746,15.914088721898285,0.43464781746031744
bensprenger/left_arm_yellow_brick_in_box_v0,29,1.5438222229480743,1.7366328835487366,2.012833285331726,17.33934907614117,0.4573412698412698,20.889067199015365,0.4446924603174603,15.057780361826648,0.4375
bensprenger/left_arm_yellow_brick_in_box_v0,31,1.5140500724315644,1.7408872246742249,2.0241657853126527,14.563711351647976,0.45101686507936506,19.985117661527543,0.439484126984127,12.721865176939335,0.44928075396825395
bensprenger/left_arm_yellow_brick_in_box_v0,34,1.735591584444046,1.998197615146637,2.288533198833466,13.72888764033928,0.38578869047619047,18.440667445407072,0.40166170634920634,12.58745887755398,0.4020337301587302
bensprenger/left_arm_yellow_brick_in_box_v0,36,1.6888907909393311,1.919863224029541,2.2293786644935607,17.756944473765632,0.3679315476190476,23.058443741662032,0.36941964285714285,16.067264193425654,0.3603670634920635
bensprenger/left_arm_yellow_brick_in_box_v0,38,1.6992347955703735,1.986651360988617,2.295810675621033,23.281329274773984,0.3725198412698413,23.851637420180968,0.3763640873015873,16.318323212671796,0.3664434523809524
bensprenger/left_arm_yellow_brick_in_box_v0,40,1.6876034498214723,1.9703102111816406,2.294394242763519,22.013504863113106,0.4097222222222222,28.38187257530922,0.4384920634920635,19.189595704360478,0.4029017857142857
bensprenger/left_arm_yellow_brick_in_box_v0,42,1.7566665768623353,2.0695499181747437,2.446927320957184,27.25919210614327,0.3478422619047619,38.04814246540671,0.35453869047619047,21.981894875808635,0.3353174603174603
bensprenger/left_arm_yellow_brick_in_box_v0,44,1.5492042005062103,1.849296510219574,2.2041234493255617,24.57328784302159,0.36607142857142855,32.95878246086166,0.40749007936507936,24.948690200327512,0.3478422619047619
bensprenger/left_arm_yellow_brick_in_box_v0,46,1.5800553202629088,1.8444082140922546,2.1486112117767333,21.801795635231525,0.3865327380952381,29.228318808247572,0.39372519841269843,18.54365599251896,0.3838045634920635
bensprenger/left_arm_yellow_brick_in_box_v0,49,1.5152443587779998,1.767963171005249,2.0512423753738402,19.333743177562933,0.42150297619047616,20.83874445187789,0.4107142857142857,16.54552075638123,0.4035218253968254
bensprenger/left_arm_yellow_brick_in_box_with_purple_noise_v0,0,1.6226826846599578,1.9274118542671204,2.2577344655990603,23.70471598784611,0.3376736111111111,33.58438096231069,0.3549107142857143,18.907478057137585,0.33978174603174605
bensprenger/left_arm_yellow_brick_in_box_with_purple_noise_v0,2,1.5693360269069672,1.8775140047073364,2.237216293811798,28.402700448993166,0.35751488095238093,39.364578746817536,0.3665674603174603,26.593430568010703,0.34499007936507936
bensprenger/left_arm_yellow_brick_in_box_with_purple_noise_v0,4,1.52878999710083,1.8868497014045715,2.192589223384857,21.112641566198654,0.3162202380952381,23.905799478239256,0.31398809523809523,16.54079518529802,0.3029513888888889
bensprenger/left_arm_yellow_brick_in_box_with_purple_noise_v0,6,1.4467126250267028,1.7207773923873901,1.9512479245662688,15.235715730088952,0.36731150793650796,19.699429497600853,0.3723958333333333,11.896862820402248,0.36507936507936506
bensprenger/left_arm_yellow_brick_in_box_with_purple_noise_v0,8,1.8373408377170564,2.0700645446777344,2.4641890645027162,27.78019425609195,0.2761656746031746,34.43293249409238,0.2822420634920635,18.944719468439207,0.2562003968253968
bensprenger/left_arm_yellow_brick_in_box_with_purple_noise_v0,10,1.561313223838806,1.9029926657676697,2.260545384883881,24.131671314349088,0.3080357142857143,28.276995997875805,0.3131200396825397,19.777433526381255,0.2986111111111111
bensprenger/left_arm_yellow_brick_in_box_with_purple_noise_v0,12,1.6946292757987975,1.9608768224716187,2.242988109588623,20.17423152644252,0.40240575396825395,23.063631184845228,0.416046626984127,15.14756520547234,0.41220238095238093
bensprenger/left_arm_yellow_brick_in_box_with_purple_noise_v0,14,1.6573660790920257,1.9397721886634827,2.270402729511261,19.944289499191747,0.4226190476190476,21.670275230241415,0.4269593253968254,15.429317619677393,0.42150297619047616
bensprenger/left_arm_yellow_brick_in_box_with_purple_noise_v0,17,1.4398853719234466,1.838122844696045,2.207843816280365,26.21456512311289,0.3009672619047619,22.098075266714844,0.3040674603174603,23.298629973373455,0.29724702380952384
bensprenger/left_arm_yellow_brick_in_box_with_purple_noise_v0,19,1.6812965095043182,2.0509634017944336,2.4736273765563963,22.219874237806557,0.3509424603174603,30.466747243066244,0.3896329365079365,19.46916058609889,0.3733878968253968
bensprenger/left_arm_yellow_brick_in_box_with_purple_noise_v0,21,1.541690742969513,1.977560818195343,2.3377785325050353,12.98973394169626,0.37103174603174605,17.82018133044391,0.35726686507936506,9.225263367154218,0.35974702380952384
bensprenger/left_arm_yellow_brick_in_box_with_purple_noise_v0,23,1.4798605799674989,1.8408295512199402,2.171980667114258,33.19377897893248,0.3162202380952381,31.735770912213262,0.32589285714285715,20.39765232525075,0.3046875
bensprenger/left_arm_yellow_brick_in_box_with_purple_noise_v0,25,1.7557830691337586,2.0106714963912964,2.3591472029685976,20.888530829863065,0.5044642857142857,25.689963914943082,0.5112847222222222,17.18989672610887,0.4956597222222222
bensprenger/left_arm_yellow_brick_in_box_with_purple_noise_v0,27,1.7534242391586303,2.058350920677185,2.4306604862213135,17.31472992798496,0.3741319444444444,23.124638192576956,0.3665674603174603,15.187167014301828,0.37202380952380953
bensprenger/left_arm_yellow_brick_in_box_with_purple_noise_v0,29,1.5712878942489623,1.8063705563545227,2.2122426271438598,25.488973562842098,0.36123511904761907,36.50529426219648,0.37797619047619047,20.896354768920283,0.35441468253968256
bensprenger/left_arm_yellow_brick_in_box_with_purple_noise_v0,31,1.8054632544517517,2.0962955951690674,2.398671197891235,25.778275923378004,0.42782738095238093,26.952607418542684,0.4625496031746032,18.260197644875532,0.4495287698412698
bensprenger/left_arm_yellow_brick_in_box_with_purple_noise_v0,34,1.6830336451530457,2.0190865993499756,2.3510039329528807,16.87636125303462,0.35925099206349204,25.842680189615965,0.3712797619047619,17.5821655128318,0.36061507936507936
bensprenger/left_arm_yellow_brick_in_box_with_purple_noise_v0,36,1.6790915548801422,1.962612509727478,2.31301144361496,14.204065057661046,0.31299603174603174,27.18022897216354,0.3004712301587302,14.888177853654513,0.34151785714285715
bensprenger/left_arm_yellow_brick_in_box_with_purple_noise_v0,38,1.5758371353149414,1.935644507408142,2.2795913100242617,27.304930714628806,0.3410218253968254,32.53571906592888,0.34771825396825395,20.730668601682435,0.33630952380952384
bensprenger/left_arm_yellow_brick_in_box_with_purple_noise_v0,40,1.6309131264686585,2.0551602840423584,2.4459807753562925,20.88458428083083,0.2803819444444444,26.88607603236859,0.3115079365079365,20.189732949005116,0.29203869047619047
bensprenger/left_arm_yellow_brick_in_box_with_purple_noise_v0,42,1.8345792591571808,2.12759006023407,2.458146023750305,15.676513554913905,0.35553075396825395,20.097983715033113,0.35466269841269843,16.46788625839988,0.3375496031746032
bensprenger/left_arm_yellow_brick_in_box_with_purple_noise_v0,44,1.601974481344223,1.8765870332717896,2.236428606510162,27.31058073036046,0.2602926587301587,21.09522752836229,0.298859126984127,15.142218926186821,0.2982390873015873
bensprenger/left_arm_yellow_brick_in_box_with_purple_noise_v0,46,1.5317198276519775,1.8764949440956116,2.3037461400032044,32.80943929853037,0.3410218253968254,39.54590027734998,0.3577628968253968,28.218512558468866,0.3323412698412698
bensprenger/left_arm_yellow_brick_in_box_with_purple_noise_v0,49,1.5420320689678193,1.8189702033996582,2.158111834526062,15.1787173559717,0.2907986111111111,19.308372111033307,0.2952628968253968,18.366504425353078,0.2769097222222222
bensprenger/right_arm_p_brick_in_box_with_y_noise_v0,0,1.9795037090778351,2.200295329093933,2.5278940320014955,18.858114127008854,0.3792162698412698,23.453124693953292,0.3916170634920635,14.93768891798142,0.37822420634920634
bensprenger/right_arm_p_brick_in_box_with_y_noise_v0,2,1.910853922367096,2.097812056541443,2.4288663625717164,15.48247333306203,0.44233630952380953,19.754671641387834,0.4537450396825397,12.995931352038749,0.4503968253968254
bensprenger/right_arm_p_brick_in_box_with_y_noise_v0,5,2.0594671964645386,2.261959671974182,2.5544911861419677,16.583768786099363,0.5308779761904762,21.19100578660347,0.5384424603174603,13.100078077884618,0.5298859126984127
bensprenger/right_arm_p_brick_in_box_with_y_noise_v0,7,1.9784698009490966,2.2017288208007812,2.4947815418243406,15.198204635638369,0.46664186507936506,16.759708912434103,0.47867063492063494,12.010221978257013,0.474578373015873
bensprenger/right_arm_p_brick_in_box_with_y_noise_v0,9,1.8245608508586884,2.0573168992996216,2.3577163338661196,21.14762737445683,0.318328373015873,25.883257016966425,0.30853174603174605,12.9510712339779,0.30357142857142855
bensprenger/right_arm_p_brick_in_box_with_y_noise_v0,12,2.233191156387329,2.458939790725708,2.751450800895691,17.54803598114082,0.5158730158730159,21.47941166479641,0.5177331349206349,13.314587110824167,0.5205853174603174
bensprenger/right_arm_p_brick_in_box_with_y_noise_v0,14,2.0420698642730715,2.2527613639831543,2.5569674491882326,11.650952702339,0.4053819444444444,17.912660839210112,0.4046378968253968,11.797956016585584,0.4048859126984127
bensprenger/right_arm_p_brick_in_box_with_y_noise_v0,16,1.89881471991539,2.2099817991256714,2.5256005406379702,19.89894657891077,0.41964285714285715,23.624848764764355,0.431671626984127,17.097117779892077,0.4208829365079365
bensprenger/right_arm_p_brick_in_box_with_y_noise_v0,18,2.2070828080177307,2.4541757106781006,2.834587013721466,19.463083603281657,0.3661954365079365,22.758290091908865,0.380828373015873,15.097808851676728,0.3687996031746032
bensprenger/right_arm_p_brick_in_box_with_y_noise_v0,20,1.746348536014557,1.9061768054962158,2.119522273540497,8.329870909556755,0.5313740079365079,9.85676221449288,0.5228174603174603,6.68319232661717,0.5245535714285714
bensprenger/right_arm_p_brick_in_box_with_y_noise_v0,22,2.0692116618156433,2.3005895614624023,2.6575218200683595,24.26023152460472,0.31436011904761907,28.18328950024648,0.326140873015873,18.69087383919381,0.3029513888888889
bensprenger/right_arm_p_brick_in_box_with_y_noise_v0,24,2.1059406757354737,2.3239318132400513,2.683397698402405,21.398338900662182,0.33618551587301587,29.82379829076538,0.3453621031746032,16.83467947450856,0.3342013888888889
bensprenger/right_arm_p_brick_in_box_with_y_noise_v0,26,1.8418953895568848,1.9967992305755615,2.264081394672394,13.20652717364752,0.4992559523809524,15.97586060895714,0.5084325396825397,9.20280503711133,0.5084325396825397
bensprenger/right_arm_p_brick_in_box_with_y_noise_v0,29,2.2756539821624755,2.5516016483306885,2.8923672437667847,19.035573719093392,0.36755952380952384,26.53141744279827,0.3638392857142857,16.614229148165048,0.37512400793650796
bensprenger/right_arm_p_brick_in_box_with_y_noise_v0,31,1.8923285901546478,2.0691388845443726,2.3611735463142396,13.240357258979936,0.48623511904761907,16.486308346586195,0.48921130952380953,12.64365571127581,0.4711061507936508
bensprenger/right_arm_p_brick_in_box_with_y_noise_v0,33,2.126502585411072,2.3126691579818726,2.6379483938217163,14.65581972757366,0.5329861111111112,17.586076801738436,0.5276537698412699,13.12399892030603,0.5326140873015873
bensprenger/right_arm_p_brick_in_box_with_y_noise_v0,35,2.149960827827454,2.3987066745758057,2.7787641525268554,21.63576191370678,0.34561011904761907,29.708150003258456,0.3678075396825397,18.601962841819137,0.3462301587301587
bensprenger/right_arm_p_brick_in_box_with_y_noise_v0,37,1.7486181616783143,1.9019414186477661,2.1648586988449097,16.011878838362357,0.46651785714285715,15.750357210452043,0.4739583333333333,12.152292790574737,0.46825396825396826
bensprenger/right_arm_p_brick_in_box_with_y_noise_v0,39,1.9106379806995393,2.1079068183898926,2.3930884122848513,16.243662095884552,0.39347718253968256,18.701911122030562,0.39446924603174605,6.65605249857217,0.39856150793650796
bensprenger/right_arm_p_brick_in_box_with_y_noise_v0,41,1.9858875751495362,2.200158476829529,2.5078447103500365,14.760332865721171,0.3897569444444444,20.28332074658945,0.4103422619047619,15.669130762996607,0.3882688492063492
bensprenger/right_arm_p_brick_in_box_with_y_noise_v0,43,1.9982788681983947,2.1795886754989624,2.4614819526672367,13.503410883503948,0.43005952380952384,17.36042099758998,0.44345238095238093,10.724768791608774,0.4453125
bensprenger/right_arm_p_brick_in_box_with_y_noise_v0,45,1.7990817964076995,1.9885757565498352,2.2523723363876345,9.13228330908982,0.5212053571428571,11.642985084923435,0.5261656746031746,9.039702700651121,0.5126488095238095
bensprenger/right_arm_p_brick_in_box_with_y_noise_v0,47,2.0977221369743346,2.272921085357666,2.5009352564811707,8.662813933234183,0.5028521825396826,11.844350275192305,0.5130208333333334,8.218000986565215,0.5105406746031746
bensprenger/right_arm_p_brick_in_box_with_y_noise_v0,49,2.1013678431510927,2.3866958618164062,2.744067299365997,26.836304278006132,0.36222718253968256,31.897992533401087,0.38392857142857145,22.697059955422397,0.3607390873015873
dragon-95/so100_sorting,0,1.2511435985565185,1.580344557762146,4.55779242515564,34.78728007950037,0.46304563492063494,41.00177838878903,0.48412698412698413,28.991339701259985,0.4358878968253968
dragon-95/so100_sorting,2,1.2669288575649262,1.5786649584770203,4.423640584945678,35.07773077371808,0.47978670634920634,41.32389289893119,0.515625,29.33270183873635,0.4429563492063492
dragon-95/so100_sorting,5,1.3463873028755189,1.6496107578277588,4.346370100975037,30.03602507546087,0.4663938492063492,37.96252865855826,0.4799107142857143,25.533631789352366,0.45461309523809523
dragon-95/so100_sorting,7,1.235038149356842,1.6182736158370972,4.259139275550843,35.506238643570455,0.49888392857142855,40.7417664663179,0.5452628968253969,28.998208923848857,0.46651785714285715
dragon-95/so100_sorting,10,1.2779226064682008,1.6115203499794006,4.516709971427917,34.61963522987568,0.4701140873015873,41.38705932269053,0.49962797619047616,30.275112663416866,0.4645337301587302
dragon-95/so100_sorting,13,1.3847621560096741,1.7210830450057983,4.570911931991578,31.595592225139228,0.513640873015873,38.33948350134424,0.5373263888888888,27.999610690059534,0.5045882936507936
dragon-95/so100_sorting,15,1.2777064383029937,1.5723984837532043,4.158617973327637,27.93789008261351,0.458953373015873,33.23338139670887,0.4713541666666667,25.22174288152478,0.435515873015873
dragon-95/so100_sorting,18,1.2454897463321686,1.5856692790985107,4.604526567459106,35.6625028762177,0.47643849206349204,41.77061688467425,0.4895833333333333,30.277124460434063,0.45597718253968256
dragon-95/so100_sorting,20,1.2038883984088897,1.5227823853492737,4.5686542987823495,36.66581490391335,0.4800347222222222,43.330674300753046,0.49851190476190477,32.2036882384125,0.46924603174603174
dragon-95/so100_sorting,23,1.293136578798294,1.661299467086792,4.533231282234192,33.9929603813632,0.5804811507936508,40.28526269607708,0.6032986111111112,29.671572381680715,0.5637400793650794
dragon-95/so100_sorting,26,1.3179406821727753,1.6126134395599365,4.435987091064453,32.14505738648558,0.49615575396825395,36.28368246106833,0.5001240079365079,26.320183207003282,0.4826388888888889
dragon-95/so100_sorting,28,1.2670066416263581,1.6291828155517578,4.426701879501342,33.56688055289364,0.503844246031746,40.020658067976754,0.5414186507936508,28.323386254070474,0.49268353174603174
dragon-95/so100_sorting,31,1.3769480228424071,1.7360876202583313,4.48684184551239,29.583715230410508,0.5314980158730159,36.43531541160548,0.5489831349206349,25.66710054230149,0.5249255952380952
dragon-95/so100_sorting,33,1.319811886548996,1.614477276802063,4.4200128555297855,31.201225863452603,0.44134424603174605,37.76221894388746,0.4771825396825397,25.77356385223802,0.43154761904761907
dragon-95/so100_sorting,36,1.2736630022525788,1.6108357906341553,4.2524765729904175,33.31341256473133,0.5106646825396826,40.51976850251059,0.5345982142857143,29.636673412254034,0.4818948412698413
dragon-95/so100_sorting,39,1.3201092958450318,1.6140568852424622,4.291473245620728,30.374183757411174,0.4937996031746032,36.75386561480445,0.5050843253968254,25.686536800179177,0.4789186507936508
dragon-95/so100_sorting,41,1.2528231501579286,1.573595404624939,4.179686665534973,33.09778526492006,0.5202132936507936,38.48374816721036,0.5389384920634921,28.247252238563743,0.5026041666666666
dragon-95/so100_sorting,44,1.3335479974746705,1.6492048501968384,4.54382827281952,31.537348288759617,0.4495287698412698,39.879931989307316,0.46118551587301587,26.117434256344815,0.44742063492063494
dragon-95/so100_sorting,46,1.220783680677414,1.5231241583824158,4.3871574878692625,34.186876802734524,0.4463045634920635,40.33363456315156,0.46986607142857145,29.911007618553814,0.45882936507936506
dragon-95/so100_sorting,49,1.2671978235244752,1.5644583106040955,4.451452136039734,35.314297336457265,0.48834325396825395,41.59214014338928,0.4986359126984127,30.60007317577377,0.4603174603174603
dragon-95/so100_sorting,52,1.1825621783733369,1.539932370185852,4.3621012449264525,35.74592562165911,0.5864335317460317,42.420106561568254,0.6060267857142857,29.99022633656621,0.5491071428571429
dragon-95/so100_sorting,54,1.2252887725830077,1.5879340767860413,4.443288087844849,34.56233742972361,0.5031001984126984,40.94610800386728,0.5279017857142857,29.850876648281194,0.4701140873015873
dragon-95/so100_sorting,57,1.3229460537433624,1.7468224167823792,4.521221566200256,34.72046418774396,0.48933531746031744,43.38158253465618,0.5231894841269841,31.615558783241454,0.4742063492063492
dragon-95/so100_sorting,60,1.3382444322109222,1.65058171749115,4.394248056411743,32.61652015973882,0.4740823412698413,36.76046268339888,0.5037202380952381,25.536919596552075,0.46068948412698413
dragon-95/so100_sorting_2,0,1.6142746925354003,1.910125732421875,3.457378923892975,21.678920810110085,0.5581597222222222,24.918238609078802,0.5564236111111112,17.05357264691707,0.535094246031746
dragon-95/so100_sorting_2,9,1.779602402448654,2.198652982711792,3.095935642719269,24.411872571818105,0.5119047619047619,29.068647215781066,0.5223214285714286,18.3210809519506,0.47681051587301587
dragon-95/so100_sorting_2,19,2.104386639595032,2.549700975418091,3.4512022852897646,23.39858619072747,0.5901537698412699,28.787900169284903,0.6039186507936508,19.641386608231244,0.5669642857142857
dragon-95/so100_sorting_2,28,1.994571042060852,2.396561861038208,3.4380362749099733,25.69022388556988,0.5179811507936508,31.643768992602542,0.5145089285714286,21.341055812246733,0.4827628968253968
dragon-95/so100_sorting_2,38,1.891104704141617,2.213313102722168,3.11082843542099,20.30969608715035,0.5099206349206349,26.483256994421666,0.5629960317460317,18.20438736104009,0.5112847222222222
dragon-95/so100_sorting_2,47,1.8422037065029144,2.0854287147521973,3.079492974281311,18.215490527128328,0.5534474206349206,20.913907748872898,0.5530753968253969,14.853060441057844,0.5453869047619048
dragon-95/so100_sorting_2,57,2.0361393213272097,2.459928870201111,3.53008668422699,29.28617670821211,0.5714285714285714,35.45717529955952,0.5775049603174603,25.01235677480833,0.5336061507936508
dragon-95/so100_sorting_2,66,1.9310692071914672,2.328898787498474,3.4285768508911136,25.99005652193858,0.5732886904761905,32.535388873718105,0.5730406746031746,21.892209121004303,0.5529513888888888
dragon-95/so100_sorting_2,76,1.6636594235897064,2.0111501216888428,3.442475485801697,27.152134672300665,0.519469246031746,33.26522254887696,0.529265873015873,23.660563891777667,0.5045882936507936
dragon-95/so100_sorting_2,85,1.506924855709076,1.826388955116272,3.3124582767486577,23.744474081782993,0.4771825396825397,28.893692344124105,0.46862599206349204,20.13551722239677,0.45808531746031744
dragon-95/so100_sorting_2,95,2.126461088657379,2.6384224891662598,3.7606070280075077,30.5642624862922,0.6010664682539683,37.10385450908845,0.6320684523809523,26.09733427576371,0.5874255952380952
dragon-95/so100_sorting_2,104,1.7289414823055267,2.083545207977295,3.396294724941254,27.211933721390412,0.5467509920634921,31.39455973236721,0.5611359126984127,23.107840983058818,0.5171130952380952
dragon-95/so100_sorting_2,114,1.763135415315628,2.1767386198043823,3.231954121589661,26.863335981204063,0.5753968253968254,32.69547455345247,0.6000744047619048,22.373848361384773,0.5591517857142857
dragon-95/so100_sorting_2,123,1.5553690969944,1.9011956453323364,3.1180967330932616,29.335978176678942,0.5193452380952381,33.983601335505426,0.5420386904761905,24.08495091319505,0.4894593253968254
dragon-95/so100_sorting_2,133,1.6259796023368835,2.0156360864639282,3.1307130575180055,26.201496516372835,0.47544642857142855,33.70380984119396,0.49007936507936506,21.99831156379077,0.4391121031746032
dragon-95/so100_sorting_2,142,1.8233977854251862,2.2236934900283813,3.379315650463105,27.60561543750609,0.5208333333333334,32.6351554123155,0.5221974206349206,24.76189205118233,0.48908730158730157
dragon-95/so100_sorting_2,152,1.783659392595291,2.1289201974868774,3.3447377562522886,26.079278587860326,0.5279017857142857,30.081099683400517,0.5524553571428571,21.494646193996925,0.5205853174603174
dragon-95/so100_sorting_2,161,2.0472783207893372,2.3957207202911377,3.4847981214523314,23.103689920509773,0.5634920634920635,29.22621355313415,0.5608878968253969,20.623525219223254,0.5334821428571429
dragon-95/so100_sorting_2,171,1.9229971170425415,2.3283791542053223,3.543569076061249,26.602698096002936,0.5386904761904762,32.01248793706728,0.5629960317460317,22.167391749495913,0.5257936507936508
dragon-95/so100_sorting_2,180,1.9049052953720094,2.3142932653427124,3.466811168193817,27.802446264448978,0.5021081349206349,34.05112868239823,0.5295138888888888,22.400748372818775,0.4897073412698413
dragon-95/so100_sorting_2,190,1.7388109982013702,2.065277099609375,3.3739599704742433,21.80110597970599,0.5786210317460317,28.1291331223353,0.6082589285714286,18.168464894649674,0.5729166666666666
dragon-95/so100_sorting_2,199,1.831656265258789,2.2146390676498413,3.3784481763839724,26.57740555409548,0.5245535714285714,31.36545305303177,0.5349702380952381,21.09685949118616,0.5021081349206349
dragon-95/so100_sorting_2,209,1.5614166915416718,1.8658275604248047,2.6028077960014344,23.139225269897697,0.45126488095238093,29.75233329196503,0.4634176587301587,18.956886333563222,0.451140873015873
dragon-95/so100_sorting_2,219,1.7435457766056062,2.123267889022827,3.1958544254302987,17.950906507078205,0.5381944444444444,22.11171555491802,0.5417906746031746,15.275236966565007,0.5264136904761905
dragon-95/so100_sorting_3,0,1.8223523855209351,2.182571291923523,3.5819711327552795,21.964526106721003,0.38851686507936506,27.410116553665215,0.41108630952380953,18.38528880974762,0.39818948412698413
dragon-95/so100_sorting_3,8,1.6512185156345367,2.06339955329895,3.173912799358368,26.611101118011042,0.48933531746031744,34.20488124257443,0.5011160714285714,23.01900052237835,0.47953869047619047
dragon-95/so100_sorting_3,17,1.6935159325599671,2.102837562561035,3.144126296043396,26.71751216657496,0.5186011904761905,32.737783763966256,0.5434027777777778,22.865436146729895,0.49441964285714285
dragon-95/so100_sorting_3,25,1.5438630640506745,1.9578282237052917,3.0788119912147525,25.96692454434838,0.43563988095238093,30.964997989097387,0.45324900793650796,21.088375764858963,0.41455853174603174
dragon-95/so100_sorting_3,34,1.7477320075035094,2.230189085006714,3.3245836377143863,26.2478511195384,0.4913194444444444,33.718768346119404,0.4937996031746032,23.81253847486949,0.4779265873015873
dragon-95/so100_sorting_3,43,1.779578024148941,2.2951183319091797,3.295047342777252,27.915511278135227,0.5143849206349206,32.35882283989886,0.5220734126984127,22.377069011814427,0.5040922619047619
dragon-95/so100_sorting_3,51,1.7501559913158418,2.181946277618408,3.1687507390975953,27.55612239181678,0.47358630952380953,32.72598554675626,0.49069940476190477,21.28400209808613,0.44072420634920634
dragon-95/so100_sorting_3,60,1.665369802713394,2.1646374464035034,3.2085774183273315,28.419991308007358,0.5034722222222222,32.849024228611455,0.5217013888888888,23.454780707810038,0.4671378968253968
dragon-95/so100_sorting_3,69,1.6072467803955077,1.9977962970733643,3.1668859958648685,23.32831433381604,0.3854166666666667,30.087135888175688,0.40029761904761907,21.169000918842595,0.3913690476190476
dragon-95/so100_sorting_3,77,1.9258638560771941,2.3875330686569214,3.448476314544678,22.64797716529096,0.42571924603174605,26.287676308073884,0.4417162698412698,18.145023065750944,0.4201388888888889
dragon-95/so100_sorting_3,86,1.8207807898521424,2.220877766609192,3.285015380382538,22.170088813368924,0.4305555555555556,25.551705886167856,0.43898809523809523,18.171443715571776,0.4254712301587302
dragon-95/so100_sorting_3,95,1.7417948126792908,2.161433219909668,3.258516764640808,23.297300245345745,0.5120287698412699,29.660035556201994,0.5110367063492064,20.11654040966858,0.5090525793650794
dragon-95/so100_sorting_3,103,1.809142142534256,2.2738412618637085,3.4960547804832465,25.18361574135885,0.4582093253968254,29.523422430326196,0.47705853174603174,23.20292232910737,0.41964285714285715
dragon-95/so100_sorting_3,112,1.7605660676956176,2.172394871711731,3.472168421745301,26.27765777105371,0.5240575396825397,31.490176248356203,0.5396825396825397,22.580274393493838,0.4914434523809524
dragon-95/so100_sorting_3,121,1.6264520347118379,2.0409493446350098,3.2280260562896728,27.086851612523045,0.5152529761904762,31.88656415194772,0.5281498015873016,22.66477764462389,0.4898313492063492
dragon-95/so100_sorting_3,129,1.9073418915271758,2.270013213157654,3.498790466785431,24.994144862427824,0.48152281746031744,30.51409738072129,0.5022321428571429,20.45366511617674,0.4609375
dragon-95/so100_sorting_3,138,1.902095580101013,2.254570484161377,3.4094492197036743,24.630382470053664,0.48053075396825395,28.77047836537035,0.4849950396825397,20.16378192023673,0.45882936507936506
dragon-95/so100_sorting_3,147,1.7569424867630006,2.203025698661804,3.397971093654633,28.392870001613108,0.5226934523809523,34.01668383575816,0.5441468253968254,23.76245665079382,0.5173611111111112
dragon-95/so100_sorting_3,155,1.7530901491642,2.192978858947754,3.2641621828079224,27.52364558225225,0.537078373015873,32.166546769681595,0.5235615079365079,23.144995110976428,0.5142609126984127
dragon-95/so100_sorting_3,164,1.8068715453147888,2.271850347518921,3.554399585723877,31.15376201479076,0.4871031746031746,35.44195421136507,0.5094246031746031,25.532609715804696,0.46763392857142855
dragon-95/so100_sorting_3,173,2.002363085746765,2.453200101852417,3.466164910793305,29.221198152530402,0.5744047619047619,35.51864958499875,0.6045386904761905,25.12020237687655,0.5770089285714286
dragon-95/so100_sorting_3,181,1.7779905915260314,2.2330888509750366,3.459006989002228,28.438247853469527,0.49007936507936506,35.54392427657866,0.5174851190476191,22.61001514929514,0.4728422619047619
dragon-95/so100_sorting_3,190,1.8866699457168579,2.286122679710388,3.631867814064026,25.943586027145663,0.558531746031746,32.32371821850348,0.5922619047619048,23.763634693119336,0.5250496031746031
dragon-95/so100_sorting_3,199,1.8992461919784547,2.326826810836792,3.38805605173111,25.938987807420812,0.5494791666666666,29.801294950706954,0.5293898809523809,22.983473141153475,0.5187251984126984
frk2/so100large,0,1.7093589007854462,1.8061438202857971,1.918084454536438,7.1263177234682304,0.7064732142857143,7.798956172042408,0.7083333333333334,5.903355207574181,0.7059771825396826
frk2/so100large,2,1.648476880788803,1.955062210559845,2.0893842339515687,9.591405433575918,0.6013144841269841,10.980784052940225,0.5972222222222222,8.382767367256433,0.5969742063492064
frk2/so100large,4,1.6829515159130097,1.761386513710022,1.8369747400283813,1.8459959280744247,0.5832093253968254,3.4482708527002917,0.5753968253968254,1.6130117444543515,0.5688244047619048
frk2/so100large,6,1.5420686721801757,1.6523330211639404,1.7244505643844605,3.512960430049348,0.5310019841269841,3.710404287573124,0.5221974206349206,1.232893808724904,0.5336061507936508
frk2/so100large,8,1.5937715590000152,1.67628675699234,1.7561734020709991,3.4187903446420957,0.5450148809523809,3.6386802113639125,0.5276537698412699,3.274288478865698,0.5437748015873016
frk2/so100large,10,1.3740972816944121,1.4662209153175354,1.6534326136112214,5.70265489958881,0.6483134920634921,9.220533073808296,0.6551339285714286,5.346797474864519,0.6584821428571429
frk2/so100large,12,1.3040010988712312,1.3519697189331055,1.4413850545883178,0.20935673428581142,0.636780753968254,1.0711887188002118,0.6442212301587301,0.8388347329188052,0.6267361111111112
frk2/so100large,14,1.6062268376350404,1.7491863369941711,1.8521106839179993,0.5078340434824566,0.5634920634920635,0.5492961239591693,0.5657242063492064,1.1178512830026393,0.566344246031746
frk2/so100large,17,1.4017201721668244,1.4532268047332764,1.5765278100967408,3.058766867767028,0.6428571428571429,3.3368910794462434,0.6325644841269841,2.832204894411079,0.6418650793650794
frk2/so100large,19,1.357062816619873,1.4483891129493713,1.6220504283905028,4.881142313042678,0.6670386904761905,4.342350398057201,0.6617063492063492,3.900735307958767,0.6656746031746031
frk2/so100large,21,1.5643100142478943,1.6350114941596985,1.721978360414505,3.4079495594921534,0.5186011904761905,3.415295223240078,0.5069444444444444,3.3540962624105948,0.5228174603174603
frk2/so100large,23,1.3301987409591676,1.4063157439231873,1.4948892414569854,2.3358187733093017,0.5912698412698413,3.249922263646974,0.5983382936507936,2.8171668665752194,0.5944940476190477
frk2/so100large,25,1.5472700774669648,1.7369865775108337,1.8449725389480591,5.563698012016568,0.5559275793650794,6.551104405221853,0.5598958333333334,4.65559927553873,0.5567956349206349
frk2/so100large,27,1.5269853711128234,1.5796794891357422,1.6601942121982574,2.8221653182572117,0.5197172619047619,3.9656089088009256,0.5333581349206349,2.338498605445425,0.5327380952380952
frk2/so100large,29,1.5200613975524901,1.6120571494102478,1.7368636310100556,4.881142313042678,0.6143353174603174,6.526963649868475,0.6164434523809523,5.408018339055252,0.6138392857142857
frk2/so100large,31,1.5367178082466126,1.598289668560028,1.7320028245449066,7.7490170128190075,0.6385168650793651,7.145836274966265,0.6476934523809523,4.970786719910516,0.6374007936507936
frk2/so100large,34,2.012205517292023,2.14739453792572,2.2985597491264342,0.6904050412510266,0.5398065476190477,1.5626029308739569,0.5300099206349206,1.5544412554275815,0.5107886904761905
frk2/so100large,36,1.5967497766017913,1.7267313599586487,1.7773361384868622,4.711019988472509,0.6434771825396826,5.374651673203413,0.6470734126984127,2.434777817249264,0.6393849206349206
frk2/so100large,38,1.5976379334926605,1.6708812713623047,1.763815200328827,2.4036289128419757,0.5096726190476191,4.05376387093132,0.5089285714285714,1.9383580835767924,0.5093005952380952
frk2/so100large,40,1.6130753755569458,1.6836169958114624,1.7544605731964111,2.9321135918047,0.6228918650793651,3.8903297942576263,0.6166914682539683,2.432043055543039,0.6196676587301587
frk2/so100large,42,1.427022820711136,1.5028210282325745,1.6686260342597963,4.357748762006233,0.6165674603174603,3.633618433596004,0.6259920634920635,5.172142382186983,0.6090029761904762
frk2/so100large,44,1.4002034783363342,1.4694581031799316,1.5264548778533935,2.0263233976461295,0.5776289682539683,2.0598506983417697,0.5802331349206349,1.8119694768233205,0.5725446428571429
frk2/so100large,46,1.6550310730934144,1.7833604216575623,1.906659609079361,4.565315625125192,0.5334821428571429,6.286218249768634,0.5415426587301587,5.090120979134082,0.5213293650793651
frk2/so100large,49,1.5364514529705047,1.6395155787467957,1.704472118616104,3.87110461234525,0.5850694444444444,5.137324635756989,0.5935019841269841,4.238498964899726,0.5765128968253969
frk2/so100largediffcam,0,1.8391503036022185,2.3205833435058594,3.3906512260437016,37.536355981097465,0.4460565476190476,43.94577309522677,0.5001240079365079,32.45050033497461,0.46862599206349204
frk2/so100largediffcam,2,1.8613236546516418,2.3223448991775513,3.2700966835021976,36.29318597752358,0.36421130952380953,42.397704434981286,0.3767361111111111,31.66364326106999,0.3318452380952381
frk2/so100largediffcam,4,1.7760848581790925,2.154896855354309,2.854516351222992,25.47330369264753,0.4224950396825397,30.00830624838764,0.43601190476190477,20.851595065676523,0.41369047619047616
frk2/so100largediffcam,6,2.044424629211426,2.6287180185317993,3.622464323043823,32.939160600540774,0.5572916666666666,38.750678884754485,0.5910218253968254,27.231187987890237,0.5271577380952381
frk2/so100largediffcam,8,1.5303105890750885,1.9261670112609863,2.6236098766326905,30.97838324328822,0.6939484126984127,35.81144057564401,0.7230902777777778,25.391012263996906,0.6853918650793651
frk2/so100largediffcam,10,1.6175127923488617,2.0582895278930664,2.8603642702102663,31.97112375023882,0.7180059523809523,37.80037508119711,0.7454117063492064,27.43542466889393,0.6814236111111112
frk2/so100largediffcam,12,1.715903639793396,2.1381372213363647,2.8325291514396667,28.30924605716953,0.572296626984127,33.072617122774574,0.5896577380952381,24.000163464988198,0.5569196428571429
frk2/so100largediffcam,14,2.14760160446167,2.8148083686828613,4.00421895980835,22.92347877997349,0.33469742063492064,26.674874760390242,0.32180059523809523,13.274652969441865,0.32527281746031744
frk2/so100largediffcam,17,1.8077877759933472,2.2405500411987305,3.028949475288391,28.824351197549625,0.613219246031746,35.13704103421575,0.6207837301587301,24.79026743626488,0.5718005952380952
frk2/so100largediffcam,19,1.7321715891361236,2.1072596311569214,2.8232490897178653,26.669168768746456,0.675719246031746,31.95357609972488,0.6870039682539683,22.352342161983906,0.6564980158730159
frk2/so100largediffcam,21,1.6901504337787627,2.1091697216033936,3.10125367641449,33.310552130689935,0.5744047619047619,38.581558734504625,0.603546626984127,27.641551725271828,0.5691964285714286
frk2/so100largediffcam,23,1.8826845645904542,2.311617612838745,3.2949690580368043,30.67810131724892,0.5911458333333334,36.65641179617886,0.6202876984126984,26.48445165750759,0.5874255952380952
frk2/so100largediffcam,25,1.574312162399292,1.9952327609062195,2.6809123277664186,28.744412771581768,0.5548115079365079,33.84838731105177,0.5724206349206349,24.962774135915506,0.5316220238095238
frk2/so100largediffcam,27,1.7520027041435242,2.160751223564148,2.9083108186721804,29.26810382123903,0.46304563492063494,36.53816969218679,0.48623511904761907,24.931277350955735,0.45523313492063494
frk2/so100largediffcam,29,1.60070441365242,2.099869132041931,3.041487503051758,34.70307231385131,0.6682787698412699,40.751948155878566,0.6920882936507936,28.425688216668526,0.6526537698412699
frk2/so100largediffcam,31,1.8615621984004975,2.259461283683777,3.2587584614753724,34.029653829649234,0.7054811507936508,40.91926354180277,0.7192460317460317,29.122605395248804,0.6584821428571429
frk2/so100largediffcam,34,1.4757855772972106,1.9689058661460876,2.918921136856079,37.903258466919944,0.658234126984127,43.392206833406945,0.7057291666666666,32.45290609986707,0.6552579365079365
frk2/so100largediffcam,36,1.6157772600650788,2.00731885433197,2.7254062056541444,30.024833858229893,0.5834573412698413,33.987792415761355,0.6071428571428571,24.09356062154575,0.5775049603174603
frk2/so100largediffcam,38,1.6108793377876283,2.083619475364685,3.161517345905305,34.957816004847736,0.6996527777777778,42.25585809595703,0.7276785714285714,30.504154988733664,0.6909722222222222
frk2/so100largediffcam,40,1.5139355897903441,1.9201499223709106,2.7952836751937866,32.48753024832453,0.6355406746031746,38.50744434742009,0.6395089285714286,28.12342459286594,0.603546626984127
frk2/so100largediffcam,42,1.9572400391101836,2.5259612798690796,3.4889597415924074,36.004925878343236,0.7113095238095238,41.65468552592244,0.7465277777777778,29.55260654185329,0.7000248015873016
frk2/so100largediffcam,44,1.8733274698257447,2.414204955101013,3.2482821583747863,29.219022469711412,0.4949156746031746,40.966104220240375,0.525421626984127,24.922137124621603,0.4810267857142857
frk2/so100largediffcam,46,1.7810925602912904,2.1844797134399414,3.2361164093017583,31.98572947250599,0.6319444444444444,37.78002178817631,0.6666666666666666,25.69282345698882,0.6355406746031746
frk2/so100largediffcam,49,1.5081753134727478,1.8609974384307861,2.697812974452973,32.27251652408611,0.6438492063492064,36.27418834124612,0.6910962301587301,26.590737465561524,0.6476934523809523
ganker5/so100_color_0328,0,1.6377370595932006,2.0159637928009033,2.588040935993195,33.56397744793661,0.5762648809523809,39.62247593283085,0.6061507936507936,28.416388943981108,0.5528273809523809
ganker5/so100_color_0328,2,1.6655250787734985,2.032236933708191,2.5612790822982787,24.698176874256912,0.5369543650793651,27.885705597252684,0.5514632936507936,20.043988487209006,0.5385664682539683
ganker5/so100_color_0328,4,1.7321060478687287,1.9657134413719177,2.508567762374878,19.77625262770912,0.6031746031746031,23.688145726669408,0.605406746031746,16.188153818144173,0.6067708333333334
ganker5/so100_color_0328,6,1.7318687081336974,1.9687413573265076,2.6342192173004153,23.342677727915312,0.5949900793650794,28.2434276052726,0.6257440476190477,19.040473430939446,0.5817212301587301
ganker5/so100_color_0328,8,1.671873015165329,1.9284701943397522,2.5782706260681154,24.305996344003116,0.5963541666666666,29.00471746224244,0.6222718253968254,19.848968671499453,0.6123511904761905
ganker5/so100_color_0328,10,1.613228017091751,1.9349828958511353,2.4046776413917543,22.41952434640139,0.6176835317460317,28.23439092312863,0.6254960317460317,19.931520508140455,0.5886656746031746
ganker5/so100_color_0328,12,1.6153513729572295,1.9612375497817993,2.4914653420448305,22.757416095750596,0.5654761904761905,28.936988733834337,0.5796130952380952,19.296935363167304,0.5600198412698413
ganker5/so100_color_0328,14,1.6295583128929139,1.9843157529830933,2.5229251623153686,24.572696558818155,0.5145089285714286,28.620219144598675,0.5405505952380952,20.360905786271648,0.5150049603174603
ganker5/so100_color_0328,17,1.6963248193264007,1.9222406148910522,2.5458313703536986,22.499013645715646,0.5713045634920635,26.979576434087765,0.5472470238095238,18.61795083147258,0.5203373015873016
ganker5/so100_color_0328,19,1.9919497609138488,2.4299681186676025,3.0646994948387145,25.610850416250283,0.5993303571428571,30.92507008331705,0.6163194444444444,22.412673203245618,0.5720486111111112
ganker5/so100_color_0328,21,1.8351550459861756,2.2204370498657227,2.751426601409912,24.39515088468214,0.5854414682539683,28.530993063934993,0.6028025793650794,19.35523912646241,0.5834573412698413
ganker5/so100_color_0328,23,1.688003557920456,1.9185751676559448,2.5037444591522218,20.714676254532474,0.5226934523809523,25.455153823049255,0.5391865079365079,17.196874847507104,0.5143849206349206
ganker5/so100_color_0328,25,1.802325677871704,2.0277035236358643,2.693838858604431,22.26531813033788,0.5561755952380952,22.93079007392301,0.5342261904761905,17.82636255753687,0.5314980158730159
ganker5/so100_color_0328,27,1.7422233164310454,2.091720700263977,2.588234686851502,25.32790855066912,0.6059027777777778,30.913711505088735,0.5968501984126984,21.160611018200868,0.5905257936507936
ganker5/so100_color_0328,29,1.7193009853363037,2.0596535205841064,2.6065289974212646,22.255365362446835,0.5992063492063492,28.282157121185026,0.6292162698412699,18.357517329462254,0.6018105158730159
ganker5/so100_color_0328,31,1.7368409276008605,1.9753676652908325,2.568954885005951,20.817710308461546,0.6186755952380952,24.9721512068825,0.6419890873015873,17.327771865145753,0.6117311507936508
ganker5/so100_color_0328,34,2.008366060256958,2.413047194480896,2.970606374740601,23.67231305041666,0.5693204365079365,29.171918743996457,0.5840773809523809,19.881008590091586,0.5633680555555556
ganker5/so100_color_0328,36,1.8409722030162812,2.2595425844192505,2.862730073928833,24.640426804344898,0.5714285714285714,30.651886342192135,0.5927579365079365,21.2256513919704,0.5687003968253969
ganker5/so100_color_0328,38,1.9215977251529694,2.3673665523529053,2.9793880820274357,26.776048201984707,0.5338541666666666,30.94044370389524,0.5656001984126984,21.56530468647891,0.5450148809523809
ganker5/so100_color_0328,40,2.0601269125938417,2.488976240158081,3.100344693660736,24.087829505050344,0.5675843253968254,28.904122796165293,0.5863095238095238,19.61171825783296,0.5595238095238095
ganker5/so100_color_0328,42,1.8473608314990997,2.2077622413635254,2.8077675342559814,26.30561443372594,0.5719246031746031,31.01353040710883,0.5811011904761905,20.567478811565948,0.5483630952380952
ganker5/so100_color_0328,44,1.740764820575714,2.0898252725601196,2.6185223340988157,24.18145843335526,0.6400049603174603,29.310741767852598,0.6708829365079365,20.691656284075826,0.6388888888888888
ganker5/so100_color_0328,46,1.8917892694473266,2.1157541275024414,2.6500900626182555,18.851699716884063,0.5933779761904762,23.272445318419777,0.6042906746031746,17.14681184231128,0.5858134920634921
ganker5/so100_color_0328,49,1.9016954243183135,2.1666656732559204,2.7327261686325075,20.86476413050269,0.609375,25.479234534031566,0.6261160714285714,17.502263130361666,0.6032986111111112
ganker5/so100_dataline_0328,0,1.6899860322475433,1.9900473356246948,2.5856838464736938,22.077677055969495,0.7185019841269841,27.88392391889177,0.7021329365079365,18.519296658807562,0.6985367063492064
ganker5/so100_dataline_0328,2,1.172641658782959,1.348409116268158,1.7688043236732485,19.356259226488664,0.6312003968253969,22.2574121551894,0.6558779761904762,15.17931732884487,0.6498015873015873
ganker5/so100_dataline_0328,4,1.1959916532039643,1.4360666871070862,1.796759682893753,5.8376781687249695,0.4583333333333333,6.100400607800341,0.44506448412698413,3.9942946074727326,0.4574652777777778
ganker5/so100_dataline_0328,6,1.56851487159729,1.777358591556549,2.3810915112495423,22.315729301770208,0.5071924603174603,27.187300677475104,0.4908234126984127,18.93061878473502,0.48586309523809523
ganker5/so100_dataline_0328,8,0.9582077413797379,1.0909383296966553,1.4327924728393555,14.410445343671276,0.5703125,16.54066323427947,0.5756448412698413,11.075422431402476,0.5710565476190477
ganker5/so100_dataline_0328,10,0.9150122761726379,1.0515316128730774,1.4167430996894836,12.589762252876842,0.4723462301587302,13.26645553673221,0.47842261904761907,9.006647909922012,0.4693700396825397
ganker5/so100_dataline_0328,12,1.5007664084434509,1.6596821546554565,2.156584632396698,14.871314579162528,0.48821924603174605,20.11552756617881,0.4931795634920635,13.514667889896305,0.494171626984127
ganker5/so100_dataline_0328,14,1.528094720840454,1.6930418014526367,2.2639623403549196,20.470975464948197,0.5931299603174603,25.688900373207463,0.5984623015873016,16.068189614967356,0.5791170634920635
ganker5/so100_dataline_0328,17,0.7935447245836258,0.926331639289856,1.2634424090385437,14.212941892633777,0.5328621031746031,20.18106306132943,0.5462549603174603,13.387424604710828,0.5349702380952381
ganker5/so100_dataline_0328,19,0.9919249415397644,1.1288642287254333,1.5427503168582917,16.497808988701347,0.5868055555555556,22.593318317563632,0.5680803571428571,13.691525101861343,0.5885416666666666
ganker5/so100_dataline_0328,21,0.9458367615938187,1.1364384889602661,1.5326792716979982,20.37025780194221,0.6189236111111112,23.668536223134144,0.6343005952380952,17.12009141343584,0.6117311507936508
ganker5/so100_dataline_0328,23,1.3058116793632508,1.4755346775054932,1.9710909485816956,18.889975370625336,0.45944940476190477,25.0448875622956,0.47507440476190477,15.776090231195647,0.44680059523809523
ganker5/so100_dataline_0328,25,1.0118879437446595,1.2077937722206116,1.5761756420135498,13.791458421407233,0.5014880952380952,19.005122214106187,0.5002480158730159,13.197286004260901,0.4911954365079365
ganker5/so100_dataline_0328,27,0.8380908161401749,0.998541384935379,1.367739224433899,19.01269232054224,0.6052827380952381,21.89700801425295,0.6116071428571429,14.980171440055031,0.6049107142857143
ganker5/so100_dataline_0328,29,1.1089184939861298,1.2185626029968262,1.5572793126106261,7.838269167961754,0.5905257936507936,9.57283856710778,0.5942460317460317,6.457646783979596,0.5935019841269841
ganker5/so100_dataline_0328,31,1.0531818151474,1.2701707482337952,1.7295394599437715,28.2738743963557,0.5789930555555556,30.634003018046734,0.5948660714285714,23.149052302630444,0.5616319444444444
ganker5/so100_dataline_0328,34,0.9322103440761567,1.0786085724830627,1.4512465894222262,18.026058853835316,0.6245039682539683,21.251030207524284,0.6365327380952381,13.892109120274123,0.6134672619047619
ganker5/so100_dataline_0328,36,1.0168126761913299,1.2046945691108704,1.567514818906784,19.732248694190687,0.6385168650793651,21.986739010205437,0.6144593253968254,14.875944530546564,0.6215277777777778
ganker5/so100_dataline_0328,38,1.430616956949234,1.608064353466034,2.119462954998016,19.517250986662965,0.5446428571428571,24.28176627930163,0.5628720238095238,16.823697645716884,0.5502232142857143
ganker5/so100_dataline_0328,40,0.9249405801296234,1.0729076862335205,1.444100517034531,18.647601629766672,0.5750248015873016,22.523703661438823,0.5877976190476191,14.55564189645316,0.564484126984127
ganker5/so100_dataline_0328,42,1.5191690802574158,1.7184518575668335,2.1869611978530883,17.809107954260696,0.5629960317460317,22.00220425859934,0.5647321428571429,15.351879028068566,0.5426587301587301
ganker5/so100_dataline_0328,44,0.8591232120990753,1.0197641849517822,1.3980467140674593,17.681169403661087,0.6112351190476191,21.927966146906478,0.6329365079365079,14.261404361422253,0.5798611111111112
ganker5/so100_dataline_0328,46,1.1574153780937195,1.2971018552780151,1.6841596722602845,15.81233865737986,0.6665426587301587,20.102087867130457,0.6684027777777778,13.123547696367172,0.6675347222222222
ganker5/so100_dataline_0328,49,1.161438274383545,1.3437992334365845,1.703695499897003,14.029092521042601,0.6150793650793651,18.144376055444933,0.6223958333333334,11.71690629513796,0.6148313492063492
ganker5/so100_dataline_20250331,0,1.9300789535045624,2.4056261777877808,3.1205063581466677,24.575406501845837,0.3447420634920635,28.673254109910047,0.3542906746031746,20.8046666263204,0.34499007936507936
ganker5/so100_dataline_20250331,2,1.7238651812076569,1.9681913256645203,2.6075294375419618,26.78255162761797,0.5021081349206349,31.230397582592463,0.5215773809523809,19.008960054724465,0.4945436507936508
ganker5/so100_dataline_20250331,4,1.9968851983547211,2.3506269454956055,2.96470787525177,21.847010152269057,0.6812996031746031,25.017372162802992,0.6846478174603174,17.960389166854128,0.6809275793650794
ganker5/so100_dataline_20250331,6,1.8285396158695222,2.126800537109375,2.6933067560195925,29.363681275466377,0.49789186507936506,34.44315637435675,0.517609126984127,24.72653096142706,0.4880952380952381
ganker5/so100_dataline_20250331,8,1.8946374297142028,2.1726653575897217,2.6488367915153503,17.849919235554243,0.49987599206349204,21.443559658328844,0.5135168650793651,14.378835708268866,0.5026041666666666
ganker5/so100_dataline_20250331,10,1.6399235844612121,2.0324031114578247,2.6657845973968506,33.29657018665196,0.5241815476190477,39.444996569170144,0.5492311507936508,23.04037934182129,0.49541170634920634
ganker5/so100_dataline_20250331,12,1.7183906316757203,2.116097569465637,2.871486175060272,34.0592396605487,0.41877480158730157,40.118503169456126,0.42745535714285715,29.2284167237254,0.40166170634920634
ganker5/so100_dataline_20250331,14,1.6981237947940826,1.9870747923851013,2.594296169281006,30.86897171392942,0.4114583333333333,37.06121714371572,0.38566468253968256,26.496977293730108,0.3732638888888889
ganker5/so100_dataline_20250331,17,1.920381587743759,2.3655937910079956,2.978998875617981,28.54741233955178,0.6164434523809523,34.81256810165687,0.6298363095238095,23.73291132338077,0.5865575396825397
ganker5/so100_dataline_20250331,19,1.7619632482528687,2.0271037817001343,2.631937766075134,17.5867097635141,0.4382440476190476,31.1104634158685,0.44481646825396826,14.762236154131823,0.4212549603174603
ganker5/so100_dataline_20250331,21,1.8645112574100495,2.110030770301819,2.707541036605835,19.515206471867522,0.6371527777777778,23.561707637051235,0.6103670634920635,15.405385449777805,0.6154513888888888
ganker5/so100_dataline_20250331,23,1.9229713797569274,2.2006291151046753,2.854726803302765,19.525702871137728,0.6040426587301587,23.565295592381624,0.5904017857142857,15.736726131274962,0.5980902777777778
ganker5/so100_dataline_20250331,25,2.046599864959717,2.373150110244751,2.956186819076538,19.123917160856493,0.6471974206349206,24.919162633201715,0.6695188492063492,17.333985518135435,0.6476934523809523
ganker5/so100_dataline_20250331,27,1.7321514785289764,2.068728446960449,2.7909999966621397,32.67737592391864,0.42137896825396826,39.16766078988329,0.4459325396825397,22.895229795827014,0.42919146825396826
ganker5/so100_dataline_20250331,29,1.6698414087295532,2.019948720932007,2.6545175313949585,31.548726739412857,0.41517857142857145,37.76311120749246,0.4177827380952381,27.559540116658752,0.41121031746031744
ganker5/so100_dataline_20250331,31,1.575400823354721,1.7842495441436768,2.413390588760376,17.640566359533032,0.48226686507936506,20.893817323022315,0.4947916666666667,14.273723347865602,0.49615575396825395
ganker5/so100_dataline_20250331,34,1.8057950735092163,2.1469621658325195,2.6657350182533266,21.885054715091616,0.6707589285714286,25.957266904921415,0.7010168650793651,18.294107515829868,0.6408730158730159
ganker5/so100_dataline_20250331,36,1.6871816098690033,2.080529570579529,2.6998236417770385,26.726276602139905,0.7213541666666666,32.52861927591343,0.7295386904761905,22.32785901425003,0.7075892857142857
ganker5/so100_dataline_20250331,38,1.724590963125229,1.9653637409210205,2.598273456096649,20.937047748316175,0.6521577380952381,26.480821564818317,0.644593253968254,17.89480877629148,0.6359126984126984
ganker5/so100_dataline_20250331,40,1.575014579296112,1.7823978066444397,2.4094273924827574,27.28480819028327,0.40662202380952384,33.30688299497233,0.41555059523809523,22.62869748083415,0.396453373015873
ganker5/so100_dataline_20250331,42,1.7419913709163666,1.9825948476791382,2.6134885311126714,19.74455502460327,0.4694940476190476,24.933213574231434,0.4800347222222222,17.251438254805976,0.4506448412698413
ganker5/so100_dataline_20250331,44,1.654518961906433,1.9738809466362,2.614938747882843,26.20807797408448,0.6791914682539683,31.49452369158218,0.6971726190476191,22.408651149575373,0.6713789682539683
ganker5/so100_dataline_20250331,46,1.7723548233509063,2.004133462905884,2.5682043075561523,20.613235574090485,0.5167410714285714,23.48317319573913,0.5276537698412699,16.127026273665255,0.5241815476190477
ganker5/so100_dataline_20250331,49,1.6073873877525329,1.9927453398704529,2.630576014518738,32.35646189220931,0.35825892857142855,38.99851665276393,0.3777281746031746,28.46131679503597,0.33196924603174605
ganker5/so100_push_20250328,0,0.975267282128334,1.1619817614555359,1.611508059501648,20.613866089463073,0.6005704365079365,26.24933370510208,0.6297123015873016,18.656443168238937,0.5732886904761905
ganker5/so100_push_20250328,2,1.316016560792923,1.5360406041145325,2.0688400983810427,22.78313713306963,0.5913938492063492,24.400896819719236,0.6109871031746031,18.226794612332647,0.5984623015873016
ganker5/so100_push_20250328,4,1.2784685909748077,1.526816725730896,2.0488476157188416,22.23881313808144,0.6779513888888888,28.61087082946472,0.699156746031746,19.899488391911653,0.6724950396825397
ganker5/so100_push_20250328,6,1.2113311886787415,1.3643978834152222,1.8265449047088624,18.453003570442046,0.5024801587301587,22.60698588434854,0.511780753968254,16.759199646292753,0.4964037698412698
ganker5/so100_push_20250328,8,1.4940267026424408,1.7291653752326965,2.2152647972106934,20.234332420714267,0.6485615079365079,23.854914052678602,0.6541418650793651,16.299984199026916,0.6335565476190477
ganker5/so100_push_20250328,10,1.1131688475608825,1.3502258658409119,1.837229585647583,22.619660041485957,0.5968501984126984,26.337053901644694,0.609375,18.19770701029539,0.5851934523809523
ganker5/so100_push_20250328,12,1.4533993482589722,1.710714876651764,2.175726795196533,20.61050959535655,0.6282242063492064,27.301327242445087,0.6457093253968254,17.509983225812196,0.6254960317460317
ganker5/so100_push_20250328,14,1.43945010304451,1.7068357467651367,2.2884925842285155,21.113371594001862,0.6356646825396826,25.757843289959936,0.6438492063492064,18.28617452269266,0.6412450396825397
ganker5/so100_push_20250328,17,1.4356375575065612,1.588950276374817,2.123389518260956,20.513147412826232,0.5248015873015873,25.445211949085195,0.5259176587301587,17.985689489307248,0.5055803571428571
ganker5/so100_push_20250328,19,1.4073181092739104,1.6376259326934814,2.2032581686973574,20.10962827076571,0.5420386904761905,25.412364479384774,0.5499751984126984,17.643687681932224,0.5368303571428571
ganker5/so100_push_20250328,21,1.2327330648899077,1.500753104686737,1.984796702861786,23.304966783513,0.6313244047619048,30.14483322348835,0.6350446428571429,20.011051266977283,0.6076388888888888
ganker5/so100_push_20250328,23,1.0715620875358582,1.287112295627594,1.7658348977565768,21.3248058246069,0.5771329365079365,25.290290711124694,0.5868055555555556,16.67753441268146,0.574156746031746
ganker5/so100_push_20250328,25,1.0909787774086,1.3570526242256165,1.83531893491745,23.94110285789192,0.623015873015873,30.45768694038815,0.675843253968254,21.179297148148102,0.6437251984126984
ganker5/so100_push_20250328,27,1.1602540552616118,1.4184107184410095,1.8946780443191529,23.071362351265286,0.6440972222222222,28.9959475284935,0.6742311507936508,19.853423861947018,0.6313244047619048
ganker5/so100_push_20250328,29,1.108609962463379,1.306960940361023,1.7878932774066925,19.220232629262206,0.6114831349206349,26.643934721407163,0.6200396825396826,16.151180206540708,0.6218998015873016
ganker5/so100_push_20250328,31,1.4720470309257507,1.7348142266273499,2.2781609773635867,18.24117977703923,0.6215277777777778,23.16295633532373,0.6254960317460317,15.699209578258525,0.6010664682539683
ganker5/so100_push_20250328,34,0.9196327894926071,1.1063156127929688,1.526143902540207,21.448668859054987,0.5612599206349206,24.66356495892319,0.5570436507936508,16.93008548237619,0.5445188492063492
ganker5/so100_push_20250328,36,1.25915407538414,1.477339744567871,2.0290972352027894,23.309791682663974,0.6314484126984127,30.399676944245716,0.6407490079365079,20.35579134997736,0.6256200396825397
ganker5/so100_push_20250328,38,1.260599637031555,1.5404862761497498,2.0911680102348327,26.70040853091622,0.6491815476190477,30.746787075075346,0.6724950396825397,21.012179892250217,0.6484375
ganker5/so100_push_20250328,40,1.3075438916683197,1.5847796201705933,2.117787384986878,23.336212647057955,0.6072668650793651,35.95035709851568,0.621155753968254,19.247694259234624,0.6031746031746031
ganker5/so100_push_20250328,42,1.1802800595760345,1.4341890215873718,1.9926709592342378,25.221093711615673,0.6102430555555556,29.309765106699487,0.6484375,20.297196751997117,0.583953373015873
ganker5/so100_push_20250328,44,1.2667040526866913,1.4775493144989014,1.975404578447342,19.67137720322211,0.607390873015873,23.42709447688908,0.6062748015873016,14.915945596420745,0.5823412698412699
ganker5/so100_push_20250328,46,1.0623320400714875,1.2776703238487244,1.7394822657108306,22.57609384789623,0.6622023809523809,27.04416000989143,0.6800595238095238,18.61103931042681,0.6509176587301587
ganker5/so100_push_20250328,49,1.1974427938461303,1.4718230962753296,2.0077871561050418,25.40328268020954,0.6068948412698413,31.040483204029577,0.6218998015873016,21.007550594736326,0.5949900793650794
ganker5/so100_push_20250331,0,1.2757513761520385,1.508815348148346,2.1132243871688843,22.603565284167775,0.597594246031746,26.651488227053772,0.6034226190476191,19.045277738551246,0.5910218253968254
ganker5/so100_push_20250331,2,0.9904311895370483,1.1996135115623474,1.674942421913147,19.929085998216284,0.5147569444444444,23.00206047815277,0.5162450396825397,15.736310599146899,0.5050843253968254
ganker5/so100_push_20250331,5,1.339607799053192,1.5800495147705078,2.1762585282325744,19.077203542418975,0.5855654761904762,24.876055980649554,0.6114831349206349,16.52741494136026,0.5859375
ganker5/so100_push_20250331,7,1.3845151722431184,1.5947359800338745,2.0425338625907896,17.57749573216868,0.5264136904761905,18.05635022787285,0.5233134920634921,11.685737498409026,0.5187251984126984
ganker5/so100_push_20250331,10,0.8916842520236969,1.052730143070221,1.482813757658005,17.993374588093594,0.5239335317460317,30.439296128777947,0.5290178571428571,18.977606318065614,0.5128968253968254
ganker5/so100_push_20250331,12,1.3558164358139038,1.6581292748451233,2.262506139278412,24.2503387949824,0.6442212301587301,27.932794502710102,0.6581101190476191,18.344283714948293,0.6174355158730159
ganker5/so100_push_20250331,15,1.294851505756378,1.551216721534729,2.077787387371063,23.92429102249365,0.5916418650793651,36.1862962289498,0.6042906746031746,25.479020188712358,0.5771329365079365
ganker5/so100_push_20250331,17,1.4448380291461944,1.6531717777252197,2.228874158859253,20.460817591494543,0.5302579365079365,28.749553776858317,0.5210813492063492,18.31264840230568,0.5357142857142857
ganker5/so100_push_20250331,20,1.5125871479511261,1.815013349056244,2.3934081912040712,22.95256186167975,0.5823412698412699,27.92514588372237,0.6111111111111112,25.152610721559657,0.5415426587301587
ganker5/so100_push_20250331,23,1.3394753575325011,1.5853862762451172,2.1526498675346373,21.647707281379386,0.6086309523809523,27.037286607268214,0.6247519841269841,25.433882853488527,0.5901537698412699
ganker5/so100_push_20250331,25,1.490849143266678,1.7944321632385254,2.369598186016083,24.134277391283646,0.6618303571428571,28.913864671541877,0.6878720238095238,20.83953163765345,0.6295882936507936
ganker5/so100_push_20250331,28,1.2816367387771606,1.524424970149994,2.0424022912979125,21.297715049303186,0.6313244047619048,27.147801452146506,0.628968253968254,17.23194338243923,0.6228918650793651
ganker5/so100_push_20250331,30,1.4781645119190217,1.819051742553711,2.466053879261017,28.009167792595782,0.6305803571428571,34.6038527883623,0.6481894841269841,24.290351913717906,0.6154513888888888
ganker5/so100_push_20250331,33,1.2644936561584472,1.4228350520133972,1.9695918500423433,18.737101120864306,0.5895337301587301,25.582820513088663,0.6044146825396826,16.095644858071747,0.5918898809523809
ganker5/so100_push_20250331,35,1.3939394354820251,1.6677952408790588,2.2187848806381227,24.243053992216204,0.623015873015873,27.354307671238423,0.6470734126984127,19.61323423859174,0.6251240079365079
ganker5/so100_push_20250331,38,1.036284589767456,1.2678599953651428,1.795402991771698,23.582809379764523,0.6148313492063492,29.97558167194818,0.6391369047619048,20.60192196317875,0.5714285714285714
ganker5/so100_push_20250331,41,1.1171566843986511,1.2586833834648132,1.7656688511371614,20.779566554106076,0.5476190476190477,25.260304415690857,0.5597718253968254,16.26237998198754,0.5472470238095238
ganker5/so100_push_20250331,43,1.5090751230716706,1.7059258818626404,2.2893105506896974,19.324787485246215,0.6543898809523809,23.64089876158941,0.6547619047619048,17.02365433455884,0.6402529761904762
ganker5/so100_push_20250331,46,1.4051062226295472,1.7252129316329956,2.316332256793976,22.924022381325706,0.6334325396825397,30.845394305343582,0.6609623015873016,18.670700711458615,0.6227678571428571
ganker5/so100_push_20250331,48,1.1418411433696747,1.3786030411720276,1.8137187480926513,24.498655919157997,0.5389384920634921,36.792206845163555,0.5672123015873016,19.171737939077993,0.5293898809523809
ganker5/so100_push_20250331,51,1.211602157354355,1.365689218044281,1.8900317192077636,21.197863671627335,0.6285962301587301,25.359295341564472,0.6376488095238095,17.785756126034478,0.6041666666666666
ganker5/so100_push_20250331,53,1.4245293378829955,1.5981993675231934,2.071773445606232,20.27990205228743,0.4818948412698413,23.79523485478267,0.5075644841269841,16.555579215390548,0.49094742063492064
ganker5/so100_push_20250331,56,1.5691344439983368,1.7635210156440735,2.299151265621185,22.073942408692137,0.38839285714285715,25.67191753570985,0.4088541666666667,18.44699299762716,0.4037698412698413
ganker5/so100_push_20250331,59,1.0206074655055999,1.174498736858368,1.6010411381721497,16.389446447519422,0.5073164682539683,18.88544954459973,0.5150049603174603,14.637046084985974,0.48995535714285715
ganker5/so100_toy_20250402,0,1.5658302068710328,1.8969236612319946,2.470830035209656,27.01078446944583,0.32328869047619047,33.25158498408444,0.32316468253968256,21.84626678974291,0.2898065476190476
ganker5/so100_toy_20250402,4,1.9738927900791168,2.4087066650390625,3.1885273933410647,31.15665986491975,0.3865327380952381,37.17759490937813,0.4011656746031746,26.854786857106127,0.3763640873015873
ganker5/so100_toy_20250402,8,1.947419422864914,2.4410072565078735,3.294445109367371,33.999385776404715,0.39794146825396826,40.56847050484696,0.39112103174603174,29.31318329101145,0.37884424603174605
ganker5/so100_toy_20250402,12,1.8443435966968535,2.226554274559021,2.871294951438904,30.213250095986282,0.40228174603174605,34.640314223424895,0.41617063492063494,24.904658238752948,0.38938492063492064
ganker5/so100_toy_20250402,17,1.5192983984947204,1.7692946791648865,2.293509602546692,27.7752919222809,0.39992559523809523,33.19580001393776,0.41257440476190477,23.342376061745362,0.39186507936507936
ganker5/so100_toy_20250402,21,1.7148045301437378,2.1021006107330322,2.7124778270721435,31.249500445567072,0.37710813492063494,37.649554725535616,0.38095238095238093,25.173437247475324,0.3601190476190476
ganker5/so100_toy_20250402,25,1.6777416229248048,2.009891629219055,2.583933138847351,29.468967163525125,0.3919890873015873,34.768923337171,0.40141369047619047,24.737387463781005,0.3793402777777778
ganker5/so100_toy_20250402,30,1.7722476422786713,2.1683883666992188,2.8463406205177306,31.904862020396155,0.4140625,37.7981351150784,0.4384920634920635,27.73913367819811,0.3967013888888889
ganker5/so100_toy_20250402,34,1.5526635229587555,1.9596221446990967,2.6478562712669373,32.43561033464072,0.38256448412698413,37.49012744444207,0.400421626984127,27.151199229807894,0.369171626984127
ganker5/so100_toy_20250402,38,1.6502852320671082,2.0105165243148804,2.6340927839279176,30.81198791752721,0.3790922619047619,35.54476434351961,0.4099702380952381,25.63067381902582,0.3851686507936508
ganker5/so100_toy_20250402,43,1.7177233695983887,2.038311004638672,2.659743905067444,25.873836388759337,0.4255952380952381,29.086573174162535,0.44655257936507936,21.12319144495978,0.4280753968253968
ganker5/so100_toy_20250402,47,1.6819270074367523,2.0528634786605835,2.7251460790634154,32.491230536733084,0.3862847222222222,39.03832153066848,0.3998015873015873,28.55998721438969,0.3733878968253968
ganker5/so100_toy_20250402,51,1.6840699672698975,2.024808645248413,2.708535170555115,31.104838217692595,0.32762896825396826,36.19154221577588,0.3785962301587302,25.337773691291527,0.34375
ganker5/so100_toy_20250402,55,1.6660548090934753,2.052641987800598,2.727902460098267,29.68703581965315,0.3501984126984127,35.73244875080756,0.3722718253968254,25.69728942096367,0.3480902777777778
ganker5/so100_toy_20250402,60,1.4079844653606415,1.6411367058753967,2.2848639249801637,27.57937440145499,0.34833829365079366,32.94394615092898,0.3472222222222222,23.63531991178965,0.32787698412698413
ganker5/so100_toy_20250402,64,1.7316442430019379,2.1266486644744873,2.926643943786621,32.8403851767883,0.3661954365079365,37.67419257688447,0.39360119047619047,27.955954646331275,0.35639880952380953
ganker5/so100_toy_20250402,68,1.6967244565486908,2.0702686309814453,2.7342170953750613,30.97502580587532,0.39186507936507936,37.74082155046704,0.42497519841269843,27.29658398681536,0.41121031746031744
ganker5/so100_toy_20250402,73,1.7747520625591278,2.12320613861084,2.76118985414505,28.026841262997664,0.42311507936507936,33.90213314432574,0.44828869047619047,24.237905157148774,0.4283234126984127
ganker5/so100_toy_20250402,77,1.4824506759643554,1.6811203956604004,2.2624591588974003,26.176471404581775,0.4157986111111111,29.545467066982248,0.453125,19.83352395699763,0.4236111111111111
ganker5/so100_toy_20250402,81,1.6919394493103028,2.043578624725342,2.790358924865723,32.18156696801948,0.3947172619047619,38.03084543144418,0.4079861111111111,27.599630465071925,0.38578869047619047
ganker5/so100_toy_20250402,86,1.6990778207778932,2.117868661880493,2.9099117398262027,34.01744689698371,0.38566468253968256,40.764193748088964,0.43526785714285715,29.576720964983153,0.3994295634920635
ganker5/so100_toy_20250402,90,1.7231056451797486,2.0955487489700317,2.768441987037659,27.36771999734264,0.4320436507936508,34.60790571921944,0.42943948412698413,23.38317102179326,0.4157986111111111
ganker5/so100_toy_20250402,94,1.687948077917099,2.0621354579925537,2.7270208597183228,31.683850969358847,0.4402281746031746,37.38315497595818,0.47259424603174605,27.11837253054636,0.4351438492063492
ganker5/so100_toy_20250402,99,1.6516994416713715,2.041590929031372,2.6926472902297975,32.92344935828837,0.41530257936507936,38.7751916571825,0.4506448412698413,27.90087483065946,0.40128968253968256
isadev/bougies3,0,0.9161332845687866,1.0295265913009644,1.6456001222133638,8.292992120071643,0.49181547619047616,10.952671834797307,0.4789186507936508,7.352525934523692,0.4888392857142857
isadev/bougies3,8,0.7131798207759857,0.7727091610431671,1.8711507201194768,4.16000678961739,0.46118551587301587,5.725670137951428,0.46044146825396826,3.6493193150452594,0.45163690476190477
isadev/bougies3,17,1.102194595336914,1.2079898118972778,1.5018551111221319,3.376668386985177,0.5718005952380952,4.2730140761629825,0.5486111111111112,2.510532348408376,0.5553075396825397
isadev/bougies3,25,0.9879247605800628,1.0853462219238281,1.8343198835849763,7.02732991848468,0.4728422619047619,8.282591323415364,0.4694940476190476,5.56725455102965,0.46862599206349204
isadev/bougies3,34,0.8857239007949829,0.9639383554458618,1.6963514745235444,2.974074426308992,0.3931051587301587,2.880927513143899,0.392609126984127,0.5563750295462101,0.39546130952380953
isadev/bougies3,43,1.0899607062339782,1.2454052567481995,2.0634981274604796,6.15864276675941,0.5848214285714286,7.6991127993280495,0.5891617063492064,5.069756657330794,0.5882936507936508
isadev/bougies3,51,1.0331282794475556,1.1292369365692139,1.9211667239665993,6.847334542843157,0.5421626984126984,8.454356673336244,0.5411706349206349,5.064652816322829,0.5405505952380952
isadev/bougies3,60,1.0654468595981599,1.2291030883789062,1.6406807243824006,20.455394827588652,0.6128472222222222,26.11696878247349,0.6237599206349206,17.039313319615154,0.6028025793650794
isadev/bougies3,69,1.0710995733737945,1.1690024733543396,2.370437550544739,7.062581263614615,0.5321180555555556,13.687787675909254,0.5248015873015873,5.564860298735427,0.5246775793650794
isadev/bougies3,77,1.1917561888694763,1.31497323513031,2.270816910266876,7.884435834905713,0.5876736111111112,9.572119794922461,0.5889136904761905,6.377596834899397,0.5916418650793651
isadev/bougies3,86,1.001358699798584,1.0855093002319336,2.111651074886322,9.120764386843065,0.5043402777777778,11.40606699736187,0.5032242063492064,8.52530310799286,0.49193948412698413
isadev/bougies3,95,0.9068774491548538,1.0059455037117004,2.3555388689041137,10.536180921010295,0.5394345238095238,12.843940082581975,0.5400545634920635,8.381268003542566,0.5345982142857143
isadev/bougies3,103,1.0007972359657287,1.101429045200348,1.3112914919853214,10.368681929571865,0.5290178571428571,13.446399685304602,0.5276537698412699,8.563482123708663,0.5218253968253969
isadev/bougies3,112,1.013800472021103,1.1101897954940796,1.7814459443092345,4.7913784929026955,0.5122767857142857,6.151348717064942,0.5026041666666666,4.755757622541677,0.5033482142857143
isadev/bougies3,121,0.8436325162649154,0.9652833640575409,1.1778794527053837,6.815350455933082,0.5291418650793651,7.858976366005796,0.5324900793650794,5.835159381297384,0.5326140873015873
isadev/bougies3,129,1.094840979576111,1.1749716997146606,1.3061353266239195,3.2715967227334177,0.537078373015873,3.969310779237982,0.5419146825396826,2.6949343866110165,0.5363343253968254
isadev/bougies3,138,0.8563617050647736,0.9286077916622162,1.9133855998516083,11.196210858140558,0.4946676587301587,9.911711518658743,0.490203373015873,6.372706614152763,0.48462301587301587
isadev/bougies3,147,0.9477904587984085,1.0309650897979736,2.117237591743469,9.92531262501304,0.5326140873015873,13.151945101106408,0.5307539682539683,8.133397562251337,0.5302579365079365
isadev/bougies3,155,1.0103848099708557,1.089782953262329,1.322729676961899,8.53865398644397,0.597718253968254,9.842108382510181,0.6060267857142857,6.603399956013046,0.6025545634920635
isadev/bougies3,164,0.9837238848209381,1.0620246529579163,1.8272536695003516,4.49618725290368,0.4957837301587302,7.6910788647032975,0.49255952380952384,5.313121241621322,0.4957837301587302
isadev/bougies3,173,0.9529761403799057,1.0244765281677246,1.9829582631587985,2.433652110853856,0.5070684523809523,2.666163296899077,0.5110367063492064,3.4730510366050056,0.5094246031746031
isadev/bougies3,181,1.065315991640091,1.1412297487258911,1.4254383862018625,7.174659599531063,0.5310019841269841,8.353128966536234,0.5223214285714286,5.773157932719305,0.5188492063492064
isadev/bougies3,190,0.9245758503675461,1.0198056101799011,2.0187065243721083,3.83164996761502,0.5602678571428571,5.216578250620284,0.5565476190476191,3.981428793296232,0.5538194444444444
isadev/bougies3,199,1.0072856366634368,1.1071920990943909,1.902900630235674,8.92517480640428,0.5766369047619048,11.2430745718187,0.5693204365079365,7.322443122258453,0.5758928571428571
jlesein/TestBoulon7,0,1.0047146201133728,1.1933099627494812,1.608133614063263,26.532724769640478,0.5024801587301587,31.716281434999775,0.5342261904761905,23.414249605607345,0.4959077380952381
jlesein/TestBoulon7,17,0.7657181173563004,0.890987753868103,1.5118333697319033,21.462533514458723,0.421875,25.75774112814558,0.42782738095238093,14.72264659071758,0.39087301587301587
jlesein/TestBoulon7,34,0.9641328454017639,1.0895217061042786,1.3984026134014131,21.027242183336806,0.5641121031746031,24.949305516142935,0.5747767857142857,16.805292490366934,0.5658482142857143
jlesein/TestBoulon7,52,1.0737556040287017,1.2531487941741943,1.632947844266892,19.42056544060781,0.5462549603174603,23.073793632381335,0.5525793650793651,15.442879791775297,0.5411706349206349
jlesein/TestBoulon7,69,1.0758376359939574,1.3017674088478088,2.194436860084534,30.26610212140604,0.6980406746031746,36.681853743734344,0.7217261904761905,26.007141765709562,0.6920882936507936
jlesein/TestBoulon7,86,0.9514284610748291,1.1316697001457214,1.6849731445312521,28.331187948817835,0.5300099206349206,34.058294483621886,0.5406746031746031,22.68697696073342,0.5158730158730159
jlesein/TestBoulon7,104,1.0677008152008056,1.2354359030723572,1.7929940044879913,25.26590587508594,0.48623511904761907,29.5911921040375,0.4945436507936508,19.586744331679768,0.46490575396825395
jlesein/TestBoulon7,121,0.8399583965539932,0.976943701505661,1.8827070832252513,26.96887013812144,0.4568452380952381,30.84301635358277,0.46726190476190477,20.277083923772025,0.4388640873015873
jlesein/TestBoulon7,138,0.8803675413131714,1.0214805603027344,1.9729463994503025,23.629399011262706,0.4392361111111111,28.179710010743054,0.4435763888888889,20.832407531365764,0.4269593253968254
jlesein/TestBoulon7,156,1.0717311799526215,1.2707839608192444,1.7923525631427777,27.97414681496632,0.5323660714285714,32.35116515358044,0.5546875,23.613895814033622,0.5240575396825397
jlesein/TestBoulon7,173,1.0852075517177582,1.3140283226966858,1.8451524555683136,29.290469968469964,0.4964037698412698,35.548805823219126,0.49987599206349204,24.128630556795027,0.4775545634920635
jlesein/TestBoulon7,190,1.4235140323638915,1.6539531350135803,2.1270045042037964,23.887918539614805,0.5803571428571429,29.784097935024317,0.6092509920634921,20.94479705395333,0.5751488095238095
jlesein/TestBoulon7,208,0.9419602066278457,1.0969290137290955,2.2876981854438934,25.793043068395118,0.46726190476190477,31.139843674639998,0.46750992063492064,21.178503118621038,0.4595734126984127
jlesein/TestBoulon7,225,0.9301659435033798,1.1023467183113098,1.800965470075608,24.837139939505963,0.5529513888888888,26.021157422389365,0.5657242063492064,21.479672808285496,0.5357142857142857
jlesein/TestBoulon7,242,0.9322372376918793,1.099066138267517,2.3505142569541935,30.046373586513994,0.4645337301587302,32.43876836365522,0.4849950396825397,22.288209695436592,0.45783730158730157
jlesein/TestBoulon7,260,1.1253808200359345,1.3053051233291626,1.9587350845336915,25.163375380998186,0.5122767857142857,28.821836488212494,0.5283978174603174,18.787057798185717,0.5050843253968254
jlesein/TestBoulon7,277,0.8927323788404464,1.0781146883964539,1.6542765140533446,27.81439317922253,0.4515128968253968,33.16144007139896,0.470734126984127,24.28053715440992,0.43464781746031744
jlesein/TestBoulon7,294,1.0626078605651856,1.2509927153587341,1.7660036504268646,25.321569341764008,0.4439484126984127,32.313619108003074,0.45982142857142855,20.492466904671748,0.4460565476190476
jlesein/TestBoulon7,312,0.955510038137436,1.1242190599441528,1.5534890830516817,27.221767735374943,0.5494791666666666,32.41391694981397,0.5784970238095238,22.823749490022742,0.5355902777777778
jlesein/TestBoulon7,329,1.052850365638733,1.2671862244606018,2.022236478328705,26.288501387441954,0.6088789682539683,34.20331385643532,0.6206597222222222,22.094743389155315,0.5900297619047619
jlesein/TestBoulon7,346,1.1059474229812623,1.279109239578247,1.9122048795223237,25.23594858003495,0.5027281746031746,30.777240761080378,0.5226934523809523,21.356937667751126,0.4982638888888889
jlesein/TestBoulon7,364,1.0118479192256928,1.1601541638374329,1.7927348792552948,28.263923532737525,0.49429563492063494,32.926886171970224,0.5265376984126984,22.483622914872893,0.4782986111111111
jlesein/TestBoulon7,381,0.9253563702106475,1.0812115669250488,1.8154647529125219,27.96481904351687,0.6328125,33.71846689558148,0.6595982142857143,24.15842114056005,0.6351686507936508
jlesein/TestBoulon7,399,0.9443926572799682,1.12385094165802,1.9000120759010315,26.205402267061473,0.49206349206349204,35.47651584844036,0.5168650793650794,22.59892669987722,0.478546626984127
jpata/so100_pick_place_tangerine,0,1.4573338270187377,1.741719663143158,2.280333697795868,21.25960269276805,0.6176835317460317,25.42454572859814,0.6217757936507936,18.291953204400222,0.6124751984126984
jpata/so100_pick_place_tangerine,4,1.4852702140808105,1.7382153868675232,2.215786099433899,19.921319708007285,0.5556795634920635,24.68582420243016,0.580109126984127,16.151941355833625,0.5528273809523809
jpata/so100_pick_place_tangerine,8,1.6635743141174317,1.8483008742332458,2.303386354446411,12.899022526004705,0.6065228174603174,17.507667543426855,0.6144593253968254,11.718890513214586,0.6065228174603174
jpata/so100_pick_place_tangerine,12,1.6079559862613677,1.8093317151069641,2.356600511074066,12.382760873645116,0.5029761904761905,15.932461901199447,0.511780753968254,10.245860170018256,0.4982638888888889
jpata/so100_pick_place_tangerine,17,1.592079257965088,1.8296239376068115,2.4127920746803286,14.098840529859402,0.5747767857142857,16.755812051740392,0.5797371031746031,10.87820561066632,0.5662202380952381
jpata/so100_pick_place_tangerine,21,1.3756609380245208,1.5782670974731445,2.307183170318604,18.450824011995174,0.5726686507936508,21.39429489741935,0.574280753968254,14.668178575764266,0.566344246031746
jpata/so100_pick_place_tangerine,25,1.489699274301529,1.7276777029037476,2.3574478149414064,19.21144398821078,0.5832093253968254,23.490456893220024,0.5973462301587301,16.620128449445847,0.5869295634920635
jpata/so100_pick_place_tangerine,30,1.6978625655174255,1.93264502286911,2.448013830184937,16.50231809603943,0.5316220238095238,20.47744859206228,0.5367063492063492,13.666281633987282,0.5229414682539683
jpata/so100_pick_place_tangerine,34,1.279708778858185,1.4833603501319885,2.1766489505767823,17.41081286546755,0.42311507936507936,18.913115657953096,0.42943948412698413,14.446039905510533,0.4117063492063492
jpata/so100_pick_place_tangerine,38,1.8456978380680085,2.0828057527542114,2.5027899980545043,15.586322415646958,0.6397569444444444,19.33504286581683,0.6378968253968254,13.761657957287895,0.6214037698412699
jpata/so100_pick_place_tangerine,43,1.4385153472423553,1.645816147327423,2.220233738422394,16.732009063157875,0.5815972222222222,19.32084489004872,0.5966021825396826,13.721950052213812,0.5861855158730159
jpata/so100_pick_place_tangerine,47,2.2404367923736572,2.5174039602279663,2.8176730155944822,13.974326987058626,0.5687003968253969,16.721448406755457,0.5696924603174603,11.704236481745102,0.5561755952380952
jpata/so100_pick_place_tangerine,51,2.0586757183074953,2.3042365312576294,2.5856422066688536,14.022878439869897,0.5114087301587301,16.770447374988244,0.5052083333333334,11.73767372723931,0.5068204365079365
jpata/so100_pick_place_tangerine,55,2.0897415041923524,2.354203224182129,2.742122745513916,14.961703183987645,0.6416170634920635,19.140557630833587,0.6463293650793651,12.30603653171799,0.6364087301587301
jpata/so100_pick_place_tangerine,60,2.051718866825104,2.3622809648513794,2.8261690616607664,20.037839761730602,0.6045386904761905,24.88629953184141,0.6087549603174603,16.525974287432515,0.6020585317460317
jpata/so100_pick_place_tangerine,64,2.009040021896362,2.3034063577651978,2.7097006916999815,15.415846584613464,0.6656746031746031,19.45043188980912,0.6755952380952381,13.618311526426195,0.6572420634920635
jpata/so100_pick_place_tangerine,68,1.9562188267707825,2.222260355949402,2.583499014377594,16.32992674851571,0.5445188492063492,20.458218744794618,0.5457589285714286,12.02509851428727,0.5282738095238095
jpata/so100_pick_place_tangerine,73,1.7151700377464294,1.9699314832687378,2.5103886127471924,16.070768182578956,0.6109871031746031,20.378301367706698,0.6119791666666666,13.350115474729419,0.6044146825396826
jpata/so100_pick_place_tangerine,77,2.0356634974479677,2.316852331161499,2.706917333602905,16.45009535239456,0.589905753968254,21.265535559624823,0.6030505952380952,14.288758075766474,0.595734126984127
jpata/so100_pick_place_tangerine,81,1.851080721616745,2.096224069595337,2.4599266052246094,16.106235046480187,0.5217013888888888,18.44991758779902,0.5512152777777778,11.867870603160384,0.525421626984127
jpata/so100_pick_place_tangerine,86,2.0093711614608765,2.314647674560547,2.8413665533065795,18.286120101112047,0.5904017857142857,22.889848223840495,0.6001984126984127,15.627944874425577,0.5949900793650794
jpata/so100_pick_place_tangerine,90,2.1207067131996156,2.4111475944519043,2.7865694999694823,15.108242004729993,0.5959821428571429,17.60847700625771,0.5992063492063492,13.585347453483292,0.6023065476190477
jpata/so100_pick_place_tangerine,94,1.9690120100975037,2.2574371099472046,2.700097692012787,17.126436103216225,0.5794890873015873,20.676611976129188,0.5809771825396826,14.502660617536657,0.5837053571428571
jpata/so100_pick_place_tangerine,99,1.925527572631836,2.197208881378174,2.6190293192863465,16.44486059058465,0.5295138888888888,19.85552541331668,0.5360863095238095,12.833150937139406,0.5110367063492064
koenvanwijk/orange50-1,0,0.8016190379858017,1.305820345878601,1.8097873985767365,64.07445477448155,0.4868551587301587,68.485358551056,0.5479910714285714,59.525687206311815,0.43539186507936506
koenvanwijk/orange50-1,2,0.7101400703191757,1.1895647644996643,1.4670044839382173,61.09074640427822,0.5631200396825397,67.42028145792017,0.6248759920634921,56.41239200847748,0.5074404761904762
koenvanwijk/orange50-1,4,0.8705295830965042,1.4964745044708252,1.76160768866539,66.32333678833758,0.5615079365079365,70.57528727850267,0.6362847222222222,62.060823155571185,0.4965277777777778
koenvanwijk/orange50-1,6,0.8919455140829087,1.5371796488761902,1.9890445172786713,65.82938346113879,0.558531746031746,69.73900338453547,0.6247519841269841,61.19362387701658,0.4732142857142857
koenvanwijk/orange50-1,8,0.8965981900691986,1.3893790245056152,2.0399502515792847,62.33457735800901,0.4913194444444444,66.38393539808946,0.5589037698412699,55.39316719700988,0.4517609126984127
koenvanwijk/orange50-1,10,0.7343493402004242,1.1948891878128052,1.4722402334213258,61.66157385178764,0.5536954365079365,66.62908476360514,0.6228918650793651,56.77727016883597,0.503968253968254
koenvanwijk/orange50-1,12,0.9397899299860001,1.5163323283195496,2.0052677750587464,63.644138783950815,0.5489831349206349,68.89741458604385,0.6159474206349206,58.652787472489976,0.5126488095238095
koenvanwijk/orange50-1,14,0.7623115360736847,1.3135066628456116,1.7533259630203246,63.804432389412135,0.5641121031746031,68.69192419978724,0.6310763888888888,58.70409005328134,0.5167410714285714
koenvanwijk/orange50-1,17,0.9124735832214356,1.4466979503631592,2.2202047228813173,63.02746544311798,0.490203373015873,67.85405963141274,0.5453869047619048,57.98896920087375,0.44543650793650796
koenvanwijk/orange50-1,19,0.8446499675512313,1.3632919192314148,1.7832490622997286,63.102553617367136,0.5147569444444444,68.39799684658331,0.5817212301587301,59.51003412909844,0.4618055555555556
koenvanwijk/orange50-1,21,0.7085555970668793,1.1793110370635986,1.4204700946807862,61.814949876773724,0.5794890873015873,66.38996967712934,0.6424851190476191,57.14673087107146,0.5375744047619048
koenvanwijk/orange50-1,23,0.7024179041385651,1.092224895954132,1.4295642614364623,62.996884524463496,0.5613839285714286,67.36060629633121,0.6273561507936508,55.7392442250067,0.5270337301587301
koenvanwijk/orange50-1,25,0.7692787379026413,1.1945948600769043,1.584487396478653,62.67301447420399,0.5669642857142857,67.52796506540746,0.6263640873015873,57.31469202598956,0.5184771825396826
koenvanwijk/orange50-1,27,0.8388249903917313,1.2841172218322754,1.4855419456958772,62.21807774800577,0.49528769841269843,67.34302731657401,0.5571676587301587,56.480679935697665,0.44047619047619047
koenvanwijk/orange50-1,29,0.8991233855485916,1.454363763332367,1.9670967757701874,63.952661817997935,0.5319940476190477,68.85723058320403,0.5998263888888888,59.55114285075948,0.47842261904761907
koenvanwijk/orange50-1,31,0.8304073452949524,1.4101684093475342,1.6620124876499176,65.25011600147731,0.5133928571428571,69.50638173045478,0.6170634920634921,61.191304907786034,0.4558531746031746
koenvanwijk/orange50-1,34,0.9312319785356522,1.5127326250076294,1.7926628351211549,63.5670837201786,0.494171626984127,69.04877410461987,0.5610119047619048,58.79840308196632,0.43625992063492064
koenvanwijk/orange50-1,36,0.935928949713707,1.4710842967033386,1.829268753528595,62.411842134271204,0.5033482142857143,67.82767039335654,0.556671626984127,57.94297982767649,0.45275297619047616
koenvanwijk/orange50-1,38,0.7548197746276856,1.2408027052879333,1.607259750366211,63.14103026030243,0.5766369047619048,68.33810591824071,0.6413690476190477,59.445520828696374,0.5290178571428571
koenvanwijk/orange50-1,40,0.7520691871643066,1.139487624168396,1.6272677719593047,62.46029129231795,0.5126488095238095,66.98109811235773,0.5772569444444444,57.82627910590887,0.46490575396825395
koenvanwijk/orange50-1,42,0.6765746980905533,1.1272110342979431,1.4722541749477387,64.34518216582967,0.5869295634920635,68.83282417368113,0.6491815476190477,59.84575564795358,0.5310019841269841
koenvanwijk/orange50-1,44,0.6944679945707322,1.1656150221824646,1.4663843631744384,65.22203113723826,0.5755208333333334,69.3606174078204,0.6443452380952381,61.06036883477819,0.5296378968253969
koenvanwijk/orange50-1,46,0.8298220336437225,1.3152751922607422,2.047142815589905,64.62700848973287,0.5282738095238095,68.69718435703436,0.5922619047619048,59.41541211274744,0.4712301587301587
koenvanwijk/orange50-1,49,0.8517540991306305,1.3503601551055908,1.7226757884025574,64.18533707736943,0.5396825396825397,67.44195543938183,0.5876736111111112,60.1449369362725,0.46750992063492064
koenvanwijk/orange50-variation-2,0,0.7630649119615555,1.142935335636139,1.5355109930038453,61.77022094916584,0.5679563492063492,66.61854280504168,0.6165674603174603,56.96628010024532,0.5307539682539683
koenvanwijk/orange50-variation-2,2,0.7266318023204803,1.2526811957359314,1.718175929784775,62.75786533095878,0.5181051587301587,67.53096226597019,0.5942460317460317,57.77893610054671,0.45424107142857145
koenvanwijk/orange50-variation-2,4,0.6920690059661865,1.151440680027008,1.543386971950531,63.32948220517504,0.550719246031746,68.14336169808989,0.6097470238095238,59.24456190094492,0.5079365079365079
koenvanwijk/orange50-variation-2,6,0.649319413304329,1.081924021244049,1.4277750670909883,65.27223153813284,0.5186011904761905,69.46198178440795,0.5925099206349206,61.059098600575545,0.4729662698412698
koenvanwijk/orange50-variation-2,8,0.746725133061409,1.192944884300232,1.8803933501243595,65.25574537380494,0.5711805555555556,69.2888694942165,0.6391369047619048,60.85729611888055,0.5228174603174603
koenvanwijk/orange50-variation-2,10,0.7799502968788147,1.234065294265747,1.7008460938930512,65.21567613768156,0.5494791666666666,69.42437404902097,0.6040426587301587,60.864918522773294,0.5060763888888888
koenvanwijk/orange50-variation-2,12,0.7455085337162017,1.274021863937378,1.6902145147323608,63.765073607331914,0.5809771825396826,68.44001076692237,0.6398809523809523,59.61915704857076,0.5419146825396826
koenvanwijk/orange50-variation-2,14,0.7199927121400833,1.1649776697158813,1.8020954430103302,63.777545609800065,0.5682043650793651,68.34978332850837,0.6287202380952381,58.62817165383614,0.5055803571428571
koenvanwijk/orange50-variation-2,17,0.8094849854707717,1.4383917450904846,1.9418828129768373,67.76223364571673,0.5313740079365079,71.5075128498184,0.6085069444444444,63.5759752619404,0.4748263888888889
koenvanwijk/orange50-variation-2,19,0.7734293878078461,1.3765243887901306,1.8570652425289156,66.78904985369398,0.5441468253968254,71.24955943167504,0.6418650793650794,63.70516954322219,0.4765625
koenvanwijk/orange50-variation-2,21,0.6601011008024216,1.0209080576896667,1.5709331333637238,64.2753154756862,0.5607638888888888,68.48286601146437,0.6328125,59.56460689119535,0.5187251984126984
koenvanwijk/orange50-variation-2,23,0.8032941311597824,1.3973538279533386,1.7351047456264497,66.00702597736334,0.5628720238095238,70.25436060321694,0.6190476190476191,62.17158701454622,0.5150049603174603
koenvanwijk/orange50-variation-2,25,0.7106023460626603,1.1865272521972656,1.6380205273628234,65.2590939209273,0.5734126984126984,69.15087747203061,0.6354166666666666,60.84520546296,0.5295138888888888
koenvanwijk/orange50-variation-2,27,0.7619306832551956,1.2339107394218445,1.5962487041950226,65.19895485911783,0.5529513888888888,69.36772611118396,0.6049107142857143,61.036301980234775,0.4964037698412698
koenvanwijk/orange50-variation-2,29,0.6944000214338303,1.1096179485321045,1.6575048208236693,64.52835027879263,0.5517113095238095,68.75037468537482,0.6075148809523809,59.459447560431016,0.49603174603174605
koenvanwijk/orange50-variation-2,31,0.7402444094419479,1.2261029481887817,1.6302626729011536,65.66494234195285,0.5708085317460317,69.67536990646339,0.6343005952380952,60.45824197231686,0.5178571428571429
koenvanwijk/orange50-variation-2,34,0.82507703602314,1.4838798642158508,2.199710726737976,67.82154298637873,0.5034722222222222,71.4809981914469,0.5856894841269841,64.35785807249921,0.44072420634920634
koenvanwijk/orange50-variation-2,36,0.7330006331205368,1.197571039199829,1.8178718566894532,64.05834199467583,0.5705605158730159,69.0150521531672,0.6350446428571429,60.02950022189091,0.5212053571428571
koenvanwijk/orange50-variation-2,38,0.7303395330905914,1.0603998303413391,1.4186671137809754,60.496878306080625,0.4513888888888889,66.99948816637809,0.5212053571428571,56.60053702367938,0.41220238095238093
koenvanwijk/orange50-variation-2,40,0.6266154736280442,0.9492377042770386,1.552416229248047,64.99500659597888,0.5629960317460317,69.01010321291119,0.6252480158730159,60.838267943425315,0.5085565476190477
koenvanwijk/orange50-variation-2,42,0.8592555969953537,1.4159415364265442,1.9425597369670868,63.90889643066123,0.5622519841269841,68.6007285479437,0.619171626984127,59.81880408551364,0.5049603174603174
koenvanwijk/orange50-variation-2,44,0.8946787059307099,1.3385337591171265,1.8938508987426759,61.75908230731844,0.5190972222222222,66.13931427437893,0.5755208333333334,55.674692952663065,0.4806547619047619
koenvanwijk/orange50-variation-2,46,0.7461130499839783,1.2726507186889648,1.5609775424003602,64.7166862730695,0.542906746031746,68.56821394754822,0.6175595238095238,60.11240251377572,0.49789186507936506
koenvanwijk/orange50-variation-2,49,0.8137631863355637,1.3052496910095215,2.2493082880973816,66.04442193144396,0.5143849206349206,70.66249177943186,0.5773809523809523,62.20117327528789,0.4539930555555556
lirislab/close_top_drawer_teabox,0,0.9967296481132507,1.4215683341026306,1.697955471277237,10.99796460259875,0.6076388888888888,13.2448297257855,0.6294642857142857,9.94668813454768,0.6232638888888888
lirislab/close_top_drawer_teabox,1,0.9750357657670975,1.1785433292388916,1.2256689727306367,2.0843138726703714,0.6362847222222222,2.1771773784317254,0.6412450396825397,1.5663555180631472,0.636656746031746
lirislab/close_top_drawer_teabox,2,0.9168462187051774,1.2061920166015625,1.2891485929489135,3.6359886524474687,0.6706349206349206,4.376540304321287,0.6685267857142857,2.5708545551434043,0.6703869047619048
lirislab/close_top_drawer_teabox,3,1.1187386572360993,1.188226044178009,1.2630505681037902,2.639007725181124,0.603546626984127,4.178607948000017,0.6059027777777778,2.7169253307751626,0.6042906746031746
lirislab/close_top_drawer_teabox,5,1.2206898510456086,1.3232950568199158,1.3672426223754883,2.893199965900295,0.580109126984127,3.7887373557360338,0.5814732142857143,2.595556500260442,0.5791170634920635
lirislab/close_top_drawer_teabox,6,1.141877692937851,1.3045779466629028,1.3643741667270661,2.0538561583911124,0.6442212301587301,3.1058927702818506,0.6460813492063492,1.4566966978383493,0.6608382936507936
lirislab/close_top_drawer_teabox,7,0.9968623340129852,1.3302726745605469,1.4742213249206544,5.383686088587863,0.705109126984127,6.421625139575248,0.7380952380952381,4.7014882098317115,0.7284226190476191
lirislab/close_top_drawer_teabox,8,1.064850425720215,1.4326554536819458,1.5163502037525178,4.139855997583324,0.7497519841269841,5.355768975634708,0.775421626984127,3.893650509315641,0.7526041666666666
lirislab/close_top_drawer_teabox,10,1.2432718634605409,1.6747428178787231,1.9453689455986023,12.477764259316984,0.7405753968253969,15.091304228879862,0.746031746031746,9.846103392584016,0.7211061507936508
lirislab/close_top_drawer_teabox,11,0.9756932348012924,1.2984567284584045,1.6596006333827973,14.405682831588203,0.5657242063492064,16.540483299423364,0.5628720238095238,11.752035142312563,0.5592757936507936
lirislab/close_top_drawer_teabox,12,1.14448282122612,1.3580806255340576,1.5237520277500152,8.750259225191163,0.6917162698412699,10.260940142301191,0.6956845238095238,7.466372028453803,0.6868799603174603
lirislab/close_top_drawer_teabox,13,1.0950126826763154,1.526009440422058,1.9140600681304931,21.81820331682639,0.5983382936507936,21.936304831132578,0.636780753968254,18.462247747102253,0.5880456349206349
lirislab/close_top_drawer_teabox,15,1.182646906375885,1.3793294429779053,1.5142776012420656,6.2634087428767495,0.6345486111111112,8.016504521502087,0.6336805555555556,5.4256002163310155,0.6310763888888888
lirislab/close_top_drawer_teabox,16,1.0362665772438049,1.2376724481582642,1.2865569353103639,3.098067123345279,0.6804315476190477,3.8462382649980484,0.6779513888888888,2.3698423600966443,0.6793154761904762
lirislab/close_top_drawer_teabox,17,0.9120702117681503,1.1514201164245605,1.1975092113018035,2.2258951004398213,0.621031746031746,2.7352354327565593,0.6252480158730159,2.252379966722538,0.6345486111111112
lirislab/close_top_drawer_teabox,18,1.014939445257187,1.16853266954422,1.2092746138572692,1.9848507772669894,0.6393849206349206,2.9186634586828024,0.6324404761904762,1.8505489858067126,0.6278521825396826
lirislab/close_top_drawer_teabox,20,0.941539078950882,1.101229727268219,1.1449549853801728,6.073185456877242,0.6700148809523809,7.1164282116949495,0.683531746031746,5.0064857389378,0.6648065476190477
lirislab/close_top_drawer_teabox,21,1.0264690697193146,1.1812841892242432,1.2416803896427155,1.6543390933639561,0.6039186507936508,1.866659376036247,0.605406746031746,1.5367150774988392,0.6040426587301587
lirislab/close_top_drawer_teabox,22,1.0471946716308593,1.2828072905540466,1.4290149509906769,7.168313034205829,0.6521577380952381,7.687505548311789,0.6543898809523809,5.884964651470904,0.6530257936507936
lirislab/close_top_drawer_teabox,23,0.9340964704751968,1.1740630865097046,1.290349966287613,4.41840774471387,0.7504960317460317,5.967425230867587,0.7373511904761905,3.629736559596037,0.7311507936507936
lirislab/close_top_drawer_teabox,25,1.2001145899295806,1.3848695755004883,1.4736162304878235,1.556328516995265,0.7006448412698413,1.350891438784739,0.6907242063492064,1.4058347222579006,0.7001488095238095
lirislab/close_top_drawer_teabox,26,1.1358815848827362,1.4145786762237549,1.5677860319614412,5.246093236240764,0.7218501984126984,6.171204023807016,0.7020089285714286,4.478727861367526,0.7299107142857143
lirislab/close_top_drawer_teabox,27,1.055824214220047,1.219582200050354,1.2897673904895783,3.570344769035714,0.6825396825396826,3.763379650436846,0.6876240079365079,2.4759903611991882,0.6801835317460317
lirislab/close_top_drawer_teabox,29,1.0751747786998749,1.2949639558792114,1.3785478234291078,3.9587389706075715,0.6860119047619048,4.938163785243322,0.6910962301587301,3.486723083251418,0.6750992063492064
lirislab/fold_bottom_right,0,0.9679871618747711,1.0736000537872314,1.5317201733589174,9.37884203852581,0.2978670634920635,10.64253516214202,0.3247767857142857,7.377302281353843,0.3210565476190476
lirislab/fold_bottom_right,1,0.8833365708589553,1.0165646076202393,1.349355959892273,14.887353742813962,0.40575396825396826,19.21957906180554,0.4086061507936508,12.750785830187693,0.41021825396825395
lirislab/fold_bottom_right,2,1.0074917435646058,1.0949914455413818,1.3293587028980256,5.567536160291973,0.43638392857142855,7.052408131860102,0.43291170634920634,4.269529226091609,0.4312996031746032
lirislab/fold_bottom_right,3,0.8594775825738907,0.9697204530239105,1.2495372712612152,14.719878142243532,0.41803075396825395,18.045119374085495,0.42162698412698413,11.97755129065818,0.4113343253968254
lirislab/fold_bottom_right,5,1.0279021441936493,1.2220749855041504,1.5441775619983675,19.818218785463774,0.5982142857142857,26.305953506722815,0.6014384920634921,16.134266317831795,0.5854414682539683
lirislab/fold_bottom_right,6,0.9412146091461182,1.0477564930915833,1.310924804210663,4.820076268956917,0.33382936507936506,19.707117660456966,0.3411458333333333,4.325810846811916,0.33444940476190477
lirislab/fold_bottom_right,7,0.905088123679161,0.9990495145320892,1.2786789417266846,18.36557230641223,0.3401537698412698,21.09180191215587,0.3375496031746032,18.007984109223656,0.32961309523809523
lirislab/fold_bottom_right,8,1.0025528371334076,1.128036618232727,1.5442685067653659,10.958565859728044,0.3040674603174603,16.577306307736592,0.3402777777777778,9.976715090430407,0.34771825396825395
lirislab/fold_bottom_right,10,0.7495330154895783,1.0393731594085693,1.352613526582718,26.147743277861938,0.47532242063492064,29.048502733051368,0.48995535714285715,20.745039103093,0.46217757936507936
lirislab/fold_bottom_right,11,0.9059787392616272,1.018359124660492,1.2096222400665284,16.563080228847078,0.5223214285714286,21.036101462217573,0.5133928571428571,13.402358013174595,0.5173611111111112
lirislab/fold_bottom_right,12,0.9073234170675277,1.0260756015777588,1.3785705864429474,15.033823890392094,0.46899801587301587,18.237437196691225,0.4391121031746032,12.907051681061017,0.43973214285714285
lirislab/fold_bottom_right,13,0.9302209436893463,1.0729140043258667,1.4523214459419251,17.232854079927183,0.5164930555555556,18.922132453377614,0.5203373015873016,13.743715639165675,0.5022321428571429
lirislab/fold_bottom_right,15,0.8943257063627243,0.9973635971546173,1.3393917977809906,23.19991434911754,0.3490823412698413,23.837681650693433,0.3580109126984127,16.70938472046482,0.3619791666666667
lirislab/fold_bottom_right,16,1.0288110017776488,1.1443719267845154,1.4811289012432098,2.266672345486491,0.40612599206349204,2.241579083548886,0.4038938492063492,1.7746472611588633,0.4001736111111111
lirislab/fold_bottom_right,17,0.7461761236190796,0.9085915982723236,1.175609540939331,17.996094020942248,0.5425347222222222,21.118746511691022,0.5544394841269841,14.546561923572382,0.5420386904761905
lirislab/fold_bottom_right,18,0.8708008617162705,0.9872967302799225,1.3068900227546696,17.483539552881272,0.535218253968254,21.20943037589583,0.5257936507936508,14.890703076987931,0.5238095238095238
lirislab/fold_bottom_right,20,0.8505797654390335,0.9984115958213806,1.3997770249843597,16.711475098719276,0.36507936507936506,17.822011368314055,0.37351190476190477,13.848916216506604,0.36061507936507936
lirislab/fold_bottom_right,21,0.8667277574539185,0.9700340926647186,1.1900945842266084,14.185389272385407,0.3619791666666667,13.001928529952984,0.35726686507936506,12.467153872435505,0.3568948412698413
lirislab/fold_bottom_right,22,0.8418415695428848,0.9608415961265564,1.2788975358009338,16.98397208798034,0.4202628968253968,22.377015188400957,0.4280753968253968,14.305518895002203,0.41803075396825395
lirislab/fold_bottom_right,23,0.8116974800825119,0.948338508605957,1.3645318388938905,20.360169618843162,0.38318452380952384,22.175463910758307,0.3776041666666667,18.27565736733152,0.3697916666666667
lirislab/fold_bottom_right,25,0.9828998893499374,1.0819833278656006,1.3867715120315551,1.8427065148046402,0.455109126984127,2.738739833770426,0.4635416666666667,1.5994881508683432,0.4480406746031746
lirislab/fold_bottom_right,26,0.9615180224180222,1.083065152168274,1.2095574378967286,14.143815028509081,0.6551339285714286,16.43612433844651,0.6526537698412699,11.262640476807972,0.6443452380952381
lirislab/fold_bottom_right,27,0.7815454274415969,0.9168056845664978,1.209898316860199,14.945728760239342,0.4645337301587302,21.415096900423688,0.47805059523809523,13.045376209055439,0.45907738095238093
lirislab/fold_bottom_right,29,0.9225294828414917,1.0517824292182922,1.471059101819992,19.010281105890364,0.4556051587301587,24.407517537973376,0.45944940476190477,14.398213426669953,0.45870535714285715
lirislab/guess_who_so100,0,1.0340745329856873,1.55846107006073,1.9825937747955322,23.251008661879418,0.17894345238095238,28.04534707887378,0.19729662698412698,17.681787825415796,0.1800595238095238
lirislab/guess_who_so100,4,1.1353160858154296,1.541192650794983,1.7895799100399017,23.030971132259058,0.2140376984126984,32.71245842052056,0.23586309523809523,21.545096555899637,0.21143353174603174
lirislab/guess_who_so100,8,1.2185478925704956,1.5175098180770874,1.660580688714981,7.584885035863206,0.4009176587301587,9.786470801645699,0.3976934523809524,6.453607002541943,0.39893353174603174
lirislab/guess_who_so100,12,1.9387801826000213,2.4001601934432983,2.7728368520736697,45.17192115155815,0.4001736111111111,50.62524809802276,0.4181547619047619,27.962976452202717,0.373015873015873
lirislab/guess_who_so100,16,1.0192306399345399,1.2563044428825378,1.449184948205948,26.22270481004743,0.46056547619047616,30.611583623305208,0.4851190476190476,21.7726096582995,0.4680059523809524
lirislab/guess_who_so100,20,1.3956510245800018,2.0959455966949463,2.6800270557403563,46.762648863559825,0.3828125,60.64217676529166,0.4305555555555556,42.052900379213504,0.36569940476190477
lirislab/guess_who_so100,24,1.3464094758033753,1.82868093252182,2.1928362011909486,50.67318352792113,0.19593253968253968,55.04169985149978,0.21552579365079366,43.10422440684882,0.17274305555555555
lirislab/guess_who_so100,28,1.5664371073246002,1.7855886220932007,1.9907770931720734,28.63395488413725,0.34871031746031744,31.87788699482462,0.349578373015873,24.074931895079665,0.32254464285714285
lirislab/guess_who_so100,33,1.5628893613815307,1.8235967755317688,2.1652520418167116,44.567684638827394,0.19729662698412698,52.61049565665363,0.23821924603174602,39.20198340367249,0.21118551587301587
lirislab/guess_who_so100,37,2.0564967155456544,2.5024943351745605,3.012650489807129,30.13100506242597,0.4375,41.8936411436098,0.47631448412698413,31.37140359559499,0.4347718253968254
lirislab/guess_who_so100,41,1.042130744457245,1.41028493642807,1.5853809952735902,25.51334956564751,0.37289186507936506,28.539285986722348,0.35478670634920634,21.46329885624182,0.3453621031746032
lirislab/guess_who_so100,45,0.9539408415555954,1.3346092104911804,1.6791801571846008,46.74233835589352,0.5281498015873016,53.121434352313614,0.5654761904761905,41.28205021643928,0.5002480158730159
lirislab/guess_who_so100,49,1.0838565528392792,1.4718769192695618,2.2992008328437805,40.489335384276174,0.20597718253968253,49.99233419633869,0.2312748015873016,34.84586802887198,0.16728670634920634
lirislab/guess_who_so100,53,1.768349027633667,2.0907493829727173,2.488508701324463,42.61680260243307,0.24702380952380953,54.28609989066535,0.279265873015873,41.44986823279746,0.2400793650793651
lirislab/guess_who_so100,57,1.2710687279701234,1.5942754745483398,1.873957449197769,15.647088631254826,0.2160218253968254,47.04056408405534,0.23511904761904762,13.15610198927091,0.21949404761904762
lirislab/guess_who_so100,61,1.9003476679325104,2.2668402194976807,2.616666889190674,33.37908682969872,0.3763640873015873,47.60408715594178,0.40625,25.004262328398852,0.3549107142857143
lirislab/guess_who_so100,66,1.256582748889923,1.5959482789039612,1.9460494816303253,28.80446889183988,0.42237103174603174,33.37698250422146,0.4486607142857143,24.723746732641146,0.4126984126984127
lirislab/guess_who_so100,70,1.3050982892513274,1.9515534043312073,2.417236399650574,53.81900321302564,0.42658730158730157,59.95617112803269,0.4810267857142857,49.75096456081244,0.3916170634920635
lirislab/guess_who_so100,74,1.4664389193058014,2.0416369438171387,3.0055888414382936,52.770753575464994,0.27368551587301587,59.02833925191287,0.29724702380952384,36.00741804430384,0.25297619047619047
lirislab/guess_who_so100,78,2.287558209896088,3.1734931468963623,3.6709263920783997,29.10241776172816,0.21106150793650794,42.931884975951164,0.2144097222222222,28.263288875886573,0.19270833333333334
lirislab/guess_who_so100,82,1.419725275039673,1.8231045603752136,2.2658316493034363,18.383946135635846,0.582093253968254,22.214446113599866,0.5780009920634921,15.19403549821271,0.5673363095238095
lirislab/guess_who_so100,86,1.573077392578125,2.0100537538528442,2.2708707213401795,35.064292474777154,0.37996031746031744,40.86231045311514,0.39880952380952384,30.283294571418246,0.3709077380952381
lirislab/guess_who_so100,90,1.280724835395813,1.4715861678123474,1.6583124458789826,16.761686617478013,0.5528273809523809,18.756122072505296,0.5569196428571429,13.774257012166156,0.543030753968254
lirislab/guess_who_so100,95,1.0006328523159027,1.2864232063293457,1.621779453754425,35.76124473184716,0.5504712301587301,40.619180556825675,0.578125,29.340459945892423,0.5291418650793651
lirislab/lemon_into_bowl,0,0.8112188160419465,1.6176612377166748,2.0798760056495667,85.9306876719353,0.27380952380952384,85.44775070385552,0.29129464285714285,85.54406996250961,0.21428571428571427
lirislab/lemon_into_bowl,1,0.8757781267166138,1.6621886491775513,2.141990768909454,86.4546943935096,0.41009424603174605,86.70203275143609,0.43861607142857145,86.34581808570486,0.36929563492063494
lirislab/lemon_into_bowl,3,0.8225965678691864,1.9041864275932312,2.0820629835128783,84.74508011728483,0.29910714285714285,85.13688762851562,0.33618551587301587,83.3382931920531,0.2642609126984127
lirislab/lemon_into_bowl,5,0.79278185069561,1.3565911054611206,2.1017369747161867,84.48944140392294,0.24615575396825398,86.32367200265725,0.26550099206349204,76.13430265184041,0.13988095238095238
lirislab/lemon_into_bowl,6,0.7462341338396072,1.4715642929077148,2.4260967612266544,87.4942161717198,0.36259920634920634,87.89479886432522,0.37512400793650796,86.8037875070254,0.3334573412698413
lirislab/lemon_into_bowl,8,0.9169724494218826,2.0585684776306152,2.263378584384918,84.87680702017893,0.4228670634920635,85.59404770315773,0.44308035714285715,84.0206386079109,0.32961309523809523
lirislab/lemon_into_bowl,10,0.8112686961889267,1.5202659368515015,2.1718074440956117,86.99462863878378,0.2569444444444444,85.96376831911954,0.29538690476190477,85.67035807012255,0.2292906746031746
lirislab/lemon_into_bowl,11,0.8423042267560958,1.637706458568573,2.463759756088257,86.96547895796172,0.32056051587301587,87.25142099322154,0.3539186507936508,86.77739289133402,0.2855902777777778
lirislab/lemon_into_bowl,13,0.8189848989248276,1.9716063737869263,2.4659074425697325,86.99713705780319,0.4459325396825397,87.2257209512419,0.46044146825396826,86.21530596234386,0.41877480158730157
lirislab/lemon_into_bowl,15,0.9354555100202561,2.133667230606079,2.357062375545502,85.18737226014157,0.31299603174603174,86.53390270081111,0.38293650793650796,85.63227770947057,0.30865575396825395
lirislab/lemon_into_bowl,16,0.8754859179258346,1.6110296249389648,2.366763639450073,87.30045782705754,0.37611607142857145,86.83788826817327,0.447296626984127,85.39741558427814,0.3959573412698413
lirislab/lemon_into_bowl,18,0.99857237637043,1.9755327701568604,2.3347834944725037,85.38656447832678,0.4595734126984127,86.3731051139724,0.44568452380952384,85.20603812655106,0.39657738095238093
lirislab/lemon_into_bowl,20,0.9265428900718689,1.9688519835472107,2.3800918102264403,87.28015223599273,0.5088045634920635,87.9642224796513,0.5164930555555556,87.2878672767595,0.4895833333333333
lirislab/lemon_into_bowl,22,0.849868831038475,1.9813814759254456,2.6736088156700135,88.42231914279044,0.5314980158730159,88.12707512176675,0.5788690476190477,88.25993158560524,0.5155009920634921
lirislab/lemon_into_bowl,23,0.8025795459747315,1.7997092008590698,2.509303092956543,88.28607843427298,0.3784722222222222,88.37173449467339,0.40128968253968256,88.13840665970599,0.36222718253968256
lirislab/lemon_into_bowl,25,0.7802174150943756,1.557671070098877,2.309086465835571,86.74691296753701,0.396453373015873,87.19395749381202,0.40674603174603174,85.80221740533618,0.3705357142857143
lirislab/lemon_into_bowl,27,0.8619672268629074,1.7626728415489197,2.1239672660827638,83.91307695169844,0.32502480158730157,86.03271172288237,0.3855406746031746,84.32828258333132,0.3351934523809524
lirislab/lemon_into_bowl,28,1.0424542784690858,2.017432928085327,2.9308439254760743,88.0753994173411,0.5162450396825397,88.21530603152546,0.5349702380952381,87.95618935583568,0.48747519841269843
lirislab/lemon_into_bowl,30,0.9403621077537536,2.0645111799240112,2.387199139595032,86.3854112117049,0.5436507936507936,87.09002683433846,0.5782490079365079,86.67000601128775,0.503968253968254
lirislab/lemon_into_bowl,32,0.7135379582643508,1.4125203490257263,1.6982640147209167,86.17053773279248,0.3333333333333333,87.21497188706336,0.3451140873015873,85.68923699415227,0.3118799603174603
lirislab/lemon_into_bowl,33,0.7616551399230957,1.8655939102172852,2.1022544860839845,85.25204046842188,0.31212797619047616,86.82671921134089,0.34697420634920634,85.56731554481625,0.2750496031746032
lirislab/lemon_into_bowl,35,0.8257273346185684,1.489646077156067,2.3847087025642395,86.25403306264853,0.4113343253968254,86.93699966231239,0.41021825396825395,86.36755512460192,0.3645833333333333
lirislab/lemon_into_bowl,37,1.0598936915397643,1.877133309841156,3.0597556829452515,88.18400842209678,0.3351934523809524,88.5884795281748,0.3505704365079365,88.21238588075622,0.3098958333333333
lirislab/lemon_into_bowl,39,0.7711743861436844,1.9684182405471802,2.1329701423645018,87.56019641077502,0.40339781746031744,87.91209551718372,0.42509920634920634,86.91794720901827,0.39992559523809523
lirislab/open_top_drawer_teabox,0,1.0401832997798919,1.198114275932312,1.2339086174964904,2.6944985500461605,0.5980902777777778,2.731009885382213,0.6060267857142857,2.1788847164253293,0.6041666666666666
lirislab/open_top_drawer_teabox,1,1.0479299664497375,1.249147653579712,1.3046447455883026,1.7595857708394371,0.6496775793650794,2.1059856771196483,0.6531498015873016,1.3325142418570155,0.650421626984127
lirislab/open_top_drawer_teabox,2,1.0682246387004852,1.3167316317558289,1.4051436960697175,3.4330204516618044,0.6459573412698413,4.132327477847971,0.6413690476190477,2.9009704310524063,0.6553819444444444
lirislab/open_top_drawer_teabox,3,1.011833083629608,1.2456985116004944,1.2929063320159913,1.5227711550543217,0.6566220238095238,1.64639435187492,0.6561259920634921,0.7873334227987048,0.6335565476190477
lirislab/open_top_drawer_teabox,5,1.0005550146102906,1.196614921092987,1.2434134483337402,5.329985878441004,0.6459573412698413,7.49810525828985,0.6527777777777778,4.59567786800723,0.6495535714285714
lirislab/open_top_drawer_teabox,6,1.2073335349559784,1.8268165588378906,2.129600965976715,12.250810460556993,0.5840773809523809,14.348150161859742,0.5873015873015873,9.372867569170872,0.5979662698412699
lirislab/open_top_drawer_teabox,7,0.9365427315235137,1.1586792469024658,1.2080127537250518,7.549070458015386,0.6628224206349206,9.767788108651231,0.6687748015873016,6.29045858905323,0.666046626984127
lirislab/open_top_drawer_teabox,8,0.8979493051767349,1.0678021907806396,1.1488039433956148,10.978435117564192,0.669890873015873,13.716939031856144,0.6800595238095238,8.976537125526576,0.6636904761904762
lirislab/open_top_drawer_teabox,10,0.9265245735645294,1.130883276462555,1.1817301034927368,7.821373086158756,0.6256200396825397,9.562750328997414,0.6510416666666666,5.8531700788846885,0.650421626984127
lirislab/open_top_drawer_teabox,11,0.9969383656978608,1.1731169819831848,1.202594119310379,4.503065100215051,0.6822916666666666,5.674506270245541,0.6820436507936508,3.993559131839105,0.685515873015873
lirislab/open_top_drawer_teabox,12,1.0115700244903565,1.145912230014801,1.1796834290027618,5.474107565692199,0.6800595238095238,7.309436103595301,0.6667906746031746,4.278785349002328,0.6759672619047619
lirislab/open_top_drawer_teabox,13,0.884164160490036,1.1292151808738708,1.1847765922546387,8.384945655700827,0.6915922619047619,10.409663079591772,0.6868799603174603,7.030176588207997,0.6943204365079365
lirislab/open_top_drawer_teabox,15,0.9621584177017212,1.1694515347480774,1.2019677460193634,5.652739741939664,0.671875,6.335244777881167,0.6728670634920635,4.794566517572349,0.6753472222222222
lirislab/open_top_drawer_teabox,16,0.9637204140424729,1.0888733863830566,1.146272110939026,8.036682122061618,0.6483134920634921,10.406827575113844,0.6263640873015873,6.354558611916815,0.6375248015873016
lirislab/open_top_drawer_teabox,17,1.0408051133155822,1.1804497838020325,1.267253464460373,10.479384109236456,0.6646825396825397,13.617325193939932,0.6719990079365079,9.142218911402384,0.6665426587301587
lirislab/open_top_drawer_teabox,18,0.8811378329992294,1.1240705251693726,1.1613220393657684,5.913076110050961,0.6494295634920635,7.1010848216549425,0.6628224206349206,4.7993037750398235,0.6697668650793651
lirislab/open_top_drawer_teabox,20,0.8099285870790481,0.9450196325778961,1.0906189322471618,20.413774498379507,0.6715029761904762,24.625096592235465,0.6798115079365079,16.798948271322683,0.6686507936507936
lirislab/open_top_drawer_teabox,21,0.9168112725019455,1.0024789571762085,1.0812054753303528,12.29688388856825,0.6770833333333334,15.33197540900546,0.6638144841269841,9.757355465254989,0.6841517857142857
lirislab/open_top_drawer_teabox,22,0.8401314675807953,0.9623461067676544,1.0657106697559358,15.54037263838248,0.6817956349206349,18.359219674875135,0.6853918650793651,12.78606307375839,0.677703373015873
lirislab/open_top_drawer_teabox,23,0.8969313830137253,1.052177608013153,1.1482713282108308,13.918342286349898,0.6948164682539683,17.209784063722335,0.6945684523809523,11.397705881487354,0.6817956349206349
lirislab/open_top_drawer_teabox,25,0.8835684865713119,0.9867558777332306,1.1045612573623658,16.46125904111314,0.6783234126984127,20.105684550616076,0.6822916666666666,13.593094521875882,0.6805555555555556
lirislab/open_top_drawer_teabox,26,0.8959775686264038,1.0896863341331482,1.1731736958026886,11.438142436110516,0.6977926587301587,14.06990314803996,0.6984126984126984,9.829653622453772,0.6857638888888888
lirislab/open_top_drawer_teabox,27,0.8845048189163208,1.1462416052818298,1.1942633450031281,7.865642136251336,0.6705109126984127,9.731346624798856,0.6748511904761905,6.625783786230089,0.6770833333333334
lirislab/open_top_drawer_teabox,29,0.8639231473207474,1.056011974811554,1.1248951315879823,9.99349589843624,0.6623263888888888,12.226419630374238,0.6615823412698413,8.369240029821295,0.6617063492063492
lirislab/push_cup_target,0,0.909784346818924,1.0866478085517883,1.3269364476203918,21.59857069700867,0.5169890873015873,25.685386454635278,0.5295138888888888,17.70599102515933,0.5248015873015873
lirislab/push_cup_target,1,0.9101118624210358,1.0742834210395813,1.2638326346874238,18.577998849623427,0.4946676587301587,22.394411697315846,0.49069940476190477,15.772007359711557,0.47966269841269843
lirislab/push_cup_target,2,0.7070499897003174,0.9318051338195801,1.1152156710624697,12.247043800991843,0.4515128968253968,15.084573783256147,0.4402281746031746,11.71122085279341,0.4351438492063492
lirislab/push_cup_target,3,0.9096987664699554,1.0384729504585266,1.1614490151405334,5.989164747063162,0.4877232142857143,6.810773211455693,0.48313492063492064,4.7199515578723386,0.47966269841269843
lirislab/push_cup_target,5,0.7859453290700913,0.9291563034057617,1.1152182757854463,12.083217021568315,0.5648561507936508,14.733406451399826,0.5715525793650794,16.20059474936016,0.5551835317460317
lirislab/push_cup_target,6,0.977816128730774,1.164234220981598,1.3999417126178741,13.253323328960345,0.42497519841269843,15.89710379078332,0.46106150793650796,9.9575958531267,0.4361359126984127
lirislab/push_cup_target,7,0.8491417706012726,1.0926284193992615,1.2696083903312683,8.857784761796045,0.5838293650793651,10.9731795942122,0.5772569444444444,7.812886306139066,0.5602678571428571
lirislab/push_cup_target,8,0.7100532740354538,0.913680762052536,1.1869083762168886,26.714382450695577,0.49975198412698413,31.78229190380342,0.5099206349206349,21.62467210494564,0.4810267857142857
lirislab/push_cup_target,10,0.7934835493564606,0.983860969543457,1.127022284269333,6.181203004248213,0.5026041666666666,7.549044463010891,0.5048363095238095,2.4788345923240414,0.5106646825396826
lirislab/push_cup_target,11,1.0842291951179504,1.2224963307380676,1.4427778363227846,4.021997122122012,0.45498511904761907,15.468266389709447,0.46416170634920634,9.99257092353684,0.45300099206349204
lirislab/push_cup_target,12,0.6813935458660125,1.0429360270500183,1.2171442985534668,10.945569686389602,0.49243551587301587,13.356192932423356,0.48933531746031744,9.601811912131252,0.4756944444444444
lirislab/push_cup_target,13,0.8932376086711884,1.1079484224319458,1.3478875219821933,13.007255387518128,0.6402529761904762,16.039217809017103,0.6478174603174603,10.472209073323972,0.6173115079365079
lirislab/push_cup_target,15,0.9567934334278106,1.0696747303009033,1.3333170473575593,9.847421393743739,0.5181051587301587,11.737388336765477,0.5219494047619048,8.41626961039401,0.5069444444444444
lirislab/push_cup_target,16,1.0560697197914124,1.233243703842163,1.465375816822052,11.789467931365602,0.4789186507936508,13.557943577502403,0.503968253968254,9.353135492602242,0.49429563492063494
lirislab/push_cup_target,17,0.8622192353010177,1.022309958934784,1.2232313632965088,11.78630842455453,0.4415922619047619,15.902601216021825,0.43787202380952384,10.35109660931936,0.44072420634920634
lirislab/push_cup_target,18,0.804347711801529,1.0095677971839905,1.1720328450202944,9.463193006590178,0.6029265873015873,12.613899251991343,0.6013144841269841,7.618755139760114,0.589781746031746
lirislab/push_cup_target,20,0.9820710778236389,1.220846712589264,1.487966126203537,12.514649652094805,0.5142609126984127,15.970722874734005,0.5105406746031746,10.486103950843278,0.5119047619047619
lirislab/push_cup_target,21,1.0238851189613343,1.2186386585235596,1.4036293625831606,7.704362234015235,0.5922619047619048,11.124169339523052,0.587921626984127,7.6323693376238175,0.5783730158730159
lirislab/push_cup_target,22,0.8784831881523132,1.0828221440315247,1.2204592287540437,9.498066688257483,0.5550595238095238,11.340397209358555,0.5627480158730159,7.419259679313887,0.5602678571428571
lirislab/push_cup_target,23,0.974737486243248,1.2130195498466492,1.465524810552597,21.047638876831826,0.5334821428571429,17.31367422726073,0.5348462301587301,17.25401753533408,0.5297619047619048
lirislab/push_cup_target,25,0.9129319518804551,1.1557920575141907,1.3742756485939025,11.185829059123677,0.5012400793650794,14.772847280280102,0.4913194444444444,9.092390031212613,0.5009920634920635
lirislab/push_cup_target,26,1.0643219292163848,1.2106895446777344,1.4429712355136872,10.567846361769808,0.5757688492063492,17.683822847372415,0.5808531746031746,8.749653085566317,0.5689484126984127
lirislab/push_cup_target,27,0.890456223487854,0.9857161939144135,1.1653181791305542,13.703264788334224,0.5646081349206349,15.54177472720313,0.5894097222222222,10.627768534810503,0.5636160714285714
lirislab/push_cup_target,29,0.7436989188194275,1.0407859086990356,1.2872440993785859,16.722920167545496,0.4740823412698413,20.024310182395784,0.48549107142857145,13.240625648829429,0.46242559523809523
lirislab/put_banana_bowl,0,0.9404819220304489,1.1482300162315369,1.3444799482822418,9.936718561521563,0.6759672619047619,12.304562303163813,0.6932043650793651,7.996644577841381,0.6773313492063492
lirislab/put_banana_bowl,1,0.779393470287323,0.8918859958648682,1.102467668056488,11.96365445524406,0.6273561507936508,14.757195937224328,0.6240079365079365,9.441524714145643,0.6298363095238095
lirislab/put_banana_bowl,2,1.0263378620147705,1.1808215379714966,1.4482930481433869,13.477968293690614,0.6603422619047619,15.931914489721365,0.6649305555555556,10.229277567314107,0.6350446428571429
lirislab/put_banana_bowl,3,0.9251513302326202,1.1336144804954529,1.3446475982666017,9.655713923531149,0.7036210317460317,11.659388120650096,0.7053571428571429,8.624752515626094,0.6960565476190477
lirislab/put_banana_bowl,5,0.975501874089241,1.2631468772888184,1.4999997198581696,11.263602155494542,0.6304563492063492,12.736744066669228,0.6331845238095238,8.663675491115088,0.6377728174603174
lirislab/put_banana_bowl,6,0.913894647359848,1.149359405040741,1.3632104754447938,8.524934513738687,0.6176835317460317,13.397789801020547,0.6166914682539683,6.641127255019878,0.6145833333333334
lirislab/put_banana_bowl,7,0.8775312453508377,1.158005952835083,1.4022575974464417,10.589703745338795,0.6568700396825397,12.951193136375847,0.6733630952380952,8.861199593281412,0.6375248015873016
lirislab/put_banana_bowl,8,0.8429340690374374,0.9591701924800873,1.2617268681526186,17.888761610187995,0.6081349206349206,25.631565930758892,0.6057787698412699,12.980782060857635,0.597594246031746
lirislab/put_banana_bowl,10,1.0162357926368712,1.1141786575317383,1.344474446773529,10.391445827887855,0.6693948412698413,13.458598593698028,0.6935763888888888,8.887100932102118,0.6837797619047619
lirislab/put_banana_bowl,11,0.8352901548147201,1.010510504245758,1.1727112948894503,4.901249053536961,0.685515873015873,6.709170635525535,0.6982886904761905,4.639034255978007,0.6960565476190477
lirislab/put_banana_bowl,12,0.7925171941518784,0.9780893921852112,1.1472828686237335,7.955518636328312,0.7127976190476191,10.371034528201067,0.7049851190476191,6.171362863826873,0.7003968253968254
lirislab/put_banana_bowl,13,0.9038319081068039,1.059280514717102,1.2859435081481934,11.010846049221085,0.6959325396825397,14.014631104484593,0.6832837301587301,9.398039616122773,0.6964285714285714
lirislab/put_banana_bowl,15,0.9688962936401367,1.1254281401634216,1.28343266248703,9.62418486339554,0.6796875,11.038972455272622,0.6893601190476191,7.5380145509468095,0.6901041666666666
lirislab/put_banana_bowl,16,0.7526011109352112,0.8420596420764923,1.0959059119224548,14.850449013103983,0.5989583333333334,18.39549653410948,0.6143353174603174,12.753091126676088,0.6068948412698413
lirislab/put_banana_bowl,17,0.7913309454917908,1.0188287496566772,1.2670920968055726,12.852755359130825,0.6232638888888888,17.30725835592436,0.6218998015873016,10.694593331933676,0.6252480158730159
lirislab/put_banana_bowl,18,0.7097779124975204,0.8366268575191498,1.0002683997154236,9.795246904605984,0.6428571428571429,12.949059681560115,0.6333085317460317,7.617080649013233,0.6217757936507936
lirislab/put_banana_bowl,20,0.6862418323755264,0.819826602935791,0.975366136431694,9.548864334355143,0.6550099206349206,11.0726487831582,0.6608382936507936,7.475879812390045,0.6573660714285714
lirislab/put_banana_bowl,21,0.7662085741758347,0.9038626849651337,1.1543484926223755,15.349311818407482,0.6159474206349206,17.139037526846,0.6003224206349206,13.89462653916296,0.5870535714285714
lirislab/put_banana_bowl,22,0.761689567565918,1.033277153968811,1.3370328187942504,15.14365698201912,0.6300843253968254,18.232133027867647,0.6657986111111112,11.500521296445578,0.6335565476190477
lirislab/put_banana_bowl,23,0.8415982037782669,1.081705629825592,1.247344732284546,8.747273023323556,0.6583581349206349,10.863719353513796,0.6850198412698413,7.367241890703224,0.6847718253968254
lirislab/put_banana_bowl,25,0.8014805823564529,1.0734527707099915,1.2809412777423859,11.841022132749865,0.6567460317460317,14.73171439840375,0.6742311507936508,9.530689761854815,0.6529017857142857
lirislab/put_banana_bowl,26,0.8113245278596878,1.020266830921173,1.1412712693214417,6.837961474468557,0.6775793650793651,8.094174873395012,0.6775793650793651,5.620124196129266,0.6717509920634921
lirislab/put_banana_bowl,27,0.935257613658905,1.1837193965911865,1.435606974363327,12.757035482212352,0.6705109126984127,14.181305524975503,0.7054811507936508,9.30822782240861,0.693328373015873
lirislab/put_banana_bowl,29,0.9591193467378616,1.060034692287445,1.267785406112671,13.246320218478228,0.6786954365079365,16.477003480804505,0.6892361111111112,11.132414834437458,0.6526537698412699
lirislab/put_caps_into_teabox,0,1.1943206667900086,1.573851466178894,1.8365752935409547,17.93618549583823,0.5259176587301587,21.180393618426315,0.5446428571428571,14.593343329823245,0.5403025793650794
lirislab/put_caps_into_teabox,1,1.162643587589264,1.5054385662078857,1.8785202205181122,21.014370372630154,0.5840773809523809,22.758157670291354,0.6036706349206349,15.89182900948854,0.5990823412698413
lirislab/put_caps_into_teabox,2,1.0302002072334289,1.401534080505371,1.7332967340946197,15.980066396194447,0.5375744047619048,24.325495065644706,0.541046626984127,16.926449585811703,0.5300099206349206
lirislab/put_caps_into_teabox,3,0.9643633365631104,1.335520327091217,1.5913893163204194,15.671937634750321,0.48449900793650796,19.206046447273728,0.4826388888888889,12.174708683247045,0.47085813492063494
lirislab/put_caps_into_teabox,5,1.0559036135673523,1.4755160808563232,1.7208516120910646,13.351934560723672,0.5684523809523809,15.815033036032675,0.5570436507936508,10.003665034934873,0.5307539682539683
lirislab/put_caps_into_teabox,6,1.032960695028305,1.3820111155509949,1.6981373846530914,17.468141676681103,0.5758928571428571,19.03394021191822,0.5833333333333334,13.585361992379424,0.5690724206349206
lirislab/put_caps_into_teabox,7,1.103826093673706,1.4736642241477966,1.7143726110458375,11.837942779839732,0.5677083333333334,14.521454396734919,0.5828373015873016,8.81957822687177,0.5584077380952381
lirislab/put_caps_into_teabox,8,1.124145519733429,1.4815846681594849,1.7916470170021057,20.72565115097806,0.5850694444444444,22.514073327554023,0.5952380952380952,17.586167226199954,0.5665922619047619
lirislab/put_caps_into_teabox,10,1.170414012670517,1.506260633468628,1.9113949239254,19.73728537151917,0.6156994047619048,23.7318082151715,0.6140873015873016,15.330102500295988,0.5984623015873016
lirislab/put_caps_into_teabox,11,1.1815246939659119,1.4908256530761719,1.7862585902214052,14.016083544380837,0.6215277777777778,17.037821479338326,0.6214037698412699,11.21132664997328,0.6221478174603174
lirislab/put_caps_into_teabox,12,1.0257865726947784,1.4099825620651245,1.7765611588954926,17.485665110472826,0.5404265873015873,26.67306418156639,0.5518353174603174,14.789325301874952,0.5469990079365079
lirislab/put_caps_into_teabox,13,1.0187765657901764,1.4505759477615356,1.7002325356006622,14.71834586935789,0.6297123015873016,18.149891377475157,0.6376488095238095,12.044458406526472,0.6077628968253969
lirislab/put_caps_into_teabox,15,1.094638431072235,1.480608344078064,1.7441786944866182,19.081278142249616,0.5593998015873016,16.996150245931933,0.5773809523809523,16.170836131512786,0.5579117063492064
lirislab/put_caps_into_teabox,16,1.105335384607315,1.4547572135925293,1.7326897323131563,19.515288256411555,0.5825892857142857,23.531899144309435,0.5804811507936508,13.191690363415955,0.5612599206349206
lirislab/put_caps_into_teabox,17,1.074917846918106,1.44466632604599,1.7520471811294556,18.818696191042225,0.5483630952380952,23.00402679226702,0.5633680555555556,15.625472637456738,0.5451388888888888
lirislab/put_caps_into_teabox,18,1.0114503026008606,1.407805860042572,1.7882252097129823,13.845491610918529,0.5054563492063492,18.37922436834237,0.5152529761904762,12.564716249159343,0.5120287698412699
lirislab/put_caps_into_teabox,20,1.0273742139339448,1.3479218482971191,1.6758925497531891,21.56653109437474,0.5343501984126984,26.332665868964334,0.5453869047619048,18.35010981017557,0.5297619047619048
lirislab/put_caps_into_teabox,21,1.1386724054813384,1.4827368259429932,1.7213368713855743,12.082580749750205,0.5803571428571429,16.960163977753535,0.5970982142857143,10.50419631837469,0.558655753968254
lirislab/put_caps_into_teabox,22,1.1087232291698457,1.499229609966278,1.8302853465080262,14.62390403540764,0.5570436507936508,18.426216604608292,0.5519593253968254,12.112336002870535,0.5248015873015873
lirislab/put_caps_into_teabox,23,0.9893566727638244,1.391321837902069,1.6307141721248628,16.80170126289027,0.45808531746031744,15.375712146121254,0.4671378968253968,13.934617706356697,0.4582093253968254
lirislab/put_caps_into_teabox,25,1.0433448016643525,1.4839721322059631,1.8570837438106538,19.184316959922327,0.48722718253968256,23.266817732199133,0.503968253968254,16.841529272373208,0.4756944444444444
lirislab/put_caps_into_teabox,26,1.0368437826633454,1.3489946722984314,1.4256987810134887,3.565954885176504,0.5451388888888888,4.1621717901258295,0.5465029761904762,3.2183235061135744,0.5295138888888888
lirislab/put_caps_into_teabox,27,0.9951968163251876,1.3841307163238525,1.6661411583423615,20.139078426089497,0.5597718253968254,24.499397117568044,0.5411706349206349,16.638541719603623,0.5553075396825397
lirislab/put_caps_into_teabox,29,0.9931465893983841,1.3148346543312073,1.616989290714264,19.097369848133035,0.5050843253968254,22.72959051326596,0.5069444444444444,15.67230426198449,0.5049603174603174
lirislab/put_coffee_cap_teabox,0,0.8701082795858384,1.3445060849189758,1.8061450958251954,28.17325141105833,0.45262896825396826,33.50907937565718,0.4599454365079365,23.733615590279445,0.44556051587301587
lirislab/put_coffee_cap_teabox,1,0.889053252339363,1.3865264058113098,1.8055239498615265,27.295645670285978,0.43179563492063494,32.16292225747991,0.44320436507936506,23.743905823649637,0.4227430555555556
lirislab/put_coffee_cap_teabox,3,0.889941468834877,1.2926126718521118,1.6513836443424226,22.880820648045834,0.47705853174603174,27.903159048313594,0.490203373015873,19.246523581623705,0.4759424603174603
lirislab/put_coffee_cap_teabox,5,0.898041033744812,1.4333208203315735,1.8950830757617951,27.45568233245629,0.46651785714285715,32.51864675840491,0.47631448412698413,17.67290302964047,0.4625496031746032
lirislab/put_coffee_cap_teabox,6,0.8944864064455033,1.3834660053253174,1.8607387006282807,27.067442456802283,0.41294642857142855,34.503455168391795,0.44047619047619047,24.077845096550526,0.42299107142857145
lirislab/put_coffee_cap_teabox,8,0.7720674693584442,1.2544001936912537,1.6932315707206727,26.865807274584693,0.42584325396825395,26.773197754883814,0.4443204365079365,18.424930835633457,0.4320436507936508
lirislab/put_coffee_cap_teabox,10,0.8513514071702958,1.3041701912879944,1.5913359045982363,16.263099482059477,0.4175347222222222,28.721075951849034,0.43700396825396826,20.68900785240983,0.4098462301587302
lirislab/put_coffee_cap_teabox,11,0.8868167370557785,1.4797915816307068,2.096173548698425,29.60771674682045,0.4228670634920635,36.65330556960936,0.4461805555555556,25.667179386947375,0.42224702380952384
lirislab/put_coffee_cap_teabox,13,0.9549588084220886,1.4904164671897888,2.097387719154358,25.483775083943854,0.43799603174603174,30.422736479437464,0.45027281746031744,21.42883269249402,0.42943948412698413
lirislab/put_coffee_cap_teabox,15,0.9267314076423645,1.3011340498924255,1.9517450273036958,27.527451264837207,0.3897569444444444,32.49583312098057,0.4133184523809524,23.0423774640528,0.39546130952380953
lirislab/put_coffee_cap_teabox,16,0.8680255353450775,1.3735830187797546,1.8912304878234867,29.793735422773636,0.4408482142857143,29.39945939581568,0.46279761904761907,20.2080902496406,0.44146825396825395
lirislab/put_coffee_cap_teabox,18,0.923769736289978,1.321872889995575,1.847812980413437,27.585850163260563,0.40649801587301587,31.651078348801956,0.42410714285714285,22.588010915358637,0.39818948412698413
lirislab/put_coffee_cap_teabox,20,0.9547199964523315,1.2922357320785522,1.7275679469108585,24.42246374694302,0.33618551587301587,29.12075282068784,0.34375,14.010935883613444,0.30592757936507936
lirislab/put_coffee_cap_teabox,22,0.8495639652013779,1.2028168439865112,1.591744476556778,20.12283483118417,0.39719742063492064,26.615713346572036,0.39880952380952384,14.02472462776846,0.36929563492063494
lirislab/put_coffee_cap_teabox,23,0.8798453271389007,1.3668797612190247,1.8402708292007446,25.874665907814283,0.43092757936507936,30.876525567963856,0.4466765873015873,21.21687709283465,0.4035218253968254
lirislab/put_coffee_cap_teabox,25,0.9194686710834503,1.4794976711273193,2.0048173546791075,21.112195952972357,0.4443204365079365,26.790091648136997,0.4861111111111111,18.064248559255205,0.4632936507936508
lirislab/put_coffee_cap_teabox,27,0.9921163380146026,1.4758333563804626,1.8704728603363039,27.227889002654297,0.4312996031746032,32.293597813803906,0.4644097222222222,22.870744071410066,0.4368799603174603
lirislab/put_coffee_cap_teabox,28,0.9585189193487167,1.4364766478538513,1.6813975214958192,14.965697492570051,0.38839285714285715,26.007531184390523,0.38169642857142855,18.08553649711855,0.35342261904761907
lirislab/put_coffee_cap_teabox,30,0.9556869238615036,1.4767879843711853,1.9708196461200715,28.386534926643378,0.4175347222222222,33.61440437059127,0.43526785714285715,23.972734880339285,0.4068700396825397
lirislab/put_coffee_cap_teabox,32,1.0028757512569428,1.5580264329910278,2.0530325293540956,29.935735565820856,0.41108630952380953,35.32301637476503,0.4334077380952381,25.397900622279547,0.41629464285714285
lirislab/put_coffee_cap_teabox,33,0.8458521872758865,1.3778261542320251,1.8069890975952148,24.21800718622618,0.3733878968253968,30.631429295082974,0.3880208333333333,20.11348187044657,0.3634672619047619
lirislab/put_coffee_cap_teabox,35,0.9033153712749481,1.3785347938537598,1.8108947992324833,24.926723836034284,0.4507688492063492,21.294019588958385,0.46205357142857145,20.392791732316486,0.4330357142857143
lirislab/put_coffee_cap_teabox,37,0.8923953294754028,1.3602100014686584,1.7801324427127838,17.329950328810092,0.4459325396825397,30.051345452669686,0.4677579365079365,20.64204584268436,0.4466765873015873
lirislab/put_coffee_cap_teabox,39,0.7959417164325714,1.3748657703399658,1.9926485180854798,30.895146856797666,0.4097222222222222,36.70012667195571,0.42336309523809523,26.181061779989484,0.3959573412698413
lirislab/red_cube_into_blue_cube,0,0.9282153755426407,1.0505825281143188,1.395899373292923,22.279113399362192,0.5395585317460317,29.271072439181367,0.5567956349206349,16.348500006928937,0.5243055555555556
lirislab/red_cube_into_blue_cube,1,0.8187395960092545,0.8879374861717224,1.0351221501827241,8.5072002621749,0.4728422619047619,8.866828997369486,0.4728422619047619,6.534530303624559,0.47470238095238093
lirislab/red_cube_into_blue_cube,3,0.9035442262887955,0.9891749918460846,1.165008729696274,9.492228710168582,0.5047123015873016,13.945589900990923,0.5054563492063492,8.63426641897838,0.503968253968254
lirislab/red_cube_into_blue_cube,5,0.8834415644407272,0.9510209262371063,1.0916595399379732,6.687739184015251,0.4955357142857143,12.280645891385428,0.49404761904761907,8.239761717056249,0.49107142857142855
lirislab/red_cube_into_blue_cube,7,1.0190236151218415,1.0793191194534302,1.1771829843521118,3.0442040554766825,0.5297619047619048,4.264388476437527,0.5286458333333334,2.490572028201356,0.5326140873015873
lirislab/red_cube_into_blue_cube,9,0.9281223177909851,1.058260440826416,1.435550367832184,22.906156059906454,0.515625,25.668637972174704,0.542906746031746,18.027990059328907,0.5065724206349206
lirislab/red_cube_into_blue_cube,11,0.9436183661222458,1.0214563608169556,1.1629244685173035,12.025049338435227,0.4990079365079365,13.606427356496019,0.5048363095238095,8.580986479567686,0.49875992063492064
lirislab/red_cube_into_blue_cube,13,1.065191239118576,1.1601271629333496,1.3294617056846618,9.729406826577508,0.5199652777777778,11.319415523959039,0.5276537698412699,7.5021606154798315,0.5293898809523809
lirislab/red_cube_into_blue_cube,15,1.0632813215255736,1.1613913178443909,1.3327945053577424,8.1853001401094,0.5393105158730159,10.971600657949153,0.5618799603174603,7.369159208631979,0.5529513888888888
lirislab/red_cube_into_blue_cube,17,0.7291087865829468,0.7719824910163879,0.8429603815078736,1.2426955274091351,0.4898313492063492,1.7044467062237443,0.4894593253968254,1.223013549898495,0.4880952380952381
lirislab/red_cube_into_blue_cube,19,0.9592306524515152,1.0990911722183228,1.3989042520523072,12.552355517831666,0.4507688492063492,21.374785452529384,0.4694940476190476,12.63836550848625,0.4585813492063492
lirislab/red_cube_into_blue_cube,21,1.158551073074341,1.2896568775177002,1.605215209722519,12.860582763560082,0.5394345238095238,17.33305704670566,0.5487351190476191,12.690330481082684,0.5359623015873016
lirislab/red_cube_into_blue_cube,22,0.9458107739686966,1.018269419670105,1.1575751245021821,11.983177951397073,0.4790426587301587,13.938134266708122,0.4773065476190476,3.2236721832722317,0.47358630952380953
lirislab/red_cube_into_blue_cube,24,1.218406343460083,1.3670392632484436,1.6207547068595887,14.105862604796036,0.5776289682539683,17.241048258290974,0.5538194444444444,11.686867134237017,0.5750248015873016
lirislab/red_cube_into_blue_cube,26,1.285413008928299,1.4376910328865051,1.6766976237297058,15.450932043579328,0.581969246031746,18.730168192094848,0.6047867063492064,13.503250002402284,0.5824652777777778
lirislab/red_cube_into_blue_cube,28,1.4092410862445832,1.586353361606598,1.9996390342712402,18.027890745067726,0.5933779761904762,24.934752730813727,0.6186755952380952,14.949025595239023,0.5962301587301587
lirislab/red_cube_into_blue_cube,30,1.3209856152534485,1.4918059706687927,1.9347023606300355,20.210393674203257,0.5756448412698413,25.899930900912985,0.5968501984126984,16.976265786034315,0.5691964285714286
lirislab/red_cube_into_blue_cube,32,1.204962009191513,1.2857296466827393,1.3746060132980347,3.3216603820720185,0.5405505952380952,4.534923304377843,0.5579117063492064,4.088734033476121,0.5455109126984127
lirislab/red_cube_into_blue_cube,34,0.9047330468893051,0.9672612845897675,1.0857106924057007,11.077893245347095,0.46068948412698413,13.229244210224149,0.4522569444444444,2.3762756867785795,0.45610119047619047
lirislab/red_cube_into_blue_cube,36,1.2613277316093445,1.3527567386627197,1.4231364130973816,1.136255391072714,0.5355902777777778,2.1061715339781624,0.5353422619047619,2.8020481992312867,0.5204613095238095
lirislab/red_cube_into_blue_cube,38,1.0852342307567597,1.196123480796814,1.3737703561782837,8.591897298142149,0.5374503968253969,9.181747711143341,0.5158730158730159,7.107132284931054,0.5344742063492064
lirislab/red_cube_into_blue_cube,40,1.0751039743423463,1.1564385294914246,1.3124119222164154,12.258452952704559,0.5295138888888888,13.110515788323974,0.529265873015873,9.888213040765725,0.5267857142857143
lirislab/red_cube_into_blue_cube,42,1.0775237679481506,1.1590192914009094,1.279010820388794,5.536721315345955,0.5548115079365079,6.259745275491391,0.5565476190476191,4.72007606513451,0.5505952380952381
lirislab/red_cube_into_blue_cube,44,1.5154905557632445,1.7119941711425781,2.0919401168823244,13.6589946973448,0.5725446428571429,18.75127827735854,0.5757688492063492,11.035101467012284,0.5474950396825397
lirislab/red_cube_into_green_lego_block,0,1.037661427259445,1.1308544278144836,1.28975448012352,8.143433090079892,0.6207837301587301,10.948069442392027,0.626984126984127,6.6057753292680434,0.6039186507936508
lirislab/red_cube_into_green_lego_block,1,0.7644869893789291,0.8465309143066406,0.9247076869010925,16.310810048059427,0.6563740079365079,19.72937581940915,0.7016369047619048,13.982936825154738,0.6696428571428571
lirislab/red_cube_into_green_lego_block,2,0.9302662491798401,0.9693626463413239,1.0267688632011414,1.3120915937513022,0.6106150793650794,2.309866507958216,0.6207837301587301,1.2149870848429127,0.6179315476190477
lirislab/red_cube_into_green_lego_block,3,0.772234246134758,0.8173365890979767,0.8555951297283173,10.453120853719609,0.6082589285714286,11.961298320450476,0.6241319444444444,8.313353425876198,0.603546626984127
lirislab/red_cube_into_green_lego_block,5,0.729575127363205,0.8026779592037201,0.857899421453476,14.422763084433033,0.6335565476190477,16.446609711965127,0.6728670634920635,11.04740549714636,0.6555059523809523
lirislab/red_cube_into_green_lego_block,6,0.7823918253183365,0.8792385756969452,0.937121918797493,12.114467921923437,0.6563740079365079,16.412487280091955,0.6628224206349206,10.522706735917291,0.6690228174603174
lirislab/red_cube_into_green_lego_block,7,0.8209410816431045,0.8867296874523163,0.9375372469425202,12.068966412476607,0.6579861111111112,15.37782432203126,0.6486855158730159,9.098179908621358,0.625
lirislab/red_cube_into_green_lego_block,8,0.8381295055150986,0.929861456155777,0.9914465218782424,13.907334811639585,0.607390873015873,16.80126412181596,0.6274801587301587,11.325764487575952,0.6276041666666666
lirislab/red_cube_into_green_lego_block,10,1.1025223553180694,1.1670947074890137,1.2051802217960357,1.160284056103486,0.6365327380952381,1.5391327433288533,0.6256200396825397,2.0992838764473647,0.6476934523809523
lirislab/red_cube_into_green_lego_block,11,0.9671614766120911,1.039847195148468,1.0624888241291046,5.110672734307787,0.6290922619047619,6.612125276882961,0.6252480158730159,4.503978455358498,0.6164434523809523
lirislab/red_cube_into_green_lego_block,12,0.7052817493677139,0.8901671469211578,0.9457381874322891,10.079795242048194,0.49255952380952384,11.847278278201825,0.5004960317460317,8.124606375372911,0.47705853174603174
lirislab/red_cube_into_green_lego_block,13,0.7563469737768174,0.883145660161972,0.9144812017679215,7.731394028418365,0.5901537698412699,9.442752929530313,0.5998263888888888,6.666503910404271,0.5694444444444444
lirislab/red_cube_into_green_lego_block,15,0.8094877928495408,0.8459843695163727,0.8741643130779266,8.313447904069498,0.6667906746031746,10.297684852473948,0.6918402777777778,6.6456142338459525,0.675843253968254
lirislab/red_cube_into_green_lego_block,16,0.9799373120069503,1.0222288966178894,1.0760744214057922,2.937116532922451,0.6989087301587301,4.363453058449658,0.6860119047619048,2.653579350537979,0.6970486111111112
lirislab/red_cube_into_green_lego_block,17,0.9332407236099243,1.0016229748725891,1.0428899705410004,9.49185595247737,0.6533978174603174,11.429080647663522,0.6772073412698413,6.200077762053516,0.6370287698412699
lirislab/red_cube_into_green_lego_block,18,1.1036719739437104,1.1591601967811584,1.1873481333255769,5.2431790905601545,0.6803075396825397,6.539539910493165,0.6767113095238095,4.404110649657707,0.6903521825396826
lirislab/red_cube_into_green_lego_block,20,0.8437162905931473,1.1495642066001892,1.1841880321502685,5.270426832792516,0.5674603174603174,7.548654527263545,0.5700644841269841,4.955391668336953,0.5606398809523809
lirislab/red_cube_into_green_lego_block,21,0.6911806851625443,0.9229796528816223,0.9958686709403992,12.21193001281821,0.5164930555555556,14.316723532138846,0.49268353174603174,10.50747401811621,0.5032242063492064
lirislab/red_cube_into_green_lego_block,22,0.7881199985742569,1.0102497935295105,1.0513408660888672,2.6532842753587595,0.5571676587301587,3.5121800602319397,0.5560515873015873,1.939266562784024,0.5545634920634921
lirislab/red_cube_into_green_lego_block,23,0.9344453990459443,1.084101378917694,1.1348915338516237,6.4512062406088395,0.5338541666666666,7.886203240609853,0.5513392857142857,4.4725134184707755,0.5310019841269841
lirislab/red_cube_into_green_lego_block,25,0.9817043632268906,1.2347148060798645,1.3264445126056672,5.474071766405431,0.53125,15.890980894958155,0.546875,10.291053620240767,0.5446428571428571
lirislab/red_cube_into_green_lego_block,26,0.8343935668468475,0.9911895394325256,1.0496374428272248,10.812720825546394,0.5596478174603174,13.651009388546974,0.5499751984126984,9.916591007192912,0.5244295634920635
lirislab/red_cube_into_green_lego_block,27,1.0967013537883759,1.2057348489761353,1.2492502272129058,6.562977293767192,0.5734126984126984,8.162962311880927,0.5669642857142857,5.4660468356790926,0.5590277777777778
lirislab/red_cube_into_green_lego_block,29,0.8455362528562546,0.9311395883560181,1.004632031917572,13.4913249377391,0.6374007936507936,17.308015984915947,0.6743551587301587,12.198845774384797,0.6551339285714286
lirislab/so100_demo,0,0.7264298319816589,1.51524156332016,2.0060543775558473,85.66650080220806,0.6371527777777778,86.5242309137612,0.6615823412698413,85.10385835798162,0.6181795634920635
lirislab/so100_demo,1,0.6500746548175812,1.5699832439422607,1.8182278156280518,86.1434339344681,0.6579861111111112,86.77697494846939,0.6798115079365079,85.46800306741999,0.6338045634920635
lirislab/so100_demo,2,0.7143904119729996,1.4136469960212708,2.1073628902435306,86.89809624777746,0.6392609126984127,87.30802914618152,0.6633184523809523,86.55688129896832,0.6117311507936508
lirislab/so100_demo,3,0.8176447063684463,2.0512605905532837,2.346510124206543,87.22327693194669,0.6314484126984127,87.36634124585302,0.6722470238095238,86.72231722325606,0.6290922619047619
lirislab/so100_demo,5,0.6500013262033463,1.4881950616836548,1.8271372318267822,86.2972869376103,0.5665922619047619,86.82181165448212,0.5812251984126984,86.17949028162711,0.515625
lirislab/so100_demo,6,0.6591102480888367,1.5736157298088074,1.898979914188385,86.60260698004676,0.6387648809523809,87.31854169085351,0.65625,86.72227809911023,0.5911458333333334
lirislab/so100_demo,7,0.8861198633909225,1.83220636844635,2.1238969564437866,84.3049344960575,0.6024305555555556,84.41238623633876,0.6284722222222222,82.97146995512381,0.5688244047619048
lirislab/so100_demo,8,0.7250791847705841,1.4745429754257202,1.8787641882896424,84.8056405916642,0.6138392857142857,85.66910071425163,0.6481894841269841,83.7592837921103,0.591765873015873
lirislab/so100_demo,10,0.7092422336339951,1.5524247288703918,1.6491586089134216,84.63308537777584,0.6139632936507936,85.29437581262124,0.6459573412698413,83.62845988863948,0.5708085317460317
lirislab/so100_demo,11,0.7248981267213821,1.5008922815322876,2.1255200147628783,86.22760483986494,0.5979662698412699,86.61315697526534,0.6624503968253969,85.51956646474979,0.5869295634920635
lirislab/so100_demo,12,0.6756591826677323,1.590176522731781,1.9075702488422395,86.31941399892916,0.6202876984126984,87.06872205452606,0.6403769841269841,85.8550013458479,0.6099950396825397
lirislab/so100_demo,13,0.6189350336790085,1.4501866698265076,1.8470342814922334,87.06850683539497,0.6045386904761905,87.06222293143963,0.6333085317460317,86.72554100485782,0.558655753968254
lirislab/so100_demo,15,0.6454790502786636,1.549550712108612,1.9077080965042115,87.09241877478868,0.6381448412698413,87.4978513822683,0.6481894841269841,87.33938574157223,0.5767609126984127
lirislab/so100_demo,16,0.7347289472818375,1.5709615349769592,1.7814771592617036,83.10611739692254,0.4486607142857143,84.79499162070704,0.5293898809523809,83.04781112363642,0.44742063492063494
lirislab/so100_demo,17,0.8548266559839248,1.7948908805847168,2.3667041301727294,86.3299486070099,0.5027281746031746,86.80478861931232,0.5245535714285714,85.48863211980667,0.4771825396825397
lirislab/so100_demo,18,0.6423273473978043,1.3165403008460999,1.8715483963489532,86.57514172663184,0.5740327380952381,86.76804931535817,0.628844246031746,86.00675073532356,0.5319940476190477
lirislab/so100_demo,20,0.8879300028085708,1.9112115502357483,2.302290189266205,86.35695422920038,0.5757688492063492,86.40987576904182,0.6238839285714286,85.66577815093672,0.5476190476190477
lirislab/so100_demo,21,0.7619992703199386,1.463053822517395,1.8363394260406494,83.48386306251352,0.3654513888888889,84.1588324911602,0.41592261904761907,82.58941729578272,0.32490079365079366
lirislab/so100_demo,22,0.6606299072504044,1.2827340960502625,1.6777235865592957,85.58115593132113,0.27666170634920634,85.28972027196922,0.2978670634920635,85.2758327061501,0.24193948412698413
lirislab/so100_demo,23,0.6571112096309661,1.2864267826080322,1.7252546906471253,82.97216588717605,0.43936011904761907,84.36881184909745,0.4791666666666667,79.65593873004558,0.3617311507936508
lirislab/so100_demo,25,0.7751219868659973,1.7384284734725952,2.203656828403473,83.65345850967465,0.40612599206349204,84.78416714680783,0.4567212301587302,82.97094693010196,0.3630952380952381
lirislab/so100_demo,26,0.7093952804803849,1.639061152935028,2.0820725440979007,84.82913601878829,0.42757936507936506,85.56316102342826,0.4880952380952381,84.02931054075115,0.3929811507936508
lirislab/so100_demo,27,0.7341342002153397,1.3770058155059814,1.8115696251392366,85.36219096241129,0.517609126984127,86.36533896902547,0.5267857142857143,85.24015946319547,0.4651537698412698
lirislab/so100_demo,29,0.7099526762962342,1.6789320707321167,2.0588180899620054,87.13079962384492,0.5886656746031746,87.35435050550669,0.6169394841269841,86.48401120784462,0.5680803571428571
lirislab/sweep_tissue_cube,0,1.1566699922084809,2.6577199697494507,2.937487471103668,86.12071021494118,0.31138392857142855,86.7805919122623,0.34598214285714285,85.24375385728601,0.2601686507936508
lirislab/sweep_tissue_cube,1,1.1850183606147766,2.415468215942383,2.8703513145446777,83.74694349879698,0.30927579365079366,84.72446457095988,0.3084077380952381,82.67745856001002,0.2760416666666667
lirislab/sweep_tissue_cube,2,1.1484366357326508,2.6007301807403564,2.898475766181946,86.63593012794244,0.37003968253968256,87.06973723854853,0.45163690476190477,84.88226820628495,0.31560019841269843
lirislab/sweep_tissue_cube,3,0.8457114666700363,2.145517349243164,2.3525232434272767,89.84247817696209,0.251984126984127,89.59881523557225,0.29662698412698413,89.19700402775436,0.22358630952380953
lirislab/sweep_tissue_cube,5,1.1485936999320985,2.6838979721069336,3.0623958706855774,87.13658968993246,0.3132440476190476,86.87764424631027,0.3524305555555556,85.28513409062778,0.27827380952380953
lirislab/sweep_tissue_cube,6,1.1600271105766295,2.6196049451828003,2.9722699165344237,86.15714617067573,0.43973214285714285,86.62004805433047,0.47098214285714285,84.68234780471556,0.40811011904761907
lirislab/sweep_tissue_cube,7,1.098396098613739,2.4325547218322754,2.8835707187652586,85.47583484538757,0.33444940476190477,86.85208306634209,0.3523065476190476,84.86574735384187,0.31845238095238093
lirislab/sweep_tissue_cube,8,1.0581346690654754,2.258873224258423,2.7771133542060853,84.04147007289069,0.29737103174603174,86.30060308031182,0.32824900793650796,83.17058699866202,0.2526041666666667
lirislab/sweep_tissue_cube,10,1.1001967668533326,2.012866258621216,2.4252665281295775,83.24851585876021,0.35367063492063494,84.33879996031162,0.38132440476190477,83.08162206252811,0.30865575396825395
lirislab/sweep_tissue_cube,11,1.3482878148555755,3.0599859952926636,3.3074038147926332,84.9530982677168,0.26240079365079366,87.11276352829312,0.3071676587301587,83.33203671975438,0.21862599206349206
lirislab/sweep_tissue_cube,12,1.1356353461742401,2.257484793663025,2.437208342552185,84.725792262072,0.4045138888888889,86.55577558653965,0.4339037698412698,82.73908285676407,0.38058035714285715
lirislab/sweep_tissue_cube,13,1.2679789066314697,2.7210875749588013,3.0259990572929385,84.05016013187664,0.4332837301587302,85.02833972184702,0.4548611111111111,83.76887892508523,0.38839285714285715
lirislab/sweep_tissue_cube,15,0.9677694916725159,1.7851987481117249,1.99205442070961,80.1805588903914,0.30493551587301587,85.40835089227396,0.35714285714285715,79.03340527068684,0.28583829365079366
lirislab/sweep_tissue_cube,16,0.9876388192176819,2.5156320333480835,2.8424638509750366,86.80419282614713,0.4357638888888889,87.14604184104003,0.45882936507936506,86.82438162073781,0.423859126984127
lirislab/sweep_tissue_cube,17,1.0097248017787934,2.598569393157959,2.8162487149238586,87.38088946271998,0.34523809523809523,87.45297959009135,0.3844246031746032,87.40358962571574,0.3246527777777778
lirislab/sweep_tissue_cube,18,0.9744165599346161,1.9582996368408203,2.548530101776123,80.33288103892822,0.23524305555555555,80.64990695888768,0.24367559523809523,77.61879901871296,0.21726190476190477
lirislab/sweep_tissue_cube,20,0.9311970442533493,2.351160764694214,2.714072847366333,86.72864847335454,0.5016121031746031,87.08798132798472,0.5218253968253969,86.25871789677392,0.4884672619047619
lirislab/sweep_tissue_cube,21,1.0383127510547638,2.5820834636688232,2.7710057854652406,85.83630152695964,0.4157986111111111,86.79373977433569,0.48226686507936506,86.26060234722978,0.39694940476190477
lirislab/sweep_tissue_cube,22,1.1430992424488067,2.522659420967102,2.9756463170051575,86.83905266662758,0.36904761904761907,87.54767316071809,0.41220238095238093,86.72470764152604,0.3189484126984127
lirislab/sweep_tissue_cube,23,1.1117123723030091,2.5184072256088257,2.9694705843925475,84.7386810500833,0.38504464285714285,86.18104504211104,0.4310515873015873,84.20820427634789,0.36532738095238093
lirislab/sweep_tissue_cube,25,1.1608365952968598,2.121329665184021,2.4686787128448486,83.54157459354434,0.31138392857142855,85.81252099851908,0.3707837301587302,82.82067956855745,0.29898313492063494
lirislab/sweep_tissue_cube,26,1.23310546875,2.706929087638855,3.0941128611564634,87.09398276598955,0.3473462301587302,87.03955659844814,0.38851686507936506,84.74664525729725,0.30443948412698413
lirislab/sweep_tissue_cube,27,1.0051984310150146,2.3739093542099,2.5629334926605223,85.80849922332243,0.45337301587301587,86.64139792298579,0.48387896825396826,85.47822474337049,0.4242311507936508
lirislab/sweep_tissue_cube,29,1.1020557403564453,2.2340394258499146,2.652896058559418,86.49428922813014,0.3681795634920635,86.53863720016301,0.4273313492063492,84.38754066427799,0.32056051587301587
lirislab/unfold_bottom_right,0,1.0295691907405853,1.1626217365264893,1.4516674876213074,7.936100715234072,0.31138392857142855,11.076844549073204,0.3111359126984127,6.748605346755687,0.31473214285714285
lirislab/unfold_bottom_right,1,0.8677146553993225,1.0230249166488647,1.0895094990730285,13.495671833796793,0.24702380952380953,21.69282082995391,0.2615327380952381,13.801840751821581,0.24107142857142858
lirislab/unfold_bottom_right,2,0.9631340801715851,1.0610941648483276,1.2715622127056123,19.512169987529198,0.3550347222222222,23.69186861326875,0.37115575396825395,17.29970326563689,0.36532738095238093
lirislab/unfold_bottom_right,3,0.9393260478973389,1.0716220140457153,1.302410364151001,18.827248607856124,0.40240575396825395,22.45573525200191,0.4115823412698413,15.355580748540497,0.3958333333333333
lirislab/unfold_bottom_right,5,0.9458684772253036,1.0755647420883179,1.2178598880767821,17.492210710157185,0.33990575396825395,21.243434679761982,0.35900297619047616,14.199694212124813,0.33544146825396826
lirislab/unfold_bottom_right,6,0.9531313419342041,1.0775147676467896,1.3379336833953859,22.81789404451299,0.37313988095238093,25.65815809446847,0.404265873015873,16.448370713510982,0.38268849206349204
lirislab/unfold_bottom_right,7,0.8111716419458389,0.9442577958106995,1.2606384754180908,22.137105314038752,0.5654761904761905,27.891385823499682,0.6062748015873016,18.65843942980035,0.5572916666666666
lirislab/unfold_bottom_right,8,0.9240051120519638,1.1786683201789856,1.52047678232193,25.443113440417868,0.29017857142857145,29.23866122665945,0.2958829365079365,19.03066231915286,0.2751736111111111
lirislab/unfold_bottom_right,10,0.9586813986301422,1.0786392092704773,1.3165737807750701,26.260002938091475,0.3661954365079365,28.27407626467688,0.3777281746031746,21.285112238719286,0.37189980158730157
lirislab/unfold_bottom_right,11,0.9441644608974457,1.0437832474708557,1.341556602716446,19.568011636466824,0.42857142857142855,22.141201354261895,0.44407242063492064,14.436947274438904,0.4181547619047619
lirislab/unfold_bottom_right,12,0.9388673782348633,1.0450102090835571,1.3076395571231842,16.59712878056078,0.5282738095238095,22.978977172650673,0.5102926587301587,13.24863015669328,0.5166170634920635
lirislab/unfold_bottom_right,13,0.9444409400224686,1.0910794734954834,1.4206072628498077,19.31484694592042,0.3349454365079365,26.51047677945139,0.3521825396825397,20.37567282944696,0.3324652777777778
lirislab/unfold_bottom_right,15,1.065267413854599,1.2232878804206848,1.4611360788345338,20.266418936321166,0.41555059523809523,25.306809369310013,0.4365079365079365,17.623541797042943,0.4167906746031746
lirislab/unfold_bottom_right,16,1.0421125531196593,1.1410778164863586,1.317943060398102,18.598697265335407,0.3970734126984127,22.70078578316543,0.42199900793650796,14.722189697406813,0.4000496031746032
lirislab/unfold_bottom_right,17,1.0274495601654052,1.1458345651626587,1.3604642271995544,16.98517625645286,0.548859126984127,19.799152010720412,0.5440228174603174,12.989171777921252,0.5417906746031746
lirislab/unfold_bottom_right,18,0.9745870411396027,1.0713088512420654,1.2801387786865235,15.749413600498485,0.5372023809523809,18.546233029745387,0.5496031746031746,12.063395519201677,0.5424107142857143
lirislab/unfold_bottom_right,20,0.9310099661350251,1.0673869252204895,1.32162566781044,21.1722727822013,0.37822420634920634,23.746874194951257,0.40773809523809523,16.12393999609004,0.39025297619047616
lirislab/unfold_bottom_right,21,0.9062709748744965,0.99725541472435,1.2338871657848358,18.553725950249245,0.5394345238095238,20.322630553030823,0.5541914682539683,14.891566873098911,0.527405753968254
lirislab/unfold_bottom_right,22,1.0099498689174653,1.1053978204727173,1.30456103682518,13.6438737061015,0.5598958333333334,18.922637945511422,0.5701884920634921,10.34700939607471,0.5457589285714286
lirislab/unfold_bottom_right,23,0.8399710565805435,0.9441686868667603,1.1651052415370942,20.703241778800624,0.5515873015873016,18.53300057074661,0.5656001984126984,13.736339557407513,0.5529513888888888
lirislab/unfold_bottom_right,25,0.9844751924276351,1.081153154373169,1.3184912204742432,12.653465692542545,0.4898313492063492,15.438274832560728,0.49813988095238093,11.540414628481734,0.49231150793650796
lirislab/unfold_bottom_right,26,0.9966580718755722,1.1629548072814941,1.332055288553238,15.24832925687098,0.4773065476190476,23.32178511010822,0.4779265873015873,11.386796238252524,0.4663938492063492
lirislab/unfold_bottom_right,27,1.0984975874423981,1.3241403102874756,1.5255512177944184,15.288375596175868,0.642609126984127,18.67265283586524,0.6303323412698413,12.882750334860246,0.6277281746031746
lirislab/unfold_bottom_right,29,0.9013156324625016,1.0096559524536133,1.2415282905101777,17.396037993169948,0.48387896825396826,23.047210671855897,0.4884672619047619,13.6739259283212,0.470734126984127
liuhuanjim013/so100_th,0,1.0082823812961579,1.0987448692321777,1.1787114381790162,9.412689021240803,0.447296626984127,11.916791854450322,0.4460565476190476,9.011729348733676,0.4408482142857143
liuhuanjim013/so100_th,3,1.0337231755256653,1.106433391571045,1.1629077792167664,9.967248798408324,0.5047123015873016,11.910902638437307,0.5101686507936508,7.611152587292195,0.47953869047619047
liuhuanjim013/so100_th,6,1.0667542040348053,1.128385603427887,1.1781985759735107,5.830824530540664,0.4880952380952381,8.368864612333404,0.48400297619047616,5.518320536127595,0.47470238095238093
liuhuanjim013/so100_th,9,0.9478136986494065,1.0771993398666382,1.2476270020008087,24.14175168929396,0.5794890873015873,28.385974619534803,0.6019345238095238,20.127787630948475,0.5812251984126984
liuhuanjim013/so100_th,12,0.9115074008703232,0.9737003445625305,1.0417532742023468,10.410589178884207,0.42063492063492064,13.438275736085233,0.4224950396825397,8.683151221191196,0.42063492063492064
liuhuanjim013/so100_th,15,0.8997875481843949,0.9605104029178619,1.0306556463241578,6.571278591931803,0.38566468253968256,6.880824148828255,0.3759920634920635,6.018550213098953,0.3678075396825397
liuhuanjim013/so100_th,19,0.9735322773456574,1.0574439764022827,1.1458894252777099,7.120396676640673,0.4224950396825397,7.551799438412095,0.4212549603174603,5.08742583859276,0.41976686507936506
liuhuanjim013/so100_th,22,0.9910099387168885,1.0731191039085388,1.1616899728775025,5.087772436431953,0.3695436507936508,7.512955554324554,0.37289186507936506,4.8767655792476035,0.3709077380952381
liuhuanjim013/so100_th,25,1.0695375204086304,1.1223331093788147,1.181425964832306,2.8079799479818144,0.48921130952380953,2.101147630981227,0.47867063492063494,1.9006337874290495,0.4913194444444444
liuhuanjim013/so100_th,28,0.9834155529737473,1.0455986261367798,1.1030110538005828,9.567127987231297,0.46391369047619047,11.825434154448569,0.4636656746031746,7.568671354095729,0.4564732142857143
liuhuanjim013/so100_th,31,0.9590651541948318,1.0878759026527405,1.215621167421341,17.832608622522855,0.39967757936507936,22.12956381766763,0.39347718253968256,13.42622049173594,0.39174107142857145
liuhuanjim013/so100_th,34,0.9684959053993225,1.0987693667411804,1.2586514949798584,12.229934604267314,0.49330357142857145,13.768360684447066,0.498015873015873,9.190689555500821,0.4871031746031746
liuhuanjim013/so100_th,38,0.8491483479738235,0.9149176180362701,0.9679252445697785,8.725238165898018,0.36507936507936506,12.312652394757082,0.3556547619047619,6.830643317800717,0.36507936507936506
liuhuanjim013/so100_th,41,0.9127344071865082,0.977766364812851,1.005531620979309,3.2766792966469285,0.4730902777777778,3.730876395006469,0.46924603174603174,3.010449009657264,0.4740823412698413
liuhuanjim013/so100_th,44,1.0233911454677582,1.0828914642333984,1.1157210886478424,4.783890576636968,0.4976438492063492,5.695776986849519,0.49962797619047616,4.211892687278476,0.4905753968253968
liuhuanjim013/so100_th,47,0.9904170542955398,1.0233289003372192,1.070609313249588,8.556782589637992,0.7010168650793651,10.443610906735069,0.7043650793650794,6.918009408664801,0.7033730158730159
liuhuanjim013/so100_th,50,1.1210059940814971,1.1622151732444763,1.2263892769813538,9.95153088343413,0.7583085317460317,11.993568912546017,0.7552083333333334,7.963879021422444,0.761780753968254
liuhuanjim013/so100_th,53,0.8352412670850754,0.8947944641113281,0.945145544409752,9.582895769707715,0.6731150793650794,11.739738407462392,0.6667906746031746,8.408636316469373,0.6583581349206349
liuhuanjim013/so100_th,57,1.0366367816925048,1.176357090473175,1.3444153547286988,17.754100018282475,0.7062251984126984,21.71553798145316,0.7126736111111112,14.866936116448812,0.6848958333333334
liuhuanjim013/so100_th,60,1.0066642224788667,1.141020655632019,1.281289964914322,18.840049066611858,0.6821676587301587,21.586525182949092,0.6963045634920635,14.969822969293164,0.6876240079365079
liuhuanjim013/so100_th,63,1.0401300966739655,1.1530527472496033,1.2715875327587127,16.535504346971834,0.6499255952380952,20.129802163136482,0.6631944444444444,13.903640067722753,0.6485615079365079
liuhuanjim013/so100_th,66,0.8663123846054077,0.9416227042675018,0.9947641253471374,3.046967988343603,0.4181547619047619,4.07246475423526,0.4185267857142857,3.231618037834669,0.4113343253968254
liuhuanjim013/so100_th,69,0.8515261590480805,0.9113200902938843,0.9724944621324539,10.19936938057719,0.3619791666666667,13.078197142148476,0.3602430555555556,8.111111401070332,0.3679315476190476
liuhuanjim013/so100_th,73,0.7715881198644639,0.8758179545402527,0.9189635276794433,7.261068117442268,0.39074900793650796,9.268300831204046,0.3776041666666667,5.183305865972794,0.39025297619047616
mikechambers/block_cup_14,0,0.5880819797515869,0.6088099777698517,0.6430152595043183,6.573516363055058,0.6049107142857143,10.243459931474858,0.6262400793650794,6.629512039721061,0.615203373015873
mikechambers/block_cup_14,2,0.6047962993383408,0.667512983083725,0.7067394018173218,7.378153328316571,0.44841269841269843,5.7791301542481905,0.4582093253968254,4.053812179784588,0.4585813492063492
mikechambers/block_cup_14,4,0.5765471518039703,0.6542910039424896,0.6826071500778198,1.8578317449515198,0.4334077380952381,3.7824785549358104,0.43874007936507936,2.7693733629623947,0.46056547619047616
mikechambers/block_cup_14,6,0.8110710144042969,0.8796388208866119,0.9099863082170486,7.745926365425399,0.41443452380952384,9.797494904312256,0.3948412698412698,6.961001482710304,0.4166666666666667
mikechambers/block_cup_14,8,0.7167336523532868,0.765871673822403,0.7906727492809296,6.155554198546507,0.47085813492063494,7.601503230910849,0.4673859126984127,5.790954643939208,0.46688988095238093
mikechambers/block_cup_14,10,0.735149160027504,0.7718358039855957,0.8123506128787994,3.7152561903908166,0.47507440476190477,4.027398098821976,0.4973958333333333,3.2154631852109237,0.4867311507936508
mikechambers/block_cup_14,12,0.7341622233390808,0.8734965324401855,0.9366841107606888,10.355657195256855,0.6272321428571429,12.353902554641154,0.6279761904761905,8.293015797304687,0.6241319444444444
mikechambers/block_cup_14,14,0.6163712114095687,0.7125093042850494,0.7573623985052109,8.870018896338083,0.5028521825396826,11.374006206107591,0.5033482142857143,7.271760272099887,0.5075644841269841
mikechambers/block_cup_14,17,0.600437605381012,0.6194338202476501,0.6528411686420441,8.367925995451756,0.4946676587301587,7.982762592991781,0.5140128968253969,3.0758713004422367,0.5054563492063492
mikechambers/block_cup_14,19,0.5982207447290421,0.673027753829956,0.7181601762771607,7.660524772671989,0.482390873015873,12.280356881898243,0.4751984126984127,7.516689676710056,0.4799107142857143
mikechambers/block_cup_14,21,0.607343727350235,0.648211807012558,0.6910013556480408,8.336256809486116,0.5967261904761905,10.71869267528602,0.6026785714285714,6.546882426850945,0.5915178571428571
mikechambers/block_cup_14,23,0.6367470353841782,0.7267014682292938,0.7803628653287887,10.676340679937114,0.5417906746031746,12.81898240653063,0.5461309523809523,8.43498526730085,0.5409226190476191
mikechambers/block_cup_14,25,0.6804973483085632,0.7360641062259674,0.7997783660888672,11.480394661115383,0.6635664682539683,13.542697311368837,0.6646825396825397,9.191074417303494,0.6633184523809523
mikechambers/block_cup_14,27,0.6164396733045578,0.6448478698730469,0.6744421482086181,3.5119013147545024,0.37810019841269843,2.732299727626759,0.3785962301587302,1.4191348805725588,0.38169642857142855
mikechambers/block_cup_14,29,0.6372668236494065,0.7361864447593689,0.7928517580032349,6.533900082378583,0.4234871031746032,12.079757915167761,0.42497519841269843,6.240013508632856,0.4392361111111111
mikechambers/block_cup_14,31,0.7277793824672699,0.8129471242427826,0.8369254142045975,2.5034275053318447,0.5476190476190477,4.5072389302372615,0.5032242063492064,2.1346004500101703,0.5417906746031746
mikechambers/block_cup_14,34,0.6738586366176605,0.8474342823028564,0.9056008219718933,6.974570506691461,0.45200892857142855,7.663060632705346,0.44246031746031744,6.068826210131111,0.4554811507936508
mikechambers/block_cup_14,36,0.6843852669000625,0.8123117089271545,0.8679433226585388,11.076080183237545,0.5627480158730159,13.14897296023927,0.5771329365079365,8.757776384259266,0.5713045634920635
mikechambers/block_cup_14,38,0.7489269018173218,0.824314534664154,0.8466268837451935,3.294614612317964,0.6067708333333334,5.111554420056752,0.5812251984126984,0.16071255014426922,0.5784970238095238
mikechambers/block_cup_14,40,0.6992787033319473,0.8042224645614624,0.8721116751432418,8.875996891710145,0.5492311507936508,11.400280506043504,0.5554315476190477,7.9478164010686925,0.5348462301587301
mikechambers/block_cup_14,42,0.7185227930545807,0.8162473440170288,0.8419463872909546,5.275703550021979,0.6282242063492064,6.690905498691446,0.6290922619047619,4.463702157599573,0.6271081349206349
mikechambers/block_cup_14,44,0.681762284040451,0.7432844936847687,0.7845702260732651,5.248707121474044,0.5080605158730159,5.037773039994623,0.5031001984126984,2.8645736382842797,0.49888392857142855
mikechambers/block_cup_14,46,0.7571345418691636,0.800330638885498,0.8215930223464966,3.9754729153366037,0.6488095238095238,5.986938672888051,0.6552579365079365,3.446567068312409,0.6460813492063492
mikechambers/block_cup_14,49,0.649038952589035,0.7779234647750854,0.8269176006317139,7.866340843161793,0.4616815476190476,10.628027773227222,0.46304563492063494,5.939141041907946,0.4477926587301587
nbaron99/so100_pick_and_place4,0,1.2374272406101228,1.810234010219574,2.2099695205688477,56.53245413087012,0.46205357142857145,62.61454003406972,0.519469246031746,51.29207083611572,0.42919146825396826
nbaron99/so100_pick_and_place4,4,1.1220293164253234,1.7350529432296753,2.1457664608955382,60.14782714660891,0.4574652777777778,65.53351970055438,0.5187251984126984,53.07108635063441,0.42224702380952384
nbaron99/so100_pick_and_place4,8,1.1159620761871338,1.7675378322601318,2.1945651531219483,60.50122198439978,0.45969742063492064,66.47363269279671,0.5173611111111112,55.0295981691645,0.4382440476190476
nbaron99/so100_pick_and_place4,12,1.2060230910778045,1.9137531518936157,2.3350013971328734,57.243955872085955,0.5034722222222222,63.00760287636713,0.5632440476190477,53.15011048116155,0.4513888888888889
nbaron99/so100_pick_and_place4,17,1.1598712861537934,1.7745604515075684,2.1727826476097105,58.98801102204195,0.45362103174603174,64.69086089347,0.5119047619047619,52.658161328084,0.41021825396825395
nbaron99/so100_pick_and_place4,21,1.1122812569141387,1.798697829246521,2.2128424763679506,61.707108563648596,0.45349702380952384,65.5349510847013,0.49888392857142855,56.04430492412663,0.42410714285714285
nbaron99/so100_pick_and_place4,25,1.1201234877109527,1.8484784364700317,2.242966496944428,58.956913610531835,0.4696180555555556,66.27214095501095,0.49615575396825395,53.68299732498953,0.4098462301587302
nbaron99/so100_pick_and_place4,30,1.184556794166565,1.9119861125946045,2.378299593925476,62.338643357791184,0.48660714285714285,66.94466864168187,0.5344742063492064,57.52363063493885,0.42819940476190477
nbaron99/so100_pick_and_place4,34,1.087633442878723,1.6873723864555359,2.1079973459243777,59.01212714579344,0.4801587301587302,64.97591305472022,0.5234375,54.011355038273216,0.4357638888888889
nbaron99/so100_pick_and_place4,38,1.2692559897899627,1.9644042253494263,2.3939975380897525,57.66204083158013,0.5174851190476191,62.83193083432997,0.5734126984126984,53.36284829075383,0.4732142857142857
nbaron99/so100_pick_and_place4,43,1.1226577937602997,1.7369352579116821,2.1660759687423705,59.29373166797924,0.4541170634920635,64.01170769784272,0.5055803571428571,53.49210344028597,0.42943948412698413
nbaron99/so100_pick_and_place4,47,1.1394019544124603,1.7706837058067322,2.153705656528473,58.37569346776304,0.4593253968253968,64.15703666985823,0.5145089285714286,53.93428993987379,0.42373511904761907
nbaron99/so100_pick_and_place4,51,1.2622169733047486,2.0339149236679077,2.4767046570777893,60.328058127801434,0.48921130952380953,65.69464075343434,0.5520833333333334,55.08103881108651,0.45597718253968256
nbaron99/so100_pick_and_place4,55,1.229831326007843,1.950430989265442,2.3761959075927734,60.168955823036015,0.5085565476190477,65.37334556327784,0.5482390873015873,54.67689506031436,0.4623015873015873
nbaron99/so100_pick_and_place4,60,1.2134060561656952,1.871873140335083,2.274566221237183,57.64881048386065,0.45634920634920634,63.28026508074385,0.5043402777777778,52.4277202938531,0.4181547619047619
nbaron99/so100_pick_and_place4,64,1.1377063751220704,1.7071565389633179,2.121719789505005,57.82209102379658,0.5111607142857143,62.42926109908735,0.5621279761904762,51.71425769543511,0.47978670634920634
nbaron99/so100_pick_and_place4,68,1.097268545627594,1.7153711318969727,2.0954424619674685,59.91312012753697,0.44543650793650796,64.75896124727058,0.5049603174603174,54.33710755815064,0.40600198412698413
nbaron99/so100_pick_and_place4,73,1.0934228003025055,1.6995510458946228,2.1009900689125063,58.425003493865226,0.4645337301587302,65.40523489040564,0.5150049603174603,54.16322532360604,0.42075892857142855
nbaron99/so100_pick_and_place4,77,1.1777222752571106,1.8351741433143616,2.2760733723640443,60.644069287992984,0.4469246031746032,66.1081425638904,0.49987599206349204,55.5560761826942,0.41716269841269843
nbaron99/so100_pick_and_place4,81,1.0815056324005128,1.7022433280944824,2.140483224391937,58.892773746872315,0.4728422619047619,66.00391772434787,0.5323660714285714,54.17654019390836,0.44680059523809523
nbaron99/so100_pick_and_place4,86,1.1502635598182678,1.7591479420661926,2.157733738422394,59.046213193893834,0.45610119047619047,64.10575314675546,0.49975198412698413,52.64293205809734,0.42993551587301587
nbaron99/so100_pick_and_place4,90,1.2887496292591094,2.0601723194122314,2.487993538379669,60.983111805972044,0.4463045634920635,64.7678184351701,0.5091765873015873,55.36544991560759,0.4254712301587302
nbaron99/so100_pick_and_place4,94,1.3589718699455262,2.073770523071289,2.528317940235138,57.99520757116292,0.4975198412698413,64.09797821189527,0.5419146825396826,52.8165089823189,0.4497767857142857
nbaron99/so100_pick_and_place4,99,1.1261639595031738,1.861471712589264,2.352316117286682,63.21426991641043,0.4419642857142857,68.53329767095735,0.48759920634920634,57.941198765336324,0.41294642857142855
pandaRQ/pick_med_1,0,1.3225078940391541,1.6235942840576172,1.957965898513794,24.943929118856676,0.6763392857142857,29.985846601247932,0.6934523809523809,20.976024514636915,0.6532738095238095
pandaRQ/pick_med_1,4,1.1623864233493806,1.45004540681839,1.7870134592056275,26.424350157661955,0.6352926587301587,30.460637700492196,0.6856398809523809,21.693717016310732,0.6398809523809523
pandaRQ/pick_med_1,8,1.1990092992782593,1.4916815757751465,1.8369263827800753,27.440634888039565,0.6190476190476191,32.02423034260427,0.650421626984127,22.92550407147633,0.6047867063492064
pandaRQ/pick_med_1,12,1.3274439871311188,1.6063623428344727,1.9162523865699768,23.255999820262208,0.701140873015873,27.512247801649426,0.7064732142857143,19.607597070029563,0.697296626984127
pandaRQ/pick_med_1,17,1.1233763098716736,1.3809123039245605,1.7124346792697906,21.636780755800995,0.6852678571428571,26.19461953340614,0.6925843253968254,18.315517628640357,0.6783234126984127
pandaRQ/pick_med_1,21,1.1429153323173522,1.42962646484375,1.7643263518810273,25.597115704190706,0.6749751984126984,31.094748906549903,0.6986607142857143,20.30110481641948,0.6577380952380952
pandaRQ/pick_med_1,25,1.258143675327301,1.5137171745300293,1.8346566438674927,21.505259530538154,0.7043650793650794,26.73997234622417,0.706969246031746,17.82565974271673,0.6910962301587301
pandaRQ/pick_med_1,30,1.310548609495163,1.548939287662506,1.8179467201232913,21.987797104193792,0.6547619047619048,29.011766874302364,0.6966765873015873,19.7696403631141,0.6631944444444444
pandaRQ/pick_med_1,34,1.1869719207286835,1.4660728573799133,1.786762684583664,23.52947836666718,0.6915922619047619,28.98173438844193,0.6987847222222222,19.93492633959887,0.6774553571428571
pandaRQ/pick_med_1,38,1.24229097366333,1.537205159664154,1.8358785450458528,27.00391825433169,0.6774553571428571,32.35004189038506,0.6935763888888888,22.491301673765022,0.660218253968254
pandaRQ/pick_med_1,43,1.2714532256126403,1.5442113280296326,1.825357985496521,23.311250187474432,0.6955605158730159,29.08406513059495,0.6999007936507936,19.824030044559095,0.685515873015873
pandaRQ/pick_med_1,47,1.2557560622692108,1.5411402583122253,1.845221793651581,22.939387227535452,0.6843998015873016,28.07026533606783,0.7018849206349206,19.874962188176394,0.6888640873015873
pandaRQ/pick_med_1,51,1.2337345361709595,1.5204110145568848,1.8421447634696961,23.706092103129738,0.6923363095238095,27.59590030841922,0.6970486111111112,18.483674466847752,0.677703373015873
pandaRQ/pick_med_1,55,1.2898169815540315,1.5958972573280334,2.0411865949630736,24.482962280121388,0.5963541666666666,27.79707154052748,0.6090029761904762,19.13545339490807,0.5846974206349206
pandaRQ/pick_med_1,60,1.226076591014862,1.5268121361732483,1.891133826971054,24.492593773467828,0.5783730158730159,30.03630480745117,0.5911458333333334,20.402795898335043,0.5653521825396826
pandaRQ/pick_med_1,64,1.4232950627803802,1.7329439520835876,2.0647804737091064,26.121964465862444,0.6486855158730159,33.110122280622456,0.6712549603174603,22.191238198036736,0.6261160714285714
pandaRQ/pick_med_1,68,1.469209462404251,1.7325294613838196,2.04400691986084,23.231016584033554,0.6876240079365079,28.39437816180422,0.7158978174603174,19.95409876828501,0.6705109126984127
pandaRQ/pick_med_1,73,1.4213662087917327,1.7620322108268738,2.1332046866416934,24.76697121686752,0.6550099206349206,31.024584398662675,0.6650545634920635,21.380603533691527,0.6272321428571429
pandaRQ/pick_med_1,77,1.386694574356079,1.670953631401062,1.99088973402977,23.76505844063874,0.6267361111111112,30.349475522236837,0.6393849206349206,20.445689042099886,0.6168154761904762
pandaRQ/pick_med_1,81,1.4962031304836274,1.8430609107017517,2.249430310726166,23.63836075174142,0.5297619047619048,29.658696689128764,0.5554315476190477,21.799082870429643,0.5142609126984127
pandaRQ/pick_med_1,86,1.251296842098236,1.5588929057121277,1.9432943761348729,23.71529824698959,0.6075148809523809,29.00557671505412,0.6324404761904762,19.884633576303298,0.6085069444444444
pandaRQ/pick_med_1,90,1.438767820596695,1.739940106868744,2.091237711906433,23.18025371684542,0.6530257936507936,27.783146996691595,0.6839037698412699,19.640726198754017,0.6574900793650794
pandaRQ/pick_med_1,94,1.49195037484169,1.7896891236305237,2.1380446434020994,27.786817370804084,0.603546626984127,32.40522577709267,0.630828373015873,20.472117923838773,0.5886656746031746
pandaRQ/pick_med_1,99,1.3405608534812927,1.6729710698127747,2.0628489136695864,26.827724478733742,0.6261160714285714,32.3399884130809,0.6548859126984127,22.446229326127128,0.6032986111111112
paszea/so100_lego,0,1.1708975791931153,1.7931614518165588,2.3908276915550233,64.59032476999546,0.5931299603174603,68.3299149994519,0.6598462301587301,59.382444819108635,0.5310019841269841
paszea/so100_lego,2,1.1724192440509795,1.8127523064613342,2.3576560497283934,65.16214693327197,0.683531746031746,69.69922937901622,0.7437996031746031,60.5122431830888,0.6364087301587301
paszea/so100_lego,4,1.3444029808044433,2.0918753147125244,2.706860625743866,66.18428930550108,0.6724950396825397,70.61063375404498,0.7393353174603174,61.070370165714614,0.6372767857142857
paszea/so100_lego,6,1.0363631665706634,1.6960588097572327,2.3295243978500366,66.58360157121066,0.6187996031746031,70.4262020202477,0.691468253968254,62.31827906551354,0.5564236111111112
paszea/so100_lego,8,1.2135583579540252,1.9167444705963135,2.4112101554870606,65.29842179238753,0.6214037698412699,70.06977456365874,0.6925843253968254,60.161715920942,0.5695684523809523
paszea/so100_lego,10,0.9099157720804214,1.4875768423080444,2.246307480335236,65.19068555117887,0.6574900793650794,69.3483661573217,0.7416914682539683,59.56449994674328,0.6158234126984127
paszea/so100_lego,12,0.9824095636606216,1.561921775341034,2.2869692087173465,63.86878738916661,0.6478174603174603,69.12831180869138,0.7286706349206349,58.526320364168235,0.5970982142857143
paszea/so100_lego,14,0.9492339819669724,1.4801678657531738,2.3183657407760623,63.59489062775436,0.6520337301587301,68.20230577550912,0.691344246031746,57.923761058445564,0.5554315476190477
paszea/so100_lego,17,0.8676996469497681,1.3729965686798096,2.4594200372695925,63.058493930513016,0.6196676587301587,67.95717788852876,0.6996527777777778,58.50276074421725,0.5851934523809523
paszea/so100_lego,19,0.8219853341579437,1.4095078706741333,1.9062772274017334,64.55712440132585,0.7958829365079365,69.8017410974287,0.8353174603174603,59.48451619622701,0.724578373015873
paszea/so100_lego,21,0.799222731590271,1.2739107012748718,2.5266813874244693,63.94349112718765,0.5541914682539683,68.63203125621017,0.6312003968253969,58.807637582389056,0.4742063492063492
paszea/so100_lego,23,0.8454819947481156,1.3352925181388855,2.6096909403800965,63.82777985466726,0.5918898809523809,68.02361619937949,0.6550099206349206,57.81826993691888,0.5183531746031746
paszea/so100_lego,25,0.7499354720115662,1.2368558645248413,2.365964484214783,64.16211181521894,0.5732886904761905,69.64459514718394,0.6607142857142857,60.3819895526924,0.5680803571428571
paszea/so100_lego,27,0.7943757563829422,1.2712023258209229,2.360979604721069,63.258311102504415,0.6067708333333334,67.57874980692335,0.6486855158730159,58.53460466818981,0.5186011904761905
paszea/so100_lego,29,0.8082699030637741,1.2720698714256287,2.221991240978241,63.37168716158997,0.5782490079365079,67.73882724642309,0.6447172619047619,59.47970358321886,0.5070684523809523
paszea/so100_lego,31,0.9677687376737595,1.4936978816986084,2.0705711007118226,63.25136631634045,0.5179811507936508,67.12635274349347,0.5744047619047619,57.26246732605914,0.46304563492063494
paszea/so100_lego,34,1.035820758342743,1.5995875000953674,2.2302901268005373,63.16519422853827,0.5337301587301587,68.15782359417688,0.6061507936507936,59.1119731108075,0.4584573412698413
paszea/so100_lego,36,0.9398044347763062,1.4343755841255188,2.1095825910568236,62.247558744921065,0.5028521825396826,67.47952596154076,0.5726686507936508,54.46209441878511,0.4425843253968254
paszea/so100_lego,38,1.0754041910171508,1.6090505123138428,2.145705986022949,62.73873088949694,0.5262896825396826,67.33520199457567,0.5758928571428571,57.721676686115295,0.4728422619047619
paszea/so100_lego,40,1.077895313501358,1.5849897861480713,2.1116345643997194,62.62858517685155,0.4651537698412698,65.21472069676281,0.5633680555555556,54.27863795133736,0.43253968253968256
paszea/so100_lego,42,0.8433296740055084,1.3435307741165161,2.226042056083679,63.08328644330011,0.6251240079365079,67.8810872014616,0.7103174603174603,58.801114038279636,0.5269097222222222
paszea/so100_lego,44,0.8828454196453095,1.3893113732337952,2.0454097747802735,62.30462812121981,0.6473214285714286,67.7188197625953,0.7274305555555556,57.42246241739258,0.5694444444444444
paszea/so100_lego,46,0.8936972558498383,1.403804361820221,2.1093524217605593,62.21910065642889,0.5956101190476191,67.53443797654552,0.6918402777777778,57.78548753922579,0.5213293650793651
paszea/so100_lego,49,0.8383863925933838,1.3366596698760986,2.1759007215499877,63.10785524743208,0.6045386904761905,67.59503918496864,0.6841517857142857,57.96931696805777,0.5303819444444444
paszea/so100_lego_2cam,0,0.7885599941015243,1.5789384841918945,3.3009272456169128,68.44435652933926,0.8125,71.96131829057774,0.8970734126984127,63.5255934993561,0.7332589285714286
paszea/so100_lego_2cam,1,1.224776017665863,1.9262950420379639,4.03855299949646,53.33729566218021,0.7757936507936508,59.905060287634555,0.8270089285714286,47.25350059723879,0.7230902777777778
paszea/so100_lego_2cam,3,1.073338234424591,1.8069332838058472,3.7226443886756897,58.45898167414376,0.8294890873015873,64.44709498809068,0.8976934523809523,52.98508172547794,0.7578125
paszea/so100_lego_2cam,5,0.645779213309288,1.0376933813095093,3.391275978088379,54.265075117601825,0.5070684523809523,60.4195103655974,0.5792410714285714,46.95597274685303,0.46316964285714285
paszea/so100_lego_2cam,6,0.8570799887180328,1.31118643283844,3.241625702381134,51.82050977176478,0.7201140873015873,59.71956126536839,0.7958829365079365,46.95196326555005,0.6866319444444444
paszea/so100_lego_2cam,8,0.5238191545009613,1.0200690627098083,3.2678410410881042,67.61331928622168,0.7373511904761905,71.49624664751335,0.8459821428571429,63.37696669865426,0.6613343253968254
paszea/so100_lego_2cam,10,0.662950211763382,1.2348809242248535,3.8438914895057676,65.20277518341679,0.7893105158730159,69.37831374137407,0.8962053571428571,60.2432614818662,0.7130456349206349
paszea/so100_lego_2cam,11,0.5907707214355469,1.0158395767211914,3.968644917011261,59.631824038589826,0.708953373015873,65.50392410868761,0.8058035714285714,53.38286561880347,0.6248759920634921
paszea/so100_lego_2cam,13,0.5035121470689774,0.9836891293525696,3.2719289898872375,68.10815104008921,0.8436259920634921,71.90644395967799,0.9154265873015873,63.44233712895894,0.7522321428571429
paszea/so100_lego_2cam,15,0.7399587661027909,1.3653644919395447,3.675470197200775,64.2467919668808,0.8102678571428571,68.8511540745891,0.9144345238095238,60.3521962578061,0.7006448412698413
paszea/so100_lego_2cam,16,0.5770662784576416,1.0907948017120361,3.2881210088729858,65.79100359899664,0.837921626984127,70.46733547136044,0.9217509920634921,61.78026159252336,0.7498759920634921
paszea/so100_lego_2cam,18,0.5867026686668396,1.017964482307434,3.7586497545242312,61.00117028997293,0.6873759920634921,65.23790122922122,0.7831101190476191,56.46514122545852,0.6215277777777778
paszea/so100_lego_2cam,20,0.8974218934774398,1.5426549911499023,3.362463712692261,60.58237373369027,0.6670386904761905,65.84889561542846,0.7516121031746031,55.02168777014848,0.5946180555555556
paszea/so100_lego_2cam,22,0.7117243587970734,1.2451372742652893,3.624698388576508,61.92944428277686,0.8262648809523809,66.70057200688014,0.8797123015873016,57.414640291896774,0.7504960317460317
paszea/so100_lego_2cam,23,0.5220996677875519,1.0169906616210938,3.7115137219429015,66.62153787059276,0.8340773809523809,70.98289599138032,0.8939732142857143,62.6473118250949,0.7601686507936508
paszea/so100_lego_2cam,25,0.46150406301021574,0.9137181639671326,3.792228078842163,68.32826500034001,0.8180803571428571,72.26483630649206,0.9301835317460317,63.32415269813894,0.7077132936507936
paszea/so100_lego_2cam,27,0.6078397959470749,1.0334762930870056,3.9591238856315614,61.02635396197479,0.7471478174603174,65.76304489719975,0.8697916666666666,55.467873548288324,0.6774553571428571
paszea/so100_lego_2cam,28,0.6358377397060394,1.09637451171875,3.4208852887153625,59.55793254045101,0.6796875,65.35264761200378,0.7765376984126984,54.13388765460417,0.6190476190476191
paszea/so100_lego_2cam,30,0.6262283325195312,1.1656824350357056,3.9688631296157837,65.58871095489984,0.8406498015873016,69.81504242777105,0.9365079365079365,61.16086511114192,0.7741815476190477
paszea/so100_lego_2cam,32,0.5278524786233902,1.0125489830970764,4.2974275112152105,66.7378820040627,0.7984871031746031,71.0785857931251,0.8774801587301587,62.326003367154314,0.7165178571428571
paszea/so100_lego_2cam,33,0.48847878277301787,0.9250566959381104,2.73299777507782,66.21450969926914,0.8275049603174603,70.92462385042828,0.9078621031746031,61.601351396569896,0.7193700396825397
paszea/so100_lego_2cam,35,0.7396160542964936,1.1908886432647705,3.323986840248108,53.42336949217438,0.5958581349206349,60.11257385828878,0.6566220238095238,47.90319510880744,0.5336061507936508
paszea/so100_lego_2cam,37,0.6672897607088089,1.1394230723381042,3.7589967012405396,59.42242945690372,0.7017609126984127,64.86295480585389,0.7664930555555556,53.310737990806544,0.650421626984127
paszea/so100_lego_2cam,39,0.9057839810848236,1.4846711158752441,4.115859198570251,60.28153795824955,0.8402777777777778,65.30087643517554,0.8861607142857143,55.53903790147303,0.7513640873015873
paszea/so100_whale_2,0,0.6444778829813004,1.1901976466178894,3.0929812788963322,67.12919935390089,0.7563244047619048,71.2969187603179,0.8838045634920635,62.780537363623,0.7012648809523809
paszea/so100_whale_2,2,0.6823142766952515,1.1434319615364075,2.880216825008392,62.20942896218481,0.5853174603174603,66.80305232279572,0.6686507936507936,56.88061969476718,0.537078373015873
paszea/so100_whale_2,4,0.7045037776231766,1.1590935587882996,3.4298629522323614,62.153553298512946,0.5197172619047619,66.4630410672528,0.5968501984126984,57.39831295185036,0.47470238095238093
paszea/so100_whale_2,6,0.7442354798316956,1.294135868549347,2.9455961346626283,62.48654772706546,0.6862599206349206,67.42799283751232,0.7364831349206349,58.011057324519356,0.6129712301587301
paszea/so100_whale_2,8,0.7005135238170623,1.1386749148368835,3.458685004711151,59.69676410491071,0.5114087301587301,66.19276284801435,0.6057787698412699,57.401997807642154,0.46750992063492064
paszea/so100_whale_2,10,0.637317705154419,1.107707917690277,2.8810318589210513,63.99889778683119,0.6633184523809523,69.0826237320689,0.7404513888888888,58.35660077094746,0.5840773809523809
paszea/so100_whale_2,12,0.7081553161144256,1.1260761618614197,3.152617132663727,61.832004099663436,0.5163690476190477,65.86596490322172,0.597718253968254,56.755153173465764,0.46130952380952384
paszea/so100_whale_2,14,0.7010090768337249,1.1010895371437073,3.37985178232193,60.32752751120546,0.5954861111111112,65.95552171353367,0.6847718253968254,55.86501744613255,0.5385664682539683
paszea/so100_whale_2,17,0.6581389546394348,1.1044681668281555,2.7391213655471804,64.44512848286885,0.5905257936507936,68.53155457334985,0.6808035714285714,58.92374060913883,0.5269097222222222
paszea/so100_whale_2,19,0.6116453647613526,1.1262949705123901,2.971741795539856,67.21951494040272,0.7578125,71.50124693777425,0.8421378968253969,62.12433459194478,0.6759672619047619
paszea/so100_whale_2,21,0.6464203804731369,1.0626006126403809,2.8231895446777346,64.45116227715441,0.605406746031746,69.16509782055735,0.7001488095238095,59.55481900750337,0.5169890873015873
paszea/so100_whale_2,23,0.6360909312963485,1.145888864994049,2.8895729422569274,63.860302482851246,0.7371031746031746,68.82343771168965,0.8173363095238095,58.42625014030796,0.6681547619047619
paszea/so100_whale_2,25,0.6806646794080734,1.2677075862884521,2.806451106071472,64.50806903951309,0.7628968253968254,69.27630026108731,0.8556547619047619,59.866911196711115,0.693328373015873
paszea/so100_whale_2,27,0.7254920601844788,1.2564232349395752,2.859961986541748,63.39126835852243,0.6139632936507936,68.1248098406278,0.6708829365079365,58.620791651176745,0.5659722222222222
paszea/so100_whale_2,29,0.7440917283296585,1.1986933946609497,2.962781810760498,63.54630614802289,0.5812251984126984,68.67098617330616,0.6664186507936508,59.10167361608615,0.5235615079365079
paszea/so100_whale_2,31,0.6960624039173127,1.2330633401870728,2.9595571994781493,64.08601299842177,0.4645337301587302,68.9590917653342,0.5205853174603174,59.153939665789366,0.4193948412698413
paszea/so100_whale_2,34,0.7077274560928345,1.277007281780243,3.0026474356651307,65.39023501635039,0.6750992063492064,69.37238782438784,0.7387152777777778,60.89364750191535,0.5824652777777778
paszea/so100_whale_2,36,0.7084503412246704,1.104089379310608,3.023031032085419,63.92310586423016,0.6183035714285714,68.53455635794789,0.6997767857142857,58.08188065333209,0.5503472222222222
paszea/so100_whale_2,38,0.7366958945989609,1.1500816345214844,2.9736752390861514,62.815218220509365,0.753968253968254,67.58223540314094,0.7760416666666666,58.179738500794045,0.6604662698412699
paszea/so100_whale_2,40,0.7234508991241455,1.1576061248779297,3.012368321418762,63.48401197895806,0.644593253968254,68.76204477774206,0.7160218253968254,59.87633238781144,0.5718005952380952
paszea/so100_whale_2,42,0.7640050023794174,1.3387205004692078,2.880821871757507,62.916912084192916,0.6573660714285714,68.03858552571583,0.7362351190476191,58.112787375394724,0.5780009920634921
paszea/so100_whale_2,44,0.6705351233482361,1.1393906474113464,2.7698150277137756,66.4230526438084,0.7522321428571429,70.55085671271483,0.8370535714285714,61.72405205966389,0.6887400793650794
paszea/so100_whale_2,46,0.7022588312625885,1.0954440832138062,2.934328353404999,63.861748060788656,0.5491071428571429,68.27713506155285,0.6574900793650794,58.25125164468739,0.5155009920634921
paszea/so100_whale_2,49,0.7096073031425476,1.2964928150177002,3.1598222494125365,64.52410969817238,0.5750248015873016,69.03194790948108,0.6494295634920635,60.201719763303544,0.5141369047619048
paszea/so100_whale_3,0,0.8419706732034683,1.2460834383964539,2.065665972232819,59.44512425240882,0.6184275793650794,64.20891811428956,0.7092013888888888,53.95624322593558,0.5657242063492064
paszea/so100_whale_3,1,0.8278540730476379,1.2594271302223206,2.1841469168663026,59.13437506547573,0.6051587301587301,64.15826421095898,0.7302827380952381,54.82636075135399,0.5438988095238095
paszea/so100_whale_3,2,0.8296556890010833,1.2055237889289856,2.0196480751037598,57.58317987267649,0.6164434523809523,62.30585077856005,0.6654265873015873,51.29597885183594,0.5517113095238095
paszea/so100_whale_3,4,0.6370262324810028,1.0451179146766663,1.7799086928367616,59.947945138125604,0.7486359126984127,65.46542853463664,0.8936011904761905,55.94189370862926,0.7098214285714286
paszea/so100_whale_3,5,0.7483848690986633,1.1141490936279297,1.9615483939647675,60.35897448626967,0.6195436507936508,65.19448731925976,0.6927083333333334,55.230428533425304,0.5731646825396826
paszea/so100_whale_3,7,0.8046937197446823,1.1943291425704956,2.019020473957062,58.41322166119771,0.6537698412698413,64.57270664722019,0.7260664682539683,53.98695572601655,0.5682043650793651
paszea/so100_whale_3,8,0.7991676539182663,1.1613550186157227,1.9069487631320954,58.07845263816295,0.6119791666666666,63.22433459076813,0.7093253968253969,53.13438220156352,0.5472470238095238
paszea/so100_whale_3,10,0.7675876945257187,1.17653489112854,1.99027481675148,62.55704864813244,0.6076388888888888,66.63050033951275,0.693328373015873,57.171350892147444,0.5762648809523809
paszea/so100_whale_3,11,0.761574712395668,1.1434983611106873,1.9387100398540498,60.84330492642633,0.6635664682539683,66.09588507427242,0.7366071428571429,55.29407854058096,0.5922619047619048
paszea/so100_whale_3,13,0.7107506662607193,1.0933570861816406,1.904166740179062,61.71154345168696,0.6409970238095238,66.65335022043647,0.7211061507936508,56.99378069638856,0.5622519841269841
paszea/so100_whale_3,14,0.6660199940204621,0.9962358176708221,1.8580918788909913,62.228883421053716,0.5829613095238095,66.67292898327479,0.6654265873015873,57.41513476770588,0.5379464285714286
paszea/so100_whale_3,16,0.708181631565094,1.0342960953712463,1.8969693422317504,60.30647549476667,0.6206597222222222,64.82875547311662,0.6958085317460317,54.8759462066523,0.5416666666666666
paszea/so100_whale_3,17,0.7574995994567871,1.1146113276481628,1.9188204526901247,60.47492555757889,0.6245039682539683,64.88162089437087,0.6708829365079365,55.41183244954179,0.5497271825396826
paszea/so100_whale_3,19,0.727119717001915,1.0679454803466797,1.8505437970161438,60.067947368017926,0.6449652777777778,64.5330692148274,0.697296626984127,55.06226111303211,0.5582837301587301
paszea/so100_whale_3,20,0.7859528452157974,1.1351368427276611,2.03899542093277,57.44247665704513,0.5415426587301587,64.07141694542469,0.6403769841269841,50.563626537586934,0.4724702380952381
paszea/so100_whale_3,22,0.7994859904050827,1.1480749249458313,2.07704873085022,59.09545676971464,0.5181051587301587,64.13590844397055,0.5811011904761905,53.5395906850571,0.46688988095238093
paszea/so100_whale_3,23,0.7614121496677398,1.1040905117988586,1.9887054681777954,59.74397018736409,0.5471230158730159,64.51251826690769,0.6318204365079365,54.21405076231119,0.48400297619047616
paszea/so100_whale_3,25,0.8090056926012039,1.162075161933899,2.0630994558334352,57.34716332978381,0.48127480158730157,63.05683515613905,0.5648561507936508,52.405970569203646,0.43725198412698413
paszea/so100_whale_3,26,0.7747149527072906,1.1345289945602417,2.0077598452568055,60.563729537304724,0.5398065476190477,64.7596219719696,0.6097470238095238,55.06154457624289,0.4810267857142857
paszea/so100_whale_3,28,0.8450542092323303,1.1953537464141846,2.010818088054657,56.69259754574036,0.5519593253968254,62.84863327053795,0.6221478174603174,52.2841588300385,0.5008680555555556
paszea/so100_whale_3,29,0.7725107729434967,1.1108329892158508,2.034133279323578,57.867467795038266,0.5107886904761905,63.86216271010431,0.5948660714285714,52.74418203436158,0.4572172619047619
paszea/so100_whale_3,31,0.8500304698944092,1.2011494636535645,1.8691946744918826,55.95420573711662,0.6209077380952381,61.554920675990196,0.7017609126984127,50.69447320464843,0.5510912698412699
paszea/so100_whale_3,32,0.7488874018192291,1.1104458570480347,1.8247454404830934,59.372154376594764,0.6574900793650794,64.75010907760856,0.7192460317460317,54.020268613912464,0.6018105158730159
paszea/so100_whale_3,34,0.9579838186502456,1.3578355312347412,2.063397705554962,55.278690005340785,0.6392609126984127,61.47445837042444,0.6656746031746031,49.91345627132822,0.5859375
paszea/so100_whale_4,0,0.6875030100345612,1.0369501113891602,1.9904318571090698,59.892606108657446,0.5434027777777778,64.77564439033864,0.6081349206349206,54.50378752616675,0.4830109126984127
paszea/so100_whale_4,2,0.7086294054985046,1.1213614344596863,1.9494295299053193,61.36584944609676,0.6799355158730159,66.17601120287569,0.7659970238095238,55.93285742966348,0.6135912698412699
paszea/so100_whale_4,5,0.7440669625997544,1.1302289962768555,2.0155225515365602,60.8396132487814,0.5472470238095238,66.20849156224179,0.6302083333333334,55.559364162601725,0.4990079365079365
paszea/so100_whale_4,7,0.7162147462368011,1.1147135496139526,1.9696626782417297,62.63128093269346,0.6160714285714286,67.10690857599252,0.6862599206349206,57.68003795209915,0.5579117063492064
paszea/so100_whale_4,10,0.7603782832622528,1.123626947402954,2.11429535150528,58.15941143603108,0.6721230158730159,63.8965582616196,0.7553323412698413,52.630084657622355,0.589781746031746
paszea/so100_whale_4,12,0.7473142683506012,1.1297231912612915,2.2351330399513243,60.39443781371812,0.6975446428571429,65.39440819303215,0.7633928571428571,54.61319358633127,0.6377728174603174
paszea/so100_whale_4,15,0.8142702847719192,1.2167863249778748,2.2402331948280336,59.10785822145074,0.6696428571428571,64.54471918220977,0.7507440476190477,52.456652622035406,0.5869295634920635
paszea/so100_whale_4,17,0.7399768143892288,1.1174119710922241,2.0697503089904785,59.09176308718966,0.6603422619047619,65.04647635665654,0.7455357142857143,54.11357708234782,0.6018105158730159
paszea/so100_whale_4,20,0.6915287256240845,1.1099607944488525,1.803783118724823,62.7105034012843,0.6819196428571429,66.83945894076517,0.7635168650793651,57.809561940203295,0.6232638888888888
paszea/so100_whale_4,23,0.6991357386112214,1.1211615800857544,1.8579812169075012,62.87664354103851,0.7127976190476191,67.08272875522142,0.7708333333333334,57.548442540865985,0.6449652777777778
paszea/so100_whale_4,25,0.7288895666599273,1.1385250687599182,1.94309543967247,60.34245249152694,0.7068452380952381,65.11044496559857,0.7602926587301587,55.498851223407215,0.6577380952380952
paszea/so100_whale_4,28,0.7502685785293579,1.2007283568382263,1.9788649678230286,62.642072912525194,0.7126736111111112,67.40593751360568,0.7893105158730159,58.056791225832086,0.6240079365079365
paszea/so100_whale_4,30,0.7491696357727051,1.1169812679290771,2.0309636473655703,60.465923710823084,0.6189236111111112,65.55169875898885,0.7021329365079365,55.287186459408,0.5593998015873016
paszea/so100_whale_4,33,0.6910040318965912,1.0249590277671814,2.043256604671478,60.15186109457722,0.6804315476190477,64.91378807635614,0.7547123015873016,54.70081672505588,0.6201636904761905
paszea/so100_whale_4,35,0.6598948925733567,1.0017870664596558,1.9624400019645691,61.51821639493743,0.6831597222222222,66.60460648852467,0.7791418650793651,56.87519637306364,0.6068948412698413
paszea/so100_whale_4,38,0.8134031772613526,1.1931960582733154,2.0069644927978514,59.596479035565274,0.6545138888888888,64.73446659084632,0.7203621031746031,54.74725043869154,0.6018105158730159
paszea/so100_whale_4,41,0.6456533640623092,1.0816482901573181,1.8579451858997345,62.56370377672088,0.7932787698412699,67.61110134990285,0.8500744047619048,57.703607033032185,0.7219742063492064
paszea/so100_whale_4,43,0.8923876285552979,1.3708276748657227,2.1771418929100035,59.80482176196181,0.7166418650793651,64.7508680221008,0.7875744047619048,54.1883157376343,0.6351686507936508
paszea/so100_whale_4,46,0.8141733765602112,1.2656219601631165,1.9883945524692537,59.45370976687382,0.6661706349206349,64.93411283254324,0.7430555555555556,55.13345867323335,0.6023065476190477
paszea/so100_whale_4,48,0.6465263158082962,1.0571485757827759,1.7840169250965119,62.804471841040694,0.7193700396825397,67.76861267347064,0.8195684523809523,58.39299384321354,0.6299603174603174
paszea/so100_whale_4,51,0.7018694877624512,1.104858636856079,2.043997573852539,63.31440071789169,0.5719246031746031,68.18692876157027,0.6696428571428571,59.069371064959775,0.5316220238095238
paszea/so100_whale_4,53,0.7291318237781524,1.1033170223236084,2.0671444654464723,60.6005068829826,0.5311259920634921,66.41001982659921,0.6071428571428571,56.20049604354724,0.47507440476190477
paszea/so100_whale_4,56,0.8035160779953003,1.1690197587013245,1.9014553546905517,57.630762673000206,0.6204117063492064,64.02249140924245,0.7027529761904762,53.95605316218449,0.5549355158730159
paszea/so100_whale_4,59,0.9296997785568237,1.3707918524742126,2.1201406836509706,57.45508912956442,0.7108134920634921,62.65677584523318,0.7945188492063492,51.15740469141465,0.6512896825396826
pierfabre/chicken,0,1.3945569813251495,1.7067053318023682,1.9676971971988677,47.982827723439925,0.36731150793650796,54.520417611454896,0.3931051587301587,41.20144364406902,0.33271329365079366
pierfabre/chicken,2,1.5849724233150482,2.1173163652420044,2.429072892665863,53.23456959056701,0.3960813492063492,59.416395920267824,0.41728670634920634,47.94055157350581,0.3854166666666667
pierfabre/chicken,5,1.048924732208252,1.514831781387329,1.6851307034492493,60.711029438698375,0.36607142857142855,65.15717566084945,0.41889880952380953,54.474558047501255,0.3334573412698413
pierfabre/chicken,8,1.2278923273086548,1.6005168557167053,1.8133035957813264,48.18735596486689,0.3709077380952381,54.553713579122544,0.4330357142857143,42.934697687112084,0.34771825396825395
pierfabre/chicken,11,1.8006932258605957,2.2834867238998413,2.666718399524689,51.48321739794443,0.45287698412698413,60.59874682927801,0.4956597222222222,45.47562899842463,0.41021825396825395
pierfabre/chicken,13,1.0910040974617004,1.7316401600837708,1.8937151312828064,63.898748766680534,0.41555059523809523,69.33357356410797,0.49181547619047616,60.255909831375085,0.4046378968253968
pierfabre/chicken,16,1.161408543586731,1.559809148311615,1.7680341243743898,55.776779890313804,0.35949900793650796,62.52141696649616,0.40835813492063494,51.44718171217393,0.31101190476190477
pierfabre/chicken,19,1.2174108922481537,1.6582645773887634,1.8667923271656037,53.623251247100285,0.42584325396825395,60.26489310432783,0.4694940476190476,48.059257179118774,0.40500992063492064
pierfabre/chicken,22,1.4041888236999511,1.733401596546173,1.981736421585083,50.35823558551826,0.29030257936507936,55.66998690450135,0.3167162698412698,37.865885960624055,0.26847718253968256
pierfabre/chicken,25,1.0783227324485778,1.4170916676521301,1.5944303750991822,53.85277640610207,0.3835565476190476,56.803577089838114,0.4306795634920635,49.598917324147465,0.33816964285714285
pierfabre/chicken,27,1.27081698179245,1.5530425906181335,1.7637329816818237,51.2907885402947,0.3509424603174603,56.90642277984071,0.37289186507936506,43.93522628456819,0.3189484126984127
pierfabre/chicken,30,1.7288559257984162,2.1838775873184204,2.520033061504364,51.078287581414315,0.3314732142857143,58.51127541020762,0.37189980158730157,45.511897736962254,0.2993551587301587
pierfabre/chicken,33,1.0583060204982757,1.559226632118225,1.7326300740242004,61.843731658861536,0.40228174603174605,65.11376920652428,0.4469246031746032,54.28651629172355,0.3881448412698413
pierfabre/chicken,36,1.2586524128913879,1.6556884050369263,1.8849246680736542,54.19960952199036,0.3851686507936508,60.45003164072899,0.4165426587301587,48.14352791279933,0.3645833333333333
pierfabre/chicken,38,1.3374060213565826,1.7320649027824402,1.9634133040905,49.84939805963112,0.46242559523809523,56.662676390992665,0.48735119047619047,44.42136749180375,0.4460565476190476
pierfabre/chicken,41,1.2294538855552672,1.721330165863037,1.9164939403533936,51.82320763878258,0.39074900793650796,57.73064352076828,0.43266369047619047,46.44986864718649,0.38504464285714285
pierfabre/chicken,44,1.2885222673416137,1.6530553698539734,1.8747081577777862,54.25089140840915,0.4255952380952381,60.13468467738875,0.47544642857142855,47.06353284405342,0.37512400793650796
pierfabre/chicken,47,1.1749346852302551,1.436036229133606,1.6376183092594148,47.23066287011152,0.43439980158730157,53.52553868180789,0.47668650793650796,41.32660808278751,0.40500992063492064
pierfabre/chicken,50,1.1888582587242127,1.8857964873313904,2.081759822368622,55.13983088216477,0.3959573412698413,60.27895636795071,0.4568452380952381,48.592419206419734,0.3940972222222222
pierfabre/chicken,52,1.1615386307239532,1.8132655620574951,1.9973838090896607,61.436355444776055,0.4068700396825397,67.49405448336621,0.4888392857142857,56.676974107394386,0.3733878968253968
pierfabre/chicken,55,1.2697572469711305,1.7814401388168335,2.021364676952362,60.44453154281646,0.42162698412698413,64.40277359327573,0.43191964285714285,53.15363556200735,0.36743551587301587
pierfabre/chicken,58,1.468740552663803,1.8261739015579224,2.07812215089798,51.09854686529485,0.341765873015873,57.960429987107254,0.3602430555555556,45.78226481664851,0.3116319444444444
pierfabre/chicken,61,1.2285090267658234,1.5988624691963196,1.808282482624054,56.12194054844547,0.38678075396825395,60.80556260388825,0.43278769841269843,48.98549580822881,0.36396329365079366
pierfabre/chicken,64,1.5057266652584076,2.015345573425293,2.3247066140174866,56.28768770290308,0.3932291666666667,61.38572069402761,0.4321676587301587,49.96592977768685,0.3722718253968254
pierfabre/cow2,0,1.1092872679233552,1.498041808605194,1.6716880798339844,55.556726335080796,0.43353174603174605,61.052579380909194,0.486359126984127,47.95574737170248,0.4079861111111111
pierfabre/cow2,1,1.0744884669780732,1.453212559223175,1.6192147314548493,55.44838743732348,0.42844742063492064,59.95398943324749,0.4572172619047619,50.090014483397105,0.38591269841269843
pierfabre/cow2,3,1.0418974459171295,1.3908838033676147,1.5623528122901917,51.4858274723932,0.4270833333333333,56.796259294112595,0.5001240079365079,44.92844814484568,0.42199900793650796
pierfabre/cow2,5,1.0715602040290833,1.5816463232040405,1.7714857578277587,54.833922481252564,0.39856150793650796,61.39887275015782,0.4600694444444444,47.62829555708972,0.36669146825396826
pierfabre/cow2,6,0.9963729768991471,1.4005085229873657,1.5721236944198609,53.27372419870876,0.42485119047619047,59.161461307960984,0.4435763888888889,47.36328337204613,0.3900049603174603
pierfabre/cow2,8,1.0845137238502502,1.4807623624801636,1.6609090864658356,56.52448301084577,0.48561507936507936,62.43676569755773,0.535218253968254,48.88621919143699,0.46279761904761907
pierfabre/cow2,10,1.0914432644844054,1.4294641017913818,1.6076405346393585,53.80925010259077,0.40662202380952384,60.68183990351139,0.4252232142857143,47.290088539427664,0.3601190476190476
pierfabre/cow2,11,1.104918223619461,1.4465810656547546,1.6086651504039764,49.67191299808275,0.34933035714285715,60.536305956738325,0.3960813492063492,42.3211589577723,0.326140873015873
pierfabre/cow2,13,1.044291466474533,1.3594375848770142,1.5388472020626067,51.88961060144657,0.44320436507936506,59.02245620891851,0.4885912698412698,45.88579488110758,0.41220238095238093
pierfabre/cow2,15,1.1490740716457366,1.475227177143097,1.6675773859024048,49.43959915767939,0.40054563492063494,55.07766097521425,0.43154761904761907,43.968395435945915,0.3758680555555556
pierfabre/cow2,16,0.9495536684989929,1.3661266565322876,1.5356609642505645,57.194281978304176,0.4506448412698413,63.20986275410407,0.5032242063492064,49.971933098372396,0.4157986111111111
pierfabre/cow2,18,0.8991103768348694,1.324017345905304,1.4693668127059936,56.284641370973745,0.3998015873015873,61.82253008233333,0.43712797619047616,48.87298638494482,0.35714285714285715
pierfabre/cow2,20,1.000860434770584,1.3142243027687073,1.4745676219463348,54.66794982112333,0.40414186507936506,58.59829206454543,0.453125,48.22146901313282,0.37686011904761907
pierfabre/cow2,22,0.9289558708667756,1.2308577299118042,1.3767199397087098,51.196343043819134,0.4149305555555556,57.65590086495713,0.4634176587301587,48.073111885724266,0.3864087301587302
pierfabre/cow2,23,1.1197143077850342,1.2956677675247192,1.464122325181961,39.87040769325731,0.49404761904761907,48.575478660727484,0.5095486111111112,34.878148809512545,0.47705853174603174
pierfabre/cow2,25,0.8785901486873626,1.2767671942710876,1.4198610663414002,53.113117200337676,0.38058035714285715,60.544195530205755,0.43898809523809523,47.05930645180106,0.35714285714285715
pierfabre/cow2,27,0.9758579194545746,1.310833752155304,1.4717952132225036,51.983701104674196,0.4069940476190476,58.669496962115595,0.46316964285714285,47.1033427962357,0.40166170634920634
pierfabre/cow2,28,1.2696148991584777,1.7269510626792908,1.9774741053581237,51.08843989080881,0.4115823412698413,57.423248645113084,0.4410962301587302,46.00882277749635,0.369171626984127
pierfabre/cow2,30,0.9759643733501434,1.3343923091888428,1.5044397234916687,56.66980919289621,0.40128968253968256,60.552849233704464,0.4494047619047619,48.87862164721213,0.3630952380952381
pierfabre/cow2,32,1.0942940592765809,1.6384019255638123,1.8083697199821471,63.12026495226655,0.4408482142857143,66.94259943854075,0.4877232142857143,57.90082946124295,0.37375992063492064
pierfabre/cow2,33,0.9918120384216309,1.4025802612304688,1.5834500730037688,58.13241296764327,0.4495287698412698,63.801695843863975,0.5073164682539683,52.875365812269536,0.4069940476190476
pierfabre/cow2,35,0.9461977303028106,1.3306821584701538,1.4970428586006166,55.15615663469372,0.43191964285714285,61.96592988262081,0.4748263888888889,50.19898069599919,0.3834325396825397
pierfabre/cow2,37,1.2823837220668792,1.961858332157135,2.165230226516724,62.74751293500687,0.4573412698412698,67.89703365414778,0.5606398809523809,58.08042818832465,0.4428323412698413
pierfabre/cow2,39,1.169156950712204,1.5679158568382263,1.771250605583191,53.248657662736434,0.42757936507936506,60.43672450146049,0.46850198412698413,47.39886957818022,0.40228174603174605
pierfabre/horse,0,1.3913183331489563,1.6572615504264832,1.89027538895607,48.490025448199745,0.435515873015873,53.873454461085984,0.4765625,42.87343623085412,0.4069940476190476
pierfabre/horse,1,1.2652655065059661,1.4799896478652954,1.6886493384838104,40.76226373884453,0.4131944444444444,48.502054958343734,0.43563988095238093,36.13882112983379,0.39868551587301587
pierfabre/horse,3,1.2979109346866609,1.6641094088554382,1.893643170595169,54.36430728974773,0.4738343253968254,59.89278375457333,0.49702380952380953,48.79715566800461,0.4375
pierfabre/horse,5,1.2594341814517975,1.5434537529945374,1.7502757906913757,47.41411790129492,0.40922619047619047,53.63773087407211,0.4429563492063492,41.852239294252534,0.3774801587301587
pierfabre/horse,7,1.191367757320404,1.5060808658599854,1.7109415888786317,50.57262875058161,0.4593253968253968,57.76191145485365,0.5068204365079365,45.41971156030034,0.43973214285714285
pierfabre/horse,8,1.2927755832672119,1.5098167061805725,1.7077260613441467,40.21412985606424,0.4331597222222222,48.469112127394176,0.47061011904761907,34.53011188218946,0.41617063492063494
pierfabre/horse,10,1.7390647292137147,2.0906050205230713,2.415336489677429,47.88416563701577,0.47445436507936506,54.2494270310825,0.4959077380952381,42.16217946945013,0.4567212301587302
pierfabre/horse,12,1.1821737110614776,1.5407125353813171,1.7766690969467163,56.242646807868475,0.4391121031746032,62.846865843754486,0.48387896825396826,49.83498736227107,0.4150545634920635
pierfabre/horse,14,1.5029453992843629,1.8377749919891357,2.10619912147522,44.96935333687889,0.4366319444444444,51.44654850323097,0.4693700396825397,37.761845303174354,0.42472718253968256
pierfabre/horse,16,1.171846055984497,1.4645838737487793,1.6770072638988496,50.91759261975602,0.4334077380952381,57.681925159033476,0.48561507936507936,46.95603349455442,0.3998015873015873
pierfabre/horse,17,1.1420480966567994,1.4034684896469116,1.5898075044155122,44.91665261679855,0.39099702380952384,56.08247106575272,0.43539186507936506,44.88041413234345,0.3681795634920635
pierfabre/horse,19,1.3034881353378296,1.5099331736564636,1.7252139687538148,41.70512860896468,0.46242559523809523,47.45977562258215,0.4792906746031746,36.30538679971593,0.4425843253968254
pierfabre/horse,21,1.1321192383766174,1.5301143527030945,1.7356919646263123,56.42163190411018,0.3655753968253968,62.119339119639896,0.4177827380952381,50.98694360429731,0.33556547619047616
pierfabre/horse,23,1.3412455797195435,1.7269007563591003,1.9703583419322968,55.06849305275796,0.4104662698412698,61.08045441689909,0.45696924603174605,49.909184326635554,0.3820684523809524
pierfabre/horse,24,1.4990579187870026,1.8344241976737976,2.1215896248817443,46.815329924509385,0.45634920634920634,54.107009487130824,0.47879464285714285,41.03014951073615,0.4164186507936508
pierfabre/horse,26,1.4696213483810425,1.826035976409912,2.0909337401390076,50.36496301525349,0.41790674603174605,55.704721912525166,0.4503968253968254,43.419411845245975,0.3957093253968254
pierfabre/horse,28,1.3274329602718353,1.6164485216140747,1.8202374398708343,47.20610873571158,0.49231150793650796,52.943930106927056,0.5233134920634921,40.72697154298845,0.4759424603174603
pierfabre/horse,30,1.2944808840751647,1.6209698915481567,1.8228474736213685,46.33095335861651,0.41964285714285715,53.7486054554236,0.42782738095238093,41.27931709868268,0.39012896825396826
pierfabre/horse,32,1.2938624799251557,1.7433632016181946,1.964448380470276,55.72156948110775,0.45027281746031744,61.58708496078026,0.49789186507936506,49.96628214171478,0.4269593253968254
pierfabre/horse,33,1.4132596611976624,1.7489904165267944,1.9736675202846528,47.06390135678051,0.42844742063492064,52.847224286223074,0.4696180555555556,42.124465125579775,0.4157986111111111
pierfabre/horse,35,1.9006180584430694,2.2911205291748047,2.6706005334854126,41.6966581484399,0.41877480158730157,49.05398900238315,0.4399801587301587,36.188407427178326,0.3880208333333333
pierfabre/horse,37,1.3247462213039398,1.571885108947754,1.7818555653095245,46.79169162888798,0.4565972222222222,52.28926583345553,0.4781746031746032,40.11367472655016,0.4184027777777778
pierfabre/horse,39,1.4675446689128875,1.79855877161026,2.0547402024269106,47.70623908647777,0.43874007936507936,54.60356678689767,0.4635416666666667,42.53122104634606,0.4156746031746032
pierfabre/horse,41,1.1137526273727416,1.4211737513542175,1.5928623914718627,52.5291108047909,0.4321676587301587,58.95942074986081,0.4704861111111111,46.90967016973535,0.40637400793650796
pierfabre/pig2,0,1.0059984982013703,1.2941468358039856,1.4597279369831087,51.44758346943906,0.34226190476190477,57.84919314064872,0.3978174603174603,46.30831525542991,0.3168402777777778
pierfabre/pig2,2,1.0292104542255402,1.414429247379303,1.5858073711395264,58.2253204594772,0.42199900793650796,63.33206565572335,0.47941468253968256,50.39922860799814,0.37289186507936506
pierfabre/pig2,4,1.109588623046875,1.4852036833763123,1.6821951985359191,53.39902377732294,0.42844742063492064,59.63368832263582,0.4837549603174603,47.087682091907496,0.38268849206349204
pierfabre/pig2,6,1.082711386680603,1.6034273505210876,1.7925682723522187,61.3292913040762,0.43874007936507936,66.49087322422542,0.5053323412698413,57.43494398175972,0.39719742063492064
pierfabre/pig2,8,1.078465110063553,1.5257468223571777,1.7144915640354157,58.361510695923165,0.4079861111111111,64.34080248993631,0.46106150793650796,53.01612213794742,0.3828125
pierfabre/pig2,10,1.1180484414100647,1.3322246074676514,1.46570982336998,35.293053084485834,0.4164186507936508,40.58665174109627,0.43278769841269843,29.965156293571734,0.3990575396825397
pierfabre/pig2,12,1.144097924232483,1.4985193610191345,1.6960507810115815,51.61704736211816,0.462921626984127,57.51355010988776,0.5112847222222222,46.82690681969117,0.42943948412698413
pierfabre/pig2,14,1.0005583763122559,1.5006859302520752,1.670072340965271,58.10801708135021,0.41021825396825395,64.57165352409463,0.4582093253968254,53.28851651889552,0.38405257936507936
pierfabre/pig2,17,1.0824821412563324,1.5149005055427551,1.7029359638690948,58.98541298539723,0.3828125,65.32539389642636,0.4242311507936508,50.7999697208633,0.35267857142857145
pierfabre/pig2,19,1.0350546300411225,1.5661837458610535,1.7598524689674377,60.12502607408763,0.4253472222222222,66.57175518055723,0.5084325396825397,55.28083809109894,0.39012896825396826
pierfabre/pig2,21,1.0487966179847716,1.5242522358894348,1.7355953097343446,60.58227767877704,0.43625992063492064,65.67801319850798,0.4888392857142857,55.730975535600635,0.3922371031746032
pierfabre/pig2,23,1.1092379331588744,1.429319679737091,1.6153408348560334,54.13597784341537,0.39818948412698413,59.648407398239556,0.44382440476190477,46.179922878099184,0.361359126984127
pierfabre/pig2,25,0.9581226229667663,1.406931757926941,1.5658257007598877,58.458252383376426,0.5093005952380952,63.99890348634583,0.5637400793650794,52.57271284902931,0.46577380952380953
pierfabre/pig2,27,1.041840523481369,1.4530394673347473,1.6391026675701141,56.07995242996919,0.41530257936507936,63.02993316918017,0.4827628968253968,49.85980760691814,0.36569940476190477
pierfabre/pig2,29,0.9947356969118119,1.499739408493042,1.6956556677818297,61.12050081433878,0.4195188492063492,67.22155399196528,0.4626736111111111,54.028299254808914,0.3758680555555556
pierfabre/pig2,31,1.0665841460227967,1.3763093948364258,1.5495024979114533,50.140430748877044,0.447296626984127,56.48800383292602,0.49255952380952384,44.31329657177423,0.42063492063492064
pierfabre/pig2,34,1.0592833399772643,1.3790321946144104,1.5460412919521331,52.56525119952267,0.4320436507936508,57.54932074900075,0.48127480158730157,45.65497623104421,0.4165426587301587
pierfabre/pig2,36,1.1416065037250518,1.491658866405487,1.6715449512004852,51.05533089528886,0.37016369047619047,58.097807982547096,0.42137896825396826,46.589665957215644,0.35714285714285715
pierfabre/pig2,38,1.0231501519680024,1.4266452193260193,1.5984318733215332,56.62690955750186,0.41517857142857145,62.02797556307219,0.4592013888888889,50.33707339635873,0.3627232142857143
pierfabre/pig2,40,0.9974210768938064,1.4287826418876648,1.6375118374824524,59.60370109708696,0.41691468253968256,65.44578020779461,0.45969742063492064,54.60771005423104,0.3532986111111111
pierfabre/pig2,42,1.1017510533332824,1.5223606824874878,1.72192080616951,55.84056372828532,0.3474702380952381,61.978650592939836,0.39285714285714285,51.64721968660712,0.29538690476190477
pierfabre/pig2,44,1.08377206325531,1.4450679421424866,1.6233338415622711,53.30917072930668,0.4439484126984127,57.78676709352779,0.4755704365079365,46.57643100352722,0.39632936507936506
pierfabre/pig2,46,1.1928152084350585,1.502754271030426,1.7098226487636567,54.371059558525474,0.33296130952380953,61.92508615668499,0.38752480158730157,48.68524059716106,0.3056795634920635
pierfabre/pig2,49,1.1229877591133117,1.6984874606132507,1.9167993247509003,60.91919739665953,0.4020337301587302,66.92190936911854,0.46750992063492064,56.13337106805843,0.3599950396825397
pierfabre/pig3,0,1.08330197930336,1.3458387851715088,1.5043643295764924,48.56255169121308,0.45696924603174605,55.25278808944066,0.5068204365079365,44.016349959030336,0.4243551587301587
pierfabre/pig3,2,1.0803663432598114,1.510398268699646,1.7023630738258362,53.23731920576318,0.4211309523809524,59.55372964361261,0.47619047619047616,49.44208046005808,0.4046378968253968
pierfabre/pig3,4,1.1797500252723694,1.5942019820213318,1.8205266118049621,56.522079658216825,0.4176587301587302,62.02035957171828,0.4810267857142857,50.469245463060716,0.3862847222222222
pierfabre/pig3,6,1.1012382745742797,1.410876452922821,1.5932289838790894,52.533435149993544,0.3880208333333333,58.95606061007806,0.43799603174603174,47.202869487160626,0.36408730158730157
pierfabre/pig3,8,1.194324153661728,1.57146555185318,1.7849799990653992,55.039312161085604,0.3539186507936508,61.75381978124271,0.4029017857142857,50.04325014634596,0.3091517857142857
pierfabre/pig3,10,1.4168618142604827,1.9641417264938354,2.209875154495239,56.875942609380864,0.4305555555555556,61.60065646434558,0.47693452380952384,49.12298032667817,0.3943452380952381
pierfabre/pig3,12,1.5546420514583588,1.7736065983772278,1.968614500761032,38.39944695629193,0.4166666666666667,48.50827404107339,0.43080357142857145,34.984830916331994,0.3922371031746032
pierfabre/pig3,14,1.3113137900829315,1.7594126462936401,1.9619937002658845,55.03998722197387,0.4476686507936508,60.97942708920367,0.4965277777777778,49.47038417522776,0.42137896825396826
pierfabre/pig3,17,1.371471220254898,1.5836645364761353,1.8184857964515686,45.11649990701882,0.35974702380952384,50.77443595894917,0.3878968253968254,38.12691726560187,0.3386656746031746
pierfabre/pig3,19,1.0452481269836427,1.246475636959076,1.3932754158973695,41.58407280004385,0.32415674603174605,47.241868827100184,0.34871031746031744,33.739458169899336,0.3053075396825397
pierfabre/pig3,21,1.2410991311073303,1.630665361881256,1.8150877892971038,50.670335878962305,0.4273313492063492,56.03442718267718,0.4650297619047619,43.428463901864255,0.4114583333333333
pierfabre/pig3,23,1.1233586847782135,1.4551398158073425,1.5974754750728608,50.371530164913544,0.34337797619047616,53.99714272367767,0.39794146825396826,43.33631765638015,0.33618551587301587
pierfabre/pig3,25,0.9554577529430389,1.3441755771636963,1.4607986032962799,53.16211472163127,0.3892609126984127,59.38384959990493,0.4337797619047619,48.305151674673695,0.35342261904761907
pierfabre/pig3,27,1.188753592967987,1.4203239679336548,1.5881656110286713,43.3226212968828,0.41617063492063494,50.91762781602161,0.45337301587301587,37.67496368556036,0.404265873015873
pierfabre/pig3,29,1.0580858170986176,1.4103363752365112,1.5558088779449464,52.60569432422964,0.3451140873015873,61.38292746921942,0.3743799603174603,49.72710705967996,0.3159722222222222
pierfabre/pig3,31,1.0434661507606506,1.3374293446540833,1.5188066899776458,52.94968129433641,0.3395337301587302,59.025515277203105,0.3900049603174603,47.301083950727325,0.31560019841269843
pierfabre/pig3,34,1.1446403443813324,1.5266894698143005,1.7484877228736877,53.68017450533524,0.41096230158730157,58.75544061852013,0.45709325396825395,48.419180174113286,0.3759920634920635
pierfabre/pig3,36,1.0950966596603393,1.5528057217597961,1.7720509827136994,59.19025766382465,0.4089781746031746,63.91848808259508,0.45436507936507936,53.539807241788274,0.359375
pierfabre/pig3,38,1.241195058822632,1.6514721512794495,1.8837619423866272,54.90175027117651,0.3975694444444444,60.96754019886301,0.4399801587301587,48.856354325459954,0.36321924603174605
pierfabre/pig3,40,1.0151524662971496,1.2888201475143433,1.4471682786941529,52.75279714761627,0.4625496031746032,57.7786091217374,0.5048363095238095,45.68714880041739,0.41282242063492064
pierfabre/pig3,42,1.1159849047660828,1.907314658164978,2.0753235459327697,64.57588297721445,0.41431051587301587,69.48189069861898,0.4781746031746032,59.657600255092156,0.37177579365079366
pierfabre/pig3,44,1.123707467317581,1.488930344581604,1.6677130043506623,54.23599389894417,0.42150297619047616,57.9809420610234,0.4773065476190476,46.012496713563635,0.37462797619047616
pierfabre/pig3,46,1.1042169868946075,1.3886080980300903,1.573275548219681,48.02366552090639,0.4384920634920635,53.23043858799217,0.46837797619047616,42.694560545817446,0.4167906746031746
pierfabre/pig3,49,1.042188000679016,1.2655600309371948,1.398498296737671,43.95954538831841,0.427703373015873,48.303166703593206,0.45597718253968256,38.10764186198755,0.4052579365079365
pierfabre/rabbit,0,1.8057672441005708,2.3216447830200195,2.7109351754188538,48.743527598498055,0.3402777777777778,57.106581151292396,0.3725198412698413,43.77008263749406,0.31560019841269843
pierfabre/rabbit,1,1.434449565410614,1.774099051952362,2.0840876698493958,45.32669225060487,0.33544146825396826,49.68317847058743,0.36408730158730157,34.96269123719276,0.31125992063492064
pierfabre/rabbit,2,1.3290846228599549,1.7469332814216614,1.9969951272010804,53.76919248565504,0.36160714285714285,58.56259530918995,0.3914930555555556,45.63833161141156,0.3392857142857143
pierfabre/rabbit,3,1.822613114118576,2.2302337884902954,2.5727168679237367,52.547606922439705,0.42001488095238093,56.733063255849125,0.4479166666666667,44.679076734813826,0.3922371031746032
pierfabre/rabbit,5,1.0596535563468934,1.6596829295158386,1.8616107761859895,64.38503702868888,0.345734126984127,68.1019455856933,0.38058035714285715,56.24743619586068,0.3168402777777778
pierfabre/rabbit,6,0.9564769446849823,1.3180267810821533,1.4784124195575714,53.525547175779614,0.3777281746031746,60.21168772758644,0.4154265873015873,48.193610085171166,0.35044642857142855
pierfabre/rabbit,7,1.4919767558574677,2.223908543586731,2.6348841428756713,56.81504435177712,0.33110119047619047,62.82272740177849,0.34759424603174605,51.48124450295311,0.30778769841269843
pierfabre/rabbit,9,1.1864761531352996,1.5578147768974304,1.7666292488574982,52.58791339049605,0.3638392857142857,57.07694310274073,0.3943452380952381,45.23931447679027,0.33308531746031744
pierfabre/rabbit,10,1.300047618150711,1.8208764791488647,2.099399721622467,56.27363754665907,0.4164186507936508,62.38637140458265,0.46279761904761907,50.19458428961992,0.3790922619047619
pierfabre/rabbit,11,1.569332665205002,2.134330630302429,2.427580678462982,55.13245139449401,0.44134424603174605,61.52760296489421,0.4599454365079365,48.77920583320855,0.41282242063492064
pierfabre/rabbit,13,1.5057177007198335,2.3795933723449707,2.718851923942566,59.45045806781908,0.41877480158730157,64.6969522807056,0.4463045634920635,54.17408041773924,0.3950892857142857
pierfabre/rabbit,14,1.3271750926971435,1.8038037419319153,2.030489468574524,53.962071624883635,0.4011656746031746,59.72531508949002,0.43737599206349204,49.056204423389545,0.36396329365079366
pierfabre/rabbit,15,1.26333589553833,1.7610105276107788,2.006714367866516,59.19382429548314,0.3978174603174603,64.32904741755192,0.43762400793650796,54.59153795620105,0.3637152777777778
pierfabre/rabbit,16,1.3089818358421326,1.660642147064209,1.895833706855774,47.492981334613745,0.41703869047619047,55.24453334214772,0.46130952380952384,44.590231639449975,0.388640873015873
pierfabre/rabbit,18,1.6091188609600067,2.145821690559387,2.4817859053611757,53.51749022522855,0.3783482142857143,58.005887126757074,0.43179563492063494,46.46315961632177,0.35379464285714285
pierfabre/rabbit,19,1.33819220662117,1.687989890575409,1.9336361169815064,47.63359741205005,0.41121031746031744,55.521606717778006,0.4495287698412698,41.58168013387692,0.37388392857142855
pierfabre/rabbit,20,1.1030965924263,1.3629939556121826,1.6127743124961853,50.55238098017876,0.5102926587301587,55.56044080296298,0.5558035714285714,41.96355255415782,0.4584573412698413
pierfabre/rabbit,22,1.396672135591507,1.7823897004127502,2.078808045387268,47.15464233379238,0.4592013888888889,54.71272051638325,0.4799107142857143,41.64483965917281,0.43898809523809523
pierfabre/rabbit,23,1.135633373260498,1.5155739188194275,1.6966791033744812,49.3141104118094,0.3655753968253968,54.28273074753825,0.3851686507936508,42.24612650837058,0.34486607142857145
pierfabre/rabbit,24,1.4470267474651337,2.1520191431045532,2.413740670681,60.10200509263598,0.5251736111111112,65.98058941241385,0.5998263888888888,56.23837474374385,0.4704861111111111
pierfabre/rabbit,26,1.4201647996902467,2.1339728832244873,2.3763423919677735,61.682921888042856,0.4810267857142857,66.5526025730668,0.5481150793650794,56.92517204779671,0.45002480158730157
pierfabre/rabbit,27,1.1049159824848176,1.6709998846054077,1.8218077719211578,59.79190047209915,0.39347718253968256,65.57047534269986,0.4600694444444444,55.09289137464832,0.3580109126984127
pierfabre/rabbit,28,1.6324898242950439,1.9984950423240662,2.3441531658172607,38.70865932515459,0.4337797619047619,44.061842039541766,0.4505208333333333,33.37121518202244,0.41865079365079366
pierfabre/rabbit,30,1.174842929840088,1.469533085823059,1.6595858812332154,45.35131836911776,0.3444940476190476,55.49705272763821,0.38467261904761907,45.07025864238338,0.3168402777777778
pierfabre/sheep,0,1.0028845608234405,1.5145277976989746,1.6671885430812836,63.7036705930511,0.37103174603174605,67.02725679685035,0.42757936507936506,57.68405882743358,0.3291170634920635
pierfabre/sheep,2,1.042394608259201,1.4445411562919617,1.614607608318329,56.697451970337546,0.4490327380952381,61.83998595220965,0.47197420634920634,50.17764505021714,0.4114583333333333
pierfabre/sheep,5,1.1749684274196626,1.720583736896515,1.9114212274551392,61.200118664886006,0.4565972222222222,66.51107555528611,0.49714781746031744,56.7132923505454,0.41803075396825395
pierfabre/sheep,7,0.896121296286583,1.4536091089248657,1.5991075813770295,65.04602058312558,0.3783482142857143,69.67403698860561,0.42373511904761907,61.317395678292186,0.3343253968253968
pierfabre/sheep,10,1.0391422927379608,1.6428093910217285,1.806212157011032,65.2309132978712,0.40662202380952384,69.71887281263602,0.45796130952380953,61.29721362007353,0.3412698412698413
pierfabre/sheep,12,1.0177392423152924,1.4722447991371155,1.6644319534301757,59.47246042890871,0.40835813492063494,65.90015089444302,0.4775545634920635,55.79533911441792,0.3862847222222222
pierfabre/sheep,15,1.0075478732585907,1.339170515537262,1.5042733371257782,50.97235877090535,0.36148313492063494,59.04426187893593,0.40910218253968256,45.32443029071884,0.35131448412698413
pierfabre/sheep,17,1.232792431116104,1.6230223178863525,1.8178207457065583,56.15197992127801,0.36706349206349204,60.94850504396411,0.42038690476190477,48.25423196764915,0.34375
pierfabre/sheep,20,1.0418158292770385,1.600391447544098,1.7651167511940002,62.60020076478768,0.40835813492063494,67.85944454463757,0.47185019841269843,58.202632744190645,0.3793402777777778
pierfabre/sheep,23,1.0904197216033935,1.5405156016349792,1.7073833405971528,58.65206368740849,0.4036458333333333,63.3664933413618,0.4463045634920635,53.78895720110116,0.3790922619047619
pierfabre/sheep,25,0.9515404611825943,1.378968060016632,1.5178037345409394,59.351625782278326,0.41964285714285715,64.0037099785736,0.4826388888888889,53.00070828074185,0.4038938492063492
pierfabre/sheep,28,1.0458299100399018,1.52568519115448,1.7395426690578462,59.45714376007845,0.4521329365079365,63.821647554533406,0.5028521825396826,54.305525417624644,0.40029761904761907
pierfabre/sheep,30,1.1042653739452362,1.6310592889785767,1.8059358239173888,62.08046275919593,0.4202628968253968,65.70631658879454,0.4615575396825397,56.23913469379634,0.38678075396825395
pierfabre/sheep,33,1.5060288667678834,1.864788293838501,2.1113035798072817,48.94882466841607,0.4020337301587302,56.01751418799475,0.4410962301587302,42.070777912410236,0.38268849206349204
pierfabre/sheep,35,0.9696800529956817,1.4758840799331665,1.6263822495937348,63.759627156077315,0.3733878968253968,68.78389486259222,0.4114583333333333,59.01360108744423,0.3178323412698413
pierfabre/sheep,38,1.2314526796340943,1.4915359616279602,1.6854981899261474,40.63473157476005,0.4351438492063492,47.5880293759712,0.4603174603174603,35.53892464046941,0.40749007936507936
pierfabre/sheep,41,1.127035343647003,1.5064975023269653,1.687077170610428,52.012846711904224,0.45014880952380953,59.19401117219866,0.503968253968254,46.44215939028273,0.43787202380952384
pierfabre/sheep,43,1.1081071734428405,1.6053342819213867,1.7767099380493163,59.11355295849545,0.42237103174603174,64.81980460227993,0.46912202380952384,53.963224583131606,0.3757440476190476
pierfabre/sheep,46,1.3308812618255614,1.78151273727417,2.0112324833869932,52.285894300945536,0.49342757936507936,60.5640216757139,0.5079365079365079,47.68114619429833,0.45944940476190477
pierfabre/sheep,48,1.0870710849761962,1.7239099740982056,1.9069511115550994,64.63812594734095,0.46205357142857145,69.24822429253535,0.5173611111111112,60.44099616835592,0.4226190476190476
pierfabre/sheep,51,1.1460277140140533,1.5738806128501892,1.76363165974617,54.371412492794974,0.4259672619047619,59.96911433642341,0.46205357142857145,47.84977012302169,0.4011656746031746
pierfabre/sheep,53,1.291617637872696,1.7745311856269836,2.0027544260025025,56.4665505987964,0.40327380952380953,62.24133592257755,0.47433035714285715,49.08757856297383,0.40314980158730157
pierfabre/sheep,56,1.045513242483139,1.4393433332443237,1.6125004053115846,58.42764909026079,0.42943948412698413,63.53205813804508,0.47160218253968256,50.44748379501521,0.39174107142857145
pierfabre/sheep,59,1.148322343826294,1.6039811968803406,1.786121952533722,56.016336289002496,0.3542906746031746,61.938961103503715,0.37822420634920634,51.64180205213375,0.3323412698412698
pietroom/actualeasytask,0,0.9731196105480194,1.8369116187095642,2.9335384488105776,59.69136066989961,0.35379464285714285,64.94943759134306,0.3803323412698413,56.30040558725083,0.3107638888888889
pietroom/actualeasytask,2,0.9739304095506668,1.8923162817955017,2.8610195755958556,58.85778678980178,0.28608630952380953,65.51137525857274,0.32626488095238093,52.16804456160952,0.26066468253968256
pietroom/actualeasytask,5,1.0086732506752014,1.9626044034957886,2.9417718768119814,59.19335909016601,0.26438492063492064,65.40009115219212,0.2952628968253968,53.66551199990248,0.23983134920634921
pietroom/actualeasytask,7,1.0191480278968812,1.9780588150024414,2.9367555737495423,60.00160101217745,0.28955853174603174,63.658853121641464,0.3265128968253968,55.98785169679539,0.2594246031746032
pietroom/actualeasytask,10,0.9689256548881531,2.057024598121643,3.03904732465744,63.3764949120306,0.20548115079365079,68.55020463592913,0.24379960317460317,61.41167507106119,0.1827876984126984
pietroom/actualeasytask,12,1.0199776649475099,1.9938961267471313,2.9682061553001406,60.02142224332909,0.28075396825396826,66.17149022128848,0.32341269841269843,55.26489439129368,0.25471230158730157
pietroom/actualeasytask,15,1.0120865464210511,1.9543383121490479,2.902797532081604,60.8726947863283,0.27827380952380953,64.3038094053218,0.32316468253968256,56.86340662870778,0.24888392857142858
pietroom/actualeasytask,17,0.9749322474002838,1.8451273441314697,2.8980011224746702,59.83848028170061,0.22904265873015872,64.08291661426408,0.2708333333333333,54.806889192792966,0.21887400793650794
pietroom/actualeasytask,20,0.9647208511829376,1.788720726966858,2.8112354159355166,58.77848175745558,0.24702380952380953,65.50550219062504,0.2958829365079365,53.261775786355194,0.23499503968253968
pietroom/actualeasytask,23,0.8862811356782914,1.795864224433899,2.7738120675086977,63.59661213241378,0.2408234126984127,66.5633191442085,0.3203125,56.946793959366495,0.24913194444444445
pietroom/actualeasytask,25,0.9472912698984146,1.8704809546470642,2.804220676422119,52.00251597358105,0.27021329365079366,63.024997662963955,0.31746031746031744,51.729805874474664,0.25570436507936506
pietroom/actualeasytask,28,0.8306577891111374,1.755687654018402,2.9436374425888063,63.003197226544884,0.2496279761904762,67.34440211425027,0.29699900793650796,55.575607535210445,0.23177083333333334
pietroom/actualeasytask,30,0.8919472962617874,1.6905867457389832,2.7979071974754333,58.068252330220844,0.3097718253968254,63.67294260437835,0.34672619047619047,52.907667044934286,0.30592757936507936
pietroom/actualeasytask,33,0.8463910728693008,1.7610422372817993,2.8254828214645387,64.70579510798073,0.3256448412698413,70.22540483374938,0.3678075396825397,57.51321407293888,0.29575892857142855
pietroom/actualeasytask,35,0.9446287125349044,1.8059988617897034,2.853837358951569,62.683421861757054,0.3583829365079365,69.01327816165683,0.4306795634920635,59.10650512442686,0.34151785714285715
pietroom/actualeasytask,38,0.8809395372867584,1.7334397435188293,2.843050050735474,61.107939704804984,0.32800099206349204,67.8772791016854,0.3707837301587302,53.91406316363242,0.2932787698412698
pietroom/actualeasytask,41,0.8945717692375184,1.7876168489456177,2.690843665599823,62.64025221221466,0.32626488095238093,66.27728886011494,0.36086309523809523,56.633910350812315,0.30964781746031744
pietroom/actualeasytask,43,0.944473671913147,1.8238295912742615,2.740692746639252,59.02892474820216,0.34771825396825395,65.38002122697107,0.37710813492063494,54.03508858133663,0.328125
pietroom/actualeasytask,46,0.9476836651563645,1.738923728466034,2.816158103942871,60.480877287116535,0.3080357142857143,65.24203814001928,0.3498263888888889,52.16809644872431,0.2777777777777778
pietroom/actualeasytask,48,0.9235524624586106,1.7351293563842773,2.6916211128234866,57.776082060653685,0.3115079365079365,62.8500111148018,0.3587549603174603,52.05859821355213,0.28782242063492064
pietroom/actualeasytask,51,0.8482891917228699,1.7136422395706177,2.673228716850281,61.89340701812708,0.2560763888888889,67.4099582593067,0.3055555555555556,58.409773820411736,0.24987599206349206
pietroom/actualeasytask,53,0.9484828889369965,1.8226155638694763,2.7858389496803286,58.464855863442,0.3108878968253968,65.28773244310119,0.33122519841269843,54.46845237030382,0.27058531746031744
pietroom/actualeasytask,56,0.8527443319559097,1.7642022371292114,2.832340526580811,61.13441552567324,0.28596230158730157,67.64195352946969,0.32589285714285715,58.694461706316496,0.2542162698412698
pietroom/actualeasytask,59,0.9053065329790115,1.8388508558273315,2.767358386516571,59.32212715084908,0.29290674603174605,66.82183268758403,0.3265128968253968,53.17583642277737,0.27219742063492064
pietroom/holdthis,0,1.0863013029098512,2.207628607749939,3.342858982086182,63.61831080328474,0.5400545634920635,67.43756581334155,0.5932539682539683,58.31220311190421,0.4921875
pietroom/holdthis,3,1.093483680486679,2.5177483558654785,3.3022634387016305,59.92683850120766,0.4905753968253968,65.27098702084436,0.5519593253968254,54.84422786168605,0.4444444444444444
pietroom/holdthis,7,1.1139622986316682,2.1844061613082886,3.1406469702720643,65.50714780313452,0.41369047619047616,67.13743306108825,0.4599454365079365,59.768052878371414,0.3872767857142857
pietroom/holdthis,11,1.0783323764801025,2.3108655214309692,3.597379183769226,59.88657780125926,0.607390873015873,65.01860703351201,0.6633184523809523,54.401007212056356,0.5512152777777778
pietroom/holdthis,15,1.0671774983406066,1.88910573720932,3.312831211090088,58.37827629640819,0.5110367063492064,62.08093041733986,0.5533234126984127,52.456445879309754,0.4701140873015873
pietroom/holdthis,19,1.0344312727451324,2.1704851388931274,3.597318470478058,60.88544478754406,0.5927579365079365,66.00821281304425,0.6572420634920635,55.92024130418306,0.5649801587301587
pietroom/holdthis,23,1.002828586101532,1.8059385418891907,3.1190916419029238,62.48507486778644,0.39632936507936506,67.59824363994495,0.44841269841269843,60.27028700795549,0.3525545634920635
pietroom/holdthis,27,1.034964919090271,1.7004075646400452,3.0015448451042177,56.539716341592005,0.42919146825396826,60.650579219245486,0.47544642857142855,47.72933750409156,0.38950892857142855
pietroom/holdthis,30,1.0183345198631286,1.7831258177757263,3.3103308200836183,59.0578127395854,0.4330357142857143,62.38585109951259,0.4756944444444444,52.89536139867905,0.392609126984127
pietroom/holdthis,34,0.995002681016922,1.9034231305122375,3.2990575671195987,59.88930578422427,0.4027777777777778,66.36754938182929,0.4469246031746032,53.0953398790518,0.35788690476190477
pietroom/holdthis,38,0.9109109938144684,1.9077084064483643,3.294634294509888,58.97130584438689,0.38318452380952384,65.03669192194414,0.42571924603174605,52.946446305050074,0.34151785714285715
pietroom/holdthis,42,0.892807126045227,2.252703547477722,3.2958942651748657,62.45681910439466,0.5285218253968254,67.79324428639319,0.589905753968254,56.99253862988719,0.47668650793650796
pietroom/holdthis,46,1.074358195066452,1.7200623154640198,3.1495719194412235,60.45102680847692,0.535094246031746,65.39049232245019,0.6085069444444444,54.689840254420446,0.5048363095238095
pietroom/holdthis,50,1.0171424627304078,1.7829081416130066,3.5860072255134585,62.58536143203766,0.4818948412698413,68.10162904875023,0.5434027777777778,56.51013150844889,0.4254712301587302
pietroom/holdthis,54,1.0507123947143555,1.899326741695404,3.327726352214813,59.42572969416962,0.49677579365079366,64.63323915417007,0.5558035714285714,55.21983898948523,0.45275297619047616
pietroom/holdthis,58,0.9540208131074905,1.7150735259056091,3.4034176349639895,61.597810688755175,0.5107886904761905,67.02881839253808,0.5672123015873016,53.83321392359707,0.4391121031746032
pietroom/holdthis,61,1.0795961976051331,2.2841707468032837,3.445520126819611,65.06486221052825,0.5302579365079365,68.90824402659592,0.6044146825396826,60.97473850223282,0.4749503968253968
pietroom/holdthis,65,1.7349016904830932,2.4422072172164917,2.9814863443374633,52.508161081105,0.4522569444444444,61.491390526043766,0.4861111111111111,45.8088573852472,0.42819940476190477
pietroom/holdthis,69,0.9512898653745652,1.5920947194099426,3.4165364384651187,60.49420412418678,0.47197420634920634,67.668473776969,0.5579117063492064,57.11600418408718,0.43365575396825395
pietroom/holdthis,73,1.1021901190280914,2.0898916721343994,3.52710303068161,60.83557336893304,0.5672123015873016,65.14059327321009,0.613219246031746,55.497968556369294,0.5306299603174603
pietroom/holdthis,77,1.0998781740665435,2.0184608697891235,3.3713284134864807,63.24963961450256,0.5443948412698413,67.36068770096028,0.5859375,59.53648041942356,0.4810267857142857
pietroom/holdthis,81,0.8790833979845047,1.4380033612251282,3.2432783484458922,62.62231084887989,0.4558531746031746,66.68661455087077,0.5228174603174603,58.566577851594204,0.40438988095238093
pietroom/holdthis,85,1.1109229147434234,2.015511393547058,3.3190959215164186,64.33503971287193,0.4650297619047619,69.55098932956008,0.5066964285714286,60.58937765645902,0.40141369047619047
pietroom/holdthis,89,1.1337826728820801,2.141496419906616,3.138243007659912,65.59139056522241,0.36594742063492064,65.47952793175162,0.40612599206349204,58.12710079680062,0.322296626984127
pranavsaroha/so100_carrot_2,0,0.6781316787004471,0.894649088382721,1.4036609828472137,23.164727425760464,0.390625,31.717541658839533,0.3974454365079365,21.195115104133233,0.38058035714285715
pranavsaroha/so100_carrot_2,2,0.6371588736772538,0.8416551351547241,1.3075520813465118,27.045879985830044,0.4037698412698413,32.9474375806536,0.40029761904761907,23.661984972939123,0.3870287698412698
pranavsaroha/so100_carrot_2,5,0.7041057407855987,0.9773359000682831,1.3744149684906006,27.958263863066552,0.43563988095238093,29.455865099279958,0.45027281746031744,23.40390873491305,0.42844742063492064
pranavsaroha/so100_carrot_2,8,0.6306251913309098,0.8953012228012085,1.417759746313095,25.078901688855133,0.3991815476190476,33.26712767763748,0.40476190476190477,19.19415632866255,0.38095238095238093
pranavsaroha/so100_carrot_2,10,0.6963103264570236,0.9335329830646515,1.4739589095115662,27.512314338290178,0.3844246031746032,33.200515338611325,0.39074900793650796,23.65252944087056,0.3685515873015873
pranavsaroha/so100_carrot_2,13,0.6623245686292648,0.8863820731639862,1.3924715638160705,22.12979046070093,0.4375,25.559242475693132,0.45014880952380953,17.02770159131568,0.4398561507936508
pranavsaroha/so100_carrot_2,16,0.745620545744896,1.0402652621269226,1.4219318211078644,25.529337239095632,0.46589781746031744,30.591773300350205,0.4779265873015873,22.30030861290985,0.44928075396825395
pranavsaroha/so100_carrot_2,18,0.7061160117387771,0.9363899827003479,1.43919478058815,27.75337189979257,0.3587549603174603,29.988019459770925,0.35615079365079366,25.12017824298468,0.3333333333333333
pranavsaroha/so100_carrot_2,21,0.6880221694707871,0.8826649487018585,1.3315062046051027,25.053590711576604,0.37797619047619047,34.29021468730363,0.39174107142857145,22.033713729678805,0.37351190476190477
pranavsaroha/so100_carrot_2,24,0.7326133996248245,0.9504660964012146,1.4636523187160493,21.00645504232021,0.35751488095238093,22.581350542893787,0.37351190476190477,13.409428359701007,0.3566468253968254
pranavsaroha/so100_carrot_2,26,0.678899598121643,0.927631139755249,1.4655548751354217,17.32156752185063,0.3898809523809524,28.005691507037618,0.3974454365079365,17.23402984816975,0.400421626984127
pranavsaroha/so100_carrot_2,29,0.7470323324203492,0.977740079164505,1.335486114025116,22.778718424552725,0.4486607142857143,27.503012555141936,0.4574652777777778,17.63265360875948,0.43601190476190477
pranavsaroha/so100_carrot_2,32,0.7621949255466461,0.9941334426403046,1.5560746848583222,28.069046034328167,0.38876488095238093,33.65456724600402,0.40228174603174605,22.761803412379322,0.37289186507936506
pranavsaroha/so100_carrot_2,35,0.7511272370815277,1.0220650434494019,1.6053650617599489,27.592774285752714,0.4150545634920635,34.04230835237503,0.42683531746031744,23.4069865186076,0.39360119047619047
pranavsaroha/so100_carrot_2,37,0.7569079577922821,1.0041982531547546,1.535079050064087,16.2345640214353,0.3916170634920635,29.239947676954106,0.4107142857142857,15.879414696964352,0.38095238095238093
pranavsaroha/so100_carrot_2,40,0.7354696512222291,0.9551248848438263,1.3477492451667785,25.88027624986147,0.43601190476190477,31.381530964752983,0.46850198412698413,19.54892489512138,0.4310515873015873
pranavsaroha/so100_carrot_2,43,0.7198227673768998,0.9306048154830933,1.376064020395279,21.314980638752928,0.46564980158730157,24.833879450689885,0.4790426587301587,16.913964479495064,0.4584573412698413
pranavsaroha/so100_carrot_2,45,0.7974055796861649,1.0299761295318604,1.5447517037391663,26.951439528047548,0.4332837301587302,30.97160167837637,0.4459325396825397,20.93214449164668,0.40910218253968256
pranavsaroha/so100_carrot_2,48,0.764071935415268,0.9738251566886902,1.4526875913143158,24.25949177932222,0.4507688492063492,27.794186076230055,0.4722222222222222,18.79366308068309,0.42671130952380953
pranavsaroha/so100_carrot_2,51,0.7272932887077331,0.9004722237586975,1.4388344645500184,13.652890399085319,0.45882936507936506,18.237589969595675,0.4696180555555556,12.802903018799125,0.462921626984127
pranavsaroha/so100_carrot_2,53,0.795814311504364,1.0267379879951477,1.517554157972336,16.619459805010212,0.4477926587301587,28.70668870500096,0.47259424603174605,15.269895435616517,0.4537450396825397
pranavsaroha/so100_carrot_2,56,0.7115816444158554,0.9213053286075592,1.3036559760570527,19.542473589608647,0.4419642857142857,18.62210083433457,0.4461805555555556,14.539680287123364,0.44655257936507936
pranavsaroha/so100_carrot_2,59,0.793689176440239,1.0395123958587646,1.4245872020721435,22.585627978578398,0.4693700396825397,25.059243420312498,0.46912202380952384,18.423396443339684,0.4654017857142857
pranavsaroha/so100_carrot_2,62,0.749104306101799,0.9579708278179169,1.4225007712841033,8.69316659036786,0.4243551587301587,14.354846158946582,0.4205109126984127,7.266200144575614,0.42137896825396826
pranavsaroha/so100_carrot_5,0,0.8089392989873886,0.965370386838913,1.59976105093956,11.10998216980775,0.49243551587301587,18.852048495054436,0.4913194444444444,13.913698883227624,0.4837549603174603
pranavsaroha/so100_carrot_5,2,0.898346158862114,1.0594696998596191,1.7387827455997467,11.05878804134707,0.5002480158730159,16.468175387016732,0.5143849206349206,12.707714361844719,0.5045882936507936
pranavsaroha/so100_carrot_5,5,0.8413354009389877,0.9816374480724335,1.6256219089031225,15.450521836754694,0.49094742063492064,23.411877517544642,0.4992559523809524,10.775247053924364,0.49330357142857145
pranavsaroha/so100_carrot_5,7,0.8555347770452499,1.0076361894607544,1.6616028130054485,14.598696309746932,0.46552579365079366,25.08020689367672,0.46750992063492064,12.196663724033785,0.46589781746031744
pranavsaroha/so100_carrot_5,10,0.8499452084302902,1.016674816608429,1.670187282562256,17.92508158405002,0.4921875,20.44523932179187,0.49813988095238093,14.063650521357566,0.4879712301587302
pranavsaroha/so100_carrot_5,13,0.9807334452867508,1.2375479340553284,1.6541414797306062,22.355700432439985,0.49789186507936506,31.730232341391638,0.5068204365079365,18.286370439087666,0.49193948412698413
pranavsaroha/so100_carrot_5,15,0.8668294310569763,1.327445387840271,1.8089583396911624,24.92277736677306,0.5219494047619048,30.9914714662583,0.548859126984127,20.555343552524104,0.5152529761904762
pranavsaroha/so100_carrot_5,18,0.8184868335723877,1.0783923864364624,1.5257555663585671,16.741875644600352,0.4730902777777778,21.174456908012324,0.4800347222222222,15.387788943395886,0.4615575396825397
pranavsaroha/so100_carrot_5,20,0.8087931215763092,1.0063726305961609,1.6885624051094057,11.361635359039006,0.5086805555555556,11.234085397944474,0.49429563492063494,8.925989226577302,0.5128968253968254
pranavsaroha/so100_carrot_5,23,0.8995804071426392,1.1246114373207092,1.7685365438461305,14.671401534731901,0.5483630952380952,17.856580551056368,0.548859126984127,12.490371323626915,0.5406746031746031
pranavsaroha/so100_carrot_5,26,0.8451700270175934,1.1096522212028503,1.6887827754020692,12.95178739441626,0.49987599206349204,23.856585985354243,0.4895833333333333,9.762512746137478,0.5006200396825397
pranavsaroha/so100_carrot_5,28,0.8063258916139603,1.0031696557998657,1.4800683617591859,18.656613979425845,0.5317460317460317,22.79503979607021,0.5529513888888888,15.66900431579394,0.533234126984127
pranavsaroha/so100_carrot_5,31,0.8231830477714539,0.9789660274982452,1.4649587988853456,18.611745554605324,0.5567956349206349,24.188894022294818,0.5593998015873016,14.913796099262639,0.5456349206349206
pranavsaroha/so100_carrot_5,33,0.795710900425911,0.9878852665424347,1.623450917005539,13.88617648338783,0.46279761904761907,14.917272295420688,0.48325892857142855,11.510195078468724,0.46887400793650796
pranavsaroha/so100_carrot_5,36,0.9553319931030273,1.1605875492095947,1.7357243716716766,13.23636060012272,0.535218253968254,14.568165338324434,0.5431547619047619,10.329082840326453,0.5440228174603174
pranavsaroha/so100_carrot_5,39,0.8872420996427536,1.1266066431999207,1.5644512534141541,21.014656071390746,0.5546875,24.606485113219357,0.5753968253968254,16.110727670916848,0.5580357142857143
pranavsaroha/so100_carrot_5,41,0.9230692684650421,1.1174797415733337,1.725204622745514,11.481973133039753,0.5217013888888888,15.133378489288576,0.5127728174603174,8.77373192796913,0.5145089285714286
pranavsaroha/so100_carrot_5,44,0.9158933699131012,1.1587777137756348,1.5544791877269746,12.530903929395524,0.5846974206349206,23.873408945755155,0.6108630952380952,16.134770176010154,0.587921626984127
pranavsaroha/so100_carrot_5,46,0.7995962768793106,0.9709397554397583,1.456659632921219,19.443682441492744,0.529265873015873,24.919835367429506,0.5463789682539683,17.720885795247415,0.5127728174603174
pranavsaroha/so100_carrot_5,49,0.8104856461286545,0.9732179045677185,1.4755729615688324,15.209403663085276,0.5329861111111112,17.796441311456828,0.5359623015873016,11.620711520432803,0.527281746031746
pranavsaroha/so100_carrot_5,52,0.9070262640714646,1.068472146987915,1.450994682312012,13.295949005990161,0.5546875,15.770951926930232,0.5550595238095238,11.472001143474172,0.5525793650793651
pranavsaroha/so100_carrot_5,54,0.7722569406032562,1.010470986366272,1.6271530449390412,12.333582241387285,0.4990079365079365,15.314115562606315,0.48313492063492064,10.701069208883467,0.5006200396825397
pranavsaroha/so100_carrot_5,57,0.8188071072101593,0.9598495066165924,1.474229943752289,15.364567017454519,0.5161210317460317,16.834502593630546,0.5209573412698413,12.485886034819693,0.517609126984127
pranavsaroha/so100_carrot_5,60,0.9130123883485795,1.0484966039657593,1.6270619213581086,11.915700250116913,0.5813492063492064,19.328316587011575,0.5932539682539683,13.418143416833209,0.5834573412698413
pranavsaroha/so100_legos4,0,0.8476618707180024,0.9741562604904175,2.0613784909248354,26.60076856121609,0.44680059523809523,32.658932967965626,0.46205357142857145,21.733584759498502,0.4331597222222222
pranavsaroha/so100_legos4,2,0.8112441837787628,0.9191558361053467,2.07371666431427,22.647480507140063,0.4990079365079365,24.45757709703648,0.5138888888888888,16.840786653980796,0.5014880952380952
pranavsaroha/so100_legos4,4,0.7712539464235306,0.887523740530014,2.0771534204483033,25.254325577939568,0.42038690476190477,30.066263395490257,0.44419642857142855,19.121123280277683,0.41976686507936506
pranavsaroha/so100_legos4,7,0.7688811600208283,0.8755887448787689,2.038646483421326,21.339375973355978,0.41393849206349204,26.102139402274684,0.435515873015873,19.184472848387625,0.40240575396825395
pranavsaroha/so100_legos4,9,0.8055448949337005,0.9274408519268036,2.199305737018585,22.853867158219362,0.40935019841269843,26.081399277376228,0.4290674603174603,16.761497146572786,0.40128968253968256
pranavsaroha/so100_legos4,12,0.8257824659347535,0.9400859773159027,2.120306468009949,19.996785284366823,0.4592013888888889,26.903274118122905,0.47507440476190477,17.686948019786307,0.45622519841269843
pranavsaroha/so100_legos4,14,0.9949257373809814,1.1915059089660645,2.393886196613312,25.607895425376604,0.4123263888888889,25.527158012116974,0.4332837301587302,17.835853509991363,0.4072420634920635
pranavsaroha/so100_legos4,17,0.8483271270990371,0.961961179971695,1.8855351686477662,19.43397487870096,0.42981150793650796,25.441102218004932,0.44655257936507936,17.02267445478997,0.4305555555555556
pranavsaroha/so100_legos4,19,0.8182620406150818,0.926262617111206,2.07941472530365,21.745488194236813,0.3967013888888889,27.186605542862832,0.4056299603174603,17.307281314851014,0.3869047619047619
pranavsaroha/so100_legos4,22,0.8806999653577805,1.0184870958328247,2.1640342473983765,23.208044582617774,0.39174107142857145,29.553714370153067,0.4149305555555556,21.089163541045558,0.37214781746031744
pranavsaroha/so100_legos4,24,0.7920385658740997,0.9028677344322205,1.8809658825397493,21.914208043460913,0.3998015873015873,24.196144153432243,0.4115823412698413,18.43467458967293,0.40066964285714285
pranavsaroha/so100_legos4,27,0.7663158297538757,0.8779897391796112,2.058795690536499,26.20780732162004,0.3723958333333333,32.25376515008148,0.400421626984127,21.872215178999284,0.39050099206349204
pranavsaroha/so100_legos4,29,0.7798891067504883,0.8871199190616608,1.9910369098186493,23.703195377858467,0.43762400793650796,28.778005824694798,0.4515128968253968,21.129681908290728,0.4088541666666667
pranavsaroha/so100_legos4,32,0.8569852232933044,0.98277947306633,1.8964042007923128,22.947578416639317,0.4184027777777778,27.523896846155036,0.44233630952380953,18.987496311870043,0.427703373015873
pranavsaroha/so100_legos4,34,0.872758400440216,0.9867027699947357,1.9718093991279602,18.51424255174,0.4337797619047619,21.132637517994702,0.44146825396825395,17.36176005872011,0.4273313492063492
pranavsaroha/so100_legos4,37,0.8273578643798828,0.9354196786880493,1.9756967306137085,19.19126840066869,0.43452380952380953,23.197608270576943,0.4428323412698413,16.33924022363401,0.4246031746031746
pranavsaroha/so100_legos4,39,0.8748539984226227,1.0059791207313538,1.9566478312015534,22.782255220134985,0.45424107142857145,27.092048712589424,0.4670138888888889,17.62245890236133,0.4446924603174603
pranavsaroha/so100_legos4,42,0.8271483421325684,0.9413539469242096,1.8876500725746157,21.63387230382131,0.4739583333333333,27.55841814207334,0.4800347222222222,16.8811837085213,0.4469246031746032
pranavsaroha/so100_legos4,44,0.8213428258895874,0.9353468716144562,2.040554928779602,20.463191449770886,0.39992559523809523,25.32372515845807,0.41083829365079366,17.131097475075325,0.3870287698412698
pranavsaroha/so100_legos4,47,0.7817864120006561,0.8794527947902679,1.9749938428401947,22.365727499067063,0.39384920634920634,33.18166295965265,0.39012896825396826,18.813730260170427,0.38591269841269843
pranavsaroha/so100_legos4,49,0.8113571792840958,0.9141913950443268,1.8936487019062043,23.51685743474036,0.3794642857142857,28.538871393003312,0.37388392857142855,20.70822578905689,0.3566468253968254
pranavsaroha/so100_legos4,52,0.9071745842695236,1.0513353943824768,1.9369504690170287,24.121662187567598,0.4544890873015873,27.317293839072267,0.466765873015873,22.369245387204042,0.4366319444444444
pranavsaroha/so100_legos4,54,0.9723968803882599,1.1518014669418335,2.048090696334839,22.883885835167153,0.41121031746031744,28.161632635181455,0.43291170634920634,20.875548598801963,0.41282242063492064
pranavsaroha/so100_legos4,57,0.9218378275632858,1.0724183320999146,1.8571534156799316,28.073284350034196,0.4182787698412698,32.66231856107314,0.4192708333333333,19.433728537405116,0.4001736111111111
pranavsaroha/so100_onelego2,0,0.8305673271417617,0.9263278245925903,2.0485605239868163,12.9037182662766,0.4408482142857143,23.00449868400382,0.4479166666666667,15.70170835262645,0.4486607142857143
pranavsaroha/so100_onelego2,1,0.8159205198287964,0.9191057980060577,1.9580097019672393,22.61847018266803,0.47185019841269843,23.953504670602182,0.4827628968253968,16.082163341889725,0.46837797619047616
pranavsaroha/so100_onelego2,2,0.8114926785230636,0.9098304212093353,1.918025439977646,22.889707742634357,0.4523809523809524,25.611672068447145,0.4779265873015873,17.13020472050852,0.45808531746031744
pranavsaroha/so100_onelego2,3,0.84763103723526,0.9565556645393372,1.9884490549564364,23.635089917297428,0.4382440476190476,28.40738838049576,0.45498511904761907,16.533980376291286,0.4244791666666667
pranavsaroha/so100_onelego2,5,0.8287817180156708,0.9214678704738617,1.944743269681931,21.41286135177692,0.43638392857142855,26.19022481191052,0.44717261904761907,16.567859503747112,0.4286954365079365
pranavsaroha/so100_onelego2,6,0.783767232298851,0.8770387172698975,1.891427379846573,22.29488107462303,0.4479166666666667,24.5100104182642,0.46205357142857145,17.004933830745866,0.4425843253968254
pranavsaroha/so100_onelego2,7,0.8330024421215058,0.9308660328388214,1.9714619576931003,21.95763156856276,0.47805059523809523,23.048658702773874,0.4898313492063492,16.114714622820877,0.45535714285714285
pranavsaroha/so100_onelego2,8,0.8424690991640091,0.9651683568954468,1.9847762286663055,25.634234198373413,0.4975198412698413,31.045032887672292,0.5114087301587301,22.135618962179436,0.48908730158730157
pranavsaroha/so100_onelego2,10,0.777336597442627,0.8661184906959534,1.900086307525635,20.134743399141943,0.4774305555555556,24.526123851742486,0.4836309523809524,16.634951314564905,0.47160218253968256
pranavsaroha/so100_onelego2,11,0.8891398161649704,0.9819827973842621,1.9947509825229648,19.343478481987898,0.4357638888888889,26.123632081650417,0.4537450396825397,15.641871023751982,0.4321676587301587
pranavsaroha/so100_onelego2,12,0.8728676348924637,0.9643727242946625,1.9867565274238588,17.020282851721763,0.43439980158730157,25.543850426472527,0.4632936507936508,16.98201952221574,0.4476686507936508
pranavsaroha/so100_onelego2,13,0.9283297449350357,1.0303661227226257,2.0829351544380192,19.24444105654569,0.4425843253968254,25.59680742410322,0.46912202380952384,16.7819479989316,0.4392361111111111
pranavsaroha/so100_onelego2,15,0.8134533673524856,0.9042666256427765,1.95449315905571,17.660231904838124,0.4574652777777778,22.03970287939012,0.4765625,10.587752347375117,0.45709325396825395
pranavsaroha/so100_onelego2,16,0.8892157912254334,0.9813101887702942,2.018733072280884,21.186527181837796,0.4314236111111111,24.215892488158833,0.4479166666666667,16.543577913909573,0.4177827380952381
pranavsaroha/so100_onelego2,17,0.8545508593320846,0.943676084280014,2.009518909454346,21.06311406992133,0.4662698412698413,23.73242765880518,0.4554811507936508,17.46899493109942,0.4538690476190476
pranavsaroha/so100_onelego2,18,0.8426508665084839,0.9477600157260895,1.9851117849349975,21.835003280261645,0.4701140873015873,28.729553094287233,0.46850198412698413,19.067431536504518,0.44345238095238093
pranavsaroha/so100_onelego2,20,0.8636112481355667,0.9655759334564209,2.028427624702454,17.746325909831025,0.46986607142857145,22.434706209736945,0.4818948412698413,15.921460391020098,0.4738343253968254
pranavsaroha/so100_onelego2,21,0.7870488882064819,0.8885873556137085,1.9180326104164125,25.614587155344783,0.4696180555555556,30.79363483136474,0.4722222222222222,19.30925000208086,0.45634920634920634
pranavsaroha/so100_onelego2,22,0.8132286190986633,0.9119549691677094,2.0011841535568236,19.76654044869594,0.4833829365079365,25.973241546760686,0.48387896825396826,15.877854441353218,0.47333829365079366
pranavsaroha/so100_onelego2,23,0.8647600650787354,0.9871828854084015,1.919616985321045,23.910198231691183,0.5122767857142857,28.343663686427035,0.5142609126984127,20.13361237541392,0.4928075396825397
pranavsaroha/so100_onelego2,25,1.0146072924137115,1.1502382159233093,2.038188910484314,25.039941880590227,0.5510912698412699,30.78794417206508,0.5721726190476191,21.005854846997533,0.5390625
pranavsaroha/so100_onelego2,26,0.762179258465767,0.8434081077575684,1.880618005990982,20.192374773926975,0.4827628968253968,22.26172155758304,0.4851190476190476,16.47225880163637,0.4807787698412698
pranavsaroha/so100_onelego2,27,0.8673340916633606,0.9756934940814972,2.0336576819419863,22.156029888138036,0.48412698412698413,28.26914453150153,0.5013640873015873,19.31488824598023,0.4663938492063492
pranavsaroha/so100_onelego2,29,0.7740746945142746,0.8745788931846619,1.9032086312770844,23.488443378199886,0.45944940476190477,27.354329968227987,0.47606646825396826,17.16867976671322,0.45349702380952384
pranavsaroha/so100_onelego3,0,0.9170101374387741,1.0196932554244995,1.7351250529289246,11.0127591052079,0.5057043650793651,17.00604314591323,0.4983878968253968,9.821528620758414,0.4837549603174603
pranavsaroha/so100_onelego3,1,0.7906000673770904,0.883701741695404,1.6282398700714114,16.86031990288743,0.48660714285714285,19.071476791058465,0.5013640873015873,8.645360413599793,0.5153769841269841
pranavsaroha/so100_onelego3,3,0.8271372139453887,0.919529378414154,1.7304490089416504,14.764568025524067,0.5151289682539683,19.5510884824802,0.5188492063492064,13.663216958509832,0.5035962301587301
pranavsaroha/so100_onelego3,5,0.791287538409233,0.8881832957267761,1.7178666770458222,17.232150887238017,0.4751984126984127,28.29974602464941,0.4836309523809524,14.17625848469883,0.46205357142857145
pranavsaroha/so100_onelego3,6,0.9686151564121246,1.1122108101844788,1.8084598422050477,23.110242533865048,0.4945436507936508,27.911965907318777,0.5115327380952381,19.46042883440656,0.4851190476190476
pranavsaroha/so100_onelego3,8,0.9268606573343277,1.095746397972107,1.857562094926834,21.776421036653907,0.4801587301587302,26.462372946120468,0.48759920634920634,18.32016833109457,0.4670138888888889
pranavsaroha/so100_onelego3,10,0.808030566573143,0.8931487202644348,1.6781652092933657,10.444816601554708,0.4720982142857143,13.323037040253471,0.4661458333333333,8.690997188944785,0.46130952380952384
pranavsaroha/so100_onelego3,11,0.89241623878479,1.0001277923583984,1.835867863893509,12.89773740521732,0.44742063492063494,14.55119775207213,0.4480406746031746,9.768009531622392,0.44308035714285715
pranavsaroha/so100_onelego3,13,0.8112575292587281,0.9009540379047394,1.6449612140655518,10.032131386878376,0.4522569444444444,12.755875502153586,0.43464781746031744,8.679101125760887,0.45622519841269843
pranavsaroha/so100_onelego3,15,0.866339361667633,0.9816573858261108,1.6715469062328339,10.537805641806312,0.4652777777777778,12.10170343759684,0.4652777777777778,8.218741599936722,0.45622519841269843
pranavsaroha/so100_onelego3,16,0.8123156726360321,0.8992705047130585,1.6940007567405702,9.921388836275746,0.4558531746031746,16.069509793211928,0.4554811507936508,13.938006664806082,0.4556051587301587
pranavsaroha/so100_onelego3,18,0.8774012684822082,0.9888426959514618,1.5941006124019623,17.060011180975643,0.41455853174603174,20.67998722034619,0.4156746031746032,14.268181785688457,0.40500992063492064
pranavsaroha/so100_onelego3,20,0.971765998005867,1.0853041410446167,1.7860016524791718,19.40658180816926,0.5013640873015873,23.569796893477864,0.5050843253968254,12.937365260010441,0.490203373015873
pranavsaroha/so100_onelego3,22,0.9117701649665833,1.0202266573905945,1.7322769820690156,19.73262294760427,0.5231894841269841,25.964210133723892,0.5276537698412699,16.883958954511847,0.5192212301587301
pranavsaroha/so100_onelego3,23,1.0260337591171265,1.149760127067566,1.769253844022751,19.005814338883702,0.5210813492063492,21.935957446121673,0.5298859126984127,15.880026276415242,0.5189732142857143
pranavsaroha/so100_onelego3,25,0.9698278963565826,1.0798587799072266,1.7575267553329468,21.2152256280844,0.49714781746031744,24.849470881957217,0.5208333333333334,16.402585393627117,0.4931795634920635
pranavsaroha/so100_onelego3,27,0.9292542189359665,1.046530842781067,1.6729119002819062,22.382038177931054,0.5095486111111112,27.054170503620497,0.5115327380952381,17.770231422592182,0.4928075396825397
pranavsaroha/so100_onelego3,28,1.0226072430610658,1.145729660987854,1.7273716866970064,20.500142765541355,0.5241815476190477,25.30831129233288,0.5409226190476191,17.276328828176002,0.5120287698412699
pranavsaroha/so100_onelego3,30,0.8599518537521362,0.936979740858078,1.5644672334194183,6.703731402143829,0.4711061507936508,10.682624838861193,0.48152281746031744,7.578206897499153,0.46664186507936506
pranavsaroha/so100_onelego3,32,0.86229567527771,0.9607987403869629,1.642089992761612,18.647281208272688,0.43774801587301587,26.18336055704163,0.4547371031746032,17.489154119556915,0.43526785714285715
pranavsaroha/so100_onelego3,33,0.8828168869018554,0.9840013086795807,1.6054186701774598,14.45258203840768,0.4439484126984127,17.71932617279258,0.4367559523809524,9.824571272501512,0.43563988095238093
pranavsaroha/so100_onelego3,35,0.8941978514194489,0.9976922571659088,1.6428985297679901,22.619118396691245,0.42819940476190477,25.95674414246117,0.4437003968253968,19.09519859546953,0.43092757936507936
pranavsaroha/so100_onelego3,37,0.8552768051624299,0.9582168161869049,1.6095935583114624,23.143066188874997,0.41964285714285715,12.937716091300747,0.4226190476190476,19.115513482705285,0.4134424603174603
pranavsaroha/so100_onelego3,39,0.8191319793462754,0.9292943179607391,1.517981290817261,9.493326190265485,0.46577380952380953,11.387989712553889,0.4713541666666667,7.669486199101559,0.4603174603174603
roboticshack/left-arm-grasp-lego-brick,0,1.3655709028244019,1.5885027647018433,1.9382205128669738,17.002387978838694,0.3880208333333333,21.864302602888692,0.37983630952380953,13.627707181027635,0.3705357142857143
roboticshack/left-arm-grasp-lego-brick,4,1.2651945888996123,1.4816086888313293,1.725672894716263,7.480655429844696,0.4304315476190476,9.150812525195914,0.419890873015873,6.30714286765195,0.4288194444444444
roboticshack/left-arm-grasp-lego-brick,8,1.1307856798171998,1.3026427626609802,1.5690072000026702,19.89835458185774,0.4148065476190476,25.186223963378627,0.4123263888888889,16.590695280952094,0.42237103174603174
roboticshack/left-arm-grasp-lego-brick,12,1.2731763660907744,1.486294686794281,1.7850981175899505,10.581356703868742,0.35106646825396826,13.222497325580552,0.3630952380952381,8.780110564916756,0.3661954365079365
roboticshack/left-arm-grasp-lego-brick,17,1.1751021802425385,1.3229564428329468,1.4707105040550232,9.248113888791183,0.38678075396825395,10.362152599977835,0.36731150793650796,9.162272543713383,0.37810019841269843
roboticshack/left-arm-grasp-lego-brick,21,1.3979513943195343,1.674775242805481,1.8811574697494506,12.616651299810849,0.33804563492063494,14.793137720088561,0.345734126984127,9.519937837920153,0.32849702380952384
roboticshack/left-arm-grasp-lego-brick,25,1.7375169813632965,1.9987459778785706,2.228799021244049,7.286315333240131,0.3939732142857143,10.595927259113784,0.40029761904761907,6.553947473717961,0.37028769841269843
roboticshack/left-arm-grasp-lego-brick,29,1.317406851053238,1.5400035381317139,1.8426775515079499,18.388201220942143,0.3617311507936508,21.981420442754246,0.36743551587301587,15.378609876204393,0.36693948412698413
roboticshack/left-arm-grasp-lego-brick,34,1.5150563061237334,1.7507669925689697,1.9170519948005675,9.97490140667018,0.43539186507936506,11.861758078786771,0.4340277777777778,8.411741819249315,0.4205109126984127
roboticshack/left-arm-grasp-lego-brick,38,1.396378231048584,1.6495504975318909,1.862194311618805,8.466589328814372,0.43464781746031744,12.086267404927396,0.43018353174603174,7.803837045073028,0.4154265873015873
roboticshack/left-arm-grasp-lego-brick,42,1.5701806962490081,1.7983490824699402,2.083067226409912,7.2159944316103495,0.4117063492063492,10.974291891842837,0.4038938492063492,7.101968788857487,0.4068700396825397
roboticshack/left-arm-grasp-lego-brick,46,1.1733109056949615,1.4177249670028687,1.7673075556755067,26.107890499752923,0.375,31.83723398293394,0.37971230158730157,21.58411159861488,0.3645833333333333
roboticshack/left-arm-grasp-lego-brick,52,1.7392212390899657,1.981471598148346,2.2069451928138735,11.643086617047244,0.4020337301587302,11.935317560393328,0.4026537698412698,9.12933497640378,0.40649801587301587
roboticshack/left-arm-grasp-lego-brick,56,1.3505659997463226,1.594448983669281,1.7836082220077514,14.388981274689327,0.3444940476190476,16.99277346747692,0.3343253968253968,13.865898553026694,0.3211805555555556
roboticshack/left-arm-grasp-lego-brick,60,1.8465137660503388,2.099662661552429,2.3043882846832275,3.04465416885745,0.474578373015873,4.209008792441657,0.48660714285714285,2.6518084073055106,0.4758184523809524
roboticshack/left-arm-grasp-lego-brick,64,1.2004364788532258,1.4119765162467957,1.5936136186122896,11.403010018195129,0.4446924603174603,14.994288544151539,0.4427083333333333,11.648483484897259,0.43973214285714285
roboticshack/left-arm-grasp-lego-brick,69,1.2867241203784943,1.497604250907898,1.7840265691280366,13.836498067314313,0.41121031746031744,19.163240006931414,0.416046626984127,14.39278749197449,0.4079861111111111
roboticshack/left-arm-grasp-lego-brick,73,1.3520606100559234,1.5853416919708252,1.877255564928055,15.746582439953135,0.3836805555555556,20.880579529559164,0.38665674603174605,13.142786389110105,0.37487599206349204
roboticshack/left-arm-grasp-lego-brick,77,1.493628203868866,1.721028447151184,1.9536234378814699,6.940146258447061,0.41902281746031744,7.972821635058178,0.43712797619047616,6.065207280867836,0.4236111111111111
roboticshack/left-arm-grasp-lego-brick,81,1.5428076207637786,1.7786996364593506,2.091739904880524,8.196590104394497,0.37189980158730157,10.797473297840906,0.3665674603174603,6.711421076886917,0.36123511904761907
roboticshack/left-arm-grasp-lego-brick,86,1.3776624619960784,1.6014449000358582,1.9736512064933778,17.1552079696307,0.4262152777777778,23.64661260214967,0.4270833333333333,15.179173859177538,0.42956349206349204
roboticshack/left-arm-grasp-lego-brick,90,1.411666214466095,1.664242923259735,1.9679747641086578,14.639735266622926,0.38256448412698413,16.236347390620864,0.4113343253968254,10.075091607907341,0.4021577380952381
roboticshack/left-arm-grasp-lego-brick,94,1.1724589347839356,1.3994418382644653,1.6877834141254426,16.43483282425119,0.3967013888888889,20.13838408834123,0.4007936507936508,13.980703573275292,0.3828125
roboticshack/left-arm-grasp-lego-brick,99,1.4568043112754823,1.6610959768295288,1.8611038029193878,8.683535769658015,0.42162698412698413,11.6909127076167,0.4205109126984127,7.844802299173595,0.4053819444444444
roboticshack/team-7-left-arm-grasp-motor,0,1.816412103176117,1.9893397688865662,2.2775790691375732,6.010532401045018,0.37003968253968256,5.091468015815569,0.36569940476190477,2.995782232067701,0.36594742063492064
roboticshack/team-7-left-arm-grasp-motor,4,1.7189614236354829,1.99235999584198,2.331117391586304,8.791625228558848,0.47705853174603174,10.64381102458842,0.48053075396825395,7.285130447631753,0.45262896825396826
roboticshack/team-7-left-arm-grasp-motor,8,1.4789438426494599,1.6214237213134766,1.7907103955745698,2.4284187853284123,0.4773065476190476,2.8885954302114123,0.47966269841269843,1.9537448014155852,0.47941468253968256
roboticshack/team-7-left-arm-grasp-motor,12,1.8440312087535857,2.0663933753967285,2.2790066957473756,6.6709738972833925,0.392609126984127,8.576774012281719,0.38851686507936506,5.100656868488007,0.38603670634920634
roboticshack/team-7-left-arm-grasp-motor,17,1.782291406393051,1.9594011902809143,2.1405920505523683,5.598531991582337,0.47445436507936506,6.53986975047698,0.4809027777777778,4.398548038221286,0.4740823412698413
roboticshack/team-7-left-arm-grasp-motor,21,1.8465336978435516,2.083865761756897,2.384856677055359,12.891616054702292,0.35280257936507936,15.942747342690039,0.35900297619047616,9.959511386392876,0.3560267857142857
roboticshack/team-7-left-arm-grasp-motor,25,1.5587631523609162,1.7895509600639343,2.1134242177009583,15.807086466026268,0.43439980158730157,19.853132242259246,0.43638392857142855,11.643374286656313,0.43179563492063494
roboticshack/team-7-left-arm-grasp-motor,29,1.62247177362442,1.822727084159851,2.161598861217499,12.768382350266332,0.3897569444444444,17.50620306171968,0.38777281746031744,9.553268873794462,0.38938492063492064
roboticshack/team-7-left-arm-grasp-motor,34,1.7121823966503142,1.8866811394691467,2.170985698699951,9.015238898029766,0.36408730158730157,11.926545761117639,0.3634672619047619,6.850427431255851,0.36842757936507936
roboticshack/team-7-left-arm-grasp-motor,38,1.5490476787090302,1.6872767210006714,1.7783837795257569,2.542682017614448,0.49193948412698413,2.8971215858687493,0.4694940476190476,2.2662405667401604,0.48896329365079366
roboticshack/team-7-left-arm-grasp-motor,42,1.633196610212326,1.8291072845458984,2.126770627498627,6.556221044714122,0.38169642857142855,10.030739379017913,0.3984375,7.179169924343363,0.39533730158730157
roboticshack/team-7-left-arm-grasp-motor,46,1.4540239691734314,1.7543084621429443,2.0455353975296022,11.319467721546435,0.38231646825396826,14.63720826038491,0.38764880952380953,9.264122679456325,0.3821924603174603
roboticshack/team-7-left-arm-grasp-motor,51,1.3797766089439392,1.479598343372345,1.5710178017616272,2.1249514842824073,0.5081845238095238,3.4635107137618983,0.5073164682539683,2.20327046659185,0.4990079365079365
roboticshack/team-7-left-arm-grasp-motor,55,1.9017538905143738,2.1123887300491333,2.294629418849945,7.187363301471902,0.4861111111111111,8.81362913623374,0.4636656746031746,2.012561696101847,0.45287698412698413
roboticshack/team-7-left-arm-grasp-motor,59,1.719102382659912,1.8813405632972717,2.069584882259369,5.984810036678782,0.44841269841269843,6.447040783460067,0.44816468253968256,6.631079649825376,0.4224950396825397
roboticshack/team-7-left-arm-grasp-motor,64,1.8166634678840636,2.0227162837982178,2.2694556951522826,10.390120393197632,0.47619047619047616,12.731910303260518,0.474578373015873,8.676498119328915,0.4694940476190476
roboticshack/team-7-left-arm-grasp-motor,69,1.8488623023033142,2.0135937929153442,2.190332674980164,7.875094407066581,0.46875,9.647994056428114,0.4696180555555556,6.421380859384313,0.4711061507936508
roboticshack/team-7-left-arm-grasp-motor,73,2.104593300819397,2.34780490398407,2.5546317100524902,4.4736519185037915,0.4972718253968254,5.580931399996772,0.48487103174603174,2.968869968513794,0.4634176587301587
roboticshack/team-7-left-arm-grasp-motor,77,1.6004860937595367,1.8291128277778625,2.1789811491966247,13.29158255816675,0.3062996031746032,16.720202059297783,0.2992311507936508,14.784775896571082,0.3091517857142857
roboticshack/team-7-left-arm-grasp-motor,81,1.7755275905132293,1.9899287819862366,2.2065833806991577,9.584946975568393,0.33618551587301587,12.114549285557626,0.34151785714285715,8.019075380958204,0.3267609126984127
roboticshack/team-7-left-arm-grasp-motor,86,1.3655271470546722,1.6199148893356323,1.9344848215579986,16.962739391106947,0.39459325396825395,21.234884256545417,0.3844246031746032,13.415288081286318,0.3821924603174603
roboticshack/team-7-left-arm-grasp-motor,90,1.5082832634449006,1.7388736605644226,2.0764287233352663,18.973394739696758,0.3219246031746032,15.429445982332155,0.34833829365079366,9.931195430470202,0.33556547619047616
roboticshack/team-7-left-arm-grasp-motor,94,1.622959738969803,1.884857416152954,2.153742563724518,13.933355502820088,0.3568948412698413,13.92108217570802,0.3577628968253968,11.088499120182652,0.34970238095238093
roboticshack/team-7-left-arm-grasp-motor,99,1.8177348136901856,2.048952341079712,2.286963427066803,10.902283037828948,0.4244791666666667,12.901515913274531,0.41703869047619047,9.214179616078239,0.4244791666666667
roboticshack/team-7-right-arm-grasp-tape,0,1.3995995819568634,1.6552639603614807,1.8583372056484222,13.727592501166724,0.34858630952380953,17.299416155061778,0.34598214285714285,10.459857379548065,0.34387400793650796
roboticshack/team-7-right-arm-grasp-tape,4,1.6437119662761688,1.9205088019371033,2.1647879838943482,12.71027569030976,0.36495535714285715,14.314292675857798,0.38851686507936506,10.927911463158074,0.3707837301587302
roboticshack/team-7-right-arm-grasp-tape,8,1.5184326350688935,1.8211480975151062,2.147183561325073,20.64759602601505,0.31547619047619047,23.242243572850878,0.32242063492063494,15.62377354580003,0.3118799603174603
roboticshack/team-7-right-arm-grasp-tape,12,1.5166042685508727,1.8212404251098633,2.118722605705261,21.71284265717496,0.3053075396825397,26.790697795588823,0.32018849206349204,20.018115755450133,0.3148561507936508
roboticshack/team-7-right-arm-grasp-tape,17,1.3564651012420654,1.6180092096328735,1.899388736486435,19.172923408860967,0.34561011904761907,22.75897867255984,0.345734126984127,14.172227953953456,0.35379464285714285
roboticshack/team-7-right-arm-grasp-tape,21,1.4194948613643645,1.684817612171173,1.9062822759151459,13.74160242202015,0.3638392857142857,18.250505722288224,0.3524305555555556,12.15641271644386,0.3386656746031746
roboticshack/team-7-right-arm-grasp-tape,25,1.5728462398052216,1.8286093473434448,1.995813286304474,4.665182614705396,0.41592261904761907,6.032897032428177,0.39818948412698413,4.311025567451763,0.4076140873015873
roboticshack/team-7-right-arm-grasp-tape,30,1.5151720106601716,1.7099596858024597,1.9352427303791047,11.919718852391368,0.3549107142857143,15.142258147660511,0.3621031746031746,10.609977251180334,0.35825892857142855
roboticshack/team-7-right-arm-grasp-tape,34,1.5447058498859405,1.7514000535011292,1.96336590051651,10.527343330919948,0.4055059523809524,12.707419388389397,0.4410962301587302,8.015745349229645,0.37983630952380953
roboticshack/team-7-right-arm-grasp-tape,38,1.5722901225090027,1.797360360622406,2.0185792446136475,12.762617402313179,0.4337797619047619,15.381931951051989,0.42311507936507936,11.99509721358937,0.4001736111111111
roboticshack/team-7-right-arm-grasp-tape,43,1.743380331993103,1.9959497451782227,2.188370096683502,6.09232922567466,0.5132688492063492,6.216909019944272,0.5016121031746031,4.50563072356466,0.5001240079365079
roboticshack/team-7-right-arm-grasp-tape,47,1.4992663323879243,1.7256306409835815,1.9562849700450897,7.249115420013815,0.4935515873015873,8.139116424695017,0.5114087301587301,5.467588246495252,0.5173611111111112
roboticshack/team-7-right-arm-grasp-tape,51,1.4222128510475158,1.7062979936599731,1.966171109676361,21.44243865475272,0.30431547619047616,25.018139329210825,0.3116319444444444,15.366577589026559,0.30456349206349204
roboticshack/team-7-right-arm-grasp-tape,55,1.590382730960846,1.8387969136238098,2.0714608907699583,14.481862935804333,0.322296626984127,18.709801697985768,0.3219246031746032,11.676730280045442,0.32217261904761907
roboticshack/team-7-right-arm-grasp-tape,60,1.604450237751007,1.8798294067382812,2.150811266899109,14.766417184744961,0.3970734126984127,21.024957795755647,0.39794146825396826,13.401370819396709,0.40612599206349204
roboticshack/team-7-right-arm-grasp-tape,64,1.6493001580238342,1.9433807134628296,2.129256284236908,8.218024878353779,0.3289930555555556,8.086069727915161,0.3366815476190476,5.180053904348013,0.34933035714285715
roboticshack/team-7-right-arm-grasp-tape,68,1.795396661758423,2.1115968227386475,2.3292669653892517,4.543467399678388,0.3635912698412698,5.0244548387874834,0.36941964285714285,4.485850750148615,0.3619791666666667
roboticshack/team-7-right-arm-grasp-tape,73,1.5941138207912446,1.9022648334503174,2.2058854699134827,16.51094819301085,0.3323412698412698,18.653314921635992,0.3446180555555556,12.657658774940716,0.33878968253968256
roboticshack/team-7-right-arm-grasp-tape,77,1.563689947128296,1.8006783723831177,2.0791120529174805,11.717108095160514,0.384796626984127,13.642338983742217,0.3984375,10.612072964580218,0.38268849206349204
roboticshack/team-7-right-arm-grasp-tape,81,1.3185997307300568,1.5349335670471191,1.7348683834075929,10.73749741184357,0.30580357142857145,14.626866060763726,0.3203125,8.593085906314496,0.310515873015873
roboticshack/team-7-right-arm-grasp-tape,86,1.4763147830963135,1.7000199556350708,1.9048350036144257,11.635198354025027,0.33878968253968256,16.56388285736891,0.32056051587301587,9.22272805854235,0.34077380952380953
roboticshack/team-7-right-arm-grasp-tape,90,1.6252079248428344,1.8354039788246155,2.0486907362937927,4.647345205166792,0.4991319444444444,6.05705681400738,0.5192212301587301,3.644379750880994,0.4964037698412698
roboticshack/team-7-right-arm-grasp-tape,94,1.5425488114356996,1.7685405015945435,2.0326409578323363,15.380193743414162,0.40835813492063494,16.060130536189533,0.4131944444444444,10.015257558754165,0.4038938492063492
roboticshack/team-7-right-arm-grasp-tape,99,1.394852191209793,1.6146446466445923,1.7928787052631379,2.662636960843364,0.4234871031746032,7.01302338320397,0.44072420634920634,3.478458752440462,0.45287698412698413
roboticshack/team13-three-balls-stacking,0,1.0432563960552215,1.2585082054138184,4.312552857398987,36.9651518025723,0.5654761904761905,42.95393145111104,0.5806051587301587,32.03010332228744,0.5503472222222222
roboticshack/team13-three-balls-stacking,4,1.0707374930381774,1.2948163151741028,4.230388832092285,32.69931825858189,0.4480406746031746,38.1697925579511,0.48487103174603174,27.115090837894073,0.4697420634920635
roboticshack/team13-three-balls-stacking,8,1.0836309015750885,1.3069195747375488,4.264466404914857,37.51265611516913,0.47061011904761907,42.936171668988216,0.4868551587301587,32.534512579927146,0.4419642857142857
roboticshack/team13-three-balls-stacking,13,1.057984721660614,1.286721110343933,4.129493021965027,22.843242719384833,0.5073164682539683,29.0753802950247,0.5177331349206349,19.02544589277521,0.49950396825396826
roboticshack/team13-three-balls-stacking,17,1.0750707387924194,1.3010686039924622,4.035988879203797,36.95925634512557,0.42212301587301587,41.45819938032231,0.4409722222222222,31.78659055636341,0.4068700396825397
roboticshack/team13-three-balls-stacking,21,1.0176410257816315,1.2238548398017883,3.8295970559120183,35.15285739981441,0.47085813492063494,40.62886315136357,0.5027281746031746,29.304085932132754,0.4759424603174603
roboticshack/team13-three-balls-stacking,26,1.108228611946106,1.3728593587875366,4.04430513381958,28.840950331651758,0.5658482142857143,34.80904453895603,0.5802331349206349,24.09744199272898,0.5264136904761905
roboticshack/team13-three-balls-stacking,30,1.100492650270462,1.3239460587501526,3.9323103070259093,21.441056006761446,0.46899801587301587,26.9218121927659,0.4791666666666667,17.679145331501267,0.46490575396825395
roboticshack/team13-three-balls-stacking,34,1.1982406854629517,1.4420836567878723,4.017497110366821,19.825067237726238,0.4348958333333333,22.268427504415676,0.4425843253968254,16.10284938645076,0.43539186507936506
roboticshack/team13-three-balls-stacking,39,1.1361976504325866,1.4625917673110962,3.935235357284546,36.38368212008863,0.5978422619047619,43.078419856808125,0.6295882936507936,31.172405674172794,0.5662202380952381
roboticshack/team13-three-balls-stacking,43,0.984412881731987,1.2561348676681519,3.89748067855835,36.63614001581275,0.6474454365079365,42.47378910820781,0.6801835317460317,30.645053063080447,0.6220238095238095
roboticshack/team13-three-balls-stacking,47,1.000632357597351,1.2682668566703796,3.726738035678864,35.00529150199405,0.5882936507936508,41.191125364952754,0.6121031746031746,28.16391188273211,0.552703373015873
roboticshack/team13-three-balls-stacking,52,1.0487872660160065,1.2603630423545837,3.635574162006378,32.35004189038506,0.501984126984127,39.031066111623325,0.5213293650793651,28.070773364099118,0.4877232142857143
roboticshack/team13-three-balls-stacking,56,1.061791616678238,1.3436782360076904,3.8899127006530763,35.974822206053275,0.5997023809523809,41.50951275004272,0.6452132936507936,29.89429959497274,0.5753968253968254
roboticshack/team13-three-balls-stacking,60,1.1955010056495667,1.43929123878479,3.935710644721985,33.4702733615561,0.4408482142857143,40.30028144620106,0.45424107142857145,28.918808638626164,0.4226190476190476
roboticshack/team13-three-balls-stacking,65,0.9554085969924927,1.1793089509010315,3.671034097671509,20.588028949523398,0.45696924603174605,24.519722461441106,0.46726190476190477,17.60569966041385,0.45126488095238093
roboticshack/team13-three-balls-stacking,69,1.0657652497291565,1.2663245797157288,3.5452086091041566,29.20044269758767,0.5228174603174603,36.373600108392154,0.5358382936507936,25.53169853278642,0.5239335317460317
roboticshack/team13-three-balls-stacking,73,1.0637165188789368,1.3047117590904236,3.6821087479591372,24.120458824286096,0.4837549603174603,29.178020651686264,0.5121527777777778,19.015270945980564,0.4820188492063492
roboticshack/team13-three-balls-stacking,78,1.1534249246120454,1.426979422569275,3.9670215964317324,32.14788144715985,0.5518353174603174,38.96907227698244,0.5818452380952381,28.25712914028557,0.5355902777777778
roboticshack/team13-three-balls-stacking,82,1.1864772140979767,1.4597520232200623,3.915671586990357,26.54104133334142,0.5043402777777778,32.13877947629305,0.5326140873015873,21.787759356959675,0.4894593253968254
roboticshack/team13-three-balls-stacking,86,1.0285353362560272,1.201630711555481,3.4966745138168336,33.477338147502195,0.5425347222222222,39.23522797406002,0.5437748015873016,28.783715843934885,0.527405753968254
roboticshack/team13-three-balls-stacking,91,1.0999333322048188,1.2886306047439575,3.506121778488159,28.810769383312397,0.5786210317460317,35.73348963794432,0.5944940476190477,24.809832142789052,0.5678323412698413
roboticshack/team13-three-balls-stacking,95,1.0023958444595338,1.278393566608429,3.6121218323707582,37.72862889872619,0.5469990079365079,43.853840274655454,0.578125,32.017847537576806,0.5349702380952381
roboticshack/team13-three-balls-stacking,100,0.8515760958194732,1.0126078724861145,3.6507520556449893,34.37775731980857,0.5323660714285714,39.79244279693697,0.5536954365079365,28.482456637608607,0.5173611111111112
roboticshack/team13-two-balls-stacking,0,1.1893770098686218,1.3736532330513,4.136347818374634,27.959072411705566,0.6340525793650794,32.876143536930854,0.6412450396825397,23.15745124705595,0.6324404761904762
roboticshack/team13-two-balls-stacking,2,1.1489140868186951,1.3680787086486816,4.0313496589660645,31.4429996422694,0.6005704365079365,35.75904745236876,0.6149553571428571,25.786739929231334,0.5813492063492064
roboticshack/team13-two-balls-stacking,4,1.1230203986167908,1.3088924288749695,4.011159682273865,30.101581533385904,0.6111111111111112,35.92743161552565,0.6254960317460317,25.504967561714246,0.6135912698412699
roboticshack/team13-two-balls-stacking,6,1.3786154687404633,1.6436523795127869,4.133510708808899,26.563448863799902,0.6220238095238095,31.22628063005957,0.628844246031746,23.714432129747273,0.5854414682539683
roboticshack/team13-two-balls-stacking,8,1.2798543989658355,1.5574595928192139,4.023437404632569,28.15825324852617,0.6510416666666666,32.790330886010345,0.6674107142857143,23.841382537467783,0.6447172619047619
roboticshack/team13-two-balls-stacking,10,1.2630552351474762,1.506817877292633,4.04128806591034,30.545889351884316,0.5075644841269841,34.4493932652982,0.5124007936507936,27.237411764909755,0.4928075396825397
roboticshack/team13-two-balls-stacking,13,0.9312608897686004,1.1001945734024048,3.798416364192963,32.76369121168861,0.5678323412698413,38.031128134481236,0.6057787698412699,27.97023692633907,0.5711805555555556
roboticshack/team13-two-balls-stacking,15,1.1986440777778626,1.371182918548584,3.864868950843811,25.74034453793992,0.5112847222222222,31.903421024132836,0.5460069444444444,23.00074951376089,0.5306299603174603
roboticshack/team13-two-balls-stacking,17,1.2571244657039642,1.4432387948036194,3.826040041446686,26.469530097375873,0.5148809523809523,32.968511059342504,0.5412946428571429,22.82960351397187,0.5336061507936508
roboticshack/team13-two-balls-stacking,19,1.1952594757080077,1.357175350189209,3.61054185628891,23.855623370924416,0.5749007936507936,27.41884669125763,0.5828373015873016,20.209148076706168,0.5734126984126984
roboticshack/team13-two-balls-stacking,21,1.2710222244262694,1.5041289925575256,4.059885191917419,29.836163066850332,0.5818452380952381,37.31509741503991,0.5973462301587301,24.84209901677202,0.5689484126984127
roboticshack/team13-two-balls-stacking,23,1.3689256608486176,1.686505377292633,4.812568855285645,30.63364110005156,0.5896577380952381,35.52355765788468,0.6168154761904762,25.84129343903516,0.5889136904761905
roboticshack/team13-two-balls-stacking,26,0.9911357939243317,1.1750298738479614,3.728923797607422,31.04872120083336,0.5338541666666666,35.979112438369626,0.5889136904761905,26.762187537804344,0.5224454365079365
roboticshack/team13-two-balls-stacking,28,1.1289728701114654,1.3769041895866394,4.218652534484863,31.289654008258623,0.6029265873015873,37.075013181214864,0.6135912698412699,26.984032467798936,0.6005704365079365
roboticshack/team13-two-balls-stacking,30,1.1248228073120117,1.4035599827766418,4.266329050064087,35.03042420908173,0.6168154761904762,40.8533209460901,0.6282242063492064,28.987915102883104,0.6019345238095238
roboticshack/team13-two-balls-stacking,32,1.3169461965560914,1.5830076932907104,4.512149930000305,29.797137425884625,0.6018105158730159,35.439633747724756,0.5923859126984127,24.984735089286314,0.5799851190476191
roboticshack/team13-two-balls-stacking,34,1.2549331665039063,1.5348244905471802,4.337227702140808,32.117819502524505,0.5559275793650794,38.15235434651465,0.5935019841269841,28.397782024887086,0.5631200396825397
roboticshack/team13-two-balls-stacking,36,1.1657189071178435,1.4705184698104858,4.273793721199036,33.00099867819532,0.6603422619047619,36.437408411295976,0.6868799603174603,25.27853690858543,0.6552579365079365
roboticshack/team13-two-balls-stacking,39,1.108110749721527,1.3351635932922363,4.2406047821044925,33.03897679245164,0.5662202380952381,38.5315229351548,0.5730406746031746,27.48627979045292,0.5653521825396826
roboticshack/team13-two-balls-stacking,41,1.1096174359321593,1.3241683840751648,4.2092180252075195,33.609462781666174,0.5714285714285714,39.20745107244845,0.5928819444444444,28.863646699657128,0.5675843253968254
roboticshack/team13-two-balls-stacking,43,1.2597429275512695,1.5519606471061707,4.141645979881287,31.061948208326903,0.5705605158730159,37.96023575529943,0.5920138888888888,27.851221743433747,0.5545634920634921
roboticshack/team13-two-balls-stacking,45,1.4239362716674804,1.658173143863678,4.736058974266053,32.38341223572413,0.5400545634920635,37.80479896122349,0.5530753968253969,27.589898646551863,0.5324900793650794
roboticshack/team13-two-balls-stacking,47,1.3537672579288482,1.5912317633628845,4.389755821228028,27.740879891050746,0.5438988095238095,32.824682373658575,0.558655753968254,23.634493625455416,0.5434027777777778
roboticshack/team13-two-balls-stacking,50,1.1503498196601867,1.4178361296653748,3.9937398552894594,31.40315330746001,0.5450148809523809,36.61618495133582,0.5626240079365079,27.42307361893175,0.5338541666666666
roboticshack/team16-can-stacking,0,1.2438933730125428,1.4433962106704712,1.7935760676860812,22.72294293674754,0.6246279761904762,27.512055583853908,0.6360367063492064,17.05640216661967,0.6107390873015873
roboticshack/team16-can-stacking,1,1.7921804308891296,2.198039174079895,2.559730792045593,20.77489738206262,0.728546626984127,26.43536802958363,0.748015873015873,18.85918123011985,0.7152777777777778
roboticshack/team16-can-stacking,3,1.6201442539691926,1.9199030995368958,2.325903260707855,21.47539153867598,0.6801835317460317,25.180927002048826,0.7142857142857143,17.367138184797525,0.6862599206349206
roboticshack/team16-can-stacking,5,1.5826031267642975,1.878125250339508,2.3128090262413026,23.384375677241437,0.6511656746031746,31.138146416488464,0.6754712301587301,17.93631856933847,0.6387648809523809
roboticshack/team16-can-stacking,6,1.2812396466732026,1.5027005076408386,1.9044035613536834,23.584917721351946,0.6393849206349206,29.5895115134286,0.6631944444444444,20.424150493377844,0.6359126984126984
roboticshack/team16-can-stacking,8,1.2478134512901307,1.4790429472923279,1.7158122003078462,15.791984776826123,0.6231398809523809,17.175492776085402,0.6272321428571429,11.454731611818238,0.6197916666666666
roboticshack/team16-can-stacking,10,1.302880012989044,1.5590857863426208,1.8401519060134888,13.499768659599749,0.6355406746031746,16.659448923245396,0.6284722222222222,10.719867778921593,0.6245039682539683
roboticshack/team16-can-stacking,11,1.3644959509372712,1.5579272508621216,1.8866827487945557,17.07299750360202,0.6313244047619048,21.47803128467366,0.646453373015873,16.195501949250996,0.6256200396825397
roboticshack/team16-can-stacking,13,1.3781668663024902,1.5919169783592224,1.957238668203354,18.438583656541944,0.6470734126984127,22.843128358101204,0.6557539682539683,14.773757989197316,0.6370287698412699
roboticshack/team16-can-stacking,15,1.589424741268158,1.8787594437599182,2.2956181526184087,16.55539943812004,0.5985863095238095,22.543522731310308,0.607390873015873,13.406674305773718,0.5943700396825397
roboticshack/team16-can-stacking,16,1.2456627547740937,1.4338958263397217,1.701354467868805,16.99154644895513,0.6245039682539683,19.783276464813415,0.6287202380952381,12.820629269455045,0.605530753968254
roboticshack/team16-can-stacking,18,1.3392443716526032,1.578734040260315,1.9031951546669006,20.49054507051569,0.5964781746031746,22.887301875355572,0.5993303571428571,14.965221404514887,0.5902777777777778
roboticshack/team16-can-stacking,20,1.3358143448829651,1.5633893013000488,1.8546017169952393,18.665323351017353,0.6173115079365079,22.16465816547623,0.6436011904761905,14.89051702218454,0.6235119047619048
roboticshack/team16-can-stacking,22,1.2532433807849883,1.437545359134674,1.711736446619034,16.972276821542163,0.599578373015873,21.11317249789908,0.609375,13.240223062051458,0.5855654761904762
roboticshack/team16-can-stacking,23,1.184347891807556,1.4263038039207458,1.7252959072589875,18.823205729022643,0.6201636904761905,21.201981164078347,0.6318204365079365,16.01176741025388,0.5958581349206349
roboticshack/team16-can-stacking,25,1.4081056475639344,1.5985232591629028,1.8513825833797455,16.44408850704821,0.6726190476190477,20.19921031914443,0.6868799603174603,13.923864113136949,0.6703869047619048
roboticshack/team16-can-stacking,27,1.422114259004593,1.6121681332588196,1.941827619075775,20.019662040584002,0.714781746031746,23.837850652745267,0.7295386904761905,17.24587540842187,0.7063492063492064
roboticshack/team16-can-stacking,28,1.4243262827396392,1.642111361026764,1.9458356261253358,15.791959679255147,0.6248759920634921,20.54332795112669,0.6401289682539683,13.3717512701532,0.6272321428571429
roboticshack/team16-can-stacking,30,1.2264201879501342,1.422650933265686,1.6950836420059203,18.592346544512786,0.5551835317460317,23.092808528206763,0.5703125,16.073531367696802,0.5477430555555556
roboticshack/team16-can-stacking,32,1.3841869235038757,1.5489184856414795,1.8485057234764102,16.32787393210909,0.6553819444444444,20.668660177973695,0.6671626984126984,14.216168486648948,0.6377728174603174
roboticshack/team16-can-stacking,33,1.404416996240616,1.5843022465705872,1.865641909837723,16.45834224350734,0.6137152777777778,20.75314603865452,0.6455853174603174,13.516319117918504,0.6326884920634921
roboticshack/team16-can-stacking,35,1.4121052145957946,1.6177980303764343,1.878152644634247,15.486681777125348,0.6108630952380952,20.111515431213824,0.621031746031746,12.736898965144277,0.6070188492063492
roboticshack/team16-can-stacking,37,1.7188001215457915,1.9276663064956665,2.1600983142852783,11.843335289456984,0.6388888888888888,20.08056442419044,0.6623263888888888,12.386677944995208,0.6321924603174603
roboticshack/team16-can-stacking,39,1.5357684195041656,1.7497650384902954,2.0778927564620973,20.348691925971874,0.6671626984126984,24.621695038535023,0.677703373015873,16.95042079851473,0.6507936507936508
roboticshack/team16-water-pouring,0,1.2402252197265624,1.4735523462295532,1.9714878022670748,23.924855245298442,0.6340525793650794,29.527608044489625,0.660094246031746,20.82236069796785,0.6346726190476191
roboticshack/team16-water-pouring,2,1.4601127624511718,1.7006165385246277,2.2035569429397586,24.591217126986848,0.7015128968253969,29.62315521370454,0.7265625,20.298988447816267,0.7063492063492064
roboticshack/team16-water-pouring,4,1.5328654527664185,1.8133864402770996,2.304083001613617,23.6777391189566,0.48921130952380953,27.108436416432614,0.47619047619047616,17.83816138131122,0.46651785714285715
roboticshack/team16-water-pouring,6,1.2393853783607482,1.4153146147727966,1.6714324951171875,13.889249814059836,0.4939236111111111,16.391031891283603,0.5138888888888888,11.667766864971007,0.49231150793650796
roboticshack/team16-water-pouring,8,1.697988545894623,2.1191749572753906,2.4392924785614016,15.850181893465617,0.5130208333333334,22.313129906134872,0.5101686507936508,15.243913733269135,0.49975198412698413
roboticshack/team16-water-pouring,10,1.5121607601642608,1.680923342704773,1.9962622702121735,16.024923089574457,0.5093005952380952,21.195379585892834,0.517609126984127,12.585703646547744,0.5100446428571429
roboticshack/team16-water-pouring,12,1.6090319097042083,1.8595901131629944,2.335550844669342,24.995518864592164,0.5642361111111112,30.197773316167435,0.6114831349206349,21.753082498482822,0.5576636904761905
roboticshack/team16-water-pouring,14,1.2270555198192596,1.4480665922164917,1.7779376327991487,16.43222535465204,0.47346230158730157,24.629890805360233,0.49094742063492064,13.847503667320234,0.4765625
roboticshack/team16-water-pouring,17,1.3944794118404389,1.5608131885528564,1.9213310480117798,23.387705384384123,0.5243055555555556,28.987957384127814,0.5388144841269841,20.393164155684904,0.53125
roboticshack/team16-water-pouring,19,1.4154106378555298,1.630638599395752,2.1007028102874754,22.13447694452989,0.6726190476190477,27.30575706888695,0.6908482142857143,18.500912679894554,0.667906746031746
roboticshack/team16-water-pouring,21,1.355019360780716,1.5729572772979736,1.9040702044963838,20.352070094264377,0.6707589285714286,24.765357077396907,0.683531746031746,16.6128913716564,0.6579861111111112
roboticshack/team16-water-pouring,23,1.297959679365158,1.499722182750702,1.8648448050022126,20.39805405851533,0.621031746031746,25.083461572178727,0.6281001984126984,17.814656637505294,0.6194196428571429
roboticshack/team16-water-pouring,25,1.2922028720378875,1.5216955542564392,1.8764996469020845,21.62782264286205,0.6470734126984127,28.440305972658237,0.6799355158730159,18.761230120046765,0.6537698412698413
roboticshack/team16-water-pouring,27,1.2121136486530304,1.418594479560852,1.8358196675777436,20.545322909042326,0.6898561507936508,25.305147570214583,0.7103174603174603,17.45525831565035,0.6881200396825397
roboticshack/team16-water-pouring,29,1.3399396359920501,1.498405396938324,1.76219984292984,13.578992494121259,0.6868799603174603,17.975743908011264,0.7027529761904762,11.590290535043065,0.6912202380952381
roboticshack/team16-water-pouring,31,1.485037910938263,1.7589542269706726,2.249034655094147,23.564466991304407,0.6543898809523809,28.871321697846646,0.6824156746031746,19.58015214217986,0.6481894841269841
roboticshack/team16-water-pouring,34,1.3243547797203064,1.4852945804595947,1.757501757144928,14.81461645547576,0.6712549603174603,18.365496434255622,0.6834077380952381,11.816598639961242,0.6674107142857143
roboticshack/team16-water-pouring,36,1.6752026855945588,1.8429688811302185,2.1303214073181156,15.103249125118362,0.7780257936507936,19.96294316294771,0.7833581349206349,12.683239712305259,0.7724454365079365
roboticshack/team16-water-pouring,38,1.2167666971683502,1.3611589670181274,1.6065775871276855,13.691438531888174,0.6199156746031746,18.92867125361738,0.6256200396825397,12.940918901151266,0.5953621031746031
roboticshack/team16-water-pouring,40,1.6254616022109984,1.8605689406394958,2.3458690285682677,19.93898255755736,0.6550099206349206,24.314872530022715,0.6589781746031746,16.34649799601027,0.6449652777777778
roboticshack/team16-water-pouring,42,1.5429928243160247,1.7639885544776917,2.2367691516876222,19.488281451445534,0.7420634920634921,25.224635905706645,0.7534722222222222,16.377968711245583,0.7555803571428571
roboticshack/team16-water-pouring,44,1.3063325464725495,1.487076759338379,1.8694826543331147,18.891135670557546,0.6691468253968254,23.77996906392086,0.6846478174603174,16.26852522245952,0.6671626984126984
roboticshack/team16-water-pouring,46,1.5460345268249511,1.7569500207901,2.2083476424217223,20.20215752585839,0.5827132936507936,29.18307083390477,0.5618799603174603,16.181488705583536,0.5752728174603174
roboticshack/team16-water-pouring,49,1.4258743166923522,1.6258841156959534,2.051360309123993,16.217698091797686,0.5600198412698413,20.197479384891928,0.5628720238095238,13.171787497646786,0.5525793650793651
roboticshack/team9-pick_chicken_place_plate,0,0.4281362175941467,1.0977824926376343,1.5885945916175843,80.87941040461959,0.41021825396825395,81.45018316098071,0.4884672619047619,78.93232445683206,0.365203373015873
roboticshack/team9-pick_chicken_place_plate,2,0.3844480410218239,0.9072423875331879,1.6763518810272218,78.10090972282065,0.48040674603174605,80.01000519929875,0.5200892857142857,74.26367318044383,0.37537202380952384
roboticshack/team9-pick_chicken_place_plate,5,0.3935661017894745,0.9527027606964111,1.7988986611366273,78.6838255767508,0.37016369047619047,80.79079897664354,0.43092757936507936,74.42150330771595,0.30357142857142855
roboticshack/team9-pick_chicken_place_plate,8,0.6015094965696335,1.2224857807159424,1.467794281244278,76.50183611475262,0.7093253968253969,79.53016209269164,0.7387152777777778,73.91882319356033,0.677703373015873
roboticshack/team9-pick_chicken_place_plate,11,0.2999009281396866,0.9396244585514069,1.6798832476139072,83.61614955341332,0.40054563492063494,84.23466913839145,0.4678819444444444,81.81527856298045,0.35106646825396826
roboticshack/team9-pick_chicken_place_plate,14,0.570819953083992,1.2122479677200317,1.4326315522193909,75.65278992088717,0.5861855158730159,78.10345311307162,0.6160714285714286,72.22665028350154,0.5344742063492064
roboticshack/team9-pick_chicken_place_plate,17,0.5668727934360505,1.1945536732673645,1.5563565135002135,75.8230630200377,0.5978422619047619,78.81932342519292,0.6667906746031746,73.2050491192472,0.5431547619047619
roboticshack/team9-pick_chicken_place_plate,20,0.35330508798360827,1.0317659974098206,1.9302082479000093,79.56184128562921,0.42497519841269843,81.54461018163346,0.4879712301587302,77.61164788460405,0.35639880952380953
roboticshack/team9-pick_chicken_place_plate,23,0.5390164017677307,1.255024790763855,1.5335879266262056,76.65682975059728,0.6175595238095238,79.38419042546779,0.6706349206349206,73.90486726098763,0.5658482142857143
roboticshack/team9-pick_chicken_place_plate,26,0.3509202256798744,0.9044246673583984,1.552844661474228,76.12797704701248,0.349578373015873,78.69934800776952,0.43601190476190477,77.23850116996657,0.3175843253968254
roboticshack/team9-pick_chicken_place_plate,29,0.41732577681541444,0.9645896553993225,1.771604096889496,76.10449701773717,0.4833829365079365,78.15729063225204,0.5341021825396826,74.54554039960226,0.40029761904761907
roboticshack/team9-pick_chicken_place_plate,32,0.395758193731308,0.9597187340259552,1.680495667457581,77.17419852362715,0.4052579365079365,78.62483387201767,0.4634176587301587,73.57321181301798,0.35478670634920634
roboticshack/team9-pick_chicken_place_plate,35,0.6165651708841324,1.2156864404678345,1.4445142030715943,75.25076060356959,0.6572420634920635,77.8723370055024,0.7216021825396826,72.41447562544903,0.5725446428571429
roboticshack/team9-pick_chicken_place_plate,38,0.5838534504175187,1.3379007577896118,1.6492757618427276,76.59976876777819,0.6236359126984127,79.07183370300505,0.6587301587301587,73.78502757010273,0.5729166666666666
roboticshack/team9-pick_chicken_place_plate,41,0.46485967338085177,1.2072210311889648,1.792700618505478,81.86403607236022,0.41629464285714285,83.29814413478476,0.47371031746031744,81.14625679097541,0.36321924603174605
roboticshack/team9-pick_chicken_place_plate,44,0.5842386305332183,1.1947409510612488,1.4621070265769958,75.56572313976778,0.6364087301587301,78.53363455212957,0.6843998015873016,72.82137291853168,0.5401785714285714
roboticshack/team9-pick_chicken_place_plate,47,0.4533617988228798,0.9848304688930511,1.5474281311035156,74.77199124259006,0.5259176587301587,77.96752321370187,0.568328373015873,70.6399457368703,0.45287698412698413
roboticshack/team9-pick_chicken_place_plate,50,0.5517519682645797,1.2206549048423767,1.6208642959594726,76.86522492574746,0.5740327380952381,79.59707103759574,0.6153273809523809,74.57819026204746,0.5011160714285714
roboticshack/team9-pick_chicken_place_plate,53,0.45842320173978807,1.271056890487671,1.4727336108684541,73.78396593038819,0.2478918650793651,76.55409847176283,0.26959325396825395,68.92250027461083,0.21614583333333334
roboticshack/team9-pick_chicken_place_plate,56,0.43750418573617933,1.3098037242889404,1.8984974563121797,78.71519955812016,0.4288194444444444,81.11022505325118,0.4930555555555556,76.37287167592416,0.4029017857142857
roboticshack/team9-pick_chicken_place_plate,59,0.534590694308281,1.2344732284545898,1.6629910886287689,78.96499462197478,0.6593501984126984,80.9467439287991,0.6867559523809523,76.71547473178262,0.6307043650793651
roboticshack/team9-pick_chicken_place_plate,62,0.41989668756723403,0.9946219027042389,1.6136159300804138,74.10037813026722,0.33878968253968256,77.78401010570589,0.3919890873015873,73.53311907469943,0.28869047619047616
roboticshack/team9-pick_chicken_place_plate,65,0.30951490104198454,0.8841878175735474,1.6148818731307983,79.09035785307526,0.2803819444444444,80.92952267037288,0.3287450396825397,77.72690759725421,0.22767857142857142
roboticshack/team9-pick_chicken_place_plate,68,0.6130408108234405,1.2218108773231506,1.6145817339420319,75.41104413435203,0.6171875,77.77898275683422,0.6840277777777778,72.07061367494171,0.5595238095238095
roboticshack/team9-pick_cube_place_static_plate,0,0.5961289256811142,1.262184739112854,1.499777716398239,77.40493154527177,0.6114831349206349,79.63469493467733,0.701140873015873,75.34389706103347,0.5469990079365079
roboticshack/team9-pick_cube_place_static_plate,1,0.46221377700567245,0.9652860760688782,1.8642233312129974,79.52823201351096,0.5602678571428571,81.1637606949514,0.6222718253968254,78.1707610011442,0.4852430555555556
roboticshack/team9-pick_cube_place_static_plate,3,0.37550403624773027,0.7943984568119049,1.3570765614509583,74.53123597541186,0.4807787698412698,79.21140689385383,0.546875,74.96521258825383,0.41629464285714285
roboticshack/team9-pick_cube_place_static_plate,5,0.405653378367424,0.9863194823265076,1.6296140670776367,80.65451794990145,0.5497271825396826,82.29745042688499,0.6205357142857143,78.28215885252739,0.5
roboticshack/team9-pick_cube_place_static_plate,6,0.5925566285848618,1.2519617080688477,1.5056397140026092,77.40448538369337,0.6788194444444444,79.32250982382587,0.7254464285714286,73.76923219881691,0.6034226190476191
roboticshack/team9-pick_cube_place_static_plate,8,0.48432311713695525,1.1612570881843567,1.4965942621231079,77.14138862164984,0.5135168650793651,79.50812044607022,0.5985863095238095,76.01255914264809,0.45796130952380953
roboticshack/team9-pick_cube_place_static_plate,10,0.6509255915880203,1.1904412508010864,1.6057623147964482,76.28439149066165,0.5762648809523809,78.79912152042014,0.6294642857142857,73.37845476247936,0.5317460317460317
roboticshack/team9-pick_cube_place_static_plate,11,0.5257379710674286,1.2299334406852722,1.5322190940380096,76.79316894162845,0.5489831349206349,79.87510289568236,0.6199156746031746,74.48810234477402,0.5003720238095238
roboticshack/team9-pick_cube_place_static_plate,13,0.6845391690731049,1.2979612946510315,1.5760440051555635,75.66990066273851,0.6977926587301587,78.33078907192525,0.7338789682539683,72.59103102436693,0.6431051587301587
roboticshack/team9-pick_cube_place_static_plate,15,0.5540634542703629,1.1460740566253662,1.4893480718135834,77.52019726785286,0.6684027777777778,79.98289034699036,0.714905753968254,75.04328694851827,0.6130952380952381
roboticshack/team9-pick_cube_place_static_plate,16,0.42723767906427385,1.1719490885734558,1.8274673402309418,76.98144835950077,0.3038194444444444,81.11105809708287,0.29129464285714285,72.9231360132664,0.2601686507936508
roboticshack/team9-pick_cube_place_static_plate,18,0.4343663290143013,0.9836597740650177,1.6392771124839784,73.56710914963185,0.31460813492063494,77.03275287090077,0.3896329365079365,71.46985270545235,0.2915426587301587
roboticshack/team9-pick_cube_place_static_plate,20,0.3499437838792801,0.9746436178684235,1.597042042016983,80.84409318873156,0.37822420634920634,82.71440919451254,0.4469246031746032,78.92227370797183,0.33023313492063494
roboticshack/team9-pick_cube_place_static_plate,22,0.46407741457223894,1.084458589553833,1.7871767818927766,77.97096699033517,0.5545634920634921,79.7009168167232,0.6221478174603174,75.01329870535017,0.5014880952380952
roboticshack/team9-pick_cube_place_static_plate,23,0.6099276036024094,1.3203975558280945,1.5004584908485412,70.08187267573949,0.3637152777777778,74.684683434033,0.4446924603174603,69.47997814040734,0.3253968253968254
roboticshack/team9-pick_cube_place_static_plate,25,0.5955885231494904,1.1944812536239624,1.4636265099048615,75.40693648734302,0.668030753968254,78.03316911741335,0.7238343253968254,71.80162811374092,0.6000744047619048
roboticshack/team9-pick_cube_place_static_plate,27,0.5471845000982285,1.1681947112083435,1.609378308057785,77.74020562382435,0.5678323412698413,79.72520781531351,0.6470734126984127,74.42482171744808,0.5223214285714286
roboticshack/team9-pick_cube_place_static_plate,28,0.3835937902331352,0.9327847957611084,1.7870653867721558,78.84171950582042,0.5549355158730159,81.37716022652181,0.6226438492063492,77.55936460466782,0.48152281746031744
roboticshack/team9-pick_cube_place_static_plate,30,0.3678678750991821,1.0716684460639954,1.5730889916419983,77.85393234789261,0.4584573412698413,79.74357537417245,0.4871031746031746,74.96022303351293,0.39880952380952384
roboticshack/team9-pick_cube_place_static_plate,32,0.4854187846183777,1.194495439529419,1.4768660724163056,75.84850104480877,0.6076388888888888,79.06566336709321,0.6734871031746031,73.67921774360438,0.5670882936507936
roboticshack/team9-pick_cube_place_static_plate,33,0.5366626352071762,1.2293283939361572,1.4612380504608153,76.23136280336719,0.5678323412698413,79.29864249303843,0.6563740079365079,74.69405051931228,0.5141369047619048
roboticshack/team9-pick_cube_place_static_plate,35,0.47846128046512604,1.064602017402649,1.3920436680316928,78.83119395482696,0.5548115079365079,81.06294584139964,0.6204117063492064,76.21120746751942,0.5013640873015873
roboticshack/team9-pick_cube_place_static_plate,37,0.46945024132728574,1.039503037929535,1.685448843240738,79.69423503239015,0.4350198412698413,80.79831852845763,0.4966517857142857,78.4952939095721,0.3777281746031746
roboticshack/team9-pick_cube_place_static_plate,39,0.5992332756519317,1.246290147304535,1.612978106737137,76.80977902743814,0.5704365079365079,79.58377060969191,0.6319444444444444,73.39632925644366,0.5204613095238095
samanthalhy/so100_herding_1,0,1.2988919734954834,1.7749555110931396,2.8568050622940064,54.156206843199115,0.3949652777777778,60.83404615126488,0.41083829365079366,50.27970195017481,0.3773561507936508
samanthalhy/so100_herding_1,2,1.4025795459747314,1.8438433408737183,2.6252597808837894,52.60864737350475,0.4306795634920635,49.436776114867634,0.44246031746031744,47.27036999448183,0.4113343253968254
samanthalhy/so100_herding_1,4,1.1492251455783844,1.5706607103347778,2.0285993456840514,50.2917553752228,0.4193948412698413,56.47983199479514,0.44816468253968256,44.59926445671945,0.41096230158730157
samanthalhy/so100_herding_1,6,1.340618771314621,1.7849820256233215,2.7787151098251344,52.646119935285334,0.39868551587301587,58.86998382219491,0.4320436507936508,47.73628752905911,0.38591269841269843
samanthalhy/so100_herding_1,8,1.10400829911232,1.4894738793373108,2.5335071802139284,53.66159474908304,0.37822420634920634,58.57414221501369,0.400421626984127,47.145633401972795,0.3618551587301587
samanthalhy/so100_herding_1,10,1.361548089981079,1.7978357076644897,2.3971158027648927,42.6507211258919,0.4324156746031746,48.797350846527536,0.4714781746031746,36.85354078296886,0.3998015873015873
samanthalhy/so100_herding_1,12,1.3734368205070495,1.8032927513122559,2.791555345058441,53.949852608606996,0.4078621031746032,59.94981133388043,0.42956349206349204,49.154395053589184,0.388640873015873
samanthalhy/so100_herding_1,14,1.394797295331955,1.8218039870262146,2.695426082611084,52.992112789906734,0.3732638888888889,51.092201099789314,0.3932291666666667,48.337643439234725,0.3462301587301587
samanthalhy/so100_herding_1,17,1.185800015926361,1.5073891282081604,2.3656918048858646,52.40800058254914,0.34945436507936506,56.62229248770366,0.373015873015873,45.82174441315202,0.3464781746031746
samanthalhy/so100_herding_1,19,1.2690991163253784,1.7548282742500305,2.937504601478577,51.181297120081524,0.4288194444444444,56.226378963729935,0.4625496031746032,45.23545702786605,0.3881448412698413
samanthalhy/so100_herding_1,21,1.2911509275436401,1.6233630776405334,2.351131319999695,49.40025912245166,0.37710813492063494,54.75223107019723,0.36594742063492064,44.199887907675766,0.3580109126984127
samanthalhy/so100_herding_1,23,1.1104594051837922,1.4992252588272095,2.5391340494155883,46.80865535257922,0.3411458333333333,49.30406651623052,0.3706597222222222,40.738626775579895,0.31919642857142855
samanthalhy/so100_herding_1,25,1.2059297740459443,1.6601070165634155,2.550788271427155,49.86345727224726,0.5329861111111112,55.95780379285557,0.5689484126984127,44.4651119674882,0.5035962301587301
samanthalhy/so100_herding_1,27,1.1746329843997956,1.6118115782737732,2.2007335782051087,42.3820060909228,0.43154761904761907,48.43617989810362,0.44035218253968256,36.76672211022529,0.4166666666666667
samanthalhy/so100_herding_1,29,1.240827238559723,1.862846851348877,2.810811710357666,55.24729332933226,0.40128968253968256,60.54547215965884,0.41629464285714285,48.755414937775896,0.35726686507936506
samanthalhy/so100_herding_1,31,1.1355414628982543,1.587537169456482,2.0013927817344666,48.99373721309719,0.4029017857142857,53.75793422834252,0.4270833333333333,42.35205015716144,0.3697916666666667
samanthalhy/so100_herding_1,34,1.0535502970218658,1.4144537448883057,2.4108854293823243,43.41092975996933,0.38764880952380953,49.78607989023075,0.4020337301587302,47.45554834297348,0.3583829365079365
samanthalhy/so100_herding_1,36,1.113849753141403,1.4866731762886047,2.194766414165497,46.71046645946889,0.5364583333333334,52.270303824575734,0.5693204365079365,40.67876698320647,0.5037202380952381
samanthalhy/so100_herding_1,38,1.0245111644268037,1.3648256063461304,2.1804213166236877,50.17077924551124,0.515625,56.332249513057334,0.5528273809523809,44.601253719992584,0.48759920634920634
samanthalhy/so100_herding_1,40,1.0099305510520935,1.386501133441925,2.561455798149109,53.14708885392038,0.3100198412698413,58.31025257890132,0.3490823412698413,49.22119385499363,0.25595238095238093
samanthalhy/so100_herding_1,42,1.0054073691368104,1.409248948097229,1.9961708605289459,49.13961749295314,0.34052579365079366,54.82646519992681,0.35751488095238093,42.42903638228971,0.3366815476190476
samanthalhy/so100_herding_1,44,1.1139276623725891,1.5151572227478027,2.362546181678772,53.89023393344865,0.41803075396825395,54.51965853245096,0.4384920634920635,48.512217651482885,0.4105902777777778
samanthalhy/so100_herding_1,46,1.113032990694046,1.5375267267227173,2.740535593032837,46.24396201226565,0.3550347222222222,51.37361353274776,0.38157242063492064,37.613702471264816,0.3291170634920635
samanthalhy/so100_herding_1,49,1.4304361999034882,1.850429892539978,2.9165454626083376,52.735334214310114,0.36569940476190477,59.42304825994636,0.4029017857142857,47.150897311789926,0.3685515873015873
samsam0510/cube_reorientation_2,0,1.9408249258995056,2.0403366088867188,2.134276044368744,5.4350910428259205,0.7265625,5.90099722871145,0.7372271825396826,4.4706298795979595,0.7261904761904762
samsam0510/cube_reorientation_2,7,1.0268218755722045,2.051075577735901,2.2301353931427004,5.726183583005091,0.7619047619047619,5.615903111275495,0.767609126984127,4.8628061393540625,0.7817460317460317
samsam0510/cube_reorientation_2,15,1.3214288592338561,1.9714124202728271,2.074327790737152,7.55567030958923,0.3743799603174603,8.291216136237889,0.37475198412698413,6.20883063585907,0.3766121031746032
samsam0510/cube_reorientation_2,23,1.4910178542137147,1.5426604747772217,1.6187107861042023,4.121840509523323,0.6335565476190477,2.5424510682116055,0.6458333333333334,3.4386049257516005,0.6300843253968254
samsam0510/cube_reorientation_2,31,1.7800077378749848,2.041599988937378,2.116037130355835,5.357671203879815,0.5014880952380952,5.422095616528113,0.505828373015873,3.27590247204944,0.5091765873015873
samsam0510/cube_reorientation_2,39,1.5402096688747406,1.6371030807495117,1.7549732387065888,6.128263151051495,0.5687003968253969,5.777909063978018,0.5472470238095238,4.347263973904357,0.5732886904761905
samsam0510/cube_reorientation_2,47,1.8666875243186951,1.9796078205108643,2.0587530970573424,5.003863130466597,0.6817956349206349,6.499506260969908,0.6827876984126984,4.332958601356741,0.6867559523809523
samsam0510/cube_reorientation_2,55,1.7617207407951354,1.963396430015564,2.1133785128593443,9.012208994426961,0.38244047619047616,7.049765177268206,0.396453373015873,7.6438800912274285,0.3861607142857143
samsam0510/cube_reorientation_2,62,1.6641173779964447,1.9278292059898376,2.053317427635193,4.5922241294541974,0.6335565476190477,6.125511382290147,0.6263640873015873,3.989241614680495,0.6040426587301587
samsam0510/cube_reorientation_2,70,1.2139346301555634,1.9712454080581665,2.061422073841095,6.87666108606121,0.37450396825396826,9.018224218020114,0.37487599206349204,5.537075259703729,0.3763640873015873
samsam0510/cube_reorientation_2,78,1.6238510668277741,1.7606734037399292,1.8786192655563354,7.51867349485356,0.6351686507936508,9.079089717949156,0.6453373015873016,6.176602301781415,0.6302083333333334
samsam0510/cube_reorientation_2,86,1.240528267621994,1.6948229670524597,1.84458287358284,8.654420631124642,0.4965277777777778,11.752253114527669,0.4949156746031746,7.2548508323574215,0.5071924603174603
samsam0510/cube_reorientation_2,94,1.4175547420978547,1.963120460510254,2.1347795009613035,5.453951436388758,0.3081597222222222,12.941940586071482,0.29985119047619047,8.061583963787019,0.3118799603174603
samsam0510/cube_reorientation_2,102,1.4723153114318848,1.6161674857139587,1.7286135733127594,5.4584768794766925,0.5105406746031746,5.268827914145809,0.5124007936507936,4.233228074960135,0.5164930555555556
samsam0510/cube_reorientation_2,110,1.833399510383606,1.9491260647773743,2.100779891014099,3.9521048651592015,0.5701884920634921,4.680525456192755,0.5693204365079365,3.781391263352342,0.5710565476190477
samsam0510/cube_reorientation_2,118,1.6279166221618653,1.9470195770263672,2.0841286540031434,5.380700576531607,0.49181547619047616,6.338679194907292,0.4877232142857143,4.846098881398135,0.4800347222222222
samsam0510/cube_reorientation_2,125,1.6434785723686218,1.8489548563957214,1.9697611927986145,3.8818138212355566,0.6645585317460317,5.300677942360933,0.6615823412698413,4.01278416552017,0.6557539682539683
samsam0510/cube_reorientation_2,133,1.5942555010318755,1.7043889164924622,1.7758301734924316,1.1892675052804356,0.5420386904761905,2.018194004703281,0.5483630952380952,1.5766911511416022,0.5478670634920635
samsam0510/cube_reorientation_2,141,1.3958566546440125,1.6951969265937805,1.8954344272613526,6.522124822954778,0.6114831349206349,8.982554167126219,0.6103670634920635,4.85688041673825,0.6202876984126984
samsam0510/cube_reorientation_2,149,1.171958750486374,1.6911260485649109,1.8614307999610902,4.794403080575528,0.5827132936507936,8.87017393186754,0.5680803571428571,4.059363869701911,0.5695684523809523
samsam0510/cube_reorientation_2,157,1.4670419812202453,1.6914376616477966,1.8720292508602143,9.376389818129338,0.40128968253968256,11.733274596319601,0.4262152777777778,8.306051760229979,0.42410714285714285
samsam0510/cube_reorientation_2,165,1.6250421166419984,1.7009472250938416,1.841274118423462,5.652184972700332,0.5763888888888888,5.751218267877983,0.5853174603174603,3.9871302211440094,0.5901537698412699
samsam0510/cube_reorientation_2,173,1.674200600385666,1.9160579442977905,2.0534723162651063,8.105639344787935,0.4935515873015873,9.71862993075508,0.47085813492063494,7.020878803382381,0.4859871031746032
samsam0510/cube_reorientation_2,181,1.70447878241539,1.9089727401733398,2.1062715888023376,10.757843223264942,0.4340277777777778,10.945371839891992,0.42336309523809523,9.6986624216986,0.42311507936507936
samsam0510/cube_reorientation_4,0,1.5017969131469726,1.7597532868385315,2.1980634808540342,27.502383951669227,0.5514632936507936,33.19351698493503,0.5726686507936508,23.063047107700616,0.5426587301587301
samsam0510/cube_reorientation_4,4,1.4397909224033356,1.6741646528244019,1.989771318435669,26.10986159002698,0.5328621031746031,30.646815108806308,0.5503472222222222,21.897209472629985,0.529265873015873
samsam0510/cube_reorientation_4,8,1.5666786909103394,1.792858898639679,2.161802291870117,24.553505425613977,0.6383928571428571,28.73879504876056,0.6708829365079365,20.767915820981326,0.6345486111111112
samsam0510/cube_reorientation_4,12,1.364713543653488,1.5599923133850098,1.8671498596668243,23.612386744350406,0.6098710317460317,27.764267922175733,0.6173115079365079,19.35458994497987,0.5961061507936508
samsam0510/cube_reorientation_4,17,1.546672910451889,1.7799019813537598,2.1484414935112,24.397755314811622,0.6173115079365079,28.530263753051138,0.6365327380952381,20.673371632885917,0.6130952380952381
samsam0510/cube_reorientation_4,21,1.1879797637462617,1.380947232246399,1.6297032415866852,23.348908466037994,0.597718253968254,28.840964491006567,0.6206597222222222,19.536714683401172,0.5861855158730159
samsam0510/cube_reorientation_4,25,1.4292988419532775,1.692692518234253,2.178549361228943,29.085062751395665,0.5478670634920635,33.95924007707797,0.5757688492063492,25.988022424927824,0.5360863095238095
samsam0510/cube_reorientation_4,30,1.633244389295578,1.86798495054245,2.2562340021133425,27.209140472002616,0.574156746031746,28.82557660293924,0.5892857142857143,22.677058022804932,0.5648561507936508
samsam0510/cube_reorientation_4,34,1.3410608172416687,1.5417975783348083,1.849136906862259,25.509821031399273,0.5271577380952381,29.483444782747657,0.5535714285714286,20.904032340793215,0.5342261904761905
samsam0510/cube_reorientation_4,38,1.546093374490738,1.8023656010627747,2.23348468542099,24.350984646559834,0.6650545634920635,31.99093192529848,0.6748511904761905,20.243947699625625,0.6604662698412699
samsam0510/cube_reorientation_4,43,1.522537386417389,1.7198446393013,2.0206921219825746,21.218585050249853,0.6015625,26.106571188806083,0.6189236111111112,18.043476612287037,0.5992063492063492
samsam0510/cube_reorientation_4,47,1.4868300616741181,1.7285089492797852,2.0815841794013976,26.436334575426795,0.5331101190476191,31.184972110990415,0.5498511904761905,22.291135972225074,0.5295138888888888
samsam0510/cube_reorientation_4,51,1.3385183393955231,1.547252893447876,1.8686851263046265,24.534217967454282,0.5912698412698413,28.731343446935448,0.6183035714285714,19.893427306667476,0.5913938492063492
samsam0510/cube_reorientation_4,55,1.2413818776607513,1.4489527940750122,1.82619366645813,28.744370163051972,0.6609623015873016,34.067275781696345,0.6760912698412699,24.013686279889598,0.6407490079365079
samsam0510/cube_reorientation_4,60,1.5877404928207397,1.780125081539154,2.050885224342346,18.156720237737133,0.6789434523809523,19.22394614633118,0.7012648809523809,13.529332049928193,0.6812996031746031
samsam0510/cube_reorientation_4,64,1.2879804074764252,1.4877443313598633,1.7889156460762023,24.407410099076657,0.5626240079365079,29.09800089122863,0.5726686507936508,21.07588148586832,0.5596478174603174
samsam0510/cube_reorientation_4,68,1.5573025941848755,1.7221155166625977,1.9639852106571198,18.499309028197192,0.6711309523809523,22.346369723099375,0.6747271825396826,15.397824443668195,0.6715029761904762
samsam0510/cube_reorientation_4,73,1.4550065994262695,1.6763434410095215,2.0070815205574037,25.45851464410334,0.5798611111111112,30.103726390439796,0.6009424603174603,21.16923734132533,0.5716765873015873
samsam0510/cube_reorientation_4,77,1.4327830791473388,1.716929316520691,2.15849130153656,30.247666981258817,0.6330605158730159,35.83841426363073,0.6551339285714286,26.077149968985328,0.611359126984127
samsam0510/cube_reorientation_4,81,1.5315128028392793,1.7204579710960388,1.9798181891441344,20.76356204328013,0.6397569444444444,24.55650496749604,0.6583581349206349,15.8985001377075,0.6271081349206349
samsam0510/cube_reorientation_4,86,1.5936218917369842,1.8251982927322388,2.229623067378998,25.26603389487989,0.541046626984127,29.692076062966567,0.5617559523809523,21.244377193669184,0.5375744047619048
samsam0510/cube_reorientation_4,90,1.5376778364181518,1.7466567754745483,2.0507994055747987,23.02122744898427,0.541046626984127,26.365682624019282,0.5476190476190477,19.51702610011066,0.5224454365079365
samsam0510/cube_reorientation_4,94,1.3516934394836426,1.5989723801612854,2.0292783975601196,29.257763903150686,0.5345982142857143,35.266415568579944,0.5456349206349206,24.520956784655592,0.5256696428571429
samsam0510/cube_reorientation_4,99,1.4600760340690613,1.6469643115997314,1.9239455938339234,20.863210728385514,0.6134672619047619,24.836139882069094,0.6205357142857143,18.349697594005367,0.5988343253968254
samsam0510/glove_reorientation_1,0,1.4276010632514953,1.6451277136802673,2.090259897708893,20.308151292893882,0.5992063492063492,23.4471260828642,0.6040426587301587,17.215635149374133,0.5813492063492064
samsam0510/glove_reorientation_1,4,1.289706438779831,1.5183441638946533,1.9563517689704897,28.749411771431138,0.43774801587301587,33.83087244083457,0.45907738095238093,24.67374388375862,0.4253472222222222
samsam0510/glove_reorientation_1,8,1.3306849777698517,1.5537312626838684,1.8901580810546874,23.7276159633248,0.4678819444444444,29.98432278193705,0.48896329365079366,20.546675482392832,0.4646577380952381
samsam0510/glove_reorientation_1,12,1.7273565351963043,2.0078240633010864,2.5474472403526307,22.43472410712584,0.4654017857142857,25.974029122124154,0.4758184523809524,18.67667380526965,0.4513888888888889
samsam0510/glove_reorientation_1,17,1.2147559702396393,1.4563170671463013,1.8369980990886687,23.025986276012574,0.662078373015873,27.737468078364486,0.6857638888888888,23.322828866762915,0.6398809523809523
samsam0510/glove_reorientation_1,21,1.427533084154129,1.65347158908844,2.041500008106232,25.110699991729973,0.48759920634920634,28.942020834345364,0.5012400793650794,16.93771839901967,0.48400297619047616
samsam0510/glove_reorientation_1,25,1.435509091615677,1.6315959692001343,2.068457567691803,26.548874120929796,0.47631448412698413,31.87778999528571,0.4949156746031746,22.752930847735392,0.46378968253968256
samsam0510/glove_reorientation_1,30,1.4138017177581788,1.7272722125053406,2.167859637737274,12.672175924598498,0.591765873015873,16.403032856976456,0.615203373015873,11.649565945120631,0.6049107142857143
samsam0510/glove_reorientation_1,34,1.3045308947563172,1.5058887600898743,1.8609727025032043,16.813901313350517,0.5016121031746031,29.793048106582038,0.5200892857142857,13.934872969851977,0.4964037698412698
samsam0510/glove_reorientation_1,38,1.3874005556106568,1.700644850730896,2.188745391368866,14.081136983811044,0.43700396825396826,17.085730151738,0.43712797619047616,11.769979357027283,0.43464781746031744
samsam0510/glove_reorientation_1,43,1.765203720331192,2.0934637784957886,2.6586274027824404,26.51552596851377,0.4166666666666667,30.689846296576203,0.41716269841269843,21.508706160696157,0.40649801587301587
samsam0510/glove_reorientation_1,47,1.5947212100028991,1.8703656196594238,2.3763007164001464,29.981418447483943,0.41183035714285715,34.798717328945095,0.43266369047619047,25.726752955105166,0.4000496031746032
samsam0510/glove_reorientation_1,51,1.6622186243534087,1.8384705781936646,2.3851411819458006,28.48679601228544,0.3628472222222222,16.123275940883122,0.3838045634920635,12.539086213485684,0.37462797619047616
samsam0510/glove_reorientation_1,55,1.5686424374580383,1.8664100170135498,2.3544866681098937,28.25518142653697,0.519593253968254,34.045565886708836,0.5276537698412699,26.220679770229225,0.49342757936507936
samsam0510/glove_reorientation_1,60,1.5825143933296204,1.857230305671692,2.295808005332947,19.40148323314398,0.6837797619047619,24.838847267489566,0.7213541666666666,17.089577204569242,0.693328373015873
samsam0510/glove_reorientation_1,64,1.33972008228302,1.553792953491211,1.8940011024475099,26.34779786642067,0.4593253968253968,31.62428082926348,0.4791666666666667,18.15771750398422,0.4429563492063492
samsam0510/glove_reorientation_1,68,1.7728730201721192,2.033140540122986,2.589044487476349,22.95687885219526,0.5151289682539683,26.5200159374455,0.5303819444444444,18.779580419680165,0.5218253968253969
samsam0510/glove_reorientation_1,73,1.3511198580265045,1.5586525201797485,1.9437524378299713,19.20972108564013,0.6884920634920635,25.605730337188334,0.7023809523809523,15.98368821614721,0.6891121031746031
samsam0510/glove_reorientation_1,77,1.7517504572868348,2.0604437589645386,2.723495304584503,24.43560171684033,0.5260416666666666,28.999223329257653,0.5411706349206349,18.827121619155673,0.5132688492063492
samsam0510/glove_reorientation_1,81,1.6404806315898894,1.9941704869270325,2.5525060415267946,29.93094477611574,0.3505704365079365,37.51423762507808,0.3629712301587302,25.87679437173332,0.33816964285714285
samsam0510/glove_reorientation_1,86,1.3004268527030944,1.5523333549499512,1.977349203824997,25.68838040453299,0.6784474206349206,29.975513319524214,0.6970486111111112,21.481202302269573,0.6815476190476191
samsam0510/glove_reorientation_1,90,1.223146677017212,1.4006799459457397,1.771266919374466,17.046980311533567,0.6414930555555556,20.29608424924245,0.6622023809523809,12.779410532906718,0.6468253968253969
samsam0510/glove_reorientation_1,94,1.4405177175998687,1.6875094771385193,2.0727492809295653,24.652031177046087,0.5204613095238095,29.811497551914243,0.5412946428571429,21.099278749255483,0.5055803571428571
samsam0510/glove_reorientation_1,99,1.42794126868248,1.6399508714675903,2.0544049978256225,18.091948949251783,0.5607638888888888,22.951134371314197,0.5431547619047619,15.01763447358558,0.5543154761904762
samsam0510/tooth_extraction_3,0,0.819951418042183,0.9679010808467865,2.4312103509902956,26.434877073103475,0.46577380952380953,32.038144910029544,0.47767857142857145,22.443053872008736,0.45362103174603174
samsam0510/tooth_extraction_3,4,0.7921752482652664,0.9610236585140228,2.712522065639497,32.83728671613045,0.4126984126984127,39.47196722186678,0.4331597222222222,28.661009551003453,0.4095982142857143
samsam0510/tooth_extraction_3,8,0.8095760315656662,0.9825558960437775,2.65083487033844,30.333067635209215,0.41369047619047616,38.79540732333155,0.44134424603174605,28.443754988312133,0.396453373015873
samsam0510/tooth_extraction_3,12,0.7160767287015914,0.8477470278739929,2.3253266572952285,27.150630466214835,0.39360119047619047,34.45338966832623,0.42571924603174605,23.913913826454532,0.38268849206349204
samsam0510/tooth_extraction_3,17,0.6849659532308578,0.8156937956809998,2.556357073783875,30.548906320976194,0.3892609126984127,35.90923932669803,0.4181547619047619,26.014734451759743,0.3838045634920635
samsam0510/tooth_extraction_3,21,0.73719522356987,0.8639690279960632,2.5885867476463336,30.88804947370135,0.41282242063492064,34.42114123134755,0.4290674603174603,25.719561182402277,0.41517857142857145
samsam0510/tooth_extraction_3,25,0.7175900757312774,0.835106611251831,2.708101880550385,28.142842287211508,0.40935019841269843,33.56834437493917,0.4279513888888889,22.269761254532188,0.40947420634920634
samsam0510/tooth_extraction_3,30,0.7715424060821533,0.9256030023097992,2.453571903705597,30.79467545897376,0.42162698412698413,35.695152441147,0.44990079365079366,25.012906009706764,0.40922619047619047
samsam0510/tooth_extraction_3,34,0.7215413600206375,0.8477207124233246,2.6149901986122144,30.611556796969804,0.41555059523809523,36.07184889501351,0.44556051587301587,22.738710255415892,0.38603670634920634
samsam0510/tooth_extraction_3,38,0.7833249568939209,0.9172397255897522,2.7474880218505877,29.07516946861545,0.42745535714285715,33.00694236571663,0.43725198412698413,23.843612947686456,0.4208829365079365
samsam0510/tooth_extraction_3,43,0.7458066910505294,0.8875076770782471,2.5646229505538947,31.184813822000464,0.41902281746031744,38.582960613147236,0.4273313492063492,26.97149060761257,0.4025297619047619
samsam0510/tooth_extraction_3,47,0.6765870660543442,0.7973830997943878,2.812858092784882,27.277759833734194,0.4167906746031746,37.96399982994613,0.41703869047619047,26.466059026665555,0.39012896825396826
samsam0510/tooth_extraction_3,51,0.7170206576585769,0.8564305305480957,2.5016560792922973,25.67883014406614,0.4192708333333333,32.21547728955754,0.439484126984127,24.738097470383615,0.40314980158730157
samsam0510/tooth_extraction_3,55,0.7293207287788391,0.8618570566177368,2.5605642080307014,28.46876860115826,0.39384920634920634,33.448315198753356,0.41530257936507936,24.394233070910886,0.3784722222222222
samsam0510/tooth_extraction_3,60,0.7261244148015976,0.8522636890411377,2.7552965521812443,29.115882282183115,0.42311507936507936,36.614066394913735,0.42943948412698413,22.16908423874347,0.39211309523809523
samsam0510/tooth_extraction_3,64,0.7647967994213104,0.9279880225658417,2.786642110347749,28.341404900920395,0.431671626984127,36.286821686345405,0.44990079365079366,24.78124146581028,0.4184027777777778
samsam0510/tooth_extraction_3,68,0.739271393418312,0.8710722029209137,2.647698020935059,27.10076847109277,0.39074900793650796,33.883025582269624,0.40625,23.1168629796534,0.3998015873015873
samsam0510/tooth_extraction_3,73,0.7542683839797973,0.8911124467849731,2.622583055496216,29.914664579759627,0.4195188492063492,35.55679362123189,0.4399801587301587,25.99306453184583,0.37624007936507936
samsam0510/tooth_extraction_3,77,0.7642666667699813,0.9126417934894562,2.516882121562958,30.72845233756982,0.4115823412698413,37.304071010920914,0.4208829365079365,25.82565047975578,0.39459325396825395
samsam0510/tooth_extraction_3,81,0.7127212584018707,0.838585376739502,2.6189719796180726,30.353260298276627,0.3998015873015873,34.95000128341491,0.4056299603174603,25.335547164812134,0.38578869047619047
samsam0510/tooth_extraction_3,86,0.7591294407844543,0.9003842175006866,2.5257666826248175,31.66223147668907,0.40228174603174605,36.199644153582575,0.4332837301587302,26.062004142416747,0.4114583333333333
samsam0510/tooth_extraction_3,90,0.7232786446809769,0.8542769253253937,2.687338221073151,31.73967920673017,0.4037698412698413,36.98283334100397,0.4417162698412698,25.832164226556834,0.40153769841269843
samsam0510/tooth_extraction_3,94,0.8283932566642761,0.9770555198192596,2.6428176403045662,28.483344611749917,0.4088541666666667,33.959888116908516,0.43080357142857145,26.156684748758686,0.36532738095238093
samsam0510/tooth_extraction_3,99,0.763207545876503,0.9094347953796387,2.6598333239555374,29.276254639207423,0.4165426587301587,35.403354913897644,0.4296875,25.370719292840462,0.40414186507936506
samsam0510/tooth_extraction_4,0,0.7270702213048935,0.9459360241889954,2.6225948333740248,35.978879916794874,0.5,40.56475257574706,0.5374503968253969,28.530185100857313,0.48648313492063494
samsam0510/tooth_extraction_4,8,0.6405112355947494,0.7959350347518921,2.41186695098877,30.61409849797243,0.29092261904761907,36.12179847128723,0.31535218253968256,26.61969984962587,0.27666170634920634
samsam0510/tooth_extraction_4,17,0.8576717138290405,0.995074987411499,2.751759719848633,21.563604329289277,0.5476190476190477,25.73029307406222,0.5558035714285714,17.94859049564066,0.5295138888888888
samsam0510/tooth_extraction_4,25,0.741052907705307,0.8568770885467529,2.7412000179290774,16.72273026999801,0.4775545634920635,19.132650716273872,0.5099206349206349,13.193007194519877,0.4955357142857143
samsam0510/tooth_extraction_4,34,1.1554118633270263,1.41042822599411,2.1472424030303956,33.35270288964846,0.5967261904761905,39.374215904017184,0.6299603174603174,28.69947838405108,0.5633680555555556
samsam0510/tooth_extraction_4,43,0.7046153247356415,0.8670898973941803,3.0076256036758426,17.45575925441467,0.5151289682539683,23.992051373513874,0.5345982142857143,15.938606582111868,0.5328621031746031
samsam0510/tooth_extraction_4,51,0.7776798576116561,0.9289023280143738,2.7080776929855346,24.71009894492453,0.4167906746031746,31.019369318184008,0.4383680555555556,19.772840762345346,0.4078621031746032
samsam0510/tooth_extraction_4,60,0.6800376653671265,0.8150682151317596,2.2368555307388305,26.04275892328952,0.41803075396825395,29.469640523273885,0.44556051587301587,21.613261647158193,0.41257440476190477
samsam0510/tooth_extraction_4,69,0.81594999730587,1.0252050757408142,2.835462892055512,28.447045895379144,0.568328373015873,34.620813399517154,0.6008184523809523,22.403893672150154,0.5447668650793651
samsam0510/tooth_extraction_4,77,0.8014440804719924,1.0002925395965576,2.4418446660041817,31.202847523994695,0.46081349206349204,29.55259961780762,0.4877232142857143,19.82239862564697,0.45200892857142855
samsam0510/tooth_extraction_4,86,0.7077863216400146,0.8460537195205688,2.099921834468842,24.7052866401313,0.4729662698412698,30.15907708934516,0.4853670634920635,20.404294648895007,0.45982142857142855
samsam0510/tooth_extraction_4,95,0.7983208328485489,0.951267421245575,2.564664328098297,29.18049330928921,0.4573412698412698,33.68479405934214,0.47978670634920634,24.379849753414433,0.4572172619047619
samsam0510/tooth_extraction_4,103,0.6595880866050721,0.8502027690410614,2.7102675199508672,29.49826271895972,0.34412202380952384,33.686813665757676,0.388640873015873,23.4612492592883,0.3529265873015873
samsam0510/tooth_extraction_4,112,1.0784388422966003,1.3243219256401062,2.0533779501914977,33.13807028154631,0.6075148809523809,38.81295526417507,0.6551339285714286,27.938968865451113,0.5845734126984127
samsam0510/tooth_extraction_4,121,0.7806979149580002,0.9107482731342316,2.28982048034668,14.17917259833664,0.4879712301587302,28.200212303837155,0.5159970238095238,12.473100578333494,0.5138888888888888
samsam0510/tooth_extraction_4,129,0.8084184199571609,0.9478245973587036,2.3553610324859626,25.027303247197487,0.4470486111111111,30.696884647681372,0.4645337301587302,18.475852398303346,0.42212301587301587
samsam0510/tooth_extraction_4,138,0.646654948592186,0.834850549697876,2.5116911768913277,33.129448126963226,0.41803075396825395,39.03400528936527,0.4351438492063492,26.73849224368483,0.38876488095238093
samsam0510/tooth_extraction_4,147,0.7527460902929306,0.8806635737419128,2.469165670871735,25.363752290505918,0.4259672619047619,30.34305394323099,0.4522569444444444,19.645521302789025,0.43799603174603174
samsam0510/tooth_extraction_4,155,0.8329001098871232,0.9895290732383728,2.280435597896576,30.567042778779797,0.431671626984127,33.75879095177384,0.4515128968253968,26.951364178665926,0.40935019841269843
samsam0510/tooth_extraction_4,164,0.8048370838165283,0.941345751285553,2.7148951649665833,21.281922787833825,0.48586309523809523,24.274340810500053,0.4966517857142857,16.774163434519924,0.474578373015873
samsam0510/tooth_extraction_4,173,0.8580123096704483,1.0135647654533386,3.091442847251893,21.47653888675328,0.582093253968254,27.1080017282718,0.6071428571428571,17.56368288372278,0.5612599206349206
samsam0510/tooth_extraction_4,181,0.8598217070102692,1.0164167881011963,2.4490305423736576,29.170412353423835,0.45324900793650796,33.91831203876996,0.48834325396825395,24.596477012304824,0.4495287698412698
samsam0510/tooth_extraction_4,190,0.7688361912965774,0.8892446756362915,2.5941023945808412,23.56118648640395,0.4459325396825397,31.4285218624014,0.44754464285714285,21.626312292447988,0.4253472222222222
samsam0510/tooth_extraction_4,199,0.8599807381629944,1.0111790299415588,2.5527315616607673,17.34723104636211,0.47767857142857145,20.239723044209217,0.5031001984126984,13.019221615963762,0.47023809523809523
shreyasgite/so100_base_env,0,1.8313900411128998,2.1820415258407593,2.3035836815834045,1.0256474700420823,0.4391121031746032,2.877528114127757,0.4476686507936508,1.5764428962974353,0.4415922619047619
shreyasgite/so100_base_env,10,1.0507617175579071,1.3916587233543396,1.4141377568244935,3.302923472580587,0.3914930555555556,4.907640306353244,0.3993055555555556,3.2810380530980137,0.40141369047619047
shreyasgite/so100_base_env,21,1.275095671415329,1.4980273246765137,1.5711677193641662,1.3826762547929634,0.29873511904761907,1.9155061291541726,0.2935267857142857,0.8656975780138693,0.2978670634920635
shreyasgite/so100_base_env,32,1.0592883706092835,1.3209950923919678,1.472776848077774,3.3113888803924305,0.2974950396825397,2.9995698556907215,0.3036954365079365,2.3623146817671805,0.3070436507936508
shreyasgite/so100_base_env,43,1.3191163003444673,1.5320202708244324,1.6348459124565125,10.53261313608742,0.3787202380952381,12.073783763996218,0.37810019841269843,8.443548543572643,0.3841765873015873
shreyasgite/so100_base_env,54,1.1276028275489807,1.216022551059723,1.2604679226875306,1.3126880251352644,0.37202380952380953,2.2314277268526066,0.38318452380952384,2.459572244757192,0.3556547619047619
shreyasgite/so100_base_env,65,1.4391193032264709,1.578204095363617,1.61274573802948,2.2477698077447155,0.42981150793650796,3.661585637446519,0.42745535714285715,2.7719167722146807,0.40674603174603174
shreyasgite/so100_base_env,76,1.1788690447807313,1.36647367477417,1.412369292974472,1.9915444103027902,0.5104166666666666,4.809741939994365,0.4976438492063492,2.7250543873760624,0.503844246031746
shreyasgite/so100_base_env,87,1.1000456929206848,1.2834218740463257,1.340643334388733,4.074243610351488,0.5705605158730159,4.980866385995523,0.5684523809523809,3.4428157782821147,0.5747767857142857
shreyasgite/so100_base_env,98,1.0586608529090882,1.5037238001823425,1.7596738457679748,10.870168093232149,0.5262896825396826,12.858910241312222,0.5238095238095238,8.746576845937994,0.5311259920634921
shreyasgite/so100_base_env,109,1.1980782568454742,1.405231535434723,1.4960258960723878,3.1145788627894215,0.39211309523809523,4.367849716625217,0.35106646825396826,3.1939598629780654,0.37375992063492064
shreyasgite/so100_base_env,120,1.1874071180820465,1.368558406829834,1.457476729154587,10.952114615506696,0.37537202380952384,13.635894196576055,0.3556547619047619,8.393980724929818,0.3470982142857143
shreyasgite/so100_base_env,130,1.1462999343872071,1.3048408031463623,1.3950979590415955,12.289569777404763,0.3149801587301587,17.291225815996214,0.3012152777777778,9.500115348205634,0.2955109126984127
shreyasgite/so100_base_env,141,1.10305717587471,1.320293664932251,1.3819600284099578,9.535164466942533,0.33482142857142855,11.563420018880551,0.3365575396825397,7.628125535207692,0.33283730158730157
shreyasgite/so100_base_env,152,1.321286642551422,1.4176502227783203,1.4550516784191132,2.381952230966984,0.3628472222222222,2.9237563495163803,0.3647073412698413,2.0379766200298253,0.3618551587301587
shreyasgite/so100_base_env,163,1.2285485327243806,1.5216814279556274,1.5867077648639678,7.828070675805507,0.34424603174603174,9.895528715136663,0.35987103174603174,6.338060517917915,0.35987103174603174
shreyasgite/so100_base_env,174,1.3085821151733399,1.4669211506843567,1.58593008518219,7.335293462787085,0.3315972222222222,8.81320564086474,0.3375496031746032,6.478050222492015,0.33643353174603174
shreyasgite/so100_base_env,185,1.2990265607833862,1.4004055261611938,1.466697758436203,5.0104366355205645,0.3454861111111111,8.302315758621543,0.34486607142857145,5.801606555451784,0.34399801587301587
shreyasgite/so100_base_env,196,1.0735032856464386,1.3815520405769348,1.4634342312812805,7.581779652416587,0.27455357142857145,5.988739237799797,0.27529761904761907,4.165417184714812,0.28893849206349204
shreyasgite/so100_base_env,207,1.337684041261673,1.513765573501587,1.6116314470767974,8.452869916969922,0.33196924603174605,11.005516367792142,0.3298611111111111,6.958323983888112,0.3246527777777778
shreyasgite/so100_base_env,218,1.345215904712677,1.7184630036354065,1.818465781211853,3.596136147532677,0.35367063492063494,6.774189201001378,0.34486607142857145,2.8347610278676614,0.3531746031746032
shreyasgite/so100_base_env,229,1.1874928236007691,1.3777195811271667,1.4499804556369782,8.94270158170084,0.3071676587301587,11.71202841868087,0.30865575396825395,9.40604630136916,0.2717013888888889
shreyasgite/so100_base_env,240,1.5333374083042144,1.639773666858673,1.7012950241565705,6.27435511400735,0.3211805555555556,5.345734548446597,0.32415674603174605,4.049075177274897,0.32490079365079366
shreyasgite/so100_base_env,251,1.2305251777172088,1.4840642809867859,1.5748956084251404,6.732544450628494,0.40612599206349204,8.229174815588738,0.39732142857142855,5.429138655514204,0.39087301587301587
shreyasgite/so100_legocube_50,0,0.8371279954910278,1.0286182165145874,1.0881555140018464,4.910753033512382,0.3446180555555556,3.9391014758615985,0.32787698412698413,1.4855623856647016,0.3343253968253968
shreyasgite/so100_legocube_50,2,0.9824237197637558,1.2063736319541931,1.253350555896759,4.926764440236212,0.35143849206349204,3.6684774518659706,0.380828373015873,2.790567809444437,0.3810763888888889
shreyasgite/so100_legocube_50,4,0.7142511993646622,0.812858372926712,0.8763965010643006,8.347320484655773,0.5348462301587301,10.155709242064573,0.5472470238095238,7.123233882140911,0.5367063492063492
shreyasgite/so100_legocube_50,6,0.6139922797679901,0.7630664706230164,0.8174590945243836,8.117305410454962,0.45771329365079366,9.609691275389851,0.4634176587301587,5.464038767023711,0.4515128968253968
shreyasgite/so100_legocube_50,8,0.854229387640953,0.988439679145813,1.0515795052051544,8.125790354645375,0.38938492063492064,12.711734644414395,0.39112103174603174,8.103701454146703,0.39273313492063494
shreyasgite/so100_legocube_50,10,0.6942674428224563,0.8524164259433746,0.9205737799406052,5.912744601118927,0.5684523809523809,7.139161957441116,0.5685763888888888,4.623299831348001,0.5638640873015873
shreyasgite/so100_legocube_50,12,0.8696357846260071,1.051804780960083,1.1086049616336822,5.878766155659892,0.39732142857142855,8.365508575694646,0.3828125,4.425848800705322,0.37487599206349204
shreyasgite/so100_legocube_50,14,0.8060091435909271,0.9192913770675659,0.9951403886079788,6.223402010376616,0.5589037698412699,7.0367586079918825,0.5565476190476191,4.775857741549125,0.5580357142857143
shreyasgite/so100_legocube_50,17,0.7786039054393769,0.8908475041389465,0.9761306852102279,7.013135265556732,0.5833333333333334,8.89366397887278,0.5860615079365079,5.671777049277809,0.5887896825396826
shreyasgite/so100_legocube_50,19,0.8783295750617981,1.0173158645629883,1.108736026287079,8.695335454705003,0.5737847222222222,10.401021859130894,0.5845734126984127,6.938082749386232,0.5907738095238095
shreyasgite/so100_legocube_50,21,1.0400272250175475,1.1049450039863586,1.1695329546928406,8.233086867329732,0.3351934523809524,9.27703286497623,0.33110119047619047,7.507390116008611,0.33878968253968256
shreyasgite/so100_legocube_50,23,1.0586809813976288,1.1620386242866516,1.242690485715866,7.732257088739481,0.37475198412698413,9.57386529177887,0.37289186507936506,6.471235992927181,0.37214781746031744
shreyasgite/so100_legocube_50,25,0.9572035014629364,1.039490818977356,1.1087479293346405,6.545744124893992,0.35615079365079366,6.883275191180344,0.3386656746031746,5.536827501021624,0.3384176587301587
shreyasgite/so100_legocube_50,27,1.0820243239402771,1.3224681615829468,1.4264085829257964,4.8484833766775814,0.32328869047619047,8.37109340863542,0.31535218253968256,4.178748550409675,0.3345734126984127
shreyasgite/so100_legocube_50,29,0.9990222722291946,1.100354254245758,1.1915953159332275,7.5829443193679005,0.35044642857142855,6.800859749443896,0.36594742063492064,5.16922456686176,0.3665674603174603
shreyasgite/so100_legocube_50,31,1.0614434719085692,1.2359845638275146,1.3452811539173126,9.835413141082833,0.3557787698412698,11.858916691387115,0.3540426587301587,6.700395505980334,0.3508184523809524
shreyasgite/so100_legocube_50,34,0.7590404987335205,0.8600955605506897,0.9646080076694489,8.079584655989759,0.6031746031746031,9.902104275116177,0.6019345238095238,6.718780911592098,0.6020585317460317
shreyasgite/so100_legocube_50,36,0.7873300164937973,0.9495779871940613,1.0018362998962402,8.037488179370468,0.3958333333333333,10.46096717736283,0.3990575396825397,6.018810776295244,0.37996031746031744
shreyasgite/so100_legocube_50,38,0.8404379963874817,0.957402229309082,1.0587401688098907,6.31484760313242,0.5889136904761905,7.749498232897872,0.5910218253968254,5.115309469289094,0.5782490079365079
shreyasgite/so100_legocube_50,40,0.9066939949989319,1.0245128870010376,1.0680981993675231,8.003466224817291,0.3307291666666667,12.170416668818495,0.31994047619047616,6.652427492297765,0.33134920634920634
shreyasgite/so100_legocube_50,42,0.7699593752622604,0.8574957847595215,0.9477793574333191,7.4982884504721055,0.5969742063492064,9.55382444379274,0.6039186507936508,5.954172369360699,0.5964781746031746
shreyasgite/so100_legocube_50,44,0.8123774915933609,0.9610093832015991,1.0214273154735565,4.255883485196419,0.47953869047619047,5.844657945873813,0.4817708333333333,3.516804011761464,0.47978670634920634
shreyasgite/so100_legocube_50,46,0.953665554523468,1.0786677598953247,1.1451825141906737,7.654886538470236,0.33544146825396826,7.284349395490117,0.3267609126984127,4.216586428900745,0.3314732142857143
shreyasgite/so100_legocube_50,49,0.9317137628793717,1.0334613919258118,1.1080987751483917,6.20532464321768,0.3828125,7.9777690460430515,0.37375992063492064,5.444421401544713,0.37289186507936506
sihyun77/mond_1,0,1.351424652338028,1.4681556224822998,1.5586744666099548,5.9603256113696785,0.6263640873015873,7.764274960100207,0.6165674603174603,4.130573593503137,0.613219246031746
sihyun77/mond_1,1,1.097070848941803,1.1973367929458618,1.2824306607246398,9.70508643388745,0.6465773809523809,10.370882763572883,0.6561259920634921,7.25993318236043,0.6515376984126984
sihyun77/mond_1,2,1.180664747953415,1.2661763429641724,1.332136344909668,4.556081597483457,0.6798115079365079,5.527191733275855,0.6728670634920635,3.95076679611719,0.6676587301587301
sihyun77/mond_1,3,1.181122374534607,1.2934726476669312,1.3705984592437743,5.304705814127896,0.6101190476190477,7.362339822256645,0.6078869047619048,4.678097424780181,0.605530753968254
sihyun77/mond_1,5,1.2096859216690063,1.2942766547203064,1.3681486070156097,6.24375130931341,0.6645585317460317,8.222300397780577,0.662078373015873,5.244748446565524,0.667906746031746
sihyun77/mond_1,6,1.0554153263568877,1.128049612045288,1.184804493188858,3.9472460088910934,0.6209077380952381,4.297374622021361,0.6190476190476191,3.4077197526595002,0.621031746031746
sihyun77/mond_1,7,1.243492841720581,1.3630754351615906,1.4373239278793335,4.857082090412696,0.6204117063492064,4.959699187342254,0.6274801587301587,3.3258425241867964,0.6232638888888888
sihyun77/mond_1,8,1.092750322818756,1.1385616660118103,1.2030154049396515,4.755716431162501,0.619171626984127,9.3598574237854,0.625,5.65634442002618,0.6221478174603174
sihyun77/mond_1,10,1.1630367279052733,1.2592893838882446,1.332815057039261,5.841907295270751,0.6767113095238095,8.177284711721791,0.6669146825396826,5.4631779409098495,0.6726190476190477
sihyun77/mond_1,11,1.2582021057605743,1.3723013401031494,1.4584442794322967,5.504773420961472,0.6359126984126984,7.120369125443519,0.6343005952380952,5.185497901035328,0.6326884920634921
sihyun77/mond_1,12,1.1228525042533875,1.2141457796096802,1.3075776338577272,10.07753152338137,0.605406746031746,11.256536298416506,0.5999503968253969,7.5077560454116705,0.6018105158730159
sihyun77/mond_1,13,1.1351661384105682,1.24514240026474,1.3260616302490233,6.086663251423329,0.6149553571428571,6.711742507194227,0.6121031746031746,4.381639119620411,0.6161954365079365
sihyun77/mond_1,15,1.3587778985500336,1.5087199211120605,1.6202754497528076,6.285812774038585,0.5921378968253969,8.882457490914797,0.5928819444444444,5.487551595218433,0.5956101190476191
sihyun77/mond_1,16,0.9514532327651978,1.0138710737228394,1.0566403925418855,4.202349695681382,0.6521577380952381,8.748867286999982,0.6453373015873016,3.2978219357373617,0.6521577380952381
sihyun77/mond_1,17,1.111229956150055,1.1816818118095398,1.247178453207016,8.584213123061039,0.6066468253968254,12.4964965517806,0.6088789682539683,5.603150884624045,0.6091269841269841
sihyun77/mond_1,18,1.1430313646793366,1.227492868900299,1.2911700069904328,4.968776225038001,0.6403769841269841,5.748934479723832,0.646453373015873,3.5050930644618896,0.642609126984127
sihyun77/mond_1,20,1.094609296321869,1.1778169870376587,1.2352521479129792,7.527672449524258,0.6049107142857143,10.29514369799242,0.5916418650793651,5.347420471716783,0.5947420634920635
sihyun77/mond_1,21,0.9285781174898148,0.9793021082878113,1.0229732990264893,6.706860959938066,0.5942460317460317,2.2588010605109625,0.5775049603174603,5.137629739515779,0.5886656746031746
sihyun77/mond_1,22,1.0431263208389283,1.150456964969635,1.240290093421936,13.954089659585586,0.6313244047619048,17.4970047654219,0.6364087301587301,11.312279617485666,0.6256200396825397
sihyun77/mond_1,23,1.2418079197406768,1.3616644144058228,1.4625916719436645,12.410377286199175,0.6153273809523809,15.190230185369847,0.6251240079365079,9.960676326208441,0.6183035714285714
sihyun77/mond_1,25,1.1254241824150086,1.240596890449524,1.3367376804351807,12.624794527394563,0.6187996031746031,15.852569958374408,0.6200396825396826,10.359304234191896,0.6080109126984127
sihyun77/mond_1,26,1.0347703874111176,1.1413832306861877,1.2359476625919341,12.870030799651193,0.6186755952380952,16.08000577129433,0.6199156746031746,10.133450291439226,0.6158234126984127
sihyun77/mond_1,27,1.2237159430980682,1.343436062335968,1.5212632298469544,16.78104904906934,0.49714781746031744,17.944844372561313,0.5187251984126984,13.249762627053377,0.5050843253968254
sihyun77/mond_1,29,1.1675496220588684,1.269883394241333,1.3683499097824097,11.925388929028118,0.6439732142857143,14.360079582837875,0.6531498015873016,10.676377547832576,0.6336805555555556
sihyun77/sihyun_3_17_2,0,1.2223898112773894,1.329711377620697,1.4975372195243837,3.907406377030835,0.6116071428571429,5.999923395554912,0.6147073412698413,4.008047612842288,0.619171626984127
sihyun77/sihyun_3_17_2,1,1.1650428414344787,1.250294029712677,1.4046914756298066,6.348878696693504,0.6871279761904762,7.678973961214895,0.6979166666666666,4.984994744812111,0.6922123015873016
sihyun77/sihyun_3_17_2,2,1.4917968273162843,1.6693220138549805,1.894854235649109,11.390704839191974,0.5187251984126984,14.828714110806146,0.5240575396825397,9.693856856797844,0.5153769841269841
sihyun77/sihyun_3_17_2,3,1.4779030442237855,1.5822799801826477,1.775264984369278,8.679915820745713,0.5983382936507936,8.771179184525112,0.6011904761904762,6.105186957722348,0.6109871031746031
sihyun77/sihyun_3_17_2,5,1.503134423494339,1.6571534872055054,1.8869575738906865,10.906850368761901,0.5491071428571429,14.226038523803137,0.5455109126984127,9.163923846127712,0.5057043650793651
sihyun77/sihyun_3_17_2,6,1.3754437148571015,1.4684244394302368,1.6778061032295228,7.033440474205736,0.6552579365079365,8.501935195278891,0.6593501984126984,5.8811330163615105,0.6463293650793651
sihyun77/sihyun_3_17_2,7,1.5242045938968658,1.6827857494354248,1.8897982358932497,12.823553092998635,0.5313740079365079,13.162357399631071,0.5416666666666666,9.106426334784308,0.5262896825396826
sihyun77/sihyun_3_17_2,8,1.3567589461803435,1.470611035823822,1.5982094705104828,8.191510334503693,0.5796130952380952,9.679141617909782,0.6195436507936508,6.592700232115261,0.597594246031746
sihyun77/sihyun_3_17_2,10,1.3081065952777862,1.4090367555618286,1.570720362663269,5.510288720774917,0.6925843253968254,6.547002236646816,0.6856398809523809,4.561538371061417,0.6731150793650794
sihyun77/sihyun_3_17_2,11,1.495922863483429,1.6402182579040527,1.7932941734790804,10.444647059037344,0.5231894841269841,13.382689084701827,0.5334821428571429,9.571750119834508,0.5079365079365079
sihyun77/sihyun_3_17_2,12,1.4666416823863984,1.6091808676719666,1.7539466738700866,10.504889402046333,0.5218253968253969,12.128974686515493,0.517609126984127,8.822785073230438,0.5207093253968254
sihyun77/sihyun_3_17_2,13,1.4803085327148438,1.6723806262016296,1.8762881159782412,11.566588459436522,0.5269097222222222,13.899816415508248,0.5301339285714286,9.486946622762074,0.517609126984127
sihyun77/sihyun_3_17_2,15,1.504401481151581,1.6518479585647583,1.8410578489303593,10.514307112176176,0.5553075396825397,14.685377657600524,0.5399305555555556,8.289605584315316,0.535094246031746
sihyun77/sihyun_3_17_2,16,1.5127475261688232,1.6483295559883118,1.8241788864135744,9.532566504450902,0.5882936507936508,11.316196213585638,0.5859375,8.322701600860913,0.5834573412698413
sihyun77/sihyun_3_17_2,17,1.5201236367225648,1.6496360301971436,1.855866420269013,11.100514110001312,0.5283978174603174,11.594267386905932,0.5559275793650794,8.24919270450443,0.5522073412698413
sihyun77/sihyun_3_17_2,18,1.5290466487407686,1.6759070754051208,1.864788740873337,10.129625728061603,0.5474950396825397,13.051668633585164,0.5522073412698413,9.003484205377378,0.5455109126984127
sihyun77/sihyun_3_17_2,20,1.5182384848594666,1.691925048828125,1.896300005912781,10.731300034125384,0.5434027777777778,13.416583358963694,0.541046626984127,9.178772313581838,0.5417906746031746
sihyun77/sihyun_3_17_2,21,1.4791127026081086,1.6610249280929565,1.8502220273017884,11.353745036932178,0.49193948412698413,14.171851341827772,0.5013640873015873,7.921865540676546,0.4975198412698413
sihyun77/sihyun_3_17_2,22,1.4865716457366944,1.6669512391090393,1.8838221967220312,11.86307053999394,0.5541914682539683,14.401330716604948,0.560515873015873,9.775856772840946,0.5502232142857143
sihyun77/sihyun_3_17_2,23,1.4877960085868835,1.6658234596252441,1.8827991068363197,10.678921128797617,0.5476190476190477,12.61163149599307,0.5446428571428571,8.857851296959895,0.5525793650793651
sihyun77/sihyun_3_17_2,25,1.523460292816162,1.672809898853302,1.8679780066013336,10.152939200800455,0.5719246031746031,11.80239816454863,0.5752728174603174,7.731597110049816,0.5912698412698413
sihyun77/sihyun_3_17_2,26,1.4326222181320192,1.5985674858093262,1.804041141271592,11.915782950865257,0.5280257936507936,13.36006571017915,0.5341021825396826,9.949949834229285,0.5050843253968254
sihyun77/sihyun_3_17_2,27,1.532020664215088,1.7033556699752808,1.9084348678588867,11.557114659560858,0.5033482142857143,14.925906288665042,0.4993799603174603,9.75763757382845,0.49875992063492064
sihyun77/sihyun_3_17_2,29,1.513954722881317,1.707357406616211,1.8892987430095676,11.462089336812031,0.5455109126984127,13.950109571282665,0.5446428571428571,9.556252114933416,0.5374503968253969
sihyun77/sihyun_3_17_5,0,1.1202262222766877,1.2032111883163452,1.3454952478408815,5.2712818698231105,0.6495535714285714,6.817537240818898,0.6557539682539683,4.682031878268389,0.6530257936507936
sihyun77/sihyun_3_17_5,1,1.5539561748504638,1.6702877879142761,1.8045133531093598,10.482669480186692,0.5259176587301587,9.730457598154148,0.5262896825396826,8.744128559772395,0.5276537698412699
sihyun77/sihyun_3_17_5,2,1.499653297662735,1.6226755380630493,1.7684948682785036,8.833110387798992,0.5095486111111112,11.568138298616693,0.5164930555555556,7.674679060504963,0.5119047619047619
sihyun77/sihyun_3_17_5,3,1.5002511322498322,1.6246472001075745,1.76751623749733,10.96021849959773,0.4905753968253968,12.570680300699976,0.4982638888888889,8.567746924200524,0.4986359126984127
sihyun77/sihyun_3_17_5,5,1.556495726108551,1.6937036514282227,1.8348498821258548,10.366518590738693,0.4990079365079365,7.954556262153867,0.5009920634920635,8.400809134549538,0.5075644841269841
sihyun77/sihyun_3_17_5,6,1.4709924936294556,1.5865351557731628,1.7325499534606934,9.185749076695364,0.5296378968253969,11.655619128677955,0.5239335317460317,7.375573291563866,0.5287698412698413
sihyun77/sihyun_3_17_5,7,1.5375435769557952,1.6763050556182861,1.7967919647693635,8.79984402506099,0.49007936507936506,10.69635986449138,0.5028521825396826,7.155411188266175,0.5033482142857143
sihyun77/sihyun_3_17_5,8,1.5339644491672515,1.6831989884376526,1.8193135797977449,9.763882195417368,0.47681051587301587,12.204258832214107,0.48561507936507936,9.948783651080397,0.45907738095238093
sihyun77/sihyun_3_17_5,10,1.5088365077972412,1.6360841989517212,1.7755857169628144,6.456583927624142,0.5746527777777778,8.107600990295353,0.5607638888888888,5.419131202601962,0.5466269841269841
sihyun77/sihyun_3_17_5,11,1.5529209613800048,1.691185176372528,1.8238619506359102,7.905295999506362,0.5168650793650794,9.675992725365585,0.5186011904761905,8.28403731234702,0.5018601190476191
sihyun77/sihyun_3_17_5,12,1.5102303206920624,1.6084956526756287,1.722553038597107,8.505260877092645,0.5187251984126984,12.613836698584944,0.5213293650793651,6.6888534278276754,0.5235615079365079
sihyun77/sihyun_3_17_5,13,1.5631098747253418,1.7184566259384155,1.8519753038883209,9.856123805064554,0.48449900793650796,12.570727374240947,0.4781746031746032,9.614845213157212,0.4781746031746032
sihyun77/sihyun_3_17_5,15,1.5499207019805907,1.6949644088745117,1.824755734205246,11.96355560563193,0.4986359126984127,10.149703310583021,0.5086805555555556,6.737669454267679,0.4957837301587302
sihyun77/sihyun_3_17_5,16,1.54852055311203,1.6880053281784058,1.8236731708049776,10.839993123236086,0.4836309523809524,12.743619774913144,0.4868551587301587,7.429091547696337,0.4877232142857143
sihyun77/sihyun_3_17_5,17,1.5539081573486329,1.68961501121521,1.8252256989479065,9.203744554486077,0.5130208333333334,13.914792420685957,0.5055803571428571,7.6996990776755565,0.517609126984127
sihyun77/sihyun_3_17_5,18,1.5619096457958221,1.6969466805458069,1.837325716018677,9.031656925190036,0.5140128968253969,11.046015285336658,0.5192212301587301,6.796821080716329,0.5122767857142857
sihyun77/sihyun_3_17_5,20,1.2878234148025514,1.3646243214607239,1.4844434320926667,8.19172604870016,0.5709325396825397,7.244621331224947,0.5827132936507936,4.5856078876691875,0.5901537698412699
sihyun77/sihyun_3_17_5,21,1.5147475123405456,1.6211763620376587,1.776433622837067,6.554815113184605,0.6094990079365079,9.200028634648476,0.6097470238095238,5.948573009602712,0.6050347222222222
sihyun77/sihyun_3_17_5,22,1.484218716621399,1.558616816997528,1.7212417006492615,4.938877852090014,0.6315724206349206,5.903023154662147,0.6443452380952381,4.415880257584998,0.6217757936507936
sihyun77/sihyun_3_17_5,23,1.2311797559261322,1.2958950400352478,1.4056640982627868,3.1224258646047938,0.6884920634920635,3.9735513528743898,0.6896081349206349,2.6418988392297873,0.6965525793650794
sihyun77/sihyun_3_17_5,25,1.1863152027130126,1.2662054300308228,1.5073380827903753,6.434558774512777,0.5656001984126984,7.527098922445826,0.5509672619047619,4.962345077468652,0.5496031746031746
sihyun77/sihyun_3_17_5,26,1.5468871593475342,1.6890987753868103,1.8209016382694247,9.40851175233837,0.5137648809523809,10.77533838726786,0.5329861111111112,7.370037813572651,0.5102926587301587
sihyun77/sihyun_3_17_5,27,1.5488992512226105,1.7195321917533875,1.9026161551475524,9.77249730783409,0.47780257936507936,15.362053441860363,0.46750992063492064,8.129244661765862,0.4712301587301587
sihyun77/sihyun_3_17_5,29,1.5939802527427673,1.7527993321418762,1.8896189868450168,9.579653977621971,0.501984126984127,11.735289667253555,0.4749503968253968,7.891751830398505,0.48462301587301587
sihyun77/sihyun_main_2,0,1.2765169501304627,1.3545409440994263,1.4099013388156891,7.351244901629971,0.6841517857142857,9.262361782025469,0.6812996031746031,6.378980181799877,0.6707589285714286
sihyun77/sihyun_main_2,2,1.0186378359794617,1.1570963859558105,1.2009638965129852,5.583108171915293,0.5942460317460317,9.280718219646188,0.6186755952380952,7.3547405303051105,0.5984623015873016
sihyun77/sihyun_main_2,4,1.1951477229595184,1.3117849230766296,1.4116464674472808,13.679241226797814,0.47780257936507936,14.145827412524868,0.4775545634920635,10.694225268016071,0.4833829365079365
sihyun77/sihyun_main_2,6,1.146855765581131,1.2969993352890015,1.3923750042915344,9.940379177636938,0.5730406746031746,12.962890520324372,0.5830853174603174,9.860192963992763,0.5641121031746031
sihyun77/sihyun_main_2,8,1.2340910017490387,1.3777095079421997,1.4652627289295197,10.322471560495309,0.6316964285714286,12.21875740843632,0.6422371031746031,8.541873509045374,0.6408730158730159
sihyun77/sihyun_main_2,10,1.0189060151576996,1.1926060318946838,1.249492996931076,7.787169181013901,0.5982142857142857,9.310338984717454,0.5949900793650794,5.20341525840451,0.5892857142857143
sihyun77/sihyun_main_2,12,1.0600637793540955,1.2414500713348389,1.3014922320842743,6.378211692631538,0.6567460317460317,10.14468275394944,0.6604662698412699,7.40008729611302,0.6488095238095238
sihyun77/sihyun_main_2,14,1.3866428852081298,1.58014976978302,1.6697642028331756,5.53643814361857,0.6954365079365079,5.76911640515864,0.6817956349206349,4.923781178599353,0.691468253968254
sihyun77/sihyun_main_2,17,1.1709052801132203,1.3189780116081238,1.4053805232048036,12.783470376858677,0.6893601190476191,15.522159765589556,0.6825396825396826,9.968827131671937,0.6634424603174603
sihyun77/sihyun_main_2,19,1.2933055400848388,1.424557626247406,1.5059502363204955,5.8414039878247355,0.7141617063492064,7.866315890405491,0.7265625,5.958713876669914,0.7237103174603174
sihyun77/sihyun_main_2,21,1.2548752129077911,1.315069556236267,1.3884390711784362,9.73029594830316,0.7033730158730159,12.170384270588716,0.7064732142857143,8.218000986565215,0.6770833333333334
sihyun77/sihyun_main_2,23,1.1689218878746033,1.2674318552017212,1.3472461760044099,9.330392476320949,0.6781994047619048,10.94776374709918,0.6883680555555556,7.2228969097796805,0.6780753968253969
sihyun77/sihyun_main_2,25,1.0194599032402039,1.1712621450424194,1.221471893787384,6.433339726404832,0.6202876984126984,7.55483914781552,0.6341765873015873,5.4350910428259205,0.6328125
sihyun77/sihyun_main_2,27,1.0118803262710572,1.1532416939735413,1.1944443881511688,5.598426972593547,0.6471974206349206,5.204093022148922,0.6667906746031746,4.997829841627766,0.6462053571428571
sihyun77/sihyun_main_2,29,1.087282955646515,1.2011881470680237,1.290528804063797,13.160077588356714,0.6847718253968254,16.222784110637722,0.6871279761904762,10.655471689367934,0.6765873015873016
sihyun77/sihyun_main_2,31,1.3975470125675202,1.6390188336372375,1.755776834487915,6.539689839811889,0.7059771825396826,7.429936695501795,0.7046130952380952,6.657496059454379,0.6956845238095238
sihyun77/sihyun_main_2,34,1.2313408434391022,1.3016287088394165,1.3900044202804565,9.463234549130323,0.6794394841269841,10.577190043531274,0.6979166666666666,8.530530835789863,0.6743551587301587
sihyun77/sihyun_main_2,36,1.1898677945137024,1.2986857891082764,1.392344444990158,10.162447200084758,0.7168898809523809,13.092768323765661,0.7219742063492064,8.428533842817082,0.7140376984126984
sihyun77/sihyun_main_2,38,1.3545860826969147,1.5289247632026672,1.6122771143913268,9.854806956295384,0.6419890873015873,13.35747905340121,0.6474454365079365,7.760988039600126,0.6395089285714286
sihyun77/sihyun_main_2,40,1.4567987382411958,1.700277030467987,1.8053034722805024,8.587667272220322,0.7468998015873016,11.391794169072567,0.7313988095238095,7.243565088761301,0.7491319444444444
sihyun77/sihyun_main_2,42,1.3000607669353486,1.479599952697754,1.5641597211360931,7.77869577922962,0.7182539682539683,9.92214200575706,0.7411954365079365,7.430121558841629,0.7229662698412699
sihyun77/sihyun_main_2,44,1.4073417484760284,1.5823060870170593,1.6819878399372101,7.562342283852432,0.7557043650793651,9.232354302213183,0.7643849206349206,7.1893556181268305,0.7566964285714286
sihyun77/sihyun_main_2,46,1.3350045263767243,1.5866361856460571,1.7258064448833466,9.822990010761579,0.6711309523809523,11.672122818400904,0.7023809523809523,7.568256494307225,0.7027529761904762
sihyun77/sihyun_main_2,49,1.2624040067195892,1.3546072840690613,1.4259179055690765,7.79842764801357,0.6968005952380952,9.784642303054397,0.6987847222222222,5.089043093747462,0.6791914682539683
sihyun77/sihyun_main_3,0,1.1700682818889618,1.266457200050354,1.3378200113773346,7.723825456798837,0.7259424603174603,9.036006875240068,0.71875,7.019062490993384,0.7150297619047619
sihyun77/sihyun_main_3,1,1.0015405535697937,1.0836098790168762,1.1608423590660095,13.055766182108794,0.6391369047619048,17.370009671896366,0.6459573412698413,10.476060154859198,0.6501736111111112
sihyun77/sihyun_main_3,2,1.1002821326255798,1.1797974705696106,1.2377090454101562,6.947914275481387,0.5293898809523809,8.709014040501952,0.5331101190476191,6.244096707774944,0.5362103174603174
sihyun77/sihyun_main_3,3,0.85914346575737,0.9614987969398499,1.0176451742649077,9.741988495006716,0.6842757936507936,11.553108141688789,0.7026289682539683,7.326702280307517,0.6700148809523809
sihyun77/sihyun_main_3,5,0.7667553633451462,0.9830442667007446,1.0373522579669952,10.112193248621624,0.7275545634920635,12.388333575971407,0.7284226190476191,8.292329130290307,0.7275545634920635
sihyun77/sihyun_main_3,6,0.7392198860645294,0.9537038505077362,1.0055227994918823,9.163580742636261,0.7307787698412699,11.186709241492494,0.7394593253968254,7.916610676499642,0.7349950396825397
sihyun77/sihyun_main_3,7,1.027074944972992,1.1576693654060364,1.23633114695549,8.478688653269261,0.6212797619047619,10.98435133372287,0.6103670634920635,6.825530329412252,0.6205357142857143
sihyun77/sihyun_main_3,8,0.6649873852729797,0.9791474938392639,1.0181379437446594,6.810398835937806,0.7384672619047619,7.572507735960044,0.7348710317460317,5.531161428976015,0.7387152777777778
sihyun77/sihyun_main_3,10,0.8674243122339249,1.024079442024231,1.073220694065094,9.288888602617703,0.7223462301587301,10.62765743071838,0.7178819444444444,7.544571997388688,0.7185019841269841
sihyun77/sihyun_main_3,11,1.003528368473053,1.120098352432251,1.1750024855136871,8.407935669716728,0.7213541666666666,10.600922033162982,0.7346230158730159,6.514032089676401,0.7344990079365079
sihyun77/sihyun_main_3,12,0.9938741862773895,1.0446688532829285,1.101974070072174,6.860298194318997,0.6667906746031746,10.53935543197914,0.6655505952380952,7.162234789852809,0.6595982142857143
sihyun77/sihyun_main_3,13,0.7245546638965606,0.8951394557952881,0.9281750112771988,7.267280112014336,0.7213541666666666,8.881661230626822,0.71875,6.178474723528825,0.7173859126984127
sihyun77/sihyun_main_3,15,1.2273356139659881,1.3130808472633362,1.3668127536773682,7.265849120781123,0.7425595238095238,8.90028844539557,0.7442956349206349,5.8872957344504275,0.7449156746031746
sihyun77/sihyun_main_3,16,0.8936503142118454,0.9547974765300751,1.0244188845157622,11.409278545222516,0.7077132936507936,14.678721417073314,0.7100694444444444,9.700365093932865,0.7090773809523809
sihyun77/sihyun_main_3,17,0.8892349481582642,1.086319088935852,1.150698447227478,10.20831432740585,0.7388392857142857,13.16523660689904,0.7385912698412699,8.693324754874373,0.7418154761904762
sihyun77/sihyun_main_3,18,0.8928806513547898,1.0507756471633911,1.1038936913013457,9.502784157587541,0.7130456349206349,11.506925724166324,0.7300347222222222,7.116207676864802,0.716765873015873
sihyun77/sihyun_main_3,20,0.7015796661376953,0.8254497647285461,0.8604669094085693,7.9121214680373315,0.6868799603174603,9.217314246885543,0.6804315476190477,7.20260556076934,0.6954365079365079
sihyun77/sihyun_main_3,21,0.7783376753330231,1.003739595413208,1.0615106523036957,11.084627449679235,0.7403273809523809,13.25488735705307,0.7428075396825397,9.3000954126293,0.7354910714285714
sihyun77/sihyun_main_3,22,1.021568614244461,1.1041292548179626,1.150480753183365,6.404748040432974,0.6848958333333334,7.927067418243757,0.6837797619047619,6.115934587691456,0.6650545634920635
sihyun77/sihyun_main_3,23,1.0134729862213134,1.125139057636261,1.2069102466106414,12.001323467985527,0.7185019841269841,15.018464776917686,0.7325148809523809,10.217867599576367,0.7268105158730159
sihyun77/sihyun_main_3,25,0.90414979159832,1.0222437381744385,1.07177175283432,8.219673245205916,0.7110615079365079,10.889383209411527,0.6843998015873016,7.120314022731041,0.7098214285714286
sihyun77/sihyun_main_3,26,0.7862441420555115,1.019331693649292,1.0698066174983978,8.634835102633552,0.7294146825396826,10.678570961169791,0.7317708333333334,7.202333172529327,0.7310267857142857
sihyun77/sihyun_main_3,27,0.8038357198238373,1.0116544961929321,1.0697495937347412,9.9950504525774,0.7108134920634921,12.252709454705528,0.7068452380952381,7.814368386220389,0.7044890873015873
sihyun77/sihyun_main_3,29,0.9469432353973388,1.0368011593818665,1.1001891016960144,9.786852533386664,0.7059771825396826,12.883317062843068,0.7367311507936508,8.873340498105973,0.7181299603174603
sihyun77/suho_3_17_1,0,1.0518477618694306,1.1694855093955994,1.2530939042568208,4.9300638173090485,0.6546378968253969,5.848613936815125,0.6576140873015873,3.9291463066753725,0.6581101190476191
sihyun77/suho_3_17_1,1,1.092124617099762,1.3086105585098267,1.3800426781177522,4.278373372928151,0.5725446428571429,5.598216928724519,0.5854414682539683,3.6523227399087004,0.5827132936507936
sihyun77/suho_3_17_1,2,1.1423301875591279,1.345859408378601,1.424326378107071,5.794338317386162,0.6206597222222222,7.933354684407793,0.6184275793650794,4.678558010109027,0.613343253968254
sihyun77/suho_3_17_1,3,1.1435024738311768,1.3657597303390503,1.4419927060604096,6.608268556315321,0.5979662698412699,6.952712002752749,0.5848214285714286,5.296721005816122,0.6080109126984127
sihyun77/suho_3_17_1,5,0.9475660473108292,1.0458510518074036,1.1216516673564911,5.554355706655007,0.5721726190476191,6.690905498691446,0.5608878968253969,4.591072307140255,0.5710565476190477
sihyun77/suho_3_17_1,6,1.116659152507782,1.1836243271827698,1.2689950048923493,6.86629957065919,0.6489335317460317,8.463619823237325,0.6558779761904762,4.967672078806298,0.6314484126984127
sihyun77/suho_3_17_1,7,1.0908037424087524,1.2086443901062012,1.280302256345749,4.684374240737659,0.7105654761904762,5.70808261032389,0.7033730158730159,3.8759577255878437,0.7132936507936508
sihyun77/suho_3_17_1,8,1.0638797581195831,1.2559159398078918,1.3374627351760864,7.952655850313892,0.5939980158730159,9.789102441991291,0.5880456349206349,7.092211460968663,0.5832093253968254
sihyun77/suho_3_17_1,10,1.1132177889347077,1.2532635927200317,1.3394333243370056,6.551433665509759,0.6006944444444444,8.341013621322508,0.6051587301587301,6.0966074194241715,0.5904017857142857
sihyun77/suho_3_17_1,11,1.1626723825931549,1.3136059045791626,1.387014478445053,3.5693026598601354,0.7108134920634921,4.455928589699199,0.7189980158730159,2.746804380651993,0.7115575396825397
sihyun77/suho_3_17_1,12,1.1601620197296143,1.3309613466262817,1.4092454969882966,6.506411562674711,0.613343253968254,8.9335356159144,0.6200396825396826,5.5211253701114975,0.6137152777777778
sihyun77/suho_3_17_1,13,1.1229468286037445,1.314507007598877,1.395758682489395,7.305113217587013,0.5951140873015873,8.484083780325417,0.595734126984127,5.633638313264768,0.5877976190476191
sihyun77/suho_3_17_1,15,1.138515329360962,1.3099217414855957,1.388302379846573,6.474356282102954,0.597718253968254,8.290410899112885,0.6037946428571429,5.288687126232943,0.5920138888888888
sihyun77/suho_3_17_1,16,1.2052069365978242,1.4027117490768433,1.4946150600910186,7.127060950920686,0.5927579365079365,9.630351874795855,0.6003224206349206,6.142897235903779,0.5958581349206349
sihyun77/suho_3_17_1,17,1.0908083200454712,1.2745546698570251,1.3609011948108674,7.1466872851259025,0.564484126984127,6.744680926858291,0.5554315476190477,5.463680105908706,0.5519593253968254
sihyun77/suho_3_17_1,18,1.075260442495346,1.265202820301056,1.3417874157428742,7.245975264198475,0.5749007936507936,9.278494472333104,0.5765128968253969,4.931216092589226,0.5880456349206349
sihyun77/suho_3_17_1,20,1.1801266074180603,1.3813436627388,1.4735887408256532,7.374908188154829,0.630828373015873,9.435443756543261,0.6374007936507936,6.239636463767772,0.6238839285714286
sihyun77/suho_3_17_1,21,1.0683103442192077,1.271378755569458,1.353876131772995,5.509114956860786,0.6328125,6.510057270695856,0.6345486111111112,4.915338723994541,0.6340525793650794
sihyun77/suho_3_17_1,22,1.1255841672420501,1.3002821207046509,1.3862349033355712,5.782351241908765,0.6300843253968254,7.327719827767394,0.6266121031746031,5.214061042480483,0.6187996031746031
sihyun77/suho_3_17_1,23,1.1689725697040558,1.3130426406860352,1.416183853149414,7.6283056229819755,0.6644345238095238,9.02249348351607,0.6645585317460317,6.469872289453497,0.666046626984127
sihyun77/suho_3_17_1,25,1.021834772825241,1.1454806327819824,1.2335888326168063,3.4227967472369007,0.6612103174603174,4.519260605365007,0.6690228174603174,2.595405670847885,0.6561259920634921
sihyun77/suho_3_17_1,26,1.2118558526039123,1.382195234298706,1.4702187716960908,8.228101063797547,0.6277281746031746,9.975906858637902,0.6421130952380952,6.974823620396497,0.6189236111111112
sihyun77/suho_3_17_1,27,1.18401380777359,1.3143903613090515,1.4109364092350007,6.8230298971163945,0.6199156746031746,8.319633905511298,0.6287202380952381,5.389833955143996,0.6241319444444444
sihyun77/suho_3_17_1,29,1.0853311598300934,1.2218822240829468,1.3247062623500825,6.767787772478107,0.6569940476190477,8.501103573034891,0.6747271825396826,5.372718966777124,0.654265873015873
sihyun77/suho_3_17_3,0,1.2711310863494873,1.3803110122680664,1.5548242092132574,9.79717379276908,0.6123511904761905,12.25142203268645,0.6202876984126984,7.961906855489689,0.6154513888888888
sihyun77/suho_3_17_3,2,1.268785959482193,1.3711464405059814,1.6577333748340608,7.339090732668514,0.7123015873015873,8.658822450430357,0.7173859126984127,4.979528852356297,0.699280753968254
sihyun77/suho_3_17_3,4,1.2416845619678498,1.3555816411972046,1.5991121649742133,11.742406853918858,0.7145337301587301,14.455674171836353,0.7199900793650794,9.450035700506639,0.7124255952380952
sihyun77/suho_3_17_3,6,1.2532398521900177,1.3815770149230957,1.597695803642273,10.835161783215138,0.6458333333333334,13.821438896451216,0.6547619047619048,9.508367635265975,0.6361607142857143
sihyun77/suho_3_17_3,8,1.128173714876175,1.2151474952697754,1.389266049861908,7.907977245177219,0.6767113095238095,9.37202874509991,0.6784474206349206,5.81813756551955,0.6791914682539683
sihyun77/suho_3_17_3,10,1.217906105518341,1.3268683552742004,1.597498291730881,10.168967966240917,0.6493055555555556,12.30829560981494,0.6382688492063492,9.122660079041061,0.6551339285714286
sihyun77/suho_3_17_3,12,1.2666464865207672,1.379683256149292,1.6204909026622785,8.241596359538578,0.6463293650793651,10.38244852173046,0.6449652777777778,7.119845632545504,0.6442212301587301
sihyun77/suho_3_17_3,14,1.3280978083610535,1.4400777220726013,1.6777056574821474,8.159570306562749,0.6846478174603174,10.747281337613574,0.6940724206349206,7.713349368382533,0.691344246031746
sihyun77/suho_3_17_3,17,1.243595540523529,1.349236011505127,1.5529818058013918,9.272689061196127,0.6215277777777778,11.333535012002345,0.6485615079365079,6.885639908676495,0.6465773809523809
sihyun77/suho_3_17_3,19,1.2359047174453734,1.3320433497428894,1.542600452899933,9.045135017536692,0.6755952380952381,11.131388899716818,0.6810515873015873,7.737357343413515,0.6705109126984127
sihyun77/suho_3_17_3,21,1.2922624051570892,1.4020525217056274,1.6277566015720368,10.842988938198676,0.6685267857142857,13.183696822161913,0.6659226190476191,8.692149750348797,0.6516617063492064
sihyun77/suho_3_17_3,23,1.2634329736232757,1.396170735359192,1.555657655000687,12.704686682507747,0.6236359126984127,15.041260831255912,0.644593253968254,10.129897571608295,0.6334325396825397
sihyun77/suho_3_17_3,25,1.2301172196865082,1.3380744457244873,1.4983137726783757,10.202011260561298,0.5985863095238095,13.157407316065328,0.6118551587301587,8.436009591501461,0.6072668650793651
sihyun77/suho_3_17_3,27,1.2262832760810851,1.3323805928230286,1.5657438099384309,11.811010567258224,0.6794394841269841,13.42785298190145,0.6722470238095238,9.894972275956485,0.6734871031746031
sihyun77/suho_3_17_3,29,1.1959267199039458,1.3118700981140137,1.4804499328136445,12.20311178460134,0.6871279761904762,14.903309642116922,0.6898561507936508,10.310056952617185,0.6788194444444444
sihyun77/suho_3_17_3,31,1.3509938955307006,1.4643852710723877,1.7089639961719516,9.886164487130575,0.6493055555555556,12.460175586394747,0.6677827380952381,8.002117076845243,0.6653025793650794
sihyun77/suho_3_17_3,34,1.2482391536235808,1.3714675307273865,1.5843521475791935,10.420657613051977,0.6697668650793651,14.228845393648276,0.6551339285714286,8.38583554737414,0.6643105158730159
sihyun77/suho_3_17_3,36,1.270268052816391,1.3954502940177917,1.6330269932746901,11.439761097221044,0.6483134920634921,12.115135087834346,0.6223958333333334,8.605031500410274,0.638640873015873
sihyun77/suho_3_17_3,38,1.2634970128536225,1.386069416999817,1.6067593932151796,12.726377147371828,0.6747271825396826,16.11248746253308,0.693328373015873,11.131300452697245,0.6822916666666666
sihyun77/suho_3_17_3,40,1.2372262001037597,1.3407346606254578,1.5683395922183994,9.96898495139337,0.7078373015873016,12.141662218621066,0.7088293650793651,7.777358363215785,0.6925843253968254
sihyun77/suho_3_17_3,42,1.310120177268982,1.4286536574363708,1.6311636269092564,9.078223987683579,0.6393849206349206,11.846646156115451,0.6360367063492064,7.99146313507369,0.6320684523809523
sihyun77/suho_3_17_3,44,1.2455605089664459,1.3395994901657104,1.5955589652061484,7.0589139470402404,0.7005208333333334,8.327112394540134,0.7015128968253969,5.735896165366244,0.6907242063492064
sihyun77/suho_3_17_3,46,1.2892457246780396,1.3949590921401978,1.6147655129432679,10.211396994270219,0.6471974206349206,13.218584972293765,0.6507936507936508,8.935998374024205,0.6558779761904762
sihyun77/suho_3_17_3,49,1.3781357288360596,1.482174277305603,1.7242610573768622,5.164977537342807,0.6403769841269841,5.100195897204159,0.6346726190476191,3.5665039157726897,0.6307043650793651
sihyun77/suho_main_2,0,1.0530701518058776,1.1469546556472778,1.2039186894893645,8.722513704779407,0.46304563492063494,11.943307417059767,0.466765873015873,6.900550351481487,0.46081349206349204
sihyun77/suho_main_2,2,1.3157631993293761,1.4161897897720337,1.4996538400650024,4.916454594046566,0.4859871031746032,10.166685201442629,0.48648313492063494,9.376599434456315,0.49689980158730157
sihyun77/suho_main_2,4,1.2120575845241546,1.3631720542907715,1.4862804591655732,9.253063833591172,0.5074404761904762,9.912028956071723,0.5295138888888888,6.375259836940998,0.5181051587301587
sihyun77/suho_main_2,6,1.3182506740093232,1.5256784558296204,1.656839418411255,7.438171882362419,0.5021081349206349,9.072118264673001,0.5079365079365079,6.075928569247214,0.5042162698412699
sihyun77/suho_main_2,9,1.3316750288009644,1.5279199481010437,1.6330460786819458,8.721545304474494,0.7434275793650794,11.245999341767583,0.7423115079365079,6.092715350947279,0.7199900793650794
sihyun77/suho_main_2,11,1.0910152196884155,1.1716256141662598,1.2440182328224183,11.982816080810526,0.6636904761904762,14.416934702671004,0.6701388888888888,10.359494149343256,0.6589781746031746
sihyun77/suho_main_2,13,1.1906748592853547,1.3322336077690125,1.4185372591018677,10.157394146199596,0.7269345238095238,12.102941391530617,0.7251984126984127,8.329729469313943,0.7189980158730159
sihyun77/suho_main_2,15,1.1627412497997285,1.2294882535934448,1.2875568389892578,9.242778604610189,0.6819196428571429,10.860856060342726,0.7094494047619048,7.56810091605768,0.6925843253968254
sihyun77/suho_main_2,18,1.2077900826931,1.3241509795188904,1.409728455543518,9.10277896044513,0.7476438492063492,11.09219194706179,0.7557043650793651,7.339759063830054,0.7580605158730159
sihyun77/suho_main_2,20,1.4100303590297698,1.6363585591316223,1.732095515727997,6.911144578127342,0.765625,7.7591669958506095,0.7600446428571429,5.773056080117099,0.7593005952380952
sihyun77/suho_main_2,22,1.2586869418621063,1.4750484228134155,1.5936203837394716,7.3474538787891905,0.7388392857142857,9.404750638249869,0.7393353174603174,6.317610327157046,0.7405753968253969
sihyun77/suho_main_2,24,1.1424248695373536,1.2895803451538086,1.3692301690578461,6.393717335893699,0.5983382936507936,8.68995749364394,0.6050347222222222,6.128710996916007,0.6130952380952381
sihyun77/suho_main_2,27,1.2655076324939727,1.4436274766921997,1.5286584496498108,9.880195429929897,0.642609126984127,9.360592344762381,0.6324404761904762,6.78506650524226,0.6476934523809523
sihyun77/suho_main_2,29,0.979042249917984,1.0512502193450928,1.112166166305542,10.92106379819615,0.5902777777777778,13.177631128895248,0.6175595238095238,9.676825756955575,0.5985863095238095
sihyun77/suho_main_2,31,1.0102315604686738,1.073811113834381,1.1488403856754303,11.741114662066353,0.6297123015873016,14.452294683397582,0.6310763888888888,10.000833653918937,0.6287202380952381
sihyun77/suho_main_2,33,1.4444740056991576,1.6552850008010864,1.741128921508789,5.964205150762485,0.8048115079365079,7.607154998919696,0.8031994047619048,4.801833845443191,0.8049355158730159
sihyun77/suho_main_2,36,1.2432209730148316,1.33910071849823,1.438405555486679,12.71369000545394,0.6935763888888888,15.295821107654815,0.6943204365079365,10.416540730026846,0.6951884920634921
sihyun77/suho_main_2,38,1.0410883128643036,1.1283537149429321,1.2313309967517854,12.772631008313114,0.7209821428571429,15.428611606450321,0.7192460317460317,10.368568080763122,0.7130456349206349
sihyun77/suho_main_2,40,1.3743459463119507,1.4976468682289124,1.6010153651237489,9.120225766660505,0.7194940476190477,10.938444985511849,0.728546626984127,7.163522053480939,0.7274305555555556
sihyun77/suho_main_2,42,1.3230436205863954,1.519926905632019,1.6257869720458984,9.429233841059983,0.7683531746031746,12.493339586743284,0.7764136904761905,7.877162925010408,0.7614087301587301
sihyun77/suho_main_2,45,0.9812740385532379,1.0840595960617065,1.1305559158325196,6.692986245065025,0.5699404761904762,7.908051711329225,0.5777529761904762,5.752717577497672,0.5680803571428571
sihyun77/suho_main_2,47,1.3103210568428039,1.5358121991157532,1.6461425960063933,11.100283514732858,0.6743551587301587,13.469496497633168,0.6768353174603174,8.68278927778389,0.6615823412698413
sihyun77/suho_main_2,49,1.412526047229767,1.6835889220237732,1.8084205210208892,8.722874012544407,0.7001488095238095,10.189084669960065,0.6961805555555556,6.551703048036622,0.6940724206349206
sihyun77/suho_main_2,52,1.4260141730308533,1.6956558227539062,1.801952564716339,6.8902245880009545,0.7336309523809523,8.914668781022375,0.7157738095238095,5.2411606585725385,0.7271825396825397
sixpigs1/so100_pick_cube_in_box,0,1.151760071516037,1.8955134153366089,3.4401172041893004,67.51686820647677,0.6605902777777778,71.81664160294062,0.7316468253968254,64.22015221319066,0.5988343253968254
sixpigs1/so100_pick_cube_in_box,4,1.0125279784202577,1.6272227764129639,3.1690829396247864,66.05849843318997,0.5393105158730159,70.47123988634739,0.6121031746031746,57.88542025759854,0.4868551587301587
sixpigs1/so100_pick_cube_in_box,8,0.917766198515892,1.4750744104385376,2.796061098575592,67.5609270124607,0.7090773809523809,71.95531657174323,0.7966269841269841,64.23505793952351,0.6572420634920635
sixpigs1/so100_pick_cube_in_box,12,0.9816383481025696,1.0413053631782532,1.8630924105644227,3.5738527987310738,0.4011656746031746,3.3467919297437057,0.3933531746031746,3.1397450078454106,0.4009176587301587
sixpigs1/so100_pick_cube_in_box,17,0.9864514946937561,1.105376422405243,1.444110381603241,13.409398907516396,0.39546130952380953,14.234582504818057,0.4076140873015873,9.4145473153571,0.4046378968253968
sixpigs1/so100_pick_cube_in_box,21,1.1348769068717957,1.2027097344398499,1.7071618378162385,4.841407304971772,0.45101686507936506,6.876461424149742,0.4573412698412698,3.9872775638919467,0.4603174603174603
sixpigs1/so100_pick_cube_in_box,25,1.0036844849586486,1.0683304071426392,1.6689415335655213,6.05453183513,0.4466765873015873,9.760780523090116,0.4660218253968254,7.443472444703297,0.46081349206349204
sixpigs1/so100_pick_cube_in_box,30,1.2675237119197846,1.395475685596466,2.2705851793289185,10.359361209098887,0.357390873015873,14.352022088686482,0.32849702380952384,4.734331232741178,0.3369295634920635
sixpigs1/so100_pick_cube_in_box,34,1.1179030895233155,1.218145489692688,1.852382868528366,5.371405789615459,0.34561011904761907,5.569507027694018,0.349578373015873,5.119980284388321,0.32837301587301587
sixpigs1/so100_pick_cube_in_box,38,1.0635860741138459,1.1252930760383606,1.667660117149353,11.151042309052304,0.3490823412698413,6.830384887348459,0.3482142857142857,5.25381911556944,0.3451140873015873
sixpigs1/so100_pick_cube_in_box,43,1.1071769535541534,1.1769263744354248,1.497392177581787,4.10493894155381,0.5539434523809523,5.198819203791869,0.5525793650793651,3.5845201881468602,0.5641121031746031
sixpigs1/so100_pick_cube_in_box,47,1.2514058291912078,1.3116896152496338,1.4322856843471528,8.855788476286085,0.5462549603174603,10.690359840699088,0.5651041666666666,5.9622985728300595,0.5427827380952381
sixpigs1/so100_pick_cube_in_box,51,1.0400487780570984,1.1443049907684326,1.268321418762207,13.683948196201662,0.5205853174603174,16.33676361056704,0.5234375,10.705813273528145,0.5217013888888888
sixpigs1/so100_pick_cube_in_box,55,1.1744287848472594,1.2678751945495605,1.6615514218807221,12.29510387442027,0.6065228174603174,15.221531199789915,0.6078869047619048,9.550058286846236,0.5905257936507936
sixpigs1/so100_pick_cube_in_box,60,1.030622625350952,1.1476724743843079,1.2752584934234619,14.999026549192813,0.6343005952380952,17.639856381242097,0.6293402777777778,12.715055479025217,0.6216517857142857
sixpigs1/so100_pick_cube_in_box,64,1.47677943110466,1.6486583948135376,1.8203190326690675,10.572072503945288,0.5866815476190477,12.6393956302246,0.5802331349206349,9.1036639595335,0.5860615079365079
sixpigs1/so100_pick_cube_in_box,68,0.887401458621025,1.1777061820030212,1.3102302849292755,18.953974121692525,0.4583333333333333,22.916402081836335,0.47668650793650796,13.962584346579048,0.4280753968253968
sixpigs1/so100_pick_cube_in_box,73,1.1602983236312867,1.3198010325431824,1.459242355823517,13.581363220601514,0.4732142857142857,16.50201752614983,0.478546626984127,11.293583365563263,0.4775545634920635
sixpigs1/so100_pick_cube_in_box,77,1.0031046450138092,1.1373343467712402,1.208455455303192,10.045825610535374,0.5803571428571429,13.894427437569405,0.5799851190476191,8.244645257665212,0.5814732142857143
sixpigs1/so100_pick_cube_in_box,81,0.970830711722374,1.050744891166687,1.1139294445514678,9.785104483001858,0.5034722222222222,8.518389331291266,0.5110367063492064,6.792491283456572,0.5183531746031746
sixpigs1/so100_pick_cube_in_box,86,1.2353625774383545,1.3618098497390747,1.5049747288227082,12.993638041244278,0.34077380952380953,15.00008217281371,0.3679315476190476,9.05711812978266,0.3421378968253968
sixpigs1/so100_pick_cube_in_box,90,1.343549633026123,1.4451187252998352,1.6332012593746186,10.24854777693856,0.6150793650793651,13.584009809721703,0.6092509920634921,8.74992248609867,0.6173115079365079
sixpigs1/so100_pick_cube_in_box,94,0.9678098559379578,1.1922545433044434,1.2824562907218933,13.99401311081969,0.5084325396825397,16.24633562049772,0.529265873015873,11.055600670845317,0.5251736111111112
sixpigs1/so100_pick_cube_in_box,99,1.1362900972366332,1.2344478368759155,1.3421549201011658,9.781707960802233,0.5755208333333334,11.694400906188529,0.5935019841269841,8.003417168849776,0.5621279761904762
sixpigs1/so100_stack_cube_error,0,1.3129070341587066,2.0990794897079468,3.0164051890373234,59.47488676733473,0.759796626984127,64.57365955500806,0.8153521825396826,54.04080989735714,0.6968005952380952
sixpigs1/so100_stack_cube_error,3,1.5474021196365357,2.339745879173279,3.3656015515327455,58.759323138554954,0.6852678571428571,63.94869712656148,0.7435515873015873,52.32745575537415,0.6298363095238095
sixpigs1/so100_stack_cube_error,6,1.1608331859111787,1.8459383249282837,2.7454742550849915,56.67512673572253,0.6202876984126984,61.525271940934694,0.669890873015873,51.52956924201491,0.5818452380952381
sixpigs1/so100_stack_cube_error,10,1.2228905379772186,1.9584481120109558,2.7340099215507507,59.71259295241699,0.6247519841269841,65.383563654444,0.6856398809523809,54.3276998089576,0.5713045634920635
sixpigs1/so100_stack_cube_error,13,1.043683797121048,1.6836087703704834,2.4850939750671386,57.595250846026275,0.6346726190476191,62.90927305022066,0.7012648809523809,52.54484935932011,0.587921626984127
sixpigs1/so100_stack_cube_error,17,0.9802525788545609,1.6117843985557556,2.4438285350799562,57.64423014176598,0.6541418650793651,63.06625306946486,0.7025049603174603,52.360041258685676,0.6169394841269841
sixpigs1/so100_stack_cube_error,20,1.3516000807285309,2.0314149856567383,2.9693345069885257,57.34244590563129,0.7216021825396826,62.88657343332922,0.7894345238095238,51.99344937850515,0.6819196428571429
sixpigs1/so100_stack_cube_error,24,1.298336035013199,2.0837002992630005,2.84893262386322,56.61126614595766,0.7028769841269841,62.093411504603864,0.7611607142857143,51.128372266491425,0.6478174603174603
sixpigs1/so100_stack_cube_error,27,1.1534705758094788,1.8743085265159607,2.554974150657654,58.758336546222665,0.6469494047619048,63.013443593673216,0.7214781746031746,51.56503186015448,0.6016865079365079
sixpigs1/so100_stack_cube_error,30,1.2549128472805022,2.008530020713806,2.925217199325562,59.94535686762078,0.6688988095238095,66.05489444198088,0.7642609126984127,54.85757237131791,0.6166914682539683
sixpigs1/so100_stack_cube_error,34,1.4250455439090728,2.245737075805664,3.1880908012390137,59.530457922318504,0.7782738095238095,64.87325290972937,0.833953373015873,54.639743021218834,0.7430555555555556
sixpigs1/so100_stack_cube_error,37,1.2539951860904694,2.0796420574188232,2.92283707857132,59.25601828283377,0.7399553571428571,64.64480386727035,0.7953869047619048,53.843200916381086,0.6904761904761905
sixpigs1/so100_stack_cube_error,41,1.1147772133350373,1.898427426815033,2.716830813884735,60.69377950463488,0.7659970238095238,65.91228675584856,0.8394097222222222,55.90176724592628,0.6977926587301587
sixpigs1/so100_stack_cube_error,44,1.0728105127811431,1.7593428492546082,2.5727214932441713,58.13960663071484,0.7764136904761905,63.71857542921042,0.8250248015873016,53.137114075350986,0.722594246031746
sixpigs1/so100_stack_cube_error,48,1.0563267111778258,1.7537530064582825,2.489744997024536,59.25821959590907,0.6684027777777778,64.40774360094065,0.7410714285714286,54.138008982151035,0.6092509920634921
sixpigs1/so100_stack_cube_error,51,1.0456367552280426,1.7773340940475464,2.6186877131462096,60.957597278256124,0.7242063492063492,65.81890001454686,0.8198164682539683,55.711819300538394,0.6639384920634921
sixpigs1/so100_stack_cube_error,54,1.1939794361591338,1.9934014081954956,2.8347793340682985,58.92839373942454,0.6553819444444444,63.98981240890141,0.7229662698412699,53.75632516858826,0.6310763888888888
sixpigs1/so100_stack_cube_error,58,1.0601795136928558,1.7543097138404846,2.4409706592559814,59.05018738151448,0.7842261904761905,64.25722060836934,0.8412698412698413,54.095411587629854,0.7053571428571429
sixpigs1/so100_stack_cube_error,61,1.280705416202545,2.1556191444396973,3.0226579785346988,60.03047197934649,0.6737351190476191,65.3701710229926,0.7672371031746031,54.85746796267804,0.611359126984127
sixpigs1/so100_stack_cube_error,65,1.1036643385887146,1.7994583249092102,2.59134978055954,58.499985099935095,0.7110615079365079,64.08023212957262,0.7735615079365079,52.79380411554517,0.6649305555555556
sixpigs1/so100_stack_cube_error,68,1.0232323288917542,1.6609639525413513,2.431927788257599,57.78116033259614,0.6783234126984127,63.03594898279839,0.7366071428571429,52.37719962650663,0.6334325396825397
sixpigs1/so100_stack_cube_error,72,1.079754763841629,1.8127484917640686,2.5313069462776183,60.46952297567388,0.7626488095238095,65.30549238587255,0.8358134920634921,55.04042059146508,0.7106894841269841
sixpigs1/so100_stack_cube_error,75,1.0793989181518555,1.7881780862808228,2.55593056678772,60.17683683843264,0.7876984126984127,65.2016221388035,0.8528025793650794,54.78182836239894,0.7492559523809523
sixpigs1/so100_stack_cube_error,79,1.141281670331955,1.849990427494049,2.874373757839203,57.65085195613853,0.6882440476190477,63.14370795716539,0.7542162698412699,52.54187658379026,0.6380208333333334
therarelab/so100_pick_place_2,0,0.5815228819847107,1.3616710901260376,3.8341928362846374,73.8447156069109,0.7719494047619048,76.53580632144974,0.8883928571428571,70.20796787143072,0.7064732142857143
therarelab/so100_pick_place_2,2,0.6022838890552521,1.375947654247284,3.8603655576705935,73.65364298647185,0.8120039682539683,76.90245860636453,0.8948412698412699,70.47261501513941,0.736359126984127
therarelab/so100_pick_place_2,5,0.5825283139944076,1.315470278263092,3.9011250138282776,73.6554776191793,0.8370535714285714,76.79827985755185,0.9284474206349206,69.86200737012672,0.7378472222222222
therarelab/so100_pick_place_2,7,0.5902472585439682,1.402240812778473,3.8574288368225096,74.41368391560951,0.8270089285714286,77.24630434485803,0.9210069444444444,71.14047437480048,0.7431795634920635
therarelab/so100_pick_place_2,10,0.6228506356477738,1.3040435910224915,3.693067491054535,71.66956752772583,0.7876984126984127,75.23560305546198,0.8645833333333334,68.59744201684477,0.7123015873015873
therarelab/so100_pick_place_2,12,0.5225102692842484,1.2807433009147644,3.649926483631134,75.13713797357563,0.7937748015873016,77.90200447378463,0.8949652777777778,72.1617791645557,0.7151537698412699
therarelab/so100_pick_place_2,15,0.6230868607759475,1.338008463382721,3.8819875478744508,72.41019625918611,0.7867063492063492,75.68959177778417,0.8423859126984127,68.97205892821886,0.6852678571428571
therarelab/so100_pick_place_2,17,0.5716038078069687,1.2830277681350708,3.8553201079368593,75.04805541019857,0.7821180555555556,77.82043216737222,0.8510664682539683,71.84037872069328,0.6956845238095238
therarelab/so100_pick_place_2,20,0.5336345285177231,1.2476633787155151,3.752004969120026,74.90593329651716,0.7885664682539683,77.8085523311405,0.8617311507936508,71.67600539221532,0.7032490079365079
therarelab/so100_pick_place_2,23,0.5567436516284943,1.2619288563728333,3.9756415963172915,73.6099982000353,0.8067956349206349,77.30495790251435,0.8902529761904762,70.66656884566792,0.7286706349206349
therarelab/so100_pick_place_2,25,0.5807443618774414,1.398465633392334,3.8308934807777404,75.02778606432858,0.8005952380952381,77.77830311832722,0.9185267857142857,71.52944173790374,0.7099454365079365
therarelab/so100_pick_place_2,28,0.5667697429656983,1.1968293190002441,3.573942279815674,72.39469905384672,0.8075396825396826,75.96281423952027,0.8991815476190477,69.12244187857426,0.7521081349206349
therarelab/so100_pick_place_2,30,1.6050026893615723,3.363402009010315,3.7664252281188966,75.54366524307548,0.9239831349206349,78.0960383878661,0.9549851190476191,72.87158334007664,0.8881448412698413
therarelab/so100_pick_place_2,33,0.8216959595680237,2.2250384092330933,2.9805978894233705,78.96678130268145,0.9081101190476191,81.10218400888186,0.9542410714285714,76.67234363102845,0.8473462301587301
therarelab/so100_pick_place_2,35,1.3643172562122345,2.7181438207626343,3.1100327253341677,75.7900419003569,0.8566468253968254,78.21112975615837,0.8940972222222222,72.96716674659382,0.8210565476190477
therarelab/so100_pick_place_2,38,1.310374641418457,2.694674253463745,2.920691978931427,81.39674727092302,0.7218501984126984,82.81522039542249,0.7449156746031746,79.44867326987334,0.6970486111111112
therarelab/so100_pick_place_2,41,1.7347714722156524,3.1849385499954224,3.412429618835449,78.74652919775859,0.6862599206349206,80.91700758220792,0.707093253968254,77.16339137917561,0.6403769841269841
therarelab/so100_pick_place_2,43,1.5866380274295806,2.6488566398620605,2.8697886228561402,76.7679048169584,0.6625744047619048,78.59916350949926,0.699280753968254,74.23241754450864,0.6179315476190477
therarelab/so100_pick_place_2,46,1.073141884803772,2.074682831764221,2.276234173774719,79.50325363763292,0.714781746031746,80.89789734481917,0.7677331349206349,77.31436403853132,0.6834077380952381
therarelab/so100_pick_place_2,48,1.2551695644855498,2.407641291618347,2.6115073680877687,79.77585679981091,0.6927083333333334,81.29009466397,0.7418154761904762,78.36584249405786,0.6170634920634921
therarelab/so100_pick_place_2,51,1.5125199198722838,2.9551384449005127,3.1376922965049743,80.3522588391326,0.7001488095238095,81.49277333247818,0.7601686507936508,78.3148583561864,0.6717509920634921
therarelab/so100_pick_place_2,53,1.3901029169559478,2.873063325881958,3.0414955854415893,82.09418206871634,0.7366071428571429,83.37616728136449,0.7622767857142857,80.49893987286906,0.7067212301587301
therarelab/so100_pick_place_2,56,1.5706988155841828,3.311771512031555,3.587252175807953,80.25201308916652,0.7802579365079365,81.81355861566544,0.8070436507936508,78.45682256290904,0.7566964285714286
therarelab/so100_pick_place_2,59,0.9541888743638992,2.718918561935425,2.974511194229126,84.39249021781346,0.7511160714285714,85.28423030050382,0.7843501984126984,82.96613214743103,0.7219742063492064
tkc79/so100_lego_box_1,0,1.563618117570877,1.7747183442115784,1.982154506444931,6.771032688185933,0.45870535714285715,7.781596934021008,0.45163690476190477,7.6856161282398485,0.4368799603174603
tkc79/so100_lego_box_1,4,1.3160975515842437,1.4493884444236755,1.6246802985668183,9.897396534435154,0.375,12.06022502328032,0.3629712301587302,8.354492320227685,0.3709077380952381
tkc79/so100_lego_box_1,8,1.3606913447380067,1.5595274567604065,1.6751123726367951,2.0204231605095084,0.3038194444444444,2.337912654499327,0.3054315476190476,1.8374951138139641,0.3118799603174603
tkc79/so100_lego_box_1,13,1.2866909742355346,1.5726801753044128,1.659265398979187,4.369687824845918,0.4242311507936508,6.860869979058965,0.4305555555555556,4.326218313970407,0.4466765873015873
tkc79/so100_lego_box_1,17,1.3629802584648132,1.6140452027320862,1.7601779878139496,8.211284658590452,0.39831349206349204,13.960843348565891,0.39818948412698413,7.349002559698258,0.41183035714285715
tkc79/so100_lego_box_1,22,1.7290006935596467,1.8937634229660034,2.1007079482078552,5.530062958240432,0.5916418650793651,4.828968863169785,0.5936259920634921,5.128774381292453,0.5887896825396826
tkc79/so100_lego_box_1,26,1.7819072782993317,1.9800192713737488,2.161569154262543,7.975677229388924,0.5044642857142857,10.076009084720742,0.5032242063492064,6.426722377466481,0.5049603174603174
tkc79/so100_lego_box_1,31,1.9454143941402435,2.3282933235168457,2.467018163204193,6.339390599107222,0.33568948412698413,12.570962739344274,0.35949900793650796,7.8896871132258335,0.3732638888888889
tkc79/so100_lego_box_1,35,2.062922751903534,2.145462393760681,2.2157872796058653,1.2059340318972238,0.7197420634920635,2.092841188439862,0.7041170634920635,1.054062839900563,0.7116815476190477
tkc79/so100_lego_box_1,40,1.4589048981666566,1.851060152053833,2.0373220920562742,14.928054081651934,0.22879464285714285,22.793444299124992,0.2279265873015873,13.355231958074347,0.23040674603174602
tkc79/so100_lego_box_1,44,1.5478189885616302,1.6955713629722595,1.8707613408565522,7.174659599531063,0.5747767857142857,8.707186949248674,0.5969742063492064,6.481258009694893,0.5652281746031746
tkc79/so100_lego_box_1,49,1.521436297893524,1.7700774669647217,1.9040688574314117,8.994183075316135,0.49677579365079366,10.46935273289386,0.48412698412698413,7.209194234559962,0.5011160714285714
tkc79/so100_lego_box_1,53,1.396617019176483,1.5418960452079773,1.8043693423271179,13.442463183366026,0.503844246031746,17.167279825491192,0.49503968253968256,11.67495839161142,0.5031001984126984
tkc79/so100_lego_box_1,58,1.3661669373512269,1.4319108128547668,1.5769891142845154,6.739386627048596,0.5445188492063492,9.12162611354084,0.542906746031746,6.028313653642646,0.5399305555555556
tkc79/so100_lego_box_1,62,1.5780902206897736,1.7998146414756775,1.9173878967761993,4.50676087456118,0.4029017857142857,8.28730764147125,0.4037698412698413,5.016064229440347,0.3898809523809524
tkc79/so100_lego_box_1,67,1.3045726895332337,1.4566722512245178,1.6029070913791656,3.666181617925875,0.44208829365079366,5.073426707181442,0.4388640873015873,3.9246582550427904,0.46068948412698413
tkc79/so100_lego_box_1,71,1.6073778986930847,1.8083985447883606,2.0377745032310486,10.93727508901545,0.4644097222222222,14.329658282913623,0.4773065476190476,8.27004098846214,0.47172619047619047
tkc79/so100_lego_box_1,76,1.7323759138584136,1.9096615314483643,2.080199360847473,6.8645854245207065,0.5615079365079365,7.774506127878345,0.5482390873015873,6.44734492209168,0.5551835317460317
tkc79/so100_lego_box_1,80,1.7143620908260346,1.9348143339157104,2.118766927719116,8.462250718463254,0.5032242063492064,8.160412424362319,0.49875992063492064,6.461957158235432,0.5088045634920635
tkc79/so100_lego_box_1,85,1.4315123438835144,1.9386334419250488,2.1426398158073425,20.282177959192087,0.21651785714285715,10.671454570333752,0.21924603174603174,6.679405818667658,0.22594246031746032
tkc79/so100_lego_box_1,89,1.3674379348754884,1.657490313053131,1.8035289227962494,10.807513188820808,0.5052083333333334,12.10764773569301,0.5095486111111112,8.744420592926827,0.49776785714285715
tkc79/so100_lego_box_1,94,1.5158335089683532,1.8535860776901245,1.9594587624073028,11.268199608201156,0.5026041666666666,12.373425046673423,0.5044642857142857,8.69059036635254,0.5027281746031746
tkc79/so100_lego_box_1,98,1.3607044994831086,1.6128602623939514,1.7416157066822051,18.455118152043063,0.26351686507936506,20.825127400962746,0.27393353174603174,15.389011557399193,0.27232142857142855
tkc79/so100_lego_box_1,103,1.7515752255916595,1.875041902065277,2.042359280586243,5.962364327009008,0.38293650793650796,8.751314257762052,0.37611607142857145,4.863490962360567,0.3697916666666667
tkc79/so100_lego_box_2,0,1.2108892142772674,1.499230444431305,2.6526687502861024,32.58535367595676,0.5243055555555556,39.067283115800215,0.543030753968254,26.891218405594714,0.49342757936507936
tkc79/so100_lego_box_2,2,1.1737642586231232,1.4188833832740784,2.595273995399475,26.193296546742076,0.4625496031746032,33.721204471427015,0.48462301587301587,21.669322628699934,0.4556051587301587
tkc79/so100_lego_box_2,4,1.187550151348114,1.425575315952301,2.6923946738243103,28.196287853530652,0.47346230158730157,33.12063648031736,0.49677579365079366,23.106614012795106,0.47185019841269843
tkc79/so100_lego_box_2,6,1.0802185177803039,1.3451380729675293,2.6410396456718446,28.56713691298928,0.45944940476190477,34.18136382234971,0.4732142857142857,23.286625285705725,0.41257440476190477
tkc79/so100_lego_box_2,8,1.350772786140442,1.6108287572860718,2.64644113779068,29.245037039663828,0.4830109126984127,33.750622582555685,0.49541170634920634,24.215734295106692,0.4661458333333333
tkc79/so100_lego_box_2,10,1.1994748711585999,1.4326373934745789,2.7838008999824524,28.391153482320576,0.5026041666666666,33.447875285968884,0.5314980158730159,24.269837977036012,0.5022321428571429
tkc79/so100_lego_box_2,13,1.3188219845294953,1.600511372089386,2.6198647260665893,24.03102629638394,0.48821924603174605,32.79170555922605,0.5122767857142857,20.561703749517086,0.48412698412698413
tkc79/so100_lego_box_2,15,1.2704703390598298,1.5115293264389038,2.7825621008872985,26.08334892735257,0.4712301587301587,34.96785785913938,0.49181547619047616,25.06909450685433,0.45498511904761907
tkc79/so100_lego_box_2,17,1.1799350321292876,1.4158962965011597,2.7098901152610777,24.070955007339172,0.4388640873015873,35.348453924718434,0.4425843253968254,24.672009489961557,0.42373511904761907
tkc79/so100_lego_box_2,19,0.9016636818647384,1.389076054096222,2.558595407009125,30.952723039706886,0.26339285714285715,37.310945233036804,0.2709573412698413,24.212870000286205,0.2744295634920635
tkc79/so100_lego_box_2,21,1.258737564086914,1.5607908368110657,2.6757747173309325,32.74186299619654,0.49007936507936506,38.752321114174265,0.5148809523809523,28.435171176845873,0.4677579365079365
tkc79/so100_lego_box_2,23,1.140416580438614,1.395078957080841,2.84215669631958,26.733208797169553,0.48152281746031744,33.72376961745911,0.49677579365079366,21.340905664180003,0.45783730158730157
tkc79/so100_lego_box_2,26,1.5917038142681121,1.9171696305274963,3.1227062463760378,28.740769533571655,0.5714285714285714,30.996160256849606,0.5850694444444444,21.307143695697388,0.5623759920634921
tkc79/so100_lego_box_2,28,0.9135268747806549,1.3852972984313965,2.4955437898635866,29.825144155619864,0.2785218253968254,36.23487891843249,0.28162202380952384,21.16946430453876,0.2692212301587302
tkc79/so100_lego_box_2,30,1.3129717648029327,1.630771517753601,2.780314099788666,31.346393996166025,0.38764880952380953,43.45364968398355,0.4105902777777778,25.572592666943756,0.38839285714285715
tkc79/so100_lego_box_2,32,1.291363686323166,1.5415526628494263,2.5962421774864195,26.72236559295065,0.5076884920634921,32.63325558203437,0.5126488095238095,22.55055880447425,0.4931795634920635
tkc79/so100_lego_box_2,34,1.378602111339569,1.678856611251831,2.8533198952674867,31.55753712440189,0.5026041666666666,36.5716616380493,0.5198412698412699,25.258687778762585,0.48561507936507936
tkc79/so100_lego_box_2,36,1.21547828912735,1.4570853114128113,2.779035413265228,29.959022583088878,0.4730902777777778,34.501200302897,0.49603174603174605,24.264320520697503,0.44816468253968256
tkc79/so100_lego_box_2,39,1.0712351262569428,1.5597000122070312,2.6414281606674193,26.836788423777037,0.30654761904761907,33.06877440670027,0.2853422619047619,23.12508167049728,0.2867063492063492
tkc79/so100_lego_box_2,41,1.2276529788970947,1.5026726722717285,2.5556376218795775,27.961949505047016,0.5378224206349206,34.953899893405236,0.5505952380952381,23.896232508601013,0.5347222222222222
tkc79/so100_lego_box_2,43,1.1673642694950104,1.5867180824279785,2.6495659351348877,27.29310610873273,0.2993551587301587,32.699324580134466,0.29290674603174605,22.006251237889337,0.28422619047619047
tkc79/so100_lego_box_2,45,1.1829612493515014,1.4450324773788452,2.6606855511665346,26.12398886101263,0.48933531746031744,32.65361664055843,0.5111607142857143,22.444243599094428,0.47780257936507936
tkc79/so100_lego_box_2,47,1.2076832354068756,1.737860381603241,2.815321922302246,29.972416806443366,0.26450892857142855,37.32886946665586,0.26847718253968256,25.06186374368505,0.25310019841269843
tkc79/so100_lego_box_2,50,1.3393932938575746,1.5730764865875244,2.549171507358551,23.26311717470615,0.48139880952380953,30.14462920976697,0.47693452380952384,17.917845486949755,0.4773065476190476
triton7777/so100_dataset_mix,0,1.219855684041977,1.44826340675354,1.7254649698734283,18.160084429567544,0.4810267857142857,25.225773797006045,0.4965277777777778,16.17094649236772,0.4827628968253968
triton7777/so100_dataset_mix,2,0.964306178689003,1.1351843476295471,1.358285230398178,18.281929169543893,0.6651785714285714,21.83105469522613,0.6630704365079365,15.126221365370958,0.6609623015873016
triton7777/so100_dataset_mix,5,1.3390019297599793,1.6184586882591248,2.0749470591545105,29.580678340476197,0.5540674603174603,28.702308668151538,0.5509672619047619,24.815976206515593,0.5141369047619048
triton7777/so100_dataset_mix,8,1.4004910826683044,1.6411992907524109,2.0433130145072935,24.14452372493887,0.6963045634920635,28.723016019578285,0.6980406746031746,19.623100624795224,0.6810515873015873
triton7777/so100_dataset_mix,11,1.3560303449630737,1.8051259517669678,2.2143341422080995,22.517480058588763,0.43117559523809523,23.76943087716426,0.44407242063492064,19.284106464665427,0.4253472222222222
triton7777/so100_dataset_mix,13,1.3342219650745393,1.60427588224411,2.019060492515564,22.46032141298237,0.5166170634920635,26.465147130088305,0.5316220238095238,16.94110582816392,0.49689980158730157
triton7777/so100_dataset_mix,16,1.3558487296104431,1.728754997253418,2.046617639064789,10.405920052297164,0.33556547619047616,11.982421300616238,0.3272569444444444,7.302883654819305,0.32514880952380953
triton7777/so100_dataset_mix,19,1.28046373128891,1.5414955615997314,1.926709270477295,29.181445896921776,0.5267857142857143,29.811531898750697,0.5435267857142857,20.827029305544148,0.5162450396825397
triton7777/so100_dataset_mix,22,1.6386349201202393,1.9170858263969421,2.416122937202454,19.217026831691225,0.6573660714285714,24.649181742072763,0.6676587301587301,16.46780192829023,0.6584821428571429
triton7777/so100_dataset_mix,25,0.9763585984706878,1.2568492889404297,1.985710507631302,34.58172872767697,0.5456349206349206,39.05073662256813,0.5796130952380952,29.277134552400277,0.5463789682539683
triton7777/so100_dataset_mix,27,1.4906209588050843,1.920931339263916,2.7519274592399596,31.74667021342972,0.48586309523809523,37.769657643116965,0.5065724206349206,27.106465278833014,0.4582093253968254
triton7777/so100_dataset_mix,30,1.1962102830410004,1.5076664090156555,2.5913657188415526,36.50181528684296,0.38752480158730157,42.85054793281359,0.4290674603174603,30.941114565168522,0.40314980158730157
triton7777/so100_dataset_mix,33,1.7510010361671449,1.972424328327179,2.421672034263611,21.458426358258485,0.6628224206349206,26.703699356744142,0.6810515873015873,18.55639821977267,0.6548859126984127
triton7777/so100_dataset_mix,36,1.3496166288852691,1.6665593981742859,2.3333243608474734,26.880857216454956,0.4973958333333333,32.80851279069099,0.5063244047619048,23.638752541837995,0.4712301587301587
triton7777/so100_dataset_mix,38,1.8013152718544005,2.2201552391052246,3.188285231590271,37.837535362831765,0.5518353174603174,43.35219452086283,0.5806051587301587,32.679305097999524,0.5341021825396826
triton7777/so100_dataset_mix,41,1.0335710048675537,1.236098289489746,1.7435408413410187,32.712338353705114,0.6636904761904762,38.13620899721357,0.6829117063492064,27.36876003509487,0.6360367063492064
triton7777/so100_dataset_mix,44,0.991861668229103,1.1610237956047058,1.7911485731601717,31.768140926768712,0.5070684523809523,36.83846044453066,0.5223214285714286,26.62283225818225,0.47842261904761907
triton7777/so100_dataset_mix,47,0.9932458132505417,1.1586595177650452,1.700279873609543,32.49983130382596,0.49851190476190477,38.3378483744688,0.5181051587301587,27.940791046775658,0.4755704365079365
triton7777/so100_dataset_mix,50,1.0111133575439453,1.3600882291793823,1.8769477009773254,38.6890392189189,0.675843253968254,45.16807845700046,0.7213541666666666,33.352317767313295,0.658234126984127
triton7777/so100_dataset_mix,52,0.9604140728712082,1.2417922019958496,1.751984190940857,34.00526664171159,0.5870535714285714,40.03835525134692,0.6287202380952381,29.779209367587182,0.5572916666666666
triton7777/so100_dataset_mix,55,1.0670177459716796,1.233156144618988,1.5628527104854584,24.518710272903462,0.5229414682539683,30.114244398853323,0.5419146825396826,22.031328561618924,0.511780753968254
triton7777/so100_dataset_mix,58,1.0661040782928466,1.286296308040619,1.628092622756958,28.79461520363616,0.47061011904761907,33.571790619509116,0.4908234126984127,21.785366996994092,0.47619047619047616
triton7777/so100_dataset_mix,61,0.5814934432506561,0.7432851791381836,1.2130365967750563,39.19145147590904,0.49231150793650796,45.79309956942993,0.5245535714285714,34.876972271102225,0.4645337301587302
triton7777/so100_dataset_mix,64,0.7429243117570877,0.9395949840545654,1.4086558401584626,34.255441178381936,0.6692708333333334,41.34291162422187,0.7002728174603174,32.70550021804453,0.6205357142857143
vladfatu/so100_above,0,1.0508517682552339,1.3383724689483643,2.940175795555116,9.424771870208208,0.3287450396825397,11.561869555842222,0.35193452380952384,7.469814079953113,0.3552827380952381
vladfatu/so100_above,2,1.1275135576725006,1.4387295842170715,3.0912403821945196,7.6250891334952655,0.2796378968253968,9.513823896370573,0.2896825396825397,7.86249719161006,0.29811507936507936
vladfatu/so100_above,4,1.096430641412735,1.342101514339447,2.9979889750480653,7.447689116320545,0.36334325396825395,9.676236546842091,0.36259920634920634,6.649626344219239,0.35367063492063494
vladfatu/so100_above,6,1.057007122039795,1.2618275880813599,2.9224724173545864,9.281205255686544,0.33097718253968256,13.092798475315025,0.32155257936507936,9.181319655265693,0.30505952380952384
vladfatu/so100_above,8,0.9886408090591431,1.2190775275230408,2.812478482723237,10.460929559004372,0.3060515873015873,14.708718551369005,0.3084077380952381,9.343443284552515,0.3133680555555556
vladfatu/so100_above,10,0.9996423155069352,1.2366292476654053,2.659628939628605,11.405065364437851,0.32180059523809523,13.838183008479673,0.29873511904761907,9.740676552873719,0.31398809523809523
vladfatu/so100_above,12,1.0047896385192872,1.2367665767669678,2.5009770750999456,9.802210030057926,0.2374751984126984,15.612598162578834,0.2353670634920635,9.271162953850855,0.2316468253968254
vladfatu/so100_above,14,1.0692656099796296,1.3365559577941895,3.0080365300178546,11.81107730588837,0.3187003968253968,15.306044827547112,0.31845238095238093,8.599666014681727,0.31733630952380953
vladfatu/so100_above,17,1.1341903507709503,1.3826919198036194,3.2823014736175544,11.577892475026394,0.28100198412698413,15.09976232676694,0.2788938492063492,10.276476809941942,0.2802579365079365
vladfatu/so100_above,19,1.1788440763950347,1.4465317726135254,3.1045061111450205,9.634576673640419,0.328125,12.185278499628087,0.3359375,7.1720067582943825,0.33643353174603174
vladfatu/so100_above,21,1.1489696860313416,1.3920531868934631,3.1751448988914492,8.765354378526945,0.38157242063492064,15.990731111597293,0.3821924603174603,7.204484760419987,0.3820684523809524
vladfatu/so100_above,23,1.1465234875679016,1.3942898511886597,3.2579169273376483,8.860268405084824,0.3498263888888889,10.339305886400505,0.34970238095238093,6.126247441064946,0.33903769841269843
vladfatu/so100_above,25,1.169651871919632,1.5227634906768799,3.0309617280960084,12.721151800436015,0.2951388888888889,9.040289546801176,0.30071924603174605,5.840061623310329,0.30183531746031744
vladfatu/so100_above,27,1.3395570039749145,1.5352101922035217,3.7549240946769715,8.131973258173216,0.3540426587301587,11.75600831761373,0.37785218253968256,7.13132613605993,0.35205853174603174
vladfatu/so100_above,29,1.2259248971939087,1.482686161994934,3.637139403820038,9.652475990433453,0.255828373015873,17.096815754169445,0.2578125,8.687041167708072,0.2552083333333333
vladfatu/so100_above,31,1.1166419684886932,1.322192907333374,3.089627027511597,10.459989056563046,0.31746031746031744,13.93819097829704,0.32018849206349204,8.396787587954046,0.3209325396825397
vladfatu/so100_above,34,1.128091686964035,1.4433224201202393,3.310667932033539,12.312139910606389,0.2751736111111111,15.58506405912007,0.26537698412698413,10.52880119750708,0.27728174603174605
vladfatu/so100_above,36,1.062114691734314,1.3426371812820435,2.9408014535903955,11.210430809601204,0.2914186507936508,13.757967938326216,0.3033234126984127,9.04276692527801,0.29216269841269843
vladfatu/so100_above,38,1.1840137183666228,1.4538121819496155,3.221997714042665,10.719720897929372,0.2796378968253968,12.09637555419528,0.28509424603174605,7.475092331459842,0.2785218253968254
vladfatu/so100_above,40,1.097018414735794,1.4382409453392029,3.048951900005341,10.367998818172312,0.3318452380952381,7.7235967610982605,0.32837301587301587,5.092814697147323,0.31237599206349204
vladfatu/so100_above,42,1.0988590955734252,1.4811036586761475,3.176631081104279,9.920417560489165,0.2544642857142857,19.597326094860577,0.25806051587301587,5.258777113890885,0.2615327380952381
vladfatu/so100_above,44,1.1555337369441987,1.5939984321594238,3.0667837858200078,4.379135178843623,0.31994047619047616,4.717543773041873,0.31746031746031744,3.6636171295079407,0.3179563492063492
vladfatu/so100_above,46,1.136259961128235,1.5195192098617554,3.2055497169494642,7.040437406771189,0.36755952380952384,9.989322999982818,0.3658234126984127,5.84801065294308,0.36706349206349204
vladfatu/so100_above,49,1.1665683805942535,1.545161783695221,3.1965509533882153,9.700425898180992,0.34387400793650796,12.757576770743652,0.357390873015873,8.208893189633043,0.36160714285714285
vladfatu/so100_office,0,1.2743828535079955,1.5130970478057861,1.7887529015541077,16.05861207601904,0.48722718253968256,19.98677630068092,0.4835069444444444,13.707502496546683,0.47185019841269843
vladfatu/so100_office,2,1.3292016208171844,1.5534920692443848,1.844627594947815,17.12362941021793,0.5259176587301587,20.831975401529835,0.5405505952380952,14.06478884268,0.5357142857142857
vladfatu/so100_office,4,1.4332739472389222,1.6475186944007874,1.9232917785644532,16.6422506165739,0.5808531746031746,18.73917413910093,0.5875496031746031,13.729707833172402,0.5766369047619048
vladfatu/so100_office,6,1.4451367557048798,1.6422466039657593,1.8971543550491332,15.439134355630298,0.5787450396825397,18.660915788907882,0.5622519841269841,12.688604797584249,0.560515873015873
vladfatu/so100_office,8,1.437795090675354,1.6413649916648865,1.892658269405365,15.363290944616248,0.5882936507936508,18.02391774079479,0.5923859126984127,12.889870946513906,0.5843253968253969
vladfatu/so100_office,10,1.4509995937347413,1.6728323698043823,1.9475313425064087,16.334165202326556,0.5799851190476191,20.187912172723294,0.5747767857142857,13.601301977820038,0.5793650793650794
vladfatu/so100_office,12,1.4328759968280793,1.671802580356598,1.9590417683124544,15.216587635467377,0.6129712301587301,18.78819241200743,0.6075148809523809,12.537764815738555,0.6122271825396826
vladfatu/so100_office,14,1.4669671416282655,1.688723623752594,1.9700656414031983,15.915931950990059,0.6008184523809523,20.0698590909429,0.5813492063492064,13.530207900256904,0.5885416666666666
vladfatu/so100_office,17,1.5159797847270966,1.7483522295951843,2.0243005752563477,14.216140674248214,0.5789930555555556,18.84175163640114,0.5710565476190477,12.692273542078054,0.5846974206349206
vladfatu/so100_office,19,1.4561371624469757,1.6421273946762085,1.89122114777565,14.494544262732663,0.5941220238095238,17.892363469259582,0.5973462301587301,12.011797421034188,0.5967261904761905
vladfatu/so100_office,21,1.396135050058365,1.6103401184082031,1.8390240252017975,15.009830066143776,0.5550595238095238,18.297599591137324,0.5570436507936508,12.36484781953081,0.5603918650793651
vladfatu/so100_office,23,1.475202465057373,1.6888174414634705,1.945181405544281,14.417757672843857,0.5678323412698413,17.265021336320768,0.5684523809523809,10.876685449323958,0.5478670634920635
vladfatu/so100_office,25,1.391900473833084,1.5828185081481934,1.809339076280594,15.249355038059074,0.5503472222222222,17.725575082630012,0.5706845238095238,12.450294972153648,0.5724206349206349
vladfatu/so100_office,27,1.4438581466674805,1.67571622133255,1.9300190389156342,15.577956933390574,0.5580357142857143,18.82493093412129,0.558531746031746,12.951543599487968,0.5443948412698413
vladfatu/so100_office,29,1.3436189889907837,1.5321800112724304,1.7672465920448304,15.932860007131048,0.5182291666666666,19.22209984703352,0.5437748015873016,13.307111205385038,0.5314980158730159
vladfatu/so100_office,31,1.474186933040619,1.697775661945343,1.9672716081142425,13.985099071406147,0.5063244047619048,18.740141471952533,0.5288938492063492,12.76776424782027,0.535094246031746
vladfatu/so100_office,34,1.4568563938140868,1.647752285003662,1.8590419411659242,13.372696313224644,0.5155009920634921,14.889772780248329,0.4895833333333333,11.387072996909453,0.5164930555555556
vladfatu/so100_office,36,1.4094943284988404,1.6366581320762634,1.8726547300815584,14.268888452087367,0.5629960317460317,17.95646818685137,0.5435267857142857,11.609380746207705,0.5355902777777778
vladfatu/so100_office,38,1.4082343697547912,1.6129790544509888,1.856114536523819,15.557571566753916,0.5226934523809523,19.145275279659057,0.5204613095238095,13.319761464321868,0.49888392857142855
vladfatu/so100_office,40,1.4488723814487456,1.6674631237983704,1.899440449476242,13.191331205250723,0.5446428571428571,15.777208130240869,0.5479910714285714,11.785472436517333,0.5354662698412699
vladfatu/so100_office,42,1.4695396661758422,1.7180905938148499,1.976185041666031,12.684110718478449,0.5257936507936508,15.390941807600347,0.5188492063492064,10.61166498165594,0.5090525793650794
vladfatu/so100_office,44,1.3871640682220459,1.6125949621200562,1.865433430671692,15.018464776917686,0.5193452380952381,19.59146046358572,0.4982638888888889,12.132891183390482,0.5142609126984127
vladfatu/so100_office,46,1.5333498656749724,1.7362139821052551,1.8441420316696167,5.156511010539973,0.4201388888888889,7.321960798160147,0.42671130952380953,4.2430248565855795,0.42658730158730157
vladfatu/so100_office,49,1.569295698404312,1.8136959075927734,1.9281082987785338,5.411387178908113,0.5500992063492064,6.6739424378189245,0.5396825396825397,5.291613310602609,0.5522073412698413
weiye11/so100_410_zwy,0,1.053163766860962,1.2638372778892517,1.7678692758083348,24.597272878100178,0.5797371031746031,30.734079425234494,0.6075148809523809,21.82743609295332,0.5727926587301587
weiye11/so100_410_zwy,4,0.9596815824508667,1.1132484078407288,1.4243635177612306,17.14089162348948,0.6649305555555556,21.051841446634974,0.6753472222222222,14.458628880326149,0.6545138888888888
weiye11/so100_410_zwy,8,1.1278826355934144,1.3085599541664124,1.6377842068672182,16.632064130439513,0.6873759920634921,20.770968724327833,0.7005208333333334,14.213136621232659,0.6857638888888888
weiye11/so100_410_zwy,13,1.0174141645431518,1.1869688034057617,1.4475974142551422,12.900154551949921,0.7161458333333334,15.60489389696186,0.7264384920634921,10.575701557248639,0.7188740079365079
weiye11/so100_410_zwy,17,1.4457400679588317,1.7742037773132324,2.229677760601044,21.67947549462636,0.7596726190476191,27.041080324314308,0.7875744047619048,18.740470991931485,0.7573164682539683
weiye11/so100_410_zwy,21,0.9573481023311615,1.1001302003860474,1.4044940948486329,18.181898709057673,0.7274305555555556,22.44427043435401,0.7557043650793651,15.953262404511257,0.7176339285714286
weiye11/so100_410_zwy,26,1.1545131146907806,1.378024160861969,1.7464264750480658,17.113523939326768,0.7746775793650794,20.943593272461467,0.779265873015873,13.781125766169943,0.7662450396825397
weiye11/so100_410_zwy,30,1.2209781646728515,1.467142939567566,1.9106883704662327,23.097640464479223,0.6852678571428571,28.185928654489256,0.7188740079365079,19.4794760094627,0.6862599206349206
weiye11/so100_410_zwy,34,1.0109733879566192,1.2063549160957336,1.4937488317489624,14.683073908306538,0.6948164682539683,17.633668256107423,0.7033730158730159,11.56900680025556,0.6934523809523809
weiye11/so100_410_zwy,39,1.2560036540031434,1.4727978706359863,1.813147956132889,14.332127975591655,0.7717013888888888,17.886115353151325,0.7783978174603174,11.858551084052742,0.7662450396825397
weiye11/so100_410_zwy,43,1.1141781032085418,1.3117876052856445,1.708383995294571,19.391189643143004,0.6672867063492064,24.588123066671372,0.6939484126984127,16.60968983853023,0.6746031746031746
weiye11/so100_410_zwy,47,1.0232153356075286,1.1820107102394104,1.5254853188991548,18.512037683755143,0.650421626984127,23.343711983986584,0.6653025793650794,16.04853484660757,0.6467013888888888
weiye11/so100_410_zwy,52,1.0001708090305328,1.1372660398483276,1.380243468284607,12.31108284570998,0.5978422619047619,14.579647220081531,0.5933779761904762,9.67611463686451,0.6082589285714286
weiye11/so100_410_zwy,56,0.8957894921302796,1.0340708494186401,1.2369424700737,9.817563766178035,0.6996527777777778,12.281673426440303,0.7023809523809523,8.397769769959934,0.7008928571428571
weiye11/so100_410_zwy,60,0.9927940428256988,1.1752214431762695,1.4423503100872042,13.460623354538617,0.6453373015873016,17.443744269647738,0.6489335317460317,10.902608048730958,0.6330605158730159
weiye11/so100_410_zwy,65,1.0737284719944,1.2931602001190186,1.5272148966789245,13.575719351546093,0.7715773809523809,16.29663771842096,0.7765376984126984,10.70706330122055,0.7664930555555556
weiye11/so100_410_zwy,69,1.133964765071869,1.3324102759361267,1.627995812892914,15.291522565818022,0.6789434523809523,19.50530810960779,0.6968005952380952,11.488782128817267,0.6489335317460317
weiye11/so100_410_zwy,73,0.9781662911176682,1.140167474746704,1.3784937202930452,12.109259529211114,0.6937003968253969,14.296629206269206,0.6989087301587301,10.170495974601769,0.6898561507936508
weiye11/so100_410_zwy,78,0.9411619871854782,1.1144601702690125,1.3838038444519043,13.585914459120346,0.5718005952380952,16.17966268466328,0.5691964285714286,10.866636246246925,0.5705605158730159
weiye11/so100_410_zwy,82,1.0826316058635712,1.2701916694641113,1.4401404976844787,12.983959229031614,0.7943948412698413,16.06115510918872,0.8059275793650794,10.70005760845467,0.792906746031746
weiye11/so100_410_zwy,86,0.9712790727615357,1.1164790391921997,1.3521863579750062,15.986714055548987,0.7212301587301587,17.741384165268325,0.7366071428571429,13.167125750557439,0.6980406746031746
weiye11/so100_410_zwy,91,1.2127534747123718,1.5238051414489746,1.7335501313209534,13.303015509025045,0.740203373015873,17.017552525680184,0.75,11.194205624311296,0.7406994047619048
weiye11/so100_410_zwy,95,1.4217710316181182,1.7069914937019348,2.099887323379517,20.533155649408574,0.6654265873015873,24.528797490258363,0.6834077380952381,16.740761193687746,0.6573660714285714
weiye11/so100_410_zwy,100,1.3379993617534638,1.6756902933120728,2.2229854822158814,30.026301214918306,0.5503472222222222,35.098072845957915,0.5714285714285714,19.85510310912694,0.5256696428571429
