dataset,episode_index,horiz_edge_row,horiz_edge_strength,split_row,split_score,tex_ratio_top_bot,n_horiz_upper,table_edge_slope_deg,depth_slope,depth_span,depth_top_bot_gap,depth_bg_frac,depth_bg_row,depth_break
00ri/so100_battery,0,0.3416666666666667,2.3259808321114126,0.8958333333333334,4.609522370832915,2.9315473348964503,0.0,,0.4918366937549425,1.6371891413631494,0.3823092579841614,0.3682942708333333,0.23118985401875555,0.02570998058945844
00ri/so100_battery,2,0.4,4.085124502727644,0.8958333333333334,3.2753360637768663,1.8118922388994871,0.0,,0.5361585112615163,1.4583293490691185,0.3875441700220108,0.29868489583333335,0.26244463896515785,0.04465026305759345
00ri/so100_battery,4,0.1,3.388528771699253,0.8958333333333334,3.683104557183367,4.909605568782167,0.0,,0.24976715292590418,1.4548540280076838,0.18132370710372925,0.08884114583333333,0.15695435755385578,0.06182756272117132
00ri/so100_battery,6,0.5333333333333333,2.9766303985316664,0.8958333333333334,4.746808433559267,2.4207128981376043,0.0,,0.31008100501480623,1.6650657264285804,0.244051992893219,0.024674479166666666,0.06424967708459832,0.08629829443148748
00ri/so100_battery,8,0.24166666666666667,2.663273789460362,0.8666666666666667,3.6452743153272795,5.104311379720227,0.0,,0.4174068042591155,1.251800500541229,0.31278470158576965,0.21234375,0.18898340830231433,0.027246681130893294
00ri/so100_battery,10,0.3,5.653623817397976,0.8333333333333334,3.978501191317035,5.245368001820851,0.0,,0.46295920148978925,1.3089386474345315,0.3492489159107208,0.07369791666666667,0.13610449901681032,0.2552648928945829
00ri/so100_battery,12,0.15,3.734571309599,0.8958333333333334,3.8114935123892764,3.12926094204625,1.0,1.8039951162005963,0.4842888970145858,1.442083277902766,0.3154183328151703,0.2656640625,0.27471204189555354,0.04255272549062293
00ri/so100_battery,14,0.6708333333333333,2.8066308905720354,0.8958333333333334,2.3337294037208403,2.0097074412307547,0.0,,0.9777911369611701,0.9990588279846376,0.731010764837265,0.41723958333333333,0.2496350467897436,0.02975818423150362
00ri/so100_battery,17,0.14166666666666666,2.5021344495777855,0.8333333333333334,4.102680523834022,4.830470398830065,1.0,1.877877447285357,1.0005075130530054,0.9714410399679492,0.729335106909275,0.43907552083333334,0.27146772574705136,0.02284009137748721
00ri/so100_battery,19,0.5,1.9763713578264972,0.7333333333333333,3.8036128546230006,8.242238021117902,0.0,,0.5136459913422018,1.2180245527704558,0.4041105806827545,0.3204427083333333,0.20390544375096695,0.10631327848704633
00ri/so100_battery,21,0.125,3.004690323331346,0.5458333333333333,3.5224555903620933,13.766681888593942,0.0,,1.0196748841469925,1.0096579478037149,0.7371744960546494,0.38731770833333334,0.23848106436447836,0.017019159743532394
00ri/so100_battery,23,0.4041666666666667,2.3207131688583105,0.8833333333333333,3.9359189353336776,5.6750547630502,1.0,2.2906100426385336,0.7547888810740638,0.9160374388944742,0.5465044379234314,0.22178385416666666,0.20374282066782987,0.1431832121117272
00ri/so100_battery,25,0.6166666666666667,6.610655752307517,0.8958333333333334,3.787444556196441,2.6222455274875083,1.0,1.9749340108819808,0.9743636754560265,1.0658114629379014,0.7022654265165329,0.4265364583333333,0.2618281496793654,0.09600685033548167
00ri/so100_battery,27,0.14583333333333334,1.9313180552619928,0.8958333333333334,3.0079633135031556,2.489030809708611,1.0,1.722662071622807,0.5793847598362816,1.8204077387428668,0.37396711111068726,0.3323046875,0.264444622600569,0.03431332224600613
00ri/so100_battery,29,0.5416666666666666,2.4982914934385136,0.8958333333333334,3.535659266910796,1.9955404034087536,0.0,,0.8488031620180413,1.3164472950624815,0.5752429366111755,0.45427083333333335,0.2778146494364752,0.0935677142183619
00ri/so100_battery,31,0.6375,3.272815946785373,0.8958333333333334,3.3661105648817933,2.331551347345317,0.0,,0.8268930602222514,1.3955189223449096,0.6117760092020035,0.4111328125,0.24555918862242715,0.0340151813534666
00ri/so100_battery,34,0.5166666666666667,4.006169694008614,0.8958333333333334,3.297624980244193,1.8961321577928325,0.0,,0.5850439383158588,1.3866742684180526,0.4848487675189972,0.3046875,0.25090691270607585,0.06085753158140423
00ri/so100_battery,36,0.15833333333333333,1.778373215024426,0.8333333333333334,2.595000655669827,1.9884286814306233,0.0,,0.6850407856536601,1.4726116034322143,0.5042766556143761,0.28325520833333334,0.189748011523298,0.06898591980640521
00ri/so100_battery,38,0.15416666666666667,4.553537215563033,0.8958333333333334,2.5486028124932205,2.1086411260189832,0.0,,0.2384022914046106,1.2243059066648092,0.2087908387184143,0.1890625,0.2653033760964533,0.0574432988247494
00ri/so100_battery,40,0.4125,2.6252112077511023,0.7041666666666667,3.6660036550516915,10.024788569042595,0.0,,0.679596594505852,1.2467961841974782,0.5047518610954285,0.388828125,0.23047328730290434,0.022005957984810958
00ri/so100_battery,42,0.1375,2.1137721673517356,0.8083333333333333,3.903423257989635,7.121953791674376,0.0,,1.139395519852687,0.9944847138091204,0.8015261515974998,0.46119791666666665,0.2619986344381469,0.020795415860067036
00ri/so100_battery,44,0.4666666666666667,2.1314678033140457,0.7583333333333333,3.7762034264759325,7.192611677528868,1.0,2.0750263614174003,0.7393052400638179,1.1742797026862146,0.5650204345583916,0.39298177083333335,0.23687781070941719,0.04636836462486967
00ri/so100_battery,46,0.575,5.730009969907175,0.8958333333333334,2.740993721392402,2.5797517058606925,0.0,,0.9148591697956965,1.2006693504007877,0.6544590890407562,0.3686328125,0.2444186500538179,0.07953495026386788
00ri/so100_battery,49,0.6125,2.0602720859293373,0.8958333333333334,4.4296956038674775,2.8328469219911487,0.0,,1.0704254731865612,1.0140664054459312,0.7858203426003456,0.5049739583333334,0.2938601762582779,0.03058978647877196
00ri/so100_battery_bin_center,0,0.6708333333333333,4.5667567645202,0.8958333333333334,2.705579289321246,1.8510898113353913,0.0,,0.8611714729817586,1.3131567750865125,0.6924593225121498,0.32795572916666665,0.19774048277877296,0.0682581854712606
00ri/so100_battery_bin_center,2,0.6541666666666667,4.110383837952156,0.8958333333333334,2.7587463709981557,1.7886678241891218,0.0,,0.6574017088143081,1.2468015356890962,0.5363040715456009,0.276328125,0.16592022409838372,0.019904173807753233
00ri/so100_battery_bin_center,4,0.6625,3.3403927800292386,0.8958333333333334,2.579884886187852,1.677348391964205,0.0,,0.8506539810109877,1.5106285343096442,0.6071894764900208,0.23395833333333332,0.14719077523221197,0.0525579178938119
00ri/so100_battery_bin_center,6,0.6666666666666666,5.158920257178516,0.8958333333333334,3.0462207173548865,1.5145276419642952,0.0,,0.9789394364864311,1.4319234739694986,0.6889770328998566,0.28119791666666666,0.18460996573827013,0.07416131473243512
00ri/so100_battery_bin_center,8,0.6583333333333333,3.6603024087953995,0.8958333333333334,3.04410503940012,1.6157370728666198,0.0,,0.765312746254961,1.5156276962958553,0.6182748526334763,0.3079557291666667,0.1782786613355402,0.018542229852177
00ri/so100_battery_bin_center,10,0.6625,4.780758158800769,0.8958333333333334,3.324841787803637,1.5646588051779475,0.0,,0.8798596002339113,1.4253847638112447,0.6576560959219933,0.34432291666666665,0.20041483415810724,0.0244732795443395
00ri/so100_battery_bin_center,12,0.6666666666666666,5.210202671834402,0.8958333333333334,3.3174826896305643,1.5825261280325214,0.0,,0.745507558770769,1.672996829641905,0.5837743729352951,0.35236979166666665,0.1957838022034634,0.02957769421303297
00ri/so100_battery_bin_center,14,0.6708333333333333,5.971250815851503,0.8958333333333334,2.6946678937352493,1.8137900522834902,0.0,,0.7263699071819673,1.7127553472553618,0.5810656398534775,0.30059895833333333,0.18195363380222465,0.06251674749804247
00ri/so100_battery_bin_center,17,0.6708333333333333,4.217143193659892,0.8958333333333334,2.470674893194473,1.601679111469822,0.0,,0.7366231455145912,1.570259819121219,0.5502943694591522,0.3655729166666667,0.21883518793281354,0.04134611870431543
00ri/so100_battery_bin_center,19,0.6666666666666666,4.034182748941068,0.8958333333333334,2.9076466714206233,1.7373693960075236,0.0,,0.8392735320021489,1.4943229954913577,0.6625769734382629,0.40328125,0.2325736783716646,0.028969750364214366
00ri/so100_battery_bin_center,21,0.6625,5.150301775289232,0.8958333333333334,3.376024661464891,1.5293404434802327,0.0,,0.6650235884467637,1.6620006889941878,0.5125056989490986,0.3128385416666667,0.1885478318989853,0.016302638517170804
00ri/so100_battery_bin_center,23,0.6708333333333333,4.915439245414217,0.8958333333333334,3.2412628032365736,1.6282016090696316,0.0,,0.5992321530652409,1.9403856335847667,0.4570339173078537,0.3341015625,0.2003986627967937,0.04033573010598597
00ri/so100_battery_bin_center,25,0.6625,3.8673129787215252,0.8958333333333334,2.699124894851348,1.7677074889600082,0.0,,0.8033131864713416,1.4397836059710685,0.5982092022895813,0.3319140625,0.19858711311515476,0.04074101651897186
00ri/so100_battery_bin_center,27,0.6708333333333333,5.391937004372586,0.8958333333333334,3.118280404723562,2.02835201508587,0.0,,0.817853184288967,1.5175380537786993,0.6324215233325958,0.3371875,0.2094394636802763,0.03816018426260162
00ri/so100_battery_bin_center,29,0.6625,5.7104493819849464,0.8958333333333334,3.3824925910404597,1.675033052896633,0.0,,0.7188588129749238,1.3729994726750978,0.520990714430809,0.1464453125,0.15762306489540864,0.12827147960403054
00ri/so100_battery_bin_center,31,0.6666666666666666,8.402411512342805,0.8958333333333334,3.176381246199616,2.042357365258465,0.0,,0.9105050712729443,1.2824239325701232,0.6635982319712639,0.19854166666666667,0.14177344610940126,0.09299899815541683
00ri/so100_battery_bin_center,34,0.6666666666666666,6.9082361979795,0.8958333333333334,2.609701873226527,1.727066847611004,0.0,,0.9862751815469099,1.1287260348089792,0.7584026455879211,0.37493489583333334,0.2212160554954552,0.0794785647447121
00ri/so100_battery_bin_center,36,0.6666666666666666,5.02233869872014,0.8958333333333334,2.8966688305640504,1.6804110743780414,0.0,,0.5621762954960366,2.004333046747704,0.45085615664720535,0.3519921875,0.2103102871169237,0.04734739287476017
00ri/so100_battery_bin_center,38,0.6666666666666666,6.068596154228681,0.8958333333333334,2.736520870678178,1.808074374752599,0.0,,0.9226611732088894,1.4500601100512562,0.6783452853560448,0.33251302083333334,0.20892140585905133,0.06743461183979897
00ri/so100_battery_bin_center,40,0.6666666666666666,6.256926253893777,0.8958333333333334,2.738306034768199,1.7572633722185567,0.0,,0.9250956323837778,1.3211770350388823,0.7265592515468597,0.3600260416666667,0.21009616621395655,0.03312128639272471
00ri/so100_battery_bin_center,42,0.6666666666666666,5.5591835207077365,0.8958333333333334,2.6892317914375607,1.5950735717368334,0.0,,0.8144849815562457,1.3862222334813938,0.6365331709384918,0.2892708333333333,0.17709634429857934,0.03738945951215861
00ri/so100_battery_bin_center,44,0.6666666666666666,4.971077521603208,0.8958333333333334,3.0228811535340037,1.8108559706344898,0.0,,0.5978218386754732,1.774092555884656,0.4760928452014923,0.3351822916666667,0.20118985660410724,0.029870544968835597
00ri/so100_battery_bin_center,46,0.6625,7.557538234500916,0.8958333333333334,2.6300353253592714,1.8886620055634635,0.0,,0.931769106367731,1.229256446833888,0.6959412693977356,0.2694270833333333,0.1794995660603374,0.04155329375155855
00ri/so100_battery_bin_center,49,0.65,3.6580439151734203,0.8958333333333334,2.770570819735249,1.6087461191554273,0.0,,0.7174502176842987,1.6371128181386212,0.5685014873743057,0.264921875,0.15649226539856304,0.01898134118925723
356c/so100_duck_reposition_1,0,0.15833333333333333,1.583077789724308,0.8833333333333333,3.9966090906487537,2.9054394310868643,54.0,0.0,1.0041508463432829,0.9229417460463084,0.7517552152276039,0.43875,0.2573544604576683,0.04104659215209591
356c/so100_duck_reposition_1,2,0.1375,1.609448560081821,0.8958333333333334,3.8200423640482977,2.831169142777023,50.0,-3.969997650898179,1.008474905192945,0.9576812217736168,0.7412491738796234,0.4197005208333333,0.2464487459056942,0.03427687519088504
356c/so100_duck_reposition_1,5,0.11666666666666667,1.8939672376746435,0.8791666666666667,3.708783407758851,2.8388331214819726,47.0,0.0,0.9529665417892893,1.037088594408744,0.72834911942482,0.381640625,0.21410288804283742,0.04204489949463806
356c/so100_duck_reposition_1,7,0.15833333333333333,1.5722179283893276,0.8833333333333333,3.912194232273669,2.8579418714159246,49.0,-8.054414446381756,0.9614350642147483,0.9384280763603341,0.7334508299827576,0.41880208333333335,0.25510550270865995,0.036476685078471335
356c/so100_duck_reposition_1,10,0.14166666666666666,1.8607126806681558,0.8875,3.9842788594007383,2.785811975311164,52.0,0.0,0.993693988724196,1.0131861537225872,0.7515439316630363,0.4349609375,0.2221790514410753,0.024707696988296307
356c/so100_duck_reposition_1,12,0.22916666666666666,1.5747594228883488,0.8708333333333333,3.894861085556954,2.868358266410093,44.0,-2.8894485435716177,0.9286333790209426,1.0806894365791382,0.710029810667038,0.3630729166666667,0.21840421975320348,0.045473558671064056
356c/so100_duck_reposition_1,15,0.1875,1.8139972953684984,0.8708333333333333,3.905825488501629,2.88372928207817,43.0,-5.016240741853267,0.9236561229742567,0.9752030984299948,0.7045610249042511,0.3711848958333333,0.22396539762016907,0.0512322543869828
356c/so100_duck_reposition_1,17,0.12916666666666668,1.6711702681364557,0.8833333333333333,3.858188604411933,2.823183575301246,37.0,-3.9825205718290277,0.8754601701127717,1.052936128624193,0.6740228310227394,0.33677083333333335,0.20688438526854988,0.05069576753357628
356c/so100_duck_reposition_1,20,0.6041666666666666,1.4632906571587794,0.8708333333333333,3.7985358894508576,2.8584172195479947,41.0,5.047725952189808,0.9500560375608271,0.9991527906455276,0.7272132337093353,0.3695833333333333,0.22652855872599564,0.032575224774001224
356c/so100_duck_reposition_1,23,0.19166666666666668,1.63501627026746,0.875,3.968911420328313,2.812418814542363,35.0,-3.050494494141404,0.8688262911929857,1.1098388140134603,0.6571860611438751,0.3377734375,0.20797000080162595,0.02981190991260369
356c/so100_duck_reposition_1,25,0.1,1.6310814502081912,0.8875,3.9040092440457723,2.824679044230594,39.0,0.9008028087352926,0.9307575380924987,1.00501766242237,0.7018789499998093,0.3464713541666667,0.21119336884003287,0.03429027062789142
356c/so100_duck_reposition_1,28,0.125,1.8219101922361378,0.8833333333333333,3.9665870180010754,2.763209800066593,41.0,-5.016240741853267,1.0031652875458408,1.0414466983236517,0.7368083596229553,0.4111458333333333,0.2424672676562783,0.033324931059192965
356c/so100_duck_reposition_1,30,0.12083333333333333,1.8489841362654338,0.8958333333333334,3.9326028306541705,2.821632998648269,49.0,-4.837955241159975,0.8868076267334364,1.074065583025266,0.6766449511051178,0.36018229166666665,0.21821153076483032,0.03763250107732384
356c/so100_duck_reposition_1,33,0.19583333333333333,1.5078115987395098,0.8833333333333333,3.9067478496316057,2.839621473914674,52.0,0.0,0.8903567906702439,1.0558456315723197,0.6864164024591446,0.3303515625,0.20411091040754367,0.045897761685894094
356c/so100_duck_reposition_1,35,0.20416666666666666,1.725306425348318,0.8916666666666667,3.9223406286932447,2.8264762699713075,47.0,0.0,0.9392393248118158,1.0645592514908857,0.7142754793167114,0.36661458333333335,0.21609891929067043,0.027907709265135423
356c/so100_duck_reposition_1,38,0.19583333333333333,1.7453894354034523,0.8791666666666667,3.9220690459498626,2.850189411344295,44.0,-9.083271690448484,0.8772293678569432,1.030697192879292,0.6780532002449036,0.3425651041666667,0.20313203986544845,0.05230296867212564
356c/so100_duck_reposition_1,41,0.1,1.5100207746292087,0.875,4.016756924145272,2.8823966264153618,43.0,-5.924581981982499,0.9694916037116534,0.9896827764743044,0.7303038239479065,0.3827994791666667,0.23403878622234184,0.03726525053996205
356c/so100_duck_reposition_1,43,0.19583333333333333,1.6906519472191341,0.8833333333333333,3.9422618085550565,2.7875433988137766,50.0,0.0,0.9136448498098472,1.0181638135052837,0.7107337936758995,0.3360677083333333,0.1925224402983502,0.04505203102130073
356c/so100_duck_reposition_1,46,0.13333333333333333,1.67242677019641,0.8958333333333334,4.082061340841484,2.8117221668346217,31.0,0.0,0.9424782537521617,0.9280598396046599,0.71714798361063,0.3907421875,0.24180584039571948,0.04317467662519076
356c/so100_duck_reposition_1,48,0.18333333333333332,1.7790083006598008,0.8958333333333334,4.103741230064307,2.887413831871321,54.0,0.0,1.0844500400503814,0.8337010012881437,0.7931458652019501,0.5008854166666666,0.28409713360624034,0.03641013849402974
356c/so100_duck_reposition_1,51,0.1375,1.6211874620587978,0.8916666666666667,3.9899119227480826,2.8462659945681184,41.0,-4.033411072770193,0.8906233093451732,1.036732685161181,0.6990068405866623,0.33600260416666666,0.20756607935765425,0.03985437916508564
356c/so100_duck_reposition_1,53,0.19583333333333333,1.5979038727046835,0.8958333333333334,4.011111008680743,2.8867700569250205,47.0,-6.970223033272248,0.9943271767518035,0.978349640871728,0.7445233687758446,0.388984375,0.24111743520834927,0.04894202848579574
356c/so100_duck_reposition_1,56,0.1625,1.9283855458311752,0.8916666666666667,4.054704300771991,2.7782582358773946,39.0,-11.970874503545176,0.9966857758026985,0.9925423176631205,0.7413585931062698,0.4054036458333333,0.24078191006502256,0.03376814637257186
356c/so100_duck_reposition_1,59,0.19583333333333333,1.556713454469193,0.8958333333333334,4.044164228328703,2.8517650482281396,52.0,-2.012761324606714,0.9405997144380092,1.002818202136749,0.7128248438239098,0.3915625,0.2374567425904468,0.03327176165294611
356c/so100_nut_sort_1,0,0.16666666666666666,1.4825858830153742,0.8708333333333333,3.47889191505599,2.851835900241927,39.0,-11.861499353316418,0.7714918401493603,0.9707356871453489,0.5948189049959183,0.3803515625,0.2305105444744908,0.032804559810042815
356c/so100_nut_sort_1,2,0.11666666666666667,1.6171261301118878,0.8875,3.7815009362878476,2.8622898950987588,48.0,5.943137952911641,0.8398484226282842,0.8763412761305546,0.6719411015510559,0.3698828125,0.23505550594297797,0.03882740058163256
356c/so100_nut_sort_1,5,0.12916666666666668,1.5599332006832467,0.8958333333333334,3.976207700749803,3.0117888522528595,46.0,-4.007804542372341,0.8909880511555828,0.9289623221298506,0.661381721496582,0.38104166666666667,0.23307601153887508,0.03156164495708534
356c/so100_nut_sort_1,7,0.6083333333333333,1.5450193249101163,0.8958333333333334,3.9096875742932364,2.919310692962807,44.0,-4.899092453787759,0.7430856074016418,1.052911753747112,0.5833315849304199,0.30639322916666667,0.19161636505853846,0.04258844665005243
356c/so100_nut_sort_1,10,0.12916666666666668,1.7234283218286481,0.8875,3.916365502669532,3.0563142705299398,46.0,0.0,1.02059799090191,0.8015413759230475,0.7391428351402283,0.5021223958333333,0.29137561889976915,0.03198789512010306
356c/so100_nut_sort_1,12,0.6083333333333333,1.5725507198049098,0.8958333333333334,4.268737988792329,2.9418995388950635,32.0,0.9036439875129503,0.7554013738903047,0.9446754090963717,0.6066010594367981,0.393203125,0.2477945420753016,0.0375644803594662
356c/so100_nut_sort_1,15,0.1875,1.7774100736505378,0.8875,3.6144061436639356,2.7935462222061784,34.0,-10.851576016019777,0.6791454658071459,1.097296584014341,0.5338893830776215,0.3365885416666667,0.20472277299838948,0.04507088638369598
356c/so100_nut_sort_1,17,0.1625,1.9573379302261116,0.8958333333333334,3.738637318119602,2.725168566285834,40.0,-5.063616853030084,0.9267297655081413,1.0336194112411532,0.7147391885519028,0.38744791666666667,0.21811992771332359,0.032487650375504946
356c/so100_nut_sort_1,20,0.1,1.667735431056429,0.8958333333333334,3.848102049332241,2.823385667552313,40.0,-5.047725952189808,0.6909785984767401,1.0511097734202604,0.5416079610586166,0.39088541666666665,0.24084515483401578,0.030515568731590104
356c/so100_nut_sort_1,23,0.12916666666666668,1.5154828168180992,0.8958333333333334,4.071919700994266,2.6642310248836862,45.0,-6.944130510993233,0.7221946503327517,0.9500180669562354,0.5506467893719673,0.3513671875,0.22980130756045317,0.03754878107758728
356c/so100_nut_sort_1,25,0.1,1.6691669553234263,0.8958333333333334,3.9598643781212965,2.6922827392068216,36.0,13.145937826555851,0.8519651028838999,1.0442023109512313,0.6377744227647781,0.34665364583333336,0.208922288070984,0.03436876128290682
356c/so100_nut_sort_1,28,0.2,1.5870206123396406,0.8833333333333333,3.8265276507220847,2.933544536366098,39.0,0.0,0.6679617425548136,1.107180407475663,0.5270400494337082,0.30755208333333334,0.18977251389681107,0.04357543627300918
356c/so100_nut_sort_1,30,0.12916666666666668,1.9364390844385244,0.8958333333333334,3.9316828847127736,2.844109778383373,38.0,6.991925346667799,1.0538541414958804,0.8454412430491427,0.7870101779699326,0.47078125,0.2546112360153885,0.03950700079284946
356c/so100_nut_sort_1,33,0.125,1.8313684514101711,0.8958333333333334,3.898170273421139,2.8610703526785994,43.0,-8.908052426073638,0.8465917733272637,0.968594850126142,0.6489205062389374,0.32907552083333336,0.19548207217353858,0.034054364367973815
356c/so100_nut_sort_1,35,0.12083333333333333,1.7091795567995987,0.8958333333333334,4.051511649913681,2.977467364183507,33.0,-11.032473240897687,0.9269580245871692,0.7665119008663674,0.7026850879192352,0.41751302083333336,0.23903146524417257,0.030960262439698613
356c/so100_nut_sort_1,38,0.17916666666666667,1.8973725420454566,0.8958333333333334,4.103864877997626,3.0096411302280948,40.0,3.9825205718290277,0.7832266037160739,1.0102081009610715,0.625932440161705,0.3033984375,0.18767183479653843,0.04646019788359909
356c/so100_nut_sort_1,41,0.125,1.814432546203798,0.8958333333333334,3.8230949929391636,2.7287935162850174,42.0,-9.075997599120925,0.9718269584594482,0.8284691193963603,0.7432448714971542,0.47270833333333334,0.25459393572823447,0.026617608359134636
356c/so100_nut_sort_1,43,0.14583333333333334,1.6650123922753084,0.8958333333333334,3.7353323946596966,2.7483137964096,37.0,0.9210746585505944,0.8449583456984144,0.9700297308188548,0.6258244514465332,0.38364583333333335,0.23098949487467577,0.029902974080057515
356c/so100_nut_sort_1,46,0.1,1.6570631765735413,0.8833333333333333,3.882599244532903,2.7894321886875924,42.0,11.870264531587907,0.7222929341309889,0.9571987737725626,0.5480411201715469,0.3515234375,0.22270148411035287,0.038099223097096215
356c/so100_nut_sort_1,48,0.1875,1.769688015707596,0.875,3.408469504709841,2.77269612901131,54.0,-0.9036439875129503,0.8796567582144944,0.8396166215394938,0.6612052917480469,0.4192838541666667,0.24485855646001792,0.030606272909861624
356c/so100_nut_sort_1,51,0.12083333333333333,1.649427683367823,0.875,3.805625133048575,2.8246573169774805,48.0,-13.90938955081782,1.012927690002103,0.7534589035546257,0.7440880239009857,0.49692708333333335,0.2951954984850671,0.04136938446404088
356c/so100_nut_sort_1,53,0.175,1.7645049310707765,0.8708333333333333,3.7301643192059073,2.8462187251253543,45.0,-9.111357044784,0.797230537872935,0.8018203845484657,0.6224582493305206,0.41408854166666664,0.2563723920418678,0.02939216215720296
356c/so100_nut_sort_1,56,0.1,1.6628672855508502,0.8958333333333334,4.151307102968847,2.9257604340874876,35.0,-2.0929343052881393,0.8226803820677199,0.9187826724458813,0.6218289285898209,0.36748697916666667,0.22000528664638483,0.033510491868818514
356c/so100_nut_sort_1,59,0.6083333333333333,1.4598577394164367,0.8958333333333334,3.836609957027383,2.794527048019018,46.0,-5.961810103660667,0.7170837926069233,1.0993138155961872,0.5468134880065918,0.3257421875,0.20846861790885962,0.03526772258042568
AndrejOrsula/lerobot_double_ball_stacking_random,0,0.11666666666666667,1.987586924876043,0.1,3.9786918519848107,1.1224300263566804,1.0,3.8460300900473783,0.9066949256186408,1.1769848990557583,0.8620347529649734,0.473359375,0.253120581138102,0.20624718785716398
AndrejOrsula/lerobot_double_ball_stacking_random,1,0.11666666666666667,1.9216665413946896,0.1,3.856838538129024,1.1038279907041149,1.0,3.2808807726094074,0.9988083596419741,1.2544389603429367,0.8270585983991623,0.4331770833333333,0.22956647749253808,0.09618234544262756
AndrejOrsula/lerobot_double_ball_stacking_random,3,0.11666666666666667,2.007556059660317,0.10416666666666667,3.9255071381132676,1.1749222155107508,3.0,3.2808807726094074,0.9140448325518754,1.2104233201318164,0.8300451338291168,0.4872005208333333,0.2521027573106579,0.22039563899017542
AndrejOrsula/lerobot_double_ball_stacking_random,5,0.11666666666666667,2.104629521250325,0.1,3.942260122199372,1.0993688162460318,1.0,3.136358368332594,0.9279036315184139,1.2922213187561113,0.8593781590461731,0.47002604166666667,0.2466042579115754,0.1670549703716091
AndrejOrsula/lerobot_double_ball_stacking_random,6,0.11666666666666667,2.286614207404654,0.1,3.9360760202347183,1.0489110306173537,2.0,2.973731082480114,0.9615715307041318,1.370440026619425,0.8306749537587166,0.498984375,0.2585178357625398,0.13678057963806184
AndrejOrsula/lerobot_double_ball_stacking_random,8,0.11666666666666667,2.0421488873258955,0.10416666666666667,3.937788056519703,1.1162483680734951,1.0,2.9545798240596923,0.9356507181062725,1.2381973480075514,0.815758503973484,0.4029296875,0.20877505034914826,0.19947286536740477
AndrejOrsula/lerobot_double_ball_stacking_random,10,0.1125,1.8674681268685234,0.1,4.172623220275593,1.366269977545461,1.0,2.8024515198667785,0.7199597049964738,1.234753750946579,0.6305674910545349,0.37329427083333333,0.24304268704799886,0.15461467941921125
AndrejOrsula/lerobot_double_ball_stacking_random,12,0.1125,2.3436845533339463,0.1,4.2223815707424315,1.5058170515253577,1.0,3.165206388810404,0.6281740693517959,1.2370472851121157,0.550641655921936,0.34716145833333334,0.23945037661925564,0.2529673609717721
AndrejOrsula/lerobot_double_ball_stacking_random,13,0.11666666666666667,2.1717013592996426,0.1,3.986996499423254,1.2039701480557137,1.0,2.831001677865274,0.876011717078012,1.3460888150926444,0.8101586326956749,0.4190755208333333,0.22593167247665333,0.1640814085450647
AndrejOrsula/lerobot_double_ball_stacking_random,15,0.11666666666666667,2.16977870427061,0.1,4.028218230965678,1.0895669400311112,1.0,3.224522606519912,0.9673759762041227,1.428819133535436,0.7941299080848694,0.42041666666666666,0.21831290353347074,0.08459609358570223
AndrejOrsula/lerobot_double_ball_stacking_random,17,0.11666666666666667,2.372270199416609,0.1,3.9632074919293,1.1675170674805626,1.0,3.0418421566183724,1.0364116217279977,1.4709224393586755,0.7823167964816093,0.39611979166666667,0.20927722697926437,0.03078348168179698
AndrejOrsula/lerobot_double_ball_stacking_random,19,0.11666666666666667,1.990137865345287,0.1,3.947911726972749,1.1904319497790201,1.0,3.0272451822799837,0.9012862912696491,1.2770239573129747,0.7854729294776917,0.40490885416666667,0.223940529989641,0.12378538401626152
AndrejOrsula/lerobot_double_ball_stacking_random,20,0.11666666666666667,1.9915671957546295,0.1,4.074398030519197,1.154347643803652,1.0,3.224522606519912,0.8747193082013335,1.1740264459068057,0.8118472471833229,0.45055989583333333,0.25061326218238505,0.186475059782511
AndrejOrsula/lerobot_double_ball_stacking_random,22,0.11666666666666667,2.084246668881251,0.1,3.9962300837548357,1.3300793927452832,1.0,2.7263109939062673,0.9242981292534955,1.2909614040861614,0.8274942189455032,0.41598958333333336,0.22714264235868642,0.11929148175870985
AndrejOrsula/lerobot_double_ball_stacking_random,24,0.11666666666666667,2.0062421872541183,0.1,3.985800925388565,1.1251652059537627,1.0,3.162297752139395,0.8890742026608138,1.3529051973320072,0.8355241417884827,0.396015625,0.21100541949272975,0.1533796316229404
AndrejOrsula/lerobot_double_ball_stacking_random,26,0.11666666666666667,2.044461634291235,0.1,3.961250389368507,1.1134060204297613,1.0,2.9038188650962695,0.9461759281025668,1.3181531494197007,0.8279821574687958,0.4090234375,0.21532806221659956,0.11346638256925111
AndrejOrsula/lerobot_double_ball_stacking_random,27,0.32083333333333336,2.121908361705961,0.1,4.004725760311883,1.1138747820852652,1.0,2.8783694997340348,0.9217177517872076,1.3373529687421917,0.8233871608972549,0.40470052083333335,0.21585601880576855,0.1266592484321889
AndrejOrsula/lerobot_double_ball_stacking_random,29,0.11666666666666667,2.0434173616657025,0.1,3.9147686692091344,1.0560055091449385,1.0,3.136358368332594,0.9073479857130939,1.3572323051486497,0.7964533567428589,0.3203515625,0.17367188441998688,0.07547689854900275
AndrejOrsula/lerobot_double_ball_stacking_random,31,0.12083333333333333,1.973807537760143,0.1,4.125644466016722,1.3848191058442738,1.0,3.0848123304975985,0.8494738281643701,1.27128621949856,0.7863332182168961,0.46282552083333334,0.24766248923663853,0.1928641005029576
AndrejOrsula/lerobot_double_ball_stacking_random,33,0.12083333333333333,2.4004283114636458,0.1,4.181928480811763,1.4315281237252546,1.0,3.205215931013498,0.8516419329470936,1.3421986515401256,0.6673464179039001,0.39069010416666666,0.2206545770962859,0.18028277745705953
AndrejOrsula/lerobot_double_ball_stacking_random,34,0.11666666666666667,2.0097714834129805,0.1,4.01009208537743,1.144434006931515,1.0,2.9780206519497483,0.9264563783029053,1.281595678083523,0.8211040124297142,0.4403125,0.23993853519860867,0.13628803139195478
AndrejOrsula/lerobot_double_ball_stacking_random,36,0.11666666666666667,2.0897516108753686,0.1,4.030781302303284,1.169038864115504,1.0,3.148096099562764,0.9054807560299646,1.4505543657801476,0.847892627120018,0.3876171875,0.20260496759497224,0.1476555743339732
AndrejOrsula/lerobot_double_ball_stacking_random,38,0.11666666666666667,2.031938434796043,0.1,4.0354334435090715,1.145344012469618,1.0,2.973731082480114,0.8669541513430449,1.30327930370473,0.8005078062415123,0.4134244791666667,0.22050766628244434,0.15761201037346045
AndrejOrsula/lerobot_double_ball_stacking_random,40,0.11666666666666667,1.9134340752522172,0.1,4.018183139997386,1.2249214806729023,1.0,2.9425204563686265,1.0164298990426763,1.2674443492974357,0.8221845179796219,0.44576822916666664,0.23068539928001944,0.07926426522999586
Bartm3/dice2,0,0.42916666666666664,4.07589508266896,0.7833333333333333,2.8609665351410265,0.6136282610027353,1.0,4.299862820192075,1.3104126247218535,1.5158590790116526,0.8224229663610458,0.5008463541666667,0.26359179975057473,0.14878822528181812
Bartm3/dice2,8,0.4166666666666667,5.627217572582399,0.8041666666666667,2.957966018846774,0.570345774029458,1.0,3.94518622903756,1.2721613226902182,1.419118469577962,0.7723512649536133,0.4631640625,0.26316828303437906,0.19436665225689245
Bartm3/dice2,17,0.42083333333333334,5.398018468744239,0.7458333333333333,2.8893828134016775,0.562716120047449,2.0,3.9825205718290277,1.3112887252251468,1.632792296834292,0.8237261921167374,0.4612890625,0.25522020471585566,0.1489044708995185
Bartm3/dice2,25,0.425,4.7909086476397515,0.875,2.9848855673529022,0.4934528801718151,1.0,4.08561677997487,1.3275618795979782,1.6168356428325428,0.8570759817957878,0.4876432291666667,0.2566877623860868,0.20352144783820056
Bartm3/dice2,34,0.4166666666666667,5.504925946915104,0.8875,2.8975833838491667,0.31820336865035187,1.0,4.037710620977123,1.24680363507782,1.3783164065609739,0.7860378921031952,0.448125,0.25136807537216316,0.2014739070149214
Bartm3/dice2,42,0.42916666666666664,5.39752769881757,0.875,2.8800361683903177,0.4573272389770338,2.0,4.210498403302211,1.284336992565551,1.4389605744190967,0.7794140726327896,0.47078125,0.26224771689022136,0.192211220292295
Bartm3/dice2,51,0.425,4.926371137057422,0.4166666666666667,2.8010995772270255,0.2909872665089498,0.0,,1.2927095969331128,1.6269533808229144,0.8232620134949684,0.48825520833333336,0.25637886182381603,0.1758684288141316
Bartm3/dice2,59,0.425,5.123220933141697,0.8666666666666667,3.016484192112821,0.5118061359468514,1.0,4.056737861294877,1.2995239097875664,1.6238472276067764,0.8380060642957687,0.5087630208333334,0.2659670285648138,0.1844562781392584
Bartm3/dice2,68,0.42916666666666664,6.216030742410311,0.725,2.9254227426805084,1.0814443441123576,0.0,,1.2504080363814798,1.5895011524037737,0.8054605722427368,0.4218619791666667,0.24236439447934816,0.1954099893755777
Bartm3/dice2,76,0.42083333333333334,4.511207324450971,0.8958333333333334,3.122993730293259,0.3378048462412296,2.0,3.990913098429786,1.2865640925410684,1.4098206305078482,0.7901364266872406,0.4689453125,0.2604413433036095,0.21750153258343063
Bartm3/dice2,85,0.425,5.592960228035628,0.75,3.0605450673584036,1.045811195763526,0.0,,1.2857148827261087,1.6229421242078277,0.829717144370079,0.471875,0.25707983503745363,0.15906577755443738
Bartm3/dice2,93,0.425,5.6266233785576745,0.7,3.0197159565642213,1.3287267381806454,1.0,4.210498403302211,1.2915811004911157,1.5622366842812831,0.8374309688806534,0.42075520833333335,0.24549937938994534,0.1963280565651417
Bartm3/dice2,102,0.3958333333333333,3.7679050246515646,0.14166666666666666,3.2042080235956147,2.457665477856882,0.0,,1.1423633878945523,1.4742506891395384,0.7379264980554581,0.43908854166666667,0.25163625598326855,0.17478653472296357
Bartm3/dice2,110,0.3958333333333333,4.157419062288504,0.16666666666666666,3.1089377666510103,2.362796775818266,0.0,,1.144241536559556,1.4496624702989007,0.7351302802562714,0.44864583333333335,0.25019550736224866,0.15934020346255415
Bartm3/dice2,119,0.3958333333333333,4.951723085367823,0.1,3.5134799126834295,1.7733253469285488,0.0,,1.2246143366313322,1.333603051219874,0.7291848957538605,0.45477864583333333,0.2533825182062336,0.2634722396293594
Bartm3/dice2,127,0.3958333333333333,4.772725868116851,0.11666666666666667,3.440125774082153,2.875164878501692,1.0,1.8039951162005963,1.1721629653407626,1.4416903253002602,0.7308011204004288,0.4329427083333333,0.2518887595557932,0.194281976954524
Bartm3/dice2,136,0.3958333333333333,4.072490351574086,0.1625,3.4369903033077365,0.47383331935158085,1.0,2.3859440303888135,1.2973690906101436,1.5572740634050293,0.8046057969331741,0.49373697916666665,0.25892386115702914,0.22160181024441622
Bartm3/dice2,144,0.3958333333333333,3.5947955290036817,0.14583333333333334,3.5492383222237334,0.8421684465290432,0.0,,1.0802963956533116,1.467880568367993,0.6834481060504913,0.44872395833333334,0.24685184749001327,0.1877114371896962
Bartm3/dice2,153,0.3958333333333333,3.7152638755566207,0.12083333333333333,3.443884948111257,2.1622565358302883,0.0,,1.0888679315484933,1.4587848894868518,0.7014040350914001,0.4283723958333333,0.24967146182540934,0.16514136602674553
Bartm3/dice2,161,0.3958333333333333,4.840433861312061,0.1,3.1611594312886075,2.784267019800579,0.0,,1.033931176219697,1.4088008042688664,0.6325505673885345,0.4075520833333333,0.24432940767575226,0.20518716561180356
Bartm3/dice2,170,0.425,3.2055889085084948,0.1,3.47331266696412,1.8985364252862607,0.0,,1.1777620487956013,1.5494246082278063,0.7381704747676849,0.44842447916666667,0.25388604750306804,0.19330749272883502
Bartm3/dice2,178,0.39166666666666666,4.907114795207869,0.1,3.553037106901348,2.387251663483098,0.0,,1.2548293406601996,1.4905736776665368,0.7752678245306015,0.4718880208333333,0.2566840141179475,0.2174550099239889
Bartm3/dice2,187,0.425,5.509605629879971,0.6375,3.0375552299181625,2.3733665177104175,0.0,,1.3048751200891104,1.5020924412268204,0.8340294510126114,0.41615885416666665,0.2419986492428861,0.1624040963752008
Bartm3/dice2,196,0.425,6.439920543134472,0.8166666666666667,2.948968138454395,0.8382886060125436,1.0,2.1342587625022986,1.2852323608190026,1.5452947711466498,0.7995083183050156,0.48811197916666665,0.2571347188364212,0.16404858779157763
Beegbrain/pick_lemon_and_drop_in_bowl,0,0.20416666666666666,2.4033276856304506,0.1,2.413704057091047,1.8058056295863598,1.0,0.0,1.0427089865400614,0.8908380992680904,0.7715529724955559,0.37475260416666667,0.2216434918492107,0.017363935449107287
Beegbrain/pick_lemon_and_drop_in_bowl,1,0.3,2.451343797840336,0.8708333333333333,2.2386625917624747,1.8358351185159918,1.0,0.0,1.0472390957634157,0.8983328489775871,0.7671590819954872,0.346640625,0.2087842848067584,0.15399683564229663
Beegbrain/pick_lemon_and_drop_in_bowl,3,0.30416666666666664,2.303663450303774,0.8958333333333334,2.7117965125161563,2.2020458650703016,1.0,0.0,0.5416882615723724,1.4650903567547435,0.44894132390618324,0.3073046875,0.20259938634612137,0.2958869738380038
Beegbrain/pick_lemon_and_drop_in_bowl,5,0.30833333333333335,2.907100289668487,0.8958333333333334,2.5607277312871783,1.8593725039548104,1.0,0.0,0.999905837260268,0.87775043321802,0.8001416623592377,0.364453125,0.21322648106541334,0.23270092495717287
Beegbrain/pick_lemon_and_drop_in_bowl,6,0.3625,2.1228178227254366,0.8958333333333334,2.754170487648369,2.066752357652791,1.0,0.0,0.976000851190657,0.9974773068183177,0.7079185098409653,0.4180598958333333,0.26016329029514673,0.02342760938826788
Beegbrain/pick_lemon_and_drop_in_bowl,8,0.3125,1.9688511447849812,0.8958333333333334,2.1973159442702053,1.2355841982886058,0.0,,0.9433489395811058,1.03664586207996,0.6858799234032631,0.3994140625,0.2527143456332927,0.06001238598621166
Beegbrain/pick_lemon_and_drop_in_bowl,10,0.31666666666666665,2.2601941844378275,0.7625,3.0017267140454154,2.716020900379922,1.0,0.0,0.456127224052942,1.6775511034567747,0.36421582847833633,0.3092447916666667,0.20617397049108127,0.23688113569080704
Beegbrain/pick_lemon_and_drop_in_bowl,11,0.1375,2.3454807786032417,0.8958333333333334,2.8165135696635555,2.359889094559059,1.0,0.0,0.9207231322022092,1.0144136292817414,0.6779405847191811,0.37744791666666666,0.2349289822999908,0.19248770156985393
Beegbrain/pick_lemon_and_drop_in_bowl,13,0.525,1.671677533602009,0.8958333333333334,2.5697453661468086,1.72844262627331,1.0,0.0,1.017765885597821,0.944094187948082,0.7216600775718689,0.44481770833333334,0.2644194202420708,0.03537084434929089
Beegbrain/pick_lemon_and_drop_in_bowl,15,0.32083333333333336,2.490449051825129,0.8958333333333334,3.522247960930878,2.119265647025793,2.0,0.0,0.8278204039332018,1.1176735341856212,0.6307093277573586,0.3470182291666667,0.226921391631391,0.15011775622848678
Beegbrain/pick_lemon_and_drop_in_bowl,16,0.3333333333333333,2.22160637123731,0.8958333333333334,2.806683182235826,2.1256749070098344,1.0,0.0,0.7516459622258301,1.1441015898853153,0.5436216294765472,0.38591145833333335,0.24338030364162705,0.021916298926145286
Beegbrain/pick_lemon_and_drop_in_bowl,18,0.3416666666666667,2.1792090352739666,0.8958333333333334,2.4697808859055077,2.0567085156229026,1.0,0.0,0.8760313972909265,0.9763695567135324,0.6965096294879913,0.3456901041666667,0.2113173226233139,0.14962602269083808
Beegbrain/pick_lemon_and_drop_in_bowl,20,0.3458333333333333,2.2734764085870793,0.8958333333333334,2.438311630302806,1.5351169802224176,1.0,0.0,0.9377353736097215,0.9558835761874711,0.7128862738609314,0.34057291666666667,0.2002107087120022,0.17059976910210758
Beegbrain/pick_lemon_and_drop_in_bowl,22,0.35,2.1811525271393313,0.35833333333333334,2.801488587308628,1.0469346024723498,1.0,0.0,0.8564993857708945,1.0989938134887962,0.6659767627716064,0.3531640625,0.2043190196465906,0.020929989915613904
Beegbrain/pick_lemon_and_drop_in_bowl,23,0.35,3.3867948083571653,0.1,2.5432795921576075,1.7583218121676611,1.0,0.0,0.7959543860142988,1.0723235078096638,0.6315908133983612,0.3288932291666667,0.19906819740790846,0.2729101717020802
Beegbrain/pick_lemon_and_drop_in_bowl,25,0.3416666666666667,2.120557560882952,0.8958333333333334,2.629289066185269,1.6694906444353192,1.0,0.0,0.91838113740839,1.003972053531372,0.6887332573533058,0.42725260416666666,0.24983859978957723,0.016421494358831234
Beegbrain/pick_lemon_and_drop_in_bowl,27,0.2125,2.3538270666736576,0.20833333333333334,2.6517418469317344,1.5377729508712084,2.0,0.0,1.0595624724119868,0.9379886730606968,0.8029765486717224,0.38546875,0.20346071632296664,0.018328940222252125
Beegbrain/pick_lemon_and_drop_in_bowl,28,0.35,2.236872376874352,0.8958333333333334,2.3099771658795496,1.797589316841894,1.0,0.0,0.5159856626872202,1.4968936614161614,0.4179083816707134,0.3112109375,0.19719610478299693,0.3153832666678673
Beegbrain/pick_lemon_and_drop_in_bowl,30,0.7083333333333334,1.74870348381759,0.3458333333333333,2.719826968227597,1.1051034880282562,2.0,0.0,0.9034340661172695,1.1106771103450581,0.6879343539476395,0.4289453125,0.21542395340652426,0.01651888927326377
Beegbrain/pick_lemon_and_drop_in_bowl,32,0.35833333333333334,2.102997280702248,0.1,2.730395655025242,1.9046048880125266,1.0,0.0,0.9354738645985128,1.0946520645683164,0.6994509920477867,0.3839973958333333,0.20956283521148,0.01572484974013924
Beegbrain/pick_lemon_and_drop_in_bowl,33,0.12916666666666668,2.2284386376153984,0.14166666666666666,2.6478609586851998,1.9396964905122607,1.0,0.0,1.0017317393828356,0.9449126933081845,0.7374052256345749,0.3452604166666667,0.23344443175068844,0.01714135839203093
Beegbrain/pick_lemon_and_drop_in_bowl,35,0.35833333333333334,2.0532159928253404,0.8958333333333334,3.262100495090885,1.8415847386834039,1.0,0.0,0.48767837481909865,1.6623484435111602,0.3667790852487087,0.36938802083333333,0.23952776551575022,0.19113582214848399
Beegbrain/pick_lemon_and_drop_in_bowl,37,0.1375,2.2020415493863554,0.8958333333333334,3.1949723356059234,2.041094055879134,1.0,0.0,0.8939276545809912,1.0797971813927163,0.6518105119466782,0.3890234375,0.24889858741621676,0.15666209943693685
Beegbrain/pick_lemon_and_drop_in_bowl,39,0.3625,2.2349713189949156,0.36666666666666664,2.322969029857386,1.7038650435341323,0.0,,0.8197109760149139,1.1859067358175384,0.6123774647712708,0.3680729166666667,0.2286382638854763,0.16279178970181873
Beegbrain/pick_place_green_block,0,0.12083333333333333,1.7769429921639017,0.1,3.2540978530348323,1.441741167236577,0.0,,0.927258658589817,1.1686399071848919,0.6752680689096451,0.43330729166666665,0.24789556521566386,0.017798136718649802
Beegbrain/pick_place_green_block,1,0.4375,2.156064396637411,0.1,3.725895677274114,2.0216213375244876,0.0,,0.6446757519124194,1.726197109694542,0.4504576623439789,0.4151692708333333,0.24930572277595411,0.019627707302205304
Beegbrain/pick_place_green_block,3,0.35833333333333334,2.191513369501887,0.1,3.1456331824810264,1.9019144998577833,0.0,,0.7956232387098523,1.3053258832995864,0.5576281622052193,0.3940625,0.2416420299136082,0.017016221649929112
Beegbrain/pick_place_green_block,5,0.5208333333333334,2.0901218383609046,0.1,2.9485623213048457,1.2766912260110552,0.0,,0.7359765736364265,1.2593781424030528,0.5577586740255356,0.4787369791666667,0.2635764766772277,0.017082209292300757
Beegbrain/pick_place_green_block,6,0.3875,1.5995883971925442,0.7458333333333333,2.809063287782789,1.5698074851321437,0.0,,1.0078224039805188,1.164355976241936,0.7305743917822838,0.48087239583333335,0.2414801820289312,0.01881941040231496
Beegbrain/pick_place_green_block,8,0.3625,1.8762695962483629,0.1,3.2595399780310648,1.6279359353900895,0.0,,1.0547168306568389,1.1110937774003498,0.7533699795603752,0.4291015625,0.23633863598707247,0.017241663660677437
Beegbrain/pick_place_green_block,10,0.1,2.3062662047762372,0.37916666666666665,3.547499397049704,1.9415128924028093,0.0,,1.0867487028347282,0.9931920663856288,0.770628958940506,0.39678385416666667,0.24762616525748085,0.01639582512176826
Beegbrain/pick_place_green_block,11,0.12083333333333333,2.2179648518391346,0.1,4.066719719651743,2.501169630007393,1.0,-4.553767979158621,0.997115596451428,1.0980013049974193,0.67071333527565,0.3995182291666667,0.2527474565461337,0.017425393915597002
Beegbrain/pick_place_green_block,13,0.4166666666666667,1.9576997225377215,0.775,2.637519893510196,1.5045548444243353,0.0,,0.9098604033401475,1.2239037909001154,0.6574373543262482,0.45036458333333335,0.24267298547927954,0.017191652528101307
Beegbrain/pick_place_green_block,15,0.12083333333333333,1.921563310897648,0.6083333333333333,2.8882868541813966,1.3781735035950744,0.0,,1.0855643891745106,0.9626622743496372,0.7785918116569519,0.4086458333333333,0.22400388973087584,0.017756807161820615
Beegbrain/pick_place_green_block,16,0.725,2.367226854918204,0.1,2.7140333374928294,1.5689337524889926,0.0,,0.8502053789732419,1.2302236156945563,0.6082465648651123,0.46389322916666664,0.25751190302404514,0.016986491370113845
Beegbrain/pick_place_green_block,18,0.3416666666666667,2.0385701025662284,0.35833333333333334,3.701999508881821,2.067013070257689,0.0,,1.1126415716240852,1.0645265625469522,0.7863020971417427,0.42009114583333335,0.24412954357732217,0.01699743784883958
Beegbrain/pick_place_green_block,20,0.12083333333333333,1.7104928642411075,0.1,3.039872428152757,1.682026623251694,0.0,,1.065327766172312,1.0051182825844407,0.7692625820636749,0.4017578125,0.2279478380791785,0.018480874720042482
Beegbrain/pick_place_green_block,22,0.11666666666666667,1.9849218794944536,0.1,3.069113580119592,1.5321862351531303,0.0,,1.093319515335903,1.0699596580571182,0.8004985302686691,0.40881510416666667,0.22469153636857075,0.016859190989861328
Beegbrain/pick_place_green_block,23,0.375,2.176123898091834,0.125,3.481590755663389,1.9591315995635155,0.0,,1.0886946011462728,1.1421388527686829,0.7535381019115448,0.39276041666666667,0.2533428138172412,0.015607895231239054
Beegbrain/pick_place_green_block,25,0.8625,1.883537074583424,0.8958333333333334,2.4935494171207013,0.9175711004410477,0.0,,0.7847641023722284,1.5336378258306322,0.6019911617040634,0.45046875,0.22444380103439052,0.016605467259879422
Beegbrain/pick_place_green_block,27,0.12083333333333333,2.733923761742348,0.43333333333333335,3.029227721829387,1.5425486656309255,0.0,,1.1071959793365682,1.0223957067197553,0.7979117259383202,0.4262239583333333,0.2349861812459145,0.016112147758194743
Beegbrain/pick_place_green_block,28,0.8625,2.4556351339583675,0.8916666666666667,3.161110673724179,0.977237770482175,0.0,,0.6932558644503537,1.5548950513582367,0.5372140258550644,0.4345572916666667,0.2526560274289634,0.017306208499418958
Beegbrain/pick_place_green_block,30,0.17916666666666667,2.0767684894938845,0.32916666666666666,3.712661524931108,2.138955370809918,0.0,,1.1174066547884074,1.0558584115057772,0.7847123444080353,0.46184895833333334,0.24783994488830796,0.016055925037039884
Beegbrain/pick_place_green_block,32,0.12083333333333333,2.2571395433968635,0.1,3.936851436376434,1.8419576291424593,0.0,,1.046122591819243,1.0734488409863023,0.743691474199295,0.396796875,0.22639039576367037,0.017715064129337144
Beegbrain/pick_place_green_block,33,0.38333333333333336,2.2686905119200578,0.8041666666666667,2.577304592676859,1.1143013525791692,0.0,,1.06614235513427,1.1270120515086213,0.772113710641861,0.4562109375,0.2449237464805586,0.016287853952494363
Beegbrain/pick_place_green_block,35,0.12083333333333333,1.8598575946776856,0.12916666666666668,2.5823928568853773,1.5603032076246917,0.0,,1.060200662165867,1.07592111596294,0.7755830809473991,0.4388932291666667,0.23275301444034135,0.01641291955525285
Beegbrain/pick_place_green_block,37,0.11666666666666667,1.8033865478140916,0.1,2.9296343122501405,1.6704643881157488,0.0,,1.0872534936857434,1.065633745134379,0.786271296441555,0.42046875,0.23529487982826167,0.01612905799645238
Beegbrain/pick_place_green_block,39,0.3875,2.35030203630711,0.1,2.878374310503212,1.55477970129936,0.0,,0.8775615040899213,1.1948606914302426,0.6292009130120277,0.43411458333333336,0.24312070640265254,0.019003391172031172
Beegbrain/sweep_tissue_cube,0,0.24166666666666667,2.767962060936384,0.4166666666666667,2.908918515583466,2.5040216956751413,1.0,0.0,1.0306121332852005,0.9029963048052253,0.7300481498241425,0.4368619791666667,0.26552731998958934,0.025765136182428146
Beegbrain/sweep_tissue_cube,1,0.35,1.5531428016435647,0.125,3.934092625584444,2.7065691376246157,1.0,0.0,1.0554932773941443,0.903257753988713,0.7726328819990158,0.36006510416666665,0.22568813419503841,0.0714683626440517
Beegbrain/sweep_tissue_cube,2,0.19583333333333333,2.59260605246739,0.1,3.8374690632151975,2.0041618448625576,1.0,0.0,0.7690436345999375,1.2513862822005797,0.5650119483470917,0.45186197916666665,0.27995734756752966,0.015068291303292158
Beegbrain/sweep_tissue_cube,3,0.6,2.688328566270426,0.19583333333333333,3.7704781615238403,3.0236637962603763,2.0,0.0,1.0769076501299482,0.9010839844268043,0.7694868892431259,0.36287760416666665,0.2281862347315016,0.015627499627989906
Beegbrain/sweep_tissue_cube,5,0.20416666666666666,2.275292157161467,0.1,4.249090663071074,1.871449266031181,0.0,,1.131080765865209,0.9687634202643683,0.8196863085031509,0.44669270833333335,0.2550980384025922,0.07474598591433154
Beegbrain/sweep_tissue_cube,6,0.3,2.5386039650183956,0.1,3.5886892634577814,2.3593544402949247,1.0,0.0,0.7877330186056523,1.2810216014878684,0.5871535092592239,0.40708333333333335,0.25574484053738067,0.014975688595178414
Beegbrain/sweep_tissue_cube,7,0.24166666666666667,2.1093805636168423,0.1,3.6594749061281977,2.662606953889579,1.0,0.0,1.0833092428405469,0.87380558981505,0.8072233945131302,0.3603645833333333,0.21916803586751898,0.10248780326122552
Beegbrain/sweep_tissue_cube,8,0.22916666666666666,2.5944965697439337,0.1,5.164888423933173,1.894806284037188,1.0,0.0,0.8540820991112987,0.8227569723758579,0.6302834898233414,0.3484244791666667,0.21257197164024588,0.015095138384663438
Beegbrain/sweep_tissue_cube,10,0.25,1.6609966175364421,0.1,4.487833487378371,2.6906878547384783,1.0,0.0,1.1135307757234132,0.9603396744160497,0.7976356595754623,0.4217447916666667,0.24829813427099898,0.015094793212655085
Beegbrain/sweep_tissue_cube,11,0.8416666666666667,1.5624700232237283,0.1,3.247185475893507,1.2197142756770143,1.0,0.0,0.970252896627818,1.0932962799944732,0.6680186614394188,0.49654947916666664,0.3069521239507519,0.07441831396347512
Beegbrain/sweep_tissue_cube,12,0.6708333333333333,2.9345988044687505,0.1,4.171400773736455,2.269056201188805,1.0,0.0,1.1098941073010602,0.7891860591478037,0.8080920875072479,0.4416796875,0.22601740519659327,0.016601173917383177
Beegbrain/sweep_tissue_cube,13,0.4625,2.328683369660653,0.1,3.7041507255660924,1.8383048068873882,0.0,,0.9933074857279905,1.0057521471196162,0.7176481783390045,0.4132161458333333,0.2638928680436117,0.015852572806249465
Beegbrain/sweep_tissue_cube,15,0.1375,1.482976638911585,0.1,5.025723565784217,2.503592786878623,1.0,0.0,1.12621886854345,0.9328100028471388,0.8024226725101471,0.43921875,0.24680709922713465,0.015994351233776342
Beegbrain/sweep_tissue_cube,16,0.6333333333333333,2.1460358198719787,0.1,4.570011049887016,2.1639843047708456,0.0,,1.125702338968188,0.9384181588871408,0.8055625557899475,0.4372786458333333,0.24479435637950414,0.016320023357836125
Beegbrain/sweep_tissue_cube,17,0.7583333333333333,2.160909224615483,0.1,3.5723218880280982,1.093239699192472,1.0,0.0,1.1743867977510751,0.9200942839222568,0.838599368929863,0.5302734375,0.2817980587212423,0.048670594379826744
Beegbrain/sweep_tissue_cube,18,0.1625,3.17586522073056,0.1,4.2674749929543925,2.609809817495756,1.0,0.0,1.0955244774683195,0.8877526138464756,0.784052848815918,0.4241666666666667,0.24820914439667574,0.016364030332280812
Beegbrain/sweep_tissue_cube,20,0.1375,1.635001850174259,0.1,4.424997831409555,1.5519770683455227,1.0,1.3859178508121914,1.1475334517559435,1.0297572944497335,0.833298072218895,0.46877604166666664,0.2784330438174169,0.015962122879174305
Beegbrain/sweep_tissue_cube,21,0.8333333333333334,2.2703378745911307,0.1,3.8175241538297113,1.231398217416236,0.0,,1.0827494243953408,0.9358301986024472,0.7982311844825745,0.5027734375,0.30328556937758183,0.01512283629646288
Beegbrain/sweep_tissue_cube,22,0.2125,2.4339115142553513,0.1,4.198585962451721,1.5888418135020372,1.0,0.0,0.6970037143035271,1.255375086414628,0.5152061209082603,0.38938802083333335,0.24424429102198802,0.015403320921536545
Beegbrain/sweep_tissue_cube,23,0.13333333333333333,1.8205597459989236,0.1,3.538078158299768,1.1788404467299574,0.0,,0.9929945668362683,0.9892759147946485,0.7352612689137459,0.46098958333333334,0.28228921489144543,0.016377742574970742
Beegbrain/sweep_tissue_cube,25,0.6291666666666667,2.5991128892628774,0.1,4.520153934839752,2.877371948457032,2.0,0.0,1.1060322731270367,0.9029475028434432,0.7982940077781677,0.41627604166666665,0.23950526317167112,0.015599494013267058
Beegbrain/sweep_tissue_cube,26,0.4,1.7922483577153576,0.1,4.283965175626057,1.6846200773714524,1.0,0.0,1.0276426781826022,0.9662450193540286,0.770225778222084,0.4366145833333333,0.2686946884434877,0.022699022648081085
Beegbrain/sweep_tissue_cube,27,0.2375,2.316558160286348,0.1,3.1744010296767575,1.9893034786709751,1.0,0.0,0.6404379811072607,1.274635061252353,0.4517273008823395,0.39055989583333334,0.24837933239919344,0.03808810798374528
Beegbrain/sweep_tissue_cube,29,0.2,1.6700910982292774,0.1,4.096180970973464,1.872635113382875,1.0,0.0,1.122746620374463,0.9251158511821603,0.8019817844033241,0.4774609375,0.282138949468906,0.06490108594034265
CSCSXX/pick_place_cube_1.18,0,0.4083333333333333,7.527740165753981,0.4166666666666667,2.9793336947295352,1.450296311460034,0.0,,1.2803446382999757,1.5216611210230786,0.8981262668967247,0.40979166666666667,0.29360799956606176,0.1791006820114672
CSCSXX/pick_place_cube_1.18,2,0.26666666666666666,7.428681767300424,0.4125,2.6691497598469414,1.3097724507588377,1.0,-0.9315565980774778,1.298644194904439,1.478835115310405,0.9086658395826817,0.4789453125,0.28355911186459726,0.19563087001886473
CSCSXX/pick_place_cube_1.18,4,0.2625,7.3872005255277156,0.525,2.785691572199198,1.470325863118493,1.0,0.9877603996398108,1.2390104996151574,1.4912685514793236,0.8806645348668098,0.44002604166666665,0.28280069027628135,0.20799693531237565
CSCSXX/pick_place_cube_1.18,6,0.26666666666666666,7.806735454586014,0.42083333333333334,2.8611664144240234,1.3773235897677771,1.0,-7.7870179546324465,1.2870023699290571,1.4538470163389605,0.9053196981549263,0.4561328125,0.27825205385928947,0.18685075956472172
CSCSXX/pick_place_cube_1.18,8,0.4083333333333333,5.527047194755106,0.5666666666666667,2.8769582833470357,1.3483059534202286,0.0,,1.0072140174140785,1.6799048562238466,0.7261066380888224,0.40845052083333333,0.291035535842691,0.18183898632870824
CSCSXX/pick_place_cube_1.18,10,0.2625,8.237294371580596,0.5208333333333334,2.5373311028101893,1.3598708992899142,1.0,0.0,1.2811734818315965,1.5044139957919602,0.8963428810238838,0.49040364583333335,0.2635316704840116,0.19465491454477846
CSCSXX/pick_place_cube_1.18,12,0.2625,7.405305423197931,0.5916666666666667,2.5646426048898534,1.4559881633930873,1.0,-2.770215797200194,1.298474360169431,1.42368854844596,0.906802199780941,0.451875,0.2807348844790901,0.19129194861676346
CSCSXX/pick_place_cube_1.18,14,0.2625,8.539268500648147,0.4166666666666667,2.8635142759854144,1.4417352296629307,2.0,-18.034285567129857,1.2926651167359369,1.4761156012055112,0.9150711540132761,0.44102864583333334,0.27858516604162303,0.20042522440722133
CSCSXX/pick_place_cube_1.18,17,0.4083333333333333,6.392126846939159,0.4166666666666667,3.01674852601149,1.5284904927532068,2.0,-13.956444383711755,1.1691029492173242,1.488598819697852,0.8343071416020393,0.41962239583333333,0.2910288716820909,0.2092289208754566
CSCSXX/pick_place_cube_1.18,19,0.4083333333333333,6.134623372093333,0.42083333333333334,2.697740038636592,1.4717363179317293,1.0,-0.8363753254224093,1.0721490080145304,1.559516002630121,0.7624202072620392,0.3950390625,0.2893996583377706,0.06868437945746472
CSCSXX/pick_place_cube_1.18,21,0.26666666666666666,6.797287927287388,0.6291666666666667,2.741496665889148,1.3803970706561215,1.0,0.0,1.2325573016698934,1.4566263960271715,0.8766674716025591,0.423984375,0.275354977784254,0.192610279365665
CSCSXX/pick_place_cube_1.18,23,0.2625,5.053129186328162,0.7875,3.05541302072047,1.350718703580301,2.0,2.898576799281713,1.0309891583121036,1.5334372435369015,0.7390382662415504,0.3797916666666667,0.28810302802176735,0.1801988001491744
CSCSXX/pick_place_cube_1.18,25,0.4083333333333333,7.450751790098727,0.5333333333333333,2.7733910286450425,1.378021638956729,0.0,,0.9561621005674309,1.632530253163577,0.6801334396004677,0.3602604166666667,0.2677335810201414,0.0651656998212973
CSCSXX/pick_place_cube_1.18,27,0.4083333333333333,6.384133841278895,0.4166666666666667,2.9218490609278107,1.490313227150902,0.0,,1.2429751631255634,1.3765513607098843,0.883094284683466,0.4216666666666667,0.2866519651214712,0.2115057053283902
CSCSXX/pick_place_cube_1.18,29,0.4125,7.214445089906868,0.4166666666666667,2.7700524075186053,1.2648799472505192,1.0,0.0,1.2743680938559931,1.4739585223144125,0.901444636285305,0.42701822916666665,0.2741080160066241,0.20002054471877506
CSCSXX/pick_place_cube_1.18,31,0.4125,6.405080412214345,0.42083333333333334,2.855291191777668,1.6133752922815159,1.0,0.0,1.1534292397379156,1.513303008490997,0.8327840492129326,0.4084375,0.28694541461650014,0.1791897052203144
CSCSXX/pick_place_cube_1.18,34,0.2625,7.948960768540826,0.4166666666666667,2.63487393511819,1.3193951057022621,0.0,,1.2837281902842694,1.5275345436020902,0.9041969999670982,0.48854166666666665,0.2623162207492127,0.19118798860955993
CSCSXX/pick_place_cube_1.18,36,0.4083333333333333,5.554622130528115,0.425,2.766956336875445,1.337816189792549,2.0,-0.8487642715535912,0.998490800837713,1.6688609382870774,0.7055182680487633,0.3699088541666667,0.2846814264617362,0.11257495423663649
CSCSXX/pick_place_cube_1.18,38,0.2625,7.142722351159401,0.4166666666666667,2.8681725832467153,1.3647984887662292,1.0,3.0528825147924294,1.2335794423444317,1.4692071228027412,0.8847048543393612,0.4087369791666667,0.2792180260072411,0.22049533062926283
CSCSXX/pick_place_cube_1.18,40,0.2625,7.692779845152017,0.4166666666666667,2.7381612766410113,1.3299760654546748,1.0,-0.8680514497455363,1.2785050490428798,1.3857944022917785,0.9046148248016834,0.45294270833333333,0.2782248762126446,0.21482509819009996
CSCSXX/pick_place_cube_1.18,42,0.4125,6.4121002509474865,0.425,2.866499533607363,1.523704919634112,2.0,-11.768288932020639,0.9969104787196946,1.8023585531862867,0.7118820864707232,0.39434895833333333,0.2823809114613626,0.16534897614153726
CSCSXX/pick_place_cube_1.18,44,0.2625,7.495062338209013,0.4166666666666667,2.7731131201355717,1.376430156766885,2.0,-3.212209760109218,1.281552220903293,1.4313537389602682,0.9031514339148998,0.45532552083333333,0.27889519838910515,0.1993082729089758
CSCSXX/pick_place_cube_1.18,46,0.2625,5.849302272052305,0.7583333333333333,2.7117628637535973,1.067477664228244,0.0,,0.9702543155336036,1.8280830826913406,0.7035640757530928,0.4189583333333333,0.2609926263292477,0.1748538212902322
CSCSXX/pick_place_cube_1.18,49,0.4083333333333333,5.689273412635954,0.7208333333333333,2.8111495220267555,1.2353872774000916,2.0,-0.8814039965821365,1.1444428001468248,1.5658087081163448,0.8127610478550196,0.39026041666666667,0.2721759276580038,0.19509021953645522
Chojins/chess_game_000_white_red,0,0.7125,2.2178345252582354,0.1,2.7706060831089117,1.3065293204652269,0.0,,0.8717152146026668,2.205784205088357,0.4498203694820404,0.2718359375,0.28319166875601126,0.04009385995154013
Chojins/chess_game_000_white_red,4,0.24583333333333332,2.134005101191127,0.1,2.9208783446198394,1.2335737396782005,0.0,,0.9430502519485828,1.967895754226538,0.4418036937713623,0.28576822916666667,0.2929352626420477,0.0443591360043393
Chojins/chess_game_000_white_red,8,0.24583333333333332,2.592189861399578,0.1,2.9054495001895564,1.3690922564499939,1.0,-2.792702365713282,0.6872865344712727,2.657955438345072,0.3372023403644562,0.26502604166666666,0.3015960593725371,0.02770503039836528
Chojins/chess_game_000_white_red,13,0.24583333333333332,2.232663777216925,0.1,3.0883208975151293,1.3161367704199571,1.0,-0.8363753254224093,0.7125931730796711,2.683396672368312,0.3367471545934677,0.304140625,0.29964951575996823,0.043260934247700264
Chojins/chess_game_000_white_red,17,0.625,2.323013740920276,0.1,3.3637738330487394,1.0425557040786182,3.0,-1.3118877825041153,0.9101762294363002,1.8076639915094521,0.4759596288204193,0.264609375,0.3311690156678315,0.03195775919597823
Chojins/chess_game_000_white_red,22,0.7125,2.6163766067912277,0.1,3.3603771519853334,1.2481615498094052,0.0,,0.8502284804435215,2.3923206213295334,0.3903018832206726,0.32544270833333333,0.31241288704268105,0.026058033077629973
Chojins/chess_game_000_white_red,26,0.25416666666666665,2.476399350315401,0.1,3.4176709890006602,1.1971613340926042,1.0,-1.2825270827101747,0.8532684681419193,2.095229403344554,0.37004804611206055,0.3061979166666667,0.3119845048079079,0.0238186769407675
Chojins/chess_game_000_white_red,31,0.7166666666666667,2.584872288225033,0.1,3.1711410954871626,1.0931422548767027,1.0,-0.9166542563852857,0.658600463987178,2.866527872134848,0.29547540843486786,0.3009765625,0.30640666053034804,0.0264527029017925
Chojins/chess_game_000_white_red,35,0.25,2.3981579522305343,0.1,3.2833624001572446,1.208224136249709,1.0,-0.8998597149044087,0.7145017636500647,2.7740180069760187,0.3337889164686203,0.3291796875,0.31210036015272025,0.024005434091147353
Chojins/chess_game_000_white_red,39,0.7125,2.3785564139838953,0.1,3.16988388621423,1.0983189233574255,2.0,-0.8998597149044087,0.7374818751415081,2.707566098991581,0.33363889157772064,0.3181640625,0.3105013471827314,0.026563020777970948
Chojins/chess_game_000_white_red,44,0.7166666666666667,2.417117022769827,0.1,3.1785645475358275,1.166756367596349,2.0,-2.95631065750365,0.8159986697135052,2.620406706806821,0.3913905918598175,0.33514322916666667,0.3110650022164889,0.02278103543496012
Chojins/chess_game_000_white_red,48,0.7125,2.531963349170016,0.1,3.2715916163404133,1.1750266610362523,1.0,-0.90459503373269,0.7744955923543468,2.8680546767814232,0.35435542464256287,0.3219140625,0.31113135211786763,0.025881777798433595
Chojins/chess_game_000_white_red,53,0.35833333333333334,2.137645819666146,0.1,3.5210706562233267,2.3194836439138107,0.0,,0.20995959339608108,2.3340244397408845,0.061504065990448,0.2617317708333333,0.5258453179643636,0.010603804301195901
Chojins/chess_game_000_white_red,57,0.11666666666666667,2.1171311432960676,0.1,5.326925757026524,0.4871892926760707,1.0,1.898612370658853,0.7817068856413818,1.7170736878025366,0.496314138174057,0.2434375,0.32873386650624925,0.0663991091923187
Chojins/chess_game_000_white_red,62,0.45,5.479662007299911,0.1,3.268218614560701,4.815679974319145,4.0,0.0,0.4432493324932582,2.0061733614272876,0.3424747511744499,0.3851171875,0.3044203605566521,0.016786960150198215
Chojins/chess_game_000_white_red,66,0.2875,1.7836314465005005,0.1,3.680713725311171,2.6976193707108664,0.0,,0.291530126988181,2.3771953933907795,0.23768654465675354,0.3321614583333333,0.2740589054419548,0.016521095838686075
Chojins/chess_game_000_white_red,70,0.11666666666666667,2.862483425591751,0.1,4.527328888548561,2.3150265450569787,0.0,,0.016184538395272487,1.7445322920431667,-0.14563040435314178,0.07322916666666666,0.21379905009612124,0.010447239312927735
Chojins/chess_game_000_white_red,75,0.12083333333333333,3.6104648842849247,0.1,4.462702478368123,1.3915643352002722,0.0,,-0.04335939095233314,3.5485980986896455,-0.004398152232170105,0.0,,0.02740859538092126
Chojins/chess_game_000_white_red,79,0.1125,3.12724734861302,0.1,4.735700988936947,0.9185438633908966,0.0,,0.32747176166593767,2.764203923720483,0.2761596143245697,0.03239583333333333,0.18616556122105773,0.02579140235782229
Chojins/chess_game_000_white_red,84,0.5833333333333334,3.0004183051520776,0.1,4.987939214312388,0.505236509173139,4.0,-4.810586194365641,0.8588012680076308,1.5004265611355703,0.6361483037471771,0.3750390625,0.29962360092371826,0.021248203445391543
Chojins/chess_game_000_white_red,88,0.1,1.8308267242311616,0.1,3.542530496741793,1.819094120993068,0.0,,0.47955773168547017,2.3136218372923967,0.29885926097631454,0.374296875,0.2893341973429376,0.009713072641002535
Chojins/chess_game_000_white_red,93,0.11666666666666667,2.774747900593939,0.8541666666666666,3.7385274539930533,2.497813283744103,1.0,1.3971810272963694,-0.14670647657373417,2.2181585512893123,-0.3058865964412689,0.0,,0.006745513916896576
Chojins/chess_game_000_white_red,97,0.175,1.95675156233602,0.1,4.362687121071998,2.240440558901524,0.0,,0.16514918176733207,3.2923957140647775,0.049093395471572876,0.08971354166666666,0.17952280608000196,0.006582366654823001
Chojins/chess_game_000_white_red,102,0.15416666666666667,2.3170276254499758,0.10416666666666667,4.729635904967412,1.6196102657482605,4.0,-15.01836063115067,0.36699188766722746,2.696358277535048,0.14346939325332642,0.3680729166666667,0.31461613972183755,0.011037283048159915
Chojins/chess_game_001_blue_stereo,0,0.4125,1.7512994045503423,0.8958333333333334,3.650212125177026,2.152184834930498,0.0,,0.5523798117350375,1.2078690625551554,0.19600796699523926,0.14506510416666665,0.21196913357461733,0.03723342957555945
Chojins/chess_game_001_blue_stereo,25,0.4875,1.5767852950171934,0.24166666666666667,2.913602930048156,0.6706944554342777,0.0,,1.0642657843764687,1.0313159360887514,0.7168507985770702,0.37959635416666665,0.2460115561142074,0.021825130878613107
Chojins/chess_game_001_blue_stereo,50,0.45416666666666666,4.457355686359288,0.1625,3.422199868907498,1.5525949493314317,4.0,-2.0558887850046688,1.0452377929024097,1.307942016351601,0.7427074462175369,0.35682291666666666,0.2825744218386712,0.02581441083125872
Chojins/chess_game_001_blue_stereo,75,0.25,1.9685602696080295,0.8833333333333333,3.295779969975654,1.9399227779189157,0.0,,0.7697735955437107,1.2508855359823448,0.44196708500385284,0.34497395833333333,0.27160424417559764,0.018375927592460213
Chojins/chess_game_001_blue_stereo,100,0.43333333333333335,1.9380971912539247,0.8958333333333334,3.2774257132826183,3.4563895420027118,0.0,,0.882820680118037,0.8955387033068123,0.6756912469863892,0.44640625,0.32243568245357873,0.02051047447614641
Chojins/chess_game_001_blue_stereo,125,0.4,7.19484245868662,0.75,2.6115964914708014,5.429699008665698,1.0,0.9710219310791643,0.7098599131741683,1.7289317887550537,0.3097260594367981,0.39631510416666665,0.3187276331672404,0.027315279604084582
Chojins/chess_game_001_blue_stereo,150,0.25,3.2022536255016294,0.1,3.222042483163125,4.890469130047449,0.0,,0.9199561241825222,0.7750838212420835,0.5370831489562988,0.335234375,0.277594082129019,0.019968293517222818
Chojins/chess_game_001_blue_stereo,175,0.3375,2.280912526943329,0.8958333333333334,3.609347762198894,1.2823918342154375,2.0,14.93141717813755,0.19027384482613174,1.3879942600485273,0.03390300273895264,0.08123697916666667,0.8971733346924897,0.011495667533777069
Chojins/chess_game_001_blue_stereo,200,0.30833333333333335,3.340681008984611,0.8958333333333334,3.4273583440468025,4.947227753478539,0.0,,0.47656008535508737,1.0700347057288428,0.24997133016586304,0.2808333333333333,0.267168818208907,0.034972887314112716
Chojins/chess_game_001_blue_stereo,225,0.25,1.777290101819801,0.8958333333333334,3.6244754709852445,1.528721178562178,0.0,,0.5343849728673369,0.8438443242462729,0.16458207368850708,0.2128125,0.22813843371692707,0.03322779292569653
Chojins/chess_game_001_blue_stereo,250,0.29583333333333334,1.7570631218769803,0.1,3.102094936560372,1.5875538828625761,0.0,,0.813766252647745,0.9781867762286532,0.4189017415046692,0.405234375,0.3085195286252322,0.029427065145394414
Chojins/chess_game_001_blue_stereo,275,0.42916666666666664,1.7692161637780373,0.1,3.0854753439415683,1.9953754903504244,0.0,,0.20827968056053653,2.1233894258082513,0.06650187075138092,0.27325520833333333,0.26351259476829936,0.008028932362646032
Chojins/chess_game_001_blue_stereo,300,0.36666666666666664,1.77565171849295,0.8958333333333334,2.4618918061509767,1.2936091204763192,2.0,-16.96614810853619,0.3067183253712867,1.8808458770077776,0.12674382328987122,0.3524088541666667,0.31006866315170284,0.012733680139046298
Chojins/chess_game_001_blue_stereo,325,0.7666666666666667,1.793008387482654,0.1,3.744039441636614,1.0202176130387572,3.0,-17.974487488836004,1.027743387549156,1.0343448459786002,0.6728765666484833,0.4033333333333333,0.2929849590667035,0.020230381701280366
Chojins/chess_game_001_blue_stereo,350,0.3125,3.562442246556198,0.8541666666666666,3.5153525795462337,2.148943909819781,3.0,5.013113755035803,0.7823961685071403,1.5466514180831565,0.5155962258577347,0.30834635416666667,0.26155389301911974,0.026731834635773482
Chojins/chess_game_001_blue_stereo,375,0.44166666666666665,6.565166017931626,0.1,2.706468647994297,1.0855564663342627,0.0,,0.279992434868587,1.5812922859192375,0.08413621783256531,0.22338541666666667,0.26547917168664414,0.038912039634250474
Chojins/chess_game_001_blue_stereo,400,0.3125,1.8108487553123394,0.1,2.726302870810053,1.6700530577476513,0.0,,0.5297525111924072,1.407990332738566,0.3581433892250061,0.28638020833333333,0.2645375326781781,0.031912442464195875
Chojins/chess_game_001_blue_stereo,425,0.45,2.9759652822247276,0.7083333333333334,3.2113537903923652,4.740418921911723,2.0,5.8773926066431414,0.16997368072672187,2.061177751041465,0.061115920543670654,0.2660416666666667,0.25296319171174597,0.008452994576125689
Chojins/chess_game_001_blue_stereo,450,0.7375,8.281688956375666,0.17083333333333334,2.6058642889351926,1.9222772216090946,0.0,,1.1781321000756528,1.645214425484526,0.7482210993766785,0.44388020833333336,0.2562037972337561,0.026575838564656708
Chojins/chess_game_001_blue_stereo,475,0.29583333333333334,3.570110527124363,0.1,3.1224045567344376,4.1472299221587,3.0,14.881529703140544,-0.8844694851892957,1.5078047204443725,-0.7861355692148209,0.0,,0.0033582395234026475
Chojins/chess_game_001_blue_stereo,500,0.2708333333333333,2.994007846829119,0.7291666666666666,2.9193798971428473,4.674748380564621,2.0,-6.981057406829791,0.12001012506645847,2.8551108555378515,0.04091624170541763,0.2090625,0.26591735411415696,0.006822894604469293
Chojins/chess_game_001_blue_stereo,525,0.4,2.5424626749738253,0.7625,3.3569251828659272,2.8574785949010924,1.0,-12.225122675735747,-0.4770518599840639,1.125472580528868,-0.3939967453479767,0.0,,0.0013205596056491409
Chojins/chess_game_001_blue_stereo,550,0.2875,2.2551809474414326,0.675,3.419885904402345,4.558273173590554,2.0,1.877877447285357,0.3211766981866426,1.1630029268186775,0.2636590301990509,0.29368489583333335,0.26908264224410994,0.017677080371499485
Chojins/chess_game_001_blue_stereo,576,0.6,1.7897074566496722,0.8958333333333334,3.712267577182063,0.8985700590655613,0.0,,0.3390469219929286,0.5119354337171995,0.13765162229537964,0.0,,0.033485227938067436
Chojins/chess_game_001_red_stereo,0,0.42083333333333334,1.59986910195843,0.1,2.5863676907198867,1.2144363981146893,0.0,,1.1306414301447143,0.7087102617340223,0.7607741877436638,0.41151041666666666,0.2416446411369992,0.0314936790602571
Chojins/chess_game_001_red_stereo,23,0.3333333333333333,2.192549176711501,0.1,3.3176078527204105,1.0043121522699028,0.0,,-0.06591647188727422,1.736565387337034,-0.29821982979774475,0.221015625,0.31500774258242853,0.0057118009900732685
Chojins/chess_game_001_red_stereo,46,0.375,2.0113022478052063,0.8958333333333334,3.4448623239621363,1.329597733914476,5.0,-6.9301334966631885,1.2055763190954496,1.23593573510015,0.8369702994823456,0.43194010416666667,0.2656968722484018,0.022158072290082785
Chojins/chess_game_001_red_stereo,69,0.29583333333333334,1.8927551843382584,0.8625,3.966586188088262,2.4467844763588653,0.0,,1.0276953709512722,1.0526613299467653,0.6806180477142334,0.3763020833333333,0.28008049688002196,0.023298156844806413
Chojins/chess_game_001_red_stereo,92,0.3333333333333333,2.4047243778135705,0.1,3.770911262086222,0.8990406587472944,3.0,12.225122675735747,1.2003199222880043,1.610606213576599,0.8319796100258827,0.4974088541666667,0.25113386700757795,0.02819821546752419
Chojins/chess_game_001_red_stereo,116,0.1,2.520881919024617,0.1,2.6325394672572737,1.4127578283797964,1.0,-0.9022211615301501,0.2800681328503571,1.3343201811928818,0.08457303047180176,0.11669270833333334,0.2866267522846346,0.028444954471480884
Chojins/chess_game_001_red_stereo,139,0.2916666666666667,2.1079254685548388,0.1,3.733247684469496,1.2046790958240716,3.0,-10.980650010173548,0.9310709625338638,1.4119732105281078,0.6089079529047012,0.365078125,0.28746775520729334,0.03361121329664666
Chojins/chess_game_001_red_stereo,162,0.2833333333333333,1.7859483267557625,0.8833333333333333,3.247829703221914,1.1834028917608332,4.0,15.899522588456563,0.3774962119637532,0.9761838981850777,0.12861669063568115,0.11733072916666666,0.29512975540355374,0.02774700557392026
Chojins/chess_game_001_red_stereo,185,0.5,3.9083712658872876,0.1,3.303638949735829,1.2451957143313976,3.0,2.066476985644229,0.2363793270095886,3.626535370730704,-0.27752047777175903,0.31953125,0.2761153338584771,0.01973637873323291
Chojins/chess_game_001_red_stereo,208,0.6166666666666667,2.901414428167516,0.8958333333333334,3.135318950183425,1.2218799357415648,0.0,,0.8260465663372508,0.8177606364536751,0.5715442001819611,0.31721354166666665,0.2705374204081464,0.044760821599202825
Chojins/chess_game_001_red_stereo,232,0.4625,1.7503293592755398,0.8958333333333334,3.7716879691671634,1.5862419219376305,0.0,,0.3166131327011149,1.1657657484164916,0.18243950605392456,0.12686197916666667,0.23803035072492768,0.07109751277031186
Chojins/chess_game_001_red_stereo,255,0.2916666666666667,1.9497705095578783,0.8083333333333333,3.688321850290446,3.164072331878125,1.0,-16.07357416474639,-0.5771355381365968,1.538815643673474,-0.5677930135279894,0.0,,0.0031145792259289666
Chojins/chess_game_001_red_stereo,278,0.2708333333333333,2.32318440887365,0.8958333333333334,2.6211191801933627,1.2336717284690029,1.0,-11.959762221930774,0.45057850949831774,1.5943286862242667,0.1469050943851471,0.05546875,0.2115583318600585,0.06056631553632614
Chojins/chess_game_001_red_stereo,301,0.30416666666666664,2.731878055877327,0.5375,2.4448553835474254,2.0129563810646007,3.0,-11.078591418218082,0.8993162782725284,1.0555045921290884,0.6406205743551254,0.3917578125,0.2797952882248174,0.035157729851255044
Chojins/chess_game_001_red_stereo,325,0.32916666666666666,4.777459256736028,0.1,2.67862658977043,1.257933247391671,4.0,5.000644597558434,1.1978825394757295,1.5103346256353947,0.826116070151329,0.42559895833333333,0.23111951248048823,0.026914877785089948
Chojins/chess_game_001_red_stereo,348,0.49583333333333335,8.463587317921371,0.1625,3.153462839733112,0.9386672912344695,1.0,0.0,0.7961825246090094,1.6796451899734803,0.5209790170192719,0.2672265625,0.24925377120516073,0.02177316900506754
Chojins/chess_game_001_red_stereo,371,0.85,8.350298524977205,0.14166666666666666,3.343005463641548,1.1195921342342148,1.0,9.96835617047384,0.06638116224071466,1.937913407413031,-0.23161277174949646,0.2094921875,0.2854490619776863,0.03249096693169523
Chojins/chess_game_001_red_stereo,394,0.3416666666666667,2.118280522137195,0.37083333333333335,2.0036045890493916,1.7688525384481213,0.0,,0.9373728261401164,1.0343113432299287,0.667129248380661,0.3515755208333333,0.24589481344174605,0.027394393532858337
Chojins/chess_game_001_red_stereo,417,0.3625,3.554894041094204,0.725,3.194600772411987,5.343485989797665,2.0,6.1411106168768015,1.0724145501328186,1.2517103763888968,0.6878445148468018,0.383125,0.2894162053690267,0.020836336947278062
Chojins/chess_game_001_red_stereo,441,0.30416666666666664,1.6768082634103936,0.8166666666666667,2.8294166301633825,2.4337644780824075,3.0,18.189045699651302,0.4746514817886048,1.565240331819368,0.12515732645988464,0.37359375,0.3092886095988735,0.01218866668290995
Chojins/chess_game_001_red_stereo,464,0.3125,1.5679337957602242,0.8958333333333334,2.7075714582812527,3.329462106080773,1.0,3.979382452678209,0.9144434485341849,0.9762275313738701,0.5284021496772766,0.3615625,0.28860438372214964,0.022246104003773
Chojins/chess_game_001_red_stereo,487,0.5583333333333333,2.0491629705844656,0.1,2.6116142831281186,1.0575296677699122,0.0,,0.861018336898599,1.2419333191670079,0.5945467725396156,0.35876302083333333,0.2849010511047024,0.017986312899713194
Chojins/chess_game_001_red_stereo,510,0.475,2.16237097345236,0.8958333333333334,2.8838244484853535,2.3197985369119576,0.0,,0.20367278918336362,0.891498260347028,0.17223066091537476,0.07850260416666667,0.1954493310227901,0.022339986226760183
Chojins/chess_game_001_red_stereo,534,0.3958333333333333,1.5672654325746667,0.16666666666666666,3.1033048982996947,0.8590331201509217,0.0,,0.19180889573340387,0.6136776596430663,-0.05324137210845947,0.09415364583333333,0.37830956788212533,0.03031728911195484
Chojins/chess_game_009_white,0,0.3,2.6403888325316385,0.8916666666666667,4.417171111005002,1.2865577945340423,0.0,,1.1884323448658165,1.6750300994174527,0.7964936941862106,0.3424348958333333,0.27216985357159956,0.03359956413671926
Chojins/chess_game_009_white,14,0.49166666666666664,2.621653156575267,0.8875,3.6373640617442944,1.2241094387995948,0.0,,1.0032548026456738,1.8660902767043246,0.6746774464845657,0.3352734375,0.2833049859676884,0.03406129092719276
Chojins/chess_game_009_white,29,0.3,2.5647963861271124,0.8666666666666667,2.978123757599286,0.978690173725037,1.0,-19.653824058053317,1.116640936368192,1.7830234867952262,0.7645256891846657,0.3406119791666667,0.27210808187650637,0.030715396042813307
Chojins/chess_game_009_white,44,0.29583333333333334,2.439320016342707,0.8958333333333334,3.3241257232145567,1.2720459130618995,0.0,,0.5512668878430271,2.6264879580168374,0.4549095779657364,0.2795182291666667,0.2700601273181197,0.11964518042290087
Chojins/chess_game_009_white,59,0.6958333333333333,1.9706375384601411,0.8958333333333334,2.8527768749547024,0.9993054259790082,2.0,-0.758840124268545,0.8167824342404139,2.016516080635358,0.614623099565506,0.29333333333333333,0.27068796952263213,0.0812023642760514
Chojins/chess_game_009_white,74,0.3,2.441295728484201,0.8708333333333333,3.71499115537411,1.235302813199663,0.0,,0.9382955097728332,1.6965267425469954,0.6622275710105896,0.29682291666666666,0.27905321420993623,0.049596037188456774
Chojins/chess_game_009_white,88,0.3,2.699281147019031,0.875,3.8329504881795016,1.482654583359692,0.0,,1.101374596058499,1.7030822104440169,0.7663011997938156,0.3492838541666667,0.27452518454105523,0.048793279373118635
Chojins/chess_game_009_white,103,0.3,2.7161754712693735,0.7541666666666667,3.009468521005349,1.3720642720766305,0.0,,1.139555564272974,1.7464079422610181,0.7809324860572815,0.35028645833333333,0.2629497612440505,0.03793507526744696
Chojins/chess_game_009_white,118,0.29583333333333334,2.4077048363222446,0.8791666666666667,2.800879595865124,1.1711128505026842,0.0,,0.9941079395799965,1.71038095862478,0.6981429159641266,0.33255208333333336,0.27288771735533396,0.03840736654895745
Chojins/chess_game_009_white,133,0.6583333333333333,1.8831976543118245,0.8708333333333333,2.106333309887887,1.063384786432364,4.0,-2.030914236853107,0.7353322744616692,1.968809906111624,0.5700947046279907,0.3152734375,0.277519061564321,0.1971657598670126
Chojins/chess_game_009_white,148,0.6958333333333333,2.670396464960739,0.10416666666666667,2.5370755217007135,0.7498239214043635,2.0,0.0,1.1003496939520103,1.6703490452884053,0.7489533126354218,0.3214192708333333,0.27283978971865586,0.038891985508292426
Chojins/chess_game_009_white,163,0.7958333333333333,2.766641398805454,0.1,3.022046792805149,0.7018128649470897,0.0,,1.0972702099324754,1.5676481862949851,0.7450892627239227,0.3360546875,0.2763451690735498,0.03351918442441681
Chojins/chess_game_009_white,177,0.7958333333333333,2.5768393160549854,0.1,2.972553500757553,0.8079211235439987,0.0,,0.9597330896285134,1.5349917655774046,0.6062199771404266,0.3022005208333333,0.2917141326829821,0.03384457691829857
Chojins/chess_game_009_white,192,0.29583333333333334,3.0241817708233643,0.8708333333333333,2.6102538716855452,1.1086955242843508,0.0,,0.8079776286373629,1.5530426140857456,0.5794387459754944,0.29962239583333333,0.2803290912896124,0.0839558499749046
Chojins/chess_game_009_white,207,0.29583333333333334,3.102081228169911,0.8958333333333334,3.346587722364734,0.9832567534819312,2.0,0.0,0.9864937454732181,1.576523957185918,0.68125981092453,0.319375,0.27627634850581484,0.03502398394939495
Chojins/chess_game_009_white,222,0.7958333333333333,2.6004970735307134,0.8666666666666667,2.6805065640663224,0.8704272242001525,0.0,,0.9713402832245983,1.645983987147472,0.6628294289112091,0.2920963541666667,0.2822261809083935,0.06947525738741764
Chojins/chess_game_009_white,237,0.7416666666666667,2.504162710282051,0.1,2.78167585087599,0.8707470476184944,0.0,,0.812500513375615,1.7922421572104361,0.5588739812374115,0.2889453125,0.28933815190258627,0.04148065730003458
Chojins/chess_game_009_white,252,0.29583333333333334,2.2694580778151936,0.8958333333333334,4.453686400923309,1.339969823126472,1.0,-1.016978030719173,0.7987359794993085,1.7802651054212268,0.5864318013191223,0.28705729166666666,0.2814017248833458,0.03200301919609475
Chojins/chess_game_009_white,266,0.8583333333333333,2.3404481442222567,0.8958333333333334,3.473441370023193,1.055757545005343,1.0,0.0,0.6402204865986643,1.544613794181295,0.4628019630908966,0.2570572916666667,0.299921921659703,0.03618710525100233
Chojins/chess_game_009_white,281,0.7416666666666667,2.467214563925276,0.8125,2.9492717656006495,0.9627506614644238,0.0,,0.9919464234012463,1.8754607540632398,0.7141312509775162,0.3438671875,0.28425772816449824,0.053200898964921556
Chojins/chess_game_009_white,296,0.8625,2.860811357370655,0.7291666666666666,2.9380885398481644,0.8289081715234322,1.0,-14.995079129175991,1.1301081118216494,2.025048795386586,0.7706054747104645,0.4576692708333333,0.28817665762645117,0.027030087922110174
Chojins/chess_game_009_white,311,0.29583333333333334,2.5686518260676383,0.8125,3.4477169116458035,1.1104463636091855,2.0,0.0,1.0738659841147757,1.950486606291263,0.7223029136657715,0.36640625,0.2773994641258739,0.030513274242860513
Chojins/chess_game_009_white,326,0.25416666666666665,1.9935437991556595,0.8125,2.9566925853035455,1.2501986299440342,1.0,0.0,0.9570968412725379,1.749918663420011,0.7014169245958328,0.325859375,0.2770103193097589,0.056486240324895444
Chojins/chess_game_009_white,341,0.25416666666666665,3.31588919231139,0.1,2.727875098188706,3.5677737130503986,0.0,,0.24836786881369988,1.9628091803463812,0.1315355896949768,0.07708333333333334,0.19831222435824944,0.02740517881607414
DorayakiLin/so100_pick_charger_on_tissue,0,0.42916666666666664,3.0405203763887485,0.8958333333333334,3.697045886603772,1.7086637025777411,2.0,10.917885360431441,1.2618978214534629,2.0998021915703164,0.8315584659576416,0.5025130208333334,0.2630568966319146,0.054145781523507686
DorayakiLin/so100_pick_charger_on_tissue,2,0.42916666666666664,2.6020210836554134,0.8958333333333334,3.9401071516912483,1.8988146644339658,2.0,10.030213319732837,1.2265168727473206,1.8787792291670269,0.8044621348381042,0.4310026041666667,0.26641865349603894,0.05068232352619112
DorayakiLin/so100_pick_charger_on_tissue,4,0.42916666666666664,2.756143676013098,0.8958333333333334,3.8094690228095667,1.8045765095979467,1.0,10.33891054294105,1.298627192579533,2.016331007979272,0.8689517080783844,0.4596484375,0.2648269710140135,0.10221370498372266
DorayakiLin/so100_pick_charger_on_tissue,6,0.42916666666666664,2.770318737507016,0.8958333333333334,3.8317913873334537,1.9210843843179366,2.0,11.19802679695401,1.2354624409520143,2.069828045581688,0.8194836378097534,0.5001302083333333,0.2642691331907769,0.06743511214851264
DorayakiLin/so100_pick_charger_on_tissue,8,0.43333333333333335,3.1364491405376898,0.8958333333333334,3.764505240331109,1.691277349813652,2.0,11.023455963743146,1.265270602824976,1.9046162809679479,0.8386074304580688,0.43712239583333334,0.258942110949765,0.0922965676469239
DorayakiLin/so100_pick_charger_on_tissue,10,0.42916666666666664,3.133658321563143,0.8958333333333334,3.805301105829319,1.656524324795034,3.0,10.87145292585484,1.3340868850741836,1.8721532806162924,0.8767829984426498,0.442265625,0.2616448592328484,0.12230703705798249
DorayakiLin/so100_pick_charger_on_tissue,12,0.2708333333333333,4.1987165402873226,0.8958333333333334,3.462305170780072,1.0825157024283727,0.0,,1.286731798131979,1.912421189092629,0.8854397870600224,0.4358723958333333,0.24488905415582096,0.07759626497498667
DorayakiLin/so100_pick_charger_on_tissue,14,0.42916666666666664,3.3071396908799895,0.8958333333333334,3.693594768773084,1.6009941608900387,3.0,11.08641301165963,1.2789979938112412,2.01790165071352,0.8426706567406654,0.47270833333333334,0.2628002078219996,0.08842001904995953
DorayakiLin/so100_pick_charger_on_tissue,17,0.3375,2.624445412664821,0.8958333333333334,3.7595980607236554,1.5876957730331567,0.0,,1.2908514730398524,1.9375282157951192,0.8621391505002975,0.45462239583333336,0.25998105380850206,0.11709342901221866
DorayakiLin/so100_pick_charger_on_tissue,19,0.42916666666666664,2.8211636696553977,0.8958333333333334,3.7436034477536477,1.6066368855135957,1.0,11.142889858339316,1.3000699234156508,1.8993693291892384,0.8546147979795933,0.46078125,0.2611209482636716,0.10595255735074653
DorayakiLin/so100_pick_charger_on_tissue,21,0.43333333333333335,4.36881180484493,0.8958333333333334,3.7030611262814435,1.6281530239918192,2.0,11.01383289035141,1.325581537655848,1.8519297222913764,0.8705178275704384,0.43854166666666666,0.26160193402836446,0.10339043011600194
DorayakiLin/so100_pick_charger_on_tissue,23,0.1875,3.1843834486391667,0.8958333333333334,3.5723392092675543,1.6425367591839681,0.0,,1.2491298701709113,2.0133976009588235,0.8413569256663322,0.45197916666666665,0.2573984760192899,0.09313711955205715
DorayakiLin/so100_pick_charger_on_tissue,25,0.42916666666666664,3.3578488999976384,0.8958333333333334,3.7013475597631365,1.6253704049530355,3.0,10.929488002180378,1.2602810929346107,1.9707114365939329,0.8287226632237434,0.4616796875,0.2602678735265759,0.08258721632717046
DorayakiLin/so100_pick_charger_on_tissue,27,0.42916666666666664,3.659958393685994,0.8958333333333334,3.5541443538187223,1.6452581973332816,1.0,10.765755544742916,1.2934723800459922,1.93239682090659,0.8686958588659763,0.43821614583333335,0.25576235353939086,0.10369082925451874
DorayakiLin/so100_pick_charger_on_tissue,29,0.45,3.596066509010625,0.8958333333333334,3.572395504301166,1.6877254918808062,3.0,11.048905671654737,1.2879713520043614,1.88280707190467,0.8430220112204552,0.4339322916666667,0.2603412918206022,0.09616612988971682
DorayakiLin/so100_pick_charger_on_tissue,31,0.43333333333333335,2.920552942265651,0.8958333333333334,3.5424090156586177,1.827977057205078,1.0,11.078591418218082,1.2751169773099627,1.8153499135749809,0.8301036655902863,0.43427083333333333,0.2619032086801265,0.07636702921973818
DorayakiLin/so100_pick_charger_on_tissue,34,0.42916666666666664,3.210505079787574,0.8958333333333334,3.5451089233423914,1.8452417651365525,3.0,10.833046391970683,1.2485523298928916,1.9646753299410338,0.8198223263025284,0.4582161458333333,0.26147114211994815,0.09466243312877216
DorayakiLin/so100_pick_charger_on_tissue,36,0.42916666666666664,2.9780471825309567,0.8958333333333334,3.374056058601578,1.6511545362843585,1.0,10.619655276155129,1.2843429128255333,1.9573313035739097,0.851843997836113,0.4689453125,0.2635498807156711,0.11468603812897522
DorayakiLin/so100_pick_charger_on_tissue,38,0.43333333333333335,3.96684058301086,0.8958333333333334,3.4587255020078187,1.3919690592919935,3.0,11.309932474020215,1.345880703938121,1.7648294192096787,0.8798920679837465,0.4232682291666667,0.25585593215648567,0.1122014777226924
DorayakiLin/so100_pick_charger_on_tissue,40,0.43333333333333335,3.4910321157414534,0.8958333333333334,3.3265796552582554,1.540894278080804,1.0,10.939091183192147,1.2433785907256312,2.070991327578804,0.8208572864532471,0.477421875,0.2594389886586755,0.07004917168947501
DorayakiLin/so100_pick_charger_on_tissue,42,0.43333333333333335,2.4464970172850617,0.8958333333333334,3.6100371861168647,1.8514686387326404,1.0,11.309932474020215,1.2298508329984383,1.847613558153808,0.8146340250968933,0.435703125,0.2595595228359953,0.08634368237128297
DorayakiLin/so100_pick_charger_on_tissue,44,0.43333333333333335,3.0528706222858775,0.8958333333333334,3.639876724972804,1.775852402578788,2.0,10.701350723899154,1.208753849231631,1.8615099227558007,0.8011250421404839,0.4210286458333333,0.25811622961245795,0.0713390412658633
DorayakiLin/so100_pick_charger_on_tissue,46,0.4083333333333333,3.086651936356906,0.8958333333333334,3.5989379501717593,1.779504879867458,1.0,10.992507580267727,1.3066408236050477,1.8469378505361767,0.8580087423324585,0.432421875,0.2586887802862222,0.1028639549960707
DorayakiLin/so100_pick_charger_on_tissue,49,0.19166666666666668,5.007851773706676,0.8958333333333334,3.4784302042041575,1.6963052920369408,2.0,11.256435029703894,1.2167708087402396,1.9954420579058088,0.8235955908894539,0.4485677083333333,0.2546022068245168,0.08480445392298631
FeiYjf/new_GtoR,0,0.175,1.975805750373589,0.6458333333333334,2.709821224653048,2.549740276077427,3.0,-11.003540851749506,1.162899544061546,1.3292046184663937,0.806344524025917,0.2729296875,0.1787138457374215,0.037797317164004356
FeiYjf/new_GtoR,16,0.175,2.1152624864398932,0.225,2.7634053065081896,2.3704418987143048,4.0,-0.8487642715535912,1.0565632686985789,1.3216679575617798,0.774445965886116,0.24135416666666668,0.18253905551652963,0.04771034389589762
FeiYjf/new_GtoR,32,0.2,1.7891467215120522,0.6666666666666666,2.619385405620908,2.145531915244903,2.0,8.198068846016298,1.1063463775789462,1.426524345971555,0.7897390425205231,0.2406640625,0.17669567217370616,0.044257184370107346
FeiYjf/new_GtoR,49,0.20416666666666666,1.7654558509431095,0.32083333333333336,2.7492038613461522,2.2907067854862375,6.0,5.23080717555321,1.0818551194874382,1.3796055485356076,0.7851514741778374,0.20830729166666667,0.16421848756199128,0.04689844795652914
FeiYjf/new_GtoR,65,0.19166666666666668,1.9028246317892028,0.6833333333333333,2.5685163531096373,2.202224721099361,0.0,,1.1615759029661494,1.480043187719181,0.7996790707111359,0.32600260416666665,0.1964986380825834,0.03923376787678257
FeiYjf/new_GtoR,81,0.19166666666666668,1.980057060685028,0.6791666666666667,2.6206827380687674,2.337213026159594,1.0,4.049581703271386,1.1418960267868576,1.4438221291937259,0.8032059371471405,0.28846354166666666,0.17861050999791114,0.03844796271832924
FeiYjf/new_GtoR,98,0.19166666666666668,1.9017265518449733,0.6875,2.543887611291568,2.1686525582831333,1.0,-7.869075551790502,1.1413676040392988,1.449495347420323,0.7967380732297897,0.27709635416666667,0.17291319441645456,0.04406782538491535
FeiYjf/new_GtoR,114,0.19583333333333333,2.01131195785868,0.6666666666666666,2.585284786617612,2.298788793134768,1.0,11.017111618789215,1.1304606445744498,1.428144805196775,0.7840428799390793,0.23110677083333334,0.1626624730581792,0.029709493241676696
FeiYjf/new_GtoR,131,0.19166666666666668,2.109976391841163,0.20833333333333334,2.6656666733562293,2.2722684217330142,3.0,2.9931320059790636,1.0629807473708917,1.41404157473051,0.7994018793106079,0.17765625,0.1306430463096872,0.02889986643333944
FeiYjf/new_GtoR,147,0.19166666666666668,2.001597341429235,0.2,2.8041561683279626,2.307711096412043,0.0,,1.0955686452259186,1.5010665773659886,0.8001293651759624,0.19540364583333333,0.13904389945779833,0.03694573087765168
FeiYjf/new_GtoR,163,0.1875,2.0863470293657405,0.675,2.5818059271472826,2.3801418434883357,0.0,,1.1225416717326544,1.36459673828619,0.7886442020535469,0.205078125,0.1536770937105665,0.030541257225396152
FeiYjf/new_GtoR,180,0.1,1.8063329862373574,0.1,2.829718045866685,2.045540649384824,0.0,,1.1779854109448689,1.7419093707340925,0.8045619651675224,0.2847395833333333,0.18208566729398834,0.045571839532802735
FeiYjf/new_GtoR,196,0.4583333333333333,2.017670421813,0.1,2.9021669238843257,1.8798137387781053,0.0,,1.1962577283219342,1.7096224566528637,0.8084446415305138,0.3155208333333333,0.18128609632685988,0.05190395557991748
FeiYjf/new_GtoR,213,0.4625,2.1933014986416643,0.10416666666666667,2.954718606718627,1.9327545708274327,0.0,,1.1679571704023795,1.7391737888616539,0.8008327633142471,0.28587239583333335,0.1794825665658836,0.047537233024389294
FeiYjf/new_GtoR,229,0.4625,2.093950460308605,0.10416666666666667,3.1513799699966816,1.8910355545468314,1.0,10.724448537471176,1.105357881297775,1.6635409655349946,0.797973595559597,0.25592447916666666,0.15641851222287384,0.031125748894718034
FeiYjf/new_GtoR,245,0.4625,1.96661079791324,0.1,3.256917027456626,1.6246402547188599,0.0,,1.0900274818806517,1.3953051125014089,0.7603571265935898,0.2789713541666667,0.1854674523857184,0.038617461083403345
FeiYjf/new_GtoR,262,0.4625,2.0404082347522174,0.1,3.01791336487783,1.6090998917537516,0.0,,1.1572062629525806,1.6422891996023146,0.7992118448019028,0.37388020833333335,0.2151661327132421,0.032959538492364014
FeiYjf/new_GtoR,278,0.4625,2.0262403119493357,0.1,3.0082581825854406,1.5857999649565058,1.0,-11.214914684653564,1.1586746721781254,1.678116392795642,0.806819349527359,0.24055989583333334,0.15246567508959863,0.04438564480158373
FeiYjf/new_GtoR,295,0.4666666666666667,1.9513049686153887,0.1,3.1128999693461252,1.8842203369557786,0.0,,1.1171773536281,1.56321048683712,0.7745027467608452,0.3149609375,0.20390661338334395,0.05521609067223262
FeiYjf/new_GtoR,311,0.4666666666666667,1.969445679726368,0.1,3.0392254455362218,1.894492842467969,0.0,,1.033761187049848,1.3394868367231711,0.7418325841426849,0.24830729166666668,0.18233923466286944,0.050531005299241365
FeiYjf/new_GtoR,327,0.4666666666666667,1.9683617138660259,0.10416666666666667,2.976522907666246,1.920921768660245,0.0,,1.0709043633409434,1.4341542410908525,0.772406168282032,0.21856770833333333,0.15678661287275156,0.03351068276673855
FeiYjf/new_GtoR,344,0.4666666666666667,1.827891213804688,0.10416666666666667,2.818715901240427,1.8882003118485573,1.0,10.036902453963506,1.112284190848098,1.6354485187518033,0.7945394739508629,0.24036458333333333,0.15951531525814042,0.04533527594715281
FeiYjf/new_GtoR,360,0.4666666666666667,1.8226816660859637,0.1,2.899561731873816,1.9918295620694377,2.0,13.934835114501354,1.1118096050601918,1.5584458227368272,0.7855276539921761,0.324296875,0.20079885305989012,0.032332156877235174
FeiYjf/new_GtoR,377,0.4666666666666667,1.9119751443785362,0.10416666666666667,2.7672474881783318,2.0813936188408255,1.0,13.600542516658749,1.102118567687983,1.423628005032229,0.7721498385071754,0.2764973958333333,0.1772742364041366,0.038103732299447156
FsqZ/so100_1,0,0.14166666666666666,2.7866536643511517,0.15,3.3872649625445423,10.267031713158014,0.0,,1.0331342273390116,1.1718125942592037,0.6397870630025864,0.2593229166666667,0.24145049374737915,0.018866600767067455
FsqZ/so100_1,1,0.26666666666666666,2.732040408580041,0.8958333333333334,3.200760944319431,1.1759434717002122,0.0,,0.25953354713603277,1.8323068384457528,0.4465012773871422,0.20546875,0.18443848736019852,0.4875359921091884
FsqZ/so100_1,3,0.225,2.7293227650982126,0.1625,3.2888612520121314,9.689567405677634,0.0,,1.1226705016223706,1.2611954828940024,0.7480825781822205,0.3310416666666667,0.25376707278860156,0.036432790971867336
FsqZ/so100_1,5,0.25,2.136309266418598,0.6458333333333334,3.352687516772897,5.3064392873380335,0.0,,0.0976684366385472,1.7280499545177588,0.14097043871879578,0.21296875,0.2311050363716922,0.06182000115884789
FsqZ/so100_1,6,0.4666666666666667,2.1950152728119803,0.8166666666666667,3.423216276793387,2.545266076901078,0.0,,0.4331067714873944,1.8863551774773442,0.45935072004795074,0.24725260416666667,0.22490580871418395,0.38748188469631223
FsqZ/so100_1,8,0.1,1.9997740525546923,0.775,3.1876891541786896,5.226028807508787,1.0,-11.996899307923584,0.04150112299219522,1.5862391872496693,0.11393436789512634,0.26,0.26936550363426665,0.041509220237815704
FsqZ/so100_1,10,0.42916666666666664,2.6591207193815998,0.1,3.31141840975612,9.368753855239047,0.0,,1.0820779284707769,1.1769459835575489,0.7508859038352966,0.32427083333333334,0.25016330491514194,0.04183727769358836
FsqZ/so100_1,11,0.225,2.694325791485947,0.1,3.284443441335226,9.380414415423852,0.0,,1.1379920328066777,1.217887936992403,0.7572459876537323,0.3194140625,0.25179104775462147,0.016331062384634443
FsqZ/so100_1,13,0.425,2.5204870695964345,0.1125,3.8145798638663546,7.853007575066245,0.0,,1.1428469891337139,1.2030970753020591,0.7738278955221176,0.35516927083333333,0.2548369793055992,0.01809954869723503
FsqZ/so100_1,15,0.43333333333333335,2.583985368898843,0.1,3.7805011997359723,9.418268019704332,0.0,,1.0928463060511027,1.1863258541938158,0.7630361169576645,0.323984375,0.2588332410147444,0.01790245858137705
FsqZ/so100_1,16,0.30416666666666664,5.445266186720424,0.8958333333333334,3.0548766292032936,0.9323075103602279,0.0,,0.229452526026552,1.780576249084597,0.4818480610847473,0.20247395833333334,0.14947248045850206,0.43336151199852735
FsqZ/so100_1,18,0.43333333333333335,2.5934497550054507,0.1,3.9084227531778595,10.668373488240618,0.0,,1.1282783046937428,1.1008896135882769,0.7757819294929504,0.2889453125,0.25879559525903767,0.019432068824101843
FsqZ/so100_1,20,0.12916666666666668,2.5871111109624674,0.1,3.4681002847517814,10.139798802057157,0.0,,1.0266943499003998,1.2161134599864354,0.7581232190132141,0.29626302083333333,0.24076148310572681,0.19649589951755958
FsqZ/so100_1,22,0.21666666666666667,2.7113304982268134,0.16666666666666666,3.2100298666566016,9.716606348431274,0.0,,1.0937547691114764,1.1368899375948227,0.757033035159111,0.3163151041666667,0.24765506602018902,0.03251982106321012
FsqZ/so100_1,23,0.26666666666666666,2.621049579277447,0.85,3.1277830859078755,1.2179059666402967,0.0,,0.12689529961671447,1.8821777490641023,0.415270134806633,0.16427083333333334,0.15329740012682305,0.5717099224349599
FsqZ/so100_1,25,0.4125,4.080063911080051,0.8958333333333334,2.7867495691836135,0.7729337788623922,0.0,,0.5244118066388408,1.8304660483680806,0.5240542739629745,0.235625,0.1606608085561339,0.43480136942040126
FsqZ/so100_1,27,0.26666666666666666,3.1780119552346275,0.5416666666666666,3.162976482767052,8.373623188765894,0.0,,0.5291129353418565,1.3785677760131938,0.520006388425827,0.21848958333333332,0.228603238563542,0.43158160047433214
FsqZ/so100_1,28,0.22916666666666666,2.3502145480589176,0.1,3.704693729844652,10.459762570189639,0.0,,1.0480794326316867,1.12585042199895,0.7758609652519226,0.2774479166666667,0.23946532741940674,0.19409563320588338
FsqZ/so100_1,30,0.275,2.119762649973969,0.8958333333333334,2.5815434810327957,1.159031332364965,0.0,,0.325203113280293,2.1548235221882606,0.38309263065457344,0.2579166666666667,0.21376131363178563,0.5678210884485441
FsqZ/so100_1,32,0.35833333333333334,3.711318033291051,0.8916666666666667,3.257612869807357,1.462534029736532,0.0,,0.30802378155955323,1.60643583668429,0.5506191551685333,0.21338541666666666,0.14355922233127003,0.4419647552556933
FsqZ/so100_1,33,0.1125,3.0948163869094416,0.6375,3.341792215311723,7.640780222998591,0.0,,-0.20391150075006503,1.638946302163419,-0.14087903499603271,0.23686197916666665,0.2650814267665122,0.055486157288295146
FsqZ/so100_1,35,0.43333333333333335,2.739153707851624,0.1,3.3333610509273734,8.371109037761368,0.0,,1.080613925207409,1.1276869776856528,0.7722554504871368,0.30688802083333333,0.24480724361178632,0.01737171001362062
FsqZ/so100_1,37,0.30416666666666664,3.2056538735091324,0.5166666666666667,3.1837203313216342,9.925227014411263,0.0,,0.9077199362326815,1.1080103473813983,0.7315252423286438,0.2998828125,0.23931306703408123,0.10644267892764596
FsqZ/so100_1,39,0.20416666666666666,2.765791125301855,0.2708333333333333,3.12639510126538,12.127704750230459,0.0,,0.3867275893223063,1.3973021536576435,0.5277358442544937,0.24178385416666667,0.23074427145075324,0.14150171181697616
Gano007/so100_medic,0,0.4,2.5316512077683373,0.6458333333333334,2.5824203904081093,2.471137002248211,2.0,-4.763641690726175,0.8091410863871205,0.6434058848347046,0.5980321913957596,0.4333203125,0.25635174455701704,0.03617353402192479
Gano007/so100_medic,2,0.11666666666666667,4.677849795037779,0.12916666666666668,3.5644468175275303,3.529206582845791,0.0,,0.2665753564781197,2.0927527453442494,0.19066045433282852,0.3983203125,0.25263549360717985,0.02766760711284052
Gano007/so100_medic,4,0.11666666666666667,3.73386692227791,0.1625,2.7623697036650348,2.6902130332255285,2.0,-5.005832552951091,0.4275421357698709,0.6511657887363008,0.2868801951408386,0.1549609375,0.27452880968126514,0.07734480014795904
Gano007/so100_medic,6,0.11666666666666667,3.73386692227791,0.1625,2.7623697036650348,2.6902130332255285,2.0,-5.005832552951091,0.4275421357698709,0.6511657887363008,0.2868801951408386,0.1549609375,0.27452880968126514,0.07734480014795904
Gano007/so100_medic,8,0.11666666666666667,3.73386692227791,0.1625,2.7623697036650348,2.6902130332255285,2.0,-5.005832552951091,0.4275421357698709,0.6511657887363008,0.2868801951408386,0.1549609375,0.27452880968126514,0.07734480014795904
Gano007/so100_medic,10,0.11666666666666667,3.73386692227791,0.1625,2.7623697036650348,2.6902130332255285,2.0,-5.005832552951091,0.4275421357698709,0.6511657887363008,0.2868801951408386,0.1549609375,0.27452880968126514,0.07734480014795904
Gano007/so100_medic,12,0.11666666666666667,3.73386692227791,0.1625,2.7623697036650348,2.6902130332255285,2.0,-5.005832552951091,0.4275421357698709,0.6511657887363008,0.2868801951408386,0.1549609375,0.27452880968126514,0.07734480014795904
Gano007/so100_medic,14,0.11666666666666667,3.73386692227791,0.1625,2.7623697036650348,2.6902130332255285,2.0,-5.005832552951091,0.4275421357698709,0.6511657887363008,0.2868801951408386,0.1549609375,0.27452880968126514,0.07734480014795904
Gano007/so100_medic,17,0.11666666666666667,3.73386692227791,0.1625,2.7623697036650348,2.6902130332255285,2.0,-5.005832552951091,0.4275421357698709,0.6511657887363008,0.2868801951408386,0.1549609375,0.27452880968126514,0.07734480014795904
Gano007/so100_medic,19,0.11666666666666667,3.73386692227791,0.1625,2.7623697036650348,2.6902130332255285,2.0,-5.005832552951091,0.4275421357698709,0.6511657887363008,0.2868801951408386,0.1549609375,0.27452880968126514,0.07734480014795904
Gano007/so100_medic,21,0.11666666666666667,3.73386692227791,0.1625,2.7623697036650348,2.6902130332255285,2.0,-5.005832552951091,0.4275421357698709,0.6511657887363008,0.2868801951408386,0.1549609375,0.27452880968126514,0.07734480014795904
Gano007/so100_medic,23,0.11666666666666667,3.73386692227791,0.1625,2.7623697036650348,2.6902130332255285,2.0,-5.005832552951091,0.4275421357698709,0.6511657887363008,0.2868801951408386,0.1549609375,0.27452880968126514,0.07734480014795904
Gano007/so100_medic,25,0.11666666666666667,3.73386692227791,0.1625,2.7623697036650348,2.6902130332255285,2.0,-5.005832552951091,0.4275421357698709,0.6511657887363008,0.2868801951408386,0.1549609375,0.27452880968126514,0.07734480014795904
Gano007/so100_medic,27,0.11666666666666667,3.73386692227791,0.1625,2.7623697036650348,2.6902130332255285,2.0,-5.005832552951091,0.4275421357698709,0.6511657887363008,0.2868801951408386,0.1549609375,0.27452880968126514,0.07734480014795904
Gano007/so100_medic,29,0.11666666666666667,3.73386692227791,0.1625,2.7623697036650348,2.6902130332255285,2.0,-5.005832552951091,0.4275421357698709,0.6511657887363008,0.2868801951408386,0.1549609375,0.27452880968126514,0.07734480014795904
Gano007/so100_medic,31,0.11666666666666667,3.73386692227791,0.1625,2.7623697036650348,2.6902130332255285,2.0,-5.005832552951091,0.4275421357698709,0.6511657887363008,0.2868801951408386,0.1549609375,0.27452880968126514,0.07734480014795904
Gano007/so100_medic,34,0.11666666666666667,3.73386692227791,0.1625,2.7623697036650348,2.6902130332255285,2.0,-5.005832552951091,0.4275421357698709,0.6511657887363008,0.2868801951408386,0.1549609375,0.27452880968126514,0.07734480014795904
Gano007/so100_medic,36,0.11666666666666667,3.73386692227791,0.1625,2.7623697036650348,2.6902130332255285,2.0,-5.005832552951091,0.4275421357698709,0.6511657887363008,0.2868801951408386,0.1549609375,0.27452880968126514,0.07734480014795904
Gano007/so100_medic,38,0.11666666666666667,3.7295551219546446,0.1625,2.7601527952608396,2.68732429288539,2.0,-4.9341643405600735,0.38316620553838404,0.6340471647593848,0.25099995732307434,0.15087239583333334,0.279921987308674,0.08579297801535538
Gano007/so100_medic,40,0.11666666666666667,3.73386692227791,0.1625,2.7623697036650348,2.6902130332255285,2.0,-5.005832552951091,0.4275421357698709,0.6511657887363008,0.2868801951408386,0.1549609375,0.27452880968126514,0.07734480014795904
Gano007/so100_medic,42,0.11666666666666667,3.73386692227791,0.1625,2.7623697036650348,2.6902130332255285,2.0,-5.005832552951091,0.4275421357698709,0.6511657887363008,0.2868801951408386,0.1549609375,0.27452880968126514,0.07734480014795904
Gano007/so100_medic,44,0.11666666666666667,3.73386692227791,0.1625,2.7623697036650348,2.6902130332255285,2.0,-5.005832552951091,0.4275421357698709,0.6511657887363008,0.2868801951408386,0.1549609375,0.27452880968126514,0.07734480014795904
Gano007/so100_medic,46,0.11666666666666667,3.73386692227791,0.1625,2.7623697036650348,2.6902130332255285,2.0,-5.005832552951091,0.4275421357698709,0.6511657887363008,0.2868801951408386,0.1549609375,0.27452880968126514,0.07734480014795904
Gano007/so100_medic,49,0.11666666666666667,3.73386692227791,0.1625,2.7623697036650348,2.6902130332255285,2.0,-5.005832552951091,0.4275421357698709,0.6511657887363008,0.2868801951408386,0.1549609375,0.27452880968126514,0.07734480014795904
HITHY/so100_peach3,0,0.5541666666666667,2.131949438157644,0.38333333333333336,3.1059597351473385,0.8302704160162181,0.0,,0.24730450625744382,0.9794256700515466,0.21341624855995178,0.3483984375,0.30808377207982013,0.02461502487124439
HITHY/so100_peach3,4,0.37916666666666665,2.1221820632913597,0.3333333333333333,2.950499691001546,0.8429036285683384,0.0,,0.23658612016730945,1.0599383470394115,0.1799967885017395,0.3168489583333333,0.28942062572023297,0.02239672973397199
HITHY/so100_peach3,8,0.42083333333333334,2.3459370072267833,0.3625,2.9998733473816728,0.8277902719814253,0.0,,0.2507663185219133,1.1177766564230007,0.19016039371490479,0.3692317708333333,0.3030391203134335,0.020332894913037455
HITHY/so100_peach3,12,0.425,3.6202325367354007,0.22916666666666666,2.7423898075221844,0.9676430831182485,0.0,,0.2618800043601256,1.0901807362937004,0.19464290142059326,0.30584635416666667,0.302532601835703,0.03894942787977282
HITHY/so100_peach3,17,0.6166666666666667,3.120406544604882,0.36666666666666664,3.0660243412946,0.8011297792154807,0.0,,0.40601258771487736,1.0913144628454245,0.31690920889377594,0.3777994791666667,0.2730396988428291,0.021041450714693415
HITHY/so100_peach3,21,0.3875,4.940106070072944,0.325,2.835095461521335,0.9771438827936462,0.0,,0.23511863152468715,1.2388035336826908,0.1849181056022644,0.2858984375,0.28378879754133357,0.040265279539773775
HITHY/so100_peach3,25,0.75,2.5611958780831614,0.35833333333333334,2.8341907727714335,0.8005422598566662,0.0,,0.3071658468527318,1.0490653635498706,0.24165275692939758,0.27709635416666667,0.2563490445343922,0.024190787166594212
HITHY/so100_peach3,30,0.8958333333333334,2.1473917722011238,0.3333333333333333,2.9870152505717544,0.7965057207298195,0.0,,0.4354576198744185,0.9743977522144656,0.32859519124031067,0.3602734375,0.2714898824130021,0.018155215484587116
HITHY/so100_peach3,34,0.5875,3.50901749180501,0.37916666666666665,2.7419942603497067,0.8513540330800906,0.0,,0.3204049081197623,0.7221298847031508,0.2567351460456848,0.34057291666666667,0.29682302067863175,0.025229026017919577
HITHY/so100_peach3,38,0.5833333333333334,3.07222452155464,0.37083333333333335,3.0122462152911735,0.8272848594854374,0.0,,0.2988579304920627,1.0705959374559484,0.23456984758377075,0.38483072916666666,0.2862602806341485,0.019463616090170388
HITHY/so100_peach3,43,0.43333333333333335,4.386391496208342,0.32916666666666666,2.849663685312675,1.0012195506102086,0.0,,0.2500092451302581,1.144826833967101,0.21023330092430115,0.2679296875,0.31324367316720153,0.07019255807904246
HITHY/so100_peach3,47,0.6041666666666666,1.7808012823594215,0.8958333333333334,2.975803629710123,0.8738356732185055,0.0,,0.3875963353861593,0.6957260944823652,0.3090135455131531,0.3430078125,0.2885917467614637,0.02135077097236802
HITHY/so100_peach3,51,0.4583333333333333,2.799815296653691,0.3416666666666667,3.0386508350273,0.8026242823383261,0.0,,0.182565474145708,1.045770651401319,0.14339709281921387,0.34360677083333335,0.2975022399817599,0.02419820310927807
HITHY/so100_peach3,55,0.39166666666666666,3.6552940214895373,0.8958333333333334,2.8001397079589534,1.0695602865254143,0.0,,0.2773347235292653,1.194410019649279,0.2269420027732849,0.344140625,0.27488684881672115,0.025008795639428746
HITHY/so100_peach3,60,0.49166666666666664,2.571644231910636,0.3416666666666667,3.043597881729284,0.7434814262847775,0.0,,0.2151997014143721,1.1980122528231212,0.1682325303554535,0.1625,0.39428508207273893,0.03483141151361062
HITHY/so100_peach3,64,0.4,3.1987165192996265,0.3458333333333333,2.8477429225753044,0.9959225799428725,0.0,,0.23755524432103678,1.3248912187926831,0.1867179572582245,0.3431901041666667,0.28934014020236776,0.044004596511970466
HITHY/so100_peach3,68,0.3625,4.019974939901486,0.3125,2.7702852544702847,1.0964831749715345,0.0,,0.2498145526297726,1.142820705245642,0.1791396141052246,0.3865104166666667,0.30486677240151344,0.019495551827084782
HITHY/so100_peach3,73,0.425,3.2370927352579266,0.8958333333333334,2.921303348222225,0.9524680476311638,0.0,,0.40097471296600734,0.9498298738556445,0.2977331578731537,0.36497395833333335,0.27336431229540376,0.022657408278480045
HITHY/so100_peach3,77,0.4708333333333333,2.28843273839361,0.8958333333333334,2.9979939156435833,0.8553071239488593,0.0,,0.298791342246124,1.1911327570728651,0.2385501265525818,0.3197786458333333,0.2730352540147107,0.025342857475813715
HITHY/so100_peach3,81,0.325,3.7633999983268898,0.29583333333333334,2.7919873325505304,1.1639994768467266,0.0,,0.17603777164946405,1.2127825906564738,0.1330687701702118,0.33716145833333333,0.3109324368127153,0.021054653796355696
HITHY/so100_peach3,86,0.3375,4.388477576115015,0.30833333333333335,2.828934751913942,1.1033765441275256,0.0,,0.13658292270718647,1.0178729227997505,0.1216975748538971,0.24561197916666666,0.3340949728464903,0.048167768307309344
HITHY/so100_peach3,90,0.4875,3.261081324034879,0.32916666666666666,3.123457509846616,0.803215975696214,0.0,,0.20190885628900282,1.030470503399858,0.14605110883712769,0.2891666666666667,0.33920208933717577,0.020518128857307943
HITHY/so100_peach3,94,0.3958333333333333,3.436724795168535,0.8958333333333334,2.814515741650242,1.1453539394879315,0.0,,0.1829041344607393,1.1921964023253886,0.1509397327899933,0.305546875,0.2957666517960464,0.04324019373321203
HITHY/so100_peach3,99,0.37916666666666665,3.9513009700823325,0.8958333333333334,2.8443406097871256,1.1029539760815137,0.0,,0.2173047192395543,1.0770086121895028,0.16080868244171143,0.342578125,0.2882291761091206,0.0245045453904922
HITHY/so100_peach4,0,0.36666666666666664,2.3153011001572223,0.2875,3.2813639780028887,1.0687268882670908,0.0,,0.33636818043999295,0.7771262905145118,0.2613063454627991,0.2884375,0.2742102491572112,0.025512673167375138
HITHY/so100_peach4,17,0.4583333333333333,3.177310100509839,0.225,3.394577653556147,1.1058943166417685,0.0,,0.41470674493244014,1.0259623078285565,0.3015914559364319,0.4320572916666667,0.2769282584775887,0.01806714514137447
HITHY/so100_peach4,34,0.3333333333333333,3.555671443016318,0.2833333333333333,3.3247537530517497,1.0217670976875588,0.0,,0.32589351190429183,1.0187355159181732,0.25002166628837585,0.36963541666666666,0.2731903043480568,0.018782098920116373
HITHY/so100_peach4,52,0.4708333333333333,4.029374888359587,0.2916666666666667,3.0615060049506213,1.039573236472514,0.0,,0.26602185383392896,0.7970499056721925,0.21064233779907227,0.34716145833333334,0.30125538705675164,0.021404836225175056
HITHY/so100_peach4,69,0.4708333333333333,4.547746641218057,0.275,3.029876478553351,0.9696346276897684,0.0,,0.41868772005374677,0.9272328499799526,0.3146313428878784,0.29973958333333334,0.3105213221902729,0.032843933710380455
HITHY/so100_peach4,86,0.475,2.5266865162399053,0.275,3.1420781589088,0.8312827934790854,0.0,,0.38074094222969374,0.8294275049186765,0.29492342472076416,0.34196614583333335,0.26833891547951466,0.027013739801127576
HITHY/so100_peach4,104,0.4083333333333333,3.6964089075658,0.2375,3.40881944440397,0.9334660084644053,0.0,,0.3106218457514395,1.1260846453696614,0.22183436155319214,0.3148697916666667,0.3125899515840303,0.026392528168135136
HITHY/so100_peach4,121,0.42916666666666664,4.0492448058132195,0.225,3.3461432110380325,0.897839027067022,0.0,,0.321670977799826,0.8771031290792409,0.23529288172721863,0.3414453125,0.30983532454262175,0.022224963458488994
HITHY/so100_peach4,138,0.575,3.5010241475371284,0.275,3.176427037591892,0.8508829137210753,0.0,,0.7449547719921316,0.8746368253443816,0.5590381622314453,0.40901041666666665,0.24740351873627697,0.020148526238908625
HITHY/so100_peach4,156,0.8708333333333333,2.090320504937851,0.26666666666666666,3.0242302484428922,0.7773080848808567,0.0,,0.5937049265641835,0.6987711160173828,0.4448815584182739,0.41641927083333335,0.2655900947463707,0.02025209098983477
HITHY/so100_peach4,173,0.45416666666666666,3.8150404164183067,0.2833333333333333,3.257362822209139,0.9362682106841056,0.0,,0.49701341659059967,0.8389493905304526,0.37355878949165344,0.46143229166666666,0.2807023923684502,0.018037308210450295
HITHY/so100_peach4,190,0.3875,2.4445037843105086,0.25416666666666665,3.44419956327798,0.9761072337867912,0.0,,0.23968296840964196,1.0844815221490882,0.1853155791759491,0.249140625,0.3544510790010815,0.025448766376828302
HITHY/so100_peach4,208,0.4,2.620148975472421,0.2708333333333333,3.4027925700023123,0.9507472566492117,0.0,,0.49288922390085704,1.0274243889685135,0.37400132417678833,0.39955729166666665,0.2641606424038111,0.019308386759817133
HITHY/so100_peach4,225,0.32916666666666666,3.6226942570362586,0.23333333333333334,3.0833010880561105,1.2313860060893325,0.0,,0.3090372333234926,0.9016407520543165,0.22421950101852417,0.26798177083333335,0.3100513757357143,0.022675516839994067
HITHY/so100_peach4,242,0.36666666666666664,4.715756092684394,0.24583333333333332,3.192994236564433,1.0381743257571858,0.0,,0.2394841197449692,1.2115669608821142,0.17469793558120728,0.26393229166666665,0.34701921548633197,0.028183337884077193
HITHY/so100_peach4,260,0.375,3.7172263932142973,0.24166666666666667,3.123450344596738,1.131922024820684,0.0,,0.2970080838014697,0.9596056914146351,0.20863506197929382,0.2518619791666667,0.29153054406284096,0.035470720372079226
HITHY/so100_peach4,277,0.3958333333333333,3.0696799947348117,0.30416666666666664,3.2891147572007307,0.9556953594733424,0.0,,0.46060085406268375,0.9454128997523931,0.34500986337661743,0.36678385416666665,0.2852457618697428,0.018897340720091766
HITHY/so100_peach4,294,0.3,3.747077942963857,0.22916666666666666,3.1581116997717755,1.000671766518345,0.0,,0.2658190948925697,0.9566276285828219,0.1988576054573059,0.301875,0.30460066962932164,0.03464252807894469
HITHY/so100_peach4,312,0.30833333333333335,3.657783986478182,0.24583333333333332,3.1452231652928018,1.0130584589463063,0.0,,0.26895859854201526,0.9170253967190202,0.19004803895950317,0.26265625,0.3482083371706255,0.049271736416479084
HITHY/so100_peach4,329,0.48333333333333334,3.188937398144324,0.30416666666666664,3.363967052126894,0.7526223113922546,0.0,,0.42226930647397026,0.8168147825004137,0.3193421959877014,0.3873828125,0.3064922820357362,0.017345508640400038
HITHY/so100_peach4,346,0.3625,3.425979191694927,0.2625,3.2490063347146703,0.9929544874522058,0.0,,0.2930654326825042,1.0951545706148225,0.22327935695648193,0.34391927083333335,0.2973914360352857,0.023207989348319302
HITHY/so100_peach4,364,0.37083333333333335,3.9830447443693413,0.2625,3.0257023096696334,1.2010918075667731,0.0,,0.252553991553556,0.6369697759165881,0.22609961032867432,0.28220052083333336,0.3162018105940195,0.03161167417976328
HITHY/so100_peach4,381,0.32083333333333336,3.9905814035649385,0.22916666666666666,3.1703111059168303,1.1081794277703703,0.0,,0.14306326002597863,1.1242632868068467,0.09654954075813293,0.16899739583333334,0.43791435215109303,0.0333732644706353
HITHY/so100_peach4,399,0.4166666666666667,2.481389965607851,0.275,3.3520790494306296,0.9370255274743786,0.0,,0.3823608034057059,0.8637075074039454,0.29295629262924194,0.29796875,0.29172526674462945,0.025489607181868927
HITHY/so100_strawberry,0,0.425,2.1111753443306167,0.225,3.3399745264581924,0.8349523502262084,0.0,,0.1850697340826388,0.9721175728407052,0.14985769987106323,0.2903515625,0.35068499422361843,0.02756011907337927
HITHY/so100_strawberry,6,0.525,2.436665568783165,0.25416666666666665,3.214254630451745,1.0021448047511667,0.0,,0.16541649858115284,0.96059553586327,0.12008166313171387,0.27234375,0.3391853926965082,0.024016310276116264
HITHY/so100_strawberry,13,0.5333333333333333,2.927752843965098,0.2375,3.2732034932895533,0.9774872306902294,0.0,,0.22917593006021705,0.9814743469986323,0.1876792311668396,0.18848958333333332,0.37482990169271657,0.082747956996589
HITHY/so100_strawberry,19,0.4791666666666667,3.444122148778685,0.22916666666666666,3.429169874168852,1.00109840716188,0.0,,0.26088811313832067,0.9819584261311185,0.20608466863632202,0.33434895833333333,0.31620363686609926,0.022635907666795414
HITHY/so100_strawberry,26,0.475,3.764705140154295,0.25,3.315420452971584,0.8435000046257494,0.0,,0.5350540858042029,1.0133534272872744,0.38437843322753906,0.3669791666666667,0.25715263831106283,0.02211432190017615
HITHY/so100_strawberry,33,0.4708333333333333,3.6004783555443307,0.23333333333333334,3.3901501897549116,1.0236350616502052,0.0,,0.3459080748023652,1.0728347609348505,0.25499922037124634,0.341640625,0.31549820264517814,0.023390383384325534
HITHY/so100_strawberry,39,0.4583333333333333,3.3997071432415313,0.225,3.4642719051487254,1.0191609303414215,0.0,,0.22381852672498004,1.0214772761220914,0.16385656595230103,0.271484375,0.34686633956433177,0.03215026741610861
HITHY/so100_strawberry,46,0.43333333333333335,2.9250809392066155,0.20833333333333334,3.4774976500377,1.0299511777320807,0.0,,0.29911492176900056,0.9676361332106665,0.21776896715164185,0.36796875,0.31811437133373005,0.019640850090005057
HITHY/so100_strawberry,52,0.4708333333333333,3.0568793990440657,0.24583333333333332,3.409028241522134,0.8748639462520238,0.0,,0.2675526039953797,1.0583387765472074,0.19729909300804138,0.3032682291666667,0.2909856717330611,0.019828392165682027
HITHY/so100_strawberry,59,0.8583333333333333,4.378889549018144,0.21666666666666667,3.2439037571000493,0.8458197701686622,0.0,,0.3501046306706767,0.7957430605345582,0.26579582691192627,0.4690755208333333,0.298694479368407,0.02132480063018851
HITHY/so100_strawberry,66,0.5291666666666667,2.362799289181353,0.25833333333333336,3.239220975452198,0.948047990069787,0.0,,0.21593761564582917,1.0611482065935918,0.1632975935935974,0.23029947916666665,0.32858163798057005,0.03066119901694617
HITHY/so100_strawberry,72,0.4791666666666667,2.804659826299875,0.20833333333333334,3.4806683105799627,0.9541074833629447,0.0,,0.33527840418858895,1.1223250041199762,0.24099686741828918,0.3245703125,0.2965378570698406,0.019326256626234984
HITHY/so100_strawberry,79,0.4666666666666667,4.317837426422704,0.25,3.3610507211878007,0.8263977630754011,0.0,,0.4315877612317907,0.9668476235998421,0.30333998799324036,0.35671875,0.2893362864566246,0.0510946099978142
HITHY/so100_strawberry,85,0.5541666666666667,3.104977115579273,0.25833333333333336,3.1532505349497733,0.871461692036144,0.0,,0.24388511509384933,0.8684340139302228,0.1948390007019043,0.298359375,0.32724288708406873,0.027261591184119995
HITHY/so100_strawberry,92,0.4666666666666667,3.9063651294832633,0.24166666666666667,3.3824839250027283,0.8429895246197839,0.0,,0.31147077859446093,0.866886511236315,0.23432767391204834,0.39653645833333334,0.30283508731050024,0.024973947489587
HITHY/so100_strawberry,99,0.5333333333333333,3.514426950281186,0.22916666666666666,3.308049353168595,0.8494305891381838,0.0,,0.3726361802821658,0.8934800795267741,0.26789528131484985,0.39841145833333336,0.29297905816580566,0.06944663523590962
HITHY/so100_strawberry,105,0.8583333333333333,3.1578386786214896,0.2125,3.1980174481307837,0.8343820730099035,0.0,,0.2567675218352045,0.7995001044131773,0.19500285387039185,0.36786458333333333,0.2893163560235229,0.024006203616896447
HITHY/so100_strawberry,112,0.37916666666666665,2.639560068899676,0.11666666666666667,3.5468025307571573,1.1052502007135268,0.0,,0.17913291975259585,0.9373899157501054,0.12944144010543823,0.23973958333333334,0.3881975735308153,0.02722902182387149
HITHY/so100_strawberry,118,0.425,2.410004765118928,0.23333333333333334,3.326312828116112,0.8366960685086156,0.0,,0.27711133270516153,0.8683663887375156,0.20624792575836182,0.3244401041666667,0.28403790122957173,0.02575822961117476
HITHY/so100_strawberry,125,0.4083333333333333,3.210929149925581,0.1125,3.686617209255773,1.235855535654058,0.0,,0.23742311594561788,1.1199123255554055,0.180425226688385,0.2534375,0.3393197096409722,0.04286731977878815
HITHY/so100_strawberry,132,0.5125,3.0157554140333978,0.2375,3.372161230340638,0.8644754522084516,0.0,,0.35852498644299197,0.8818981259230416,0.2729506492614746,0.35778645833333333,0.2967102476199293,0.021223272805272007
HITHY/so100_strawberry,138,0.4,3.594038456713597,0.14166666666666666,3.503324191469731,1.1198215968266962,0.0,,0.3155787614576979,1.1113469985988051,0.24032503366470337,0.36859375,0.2941605282715001,0.022011919080128367
HITHY/so100_strawberry,145,0.6125,3.1229462745174215,0.25,3.1471149757023626,0.8979724289330463,0.0,,0.15236557028455833,0.955892534004869,0.11496472358703613,0.18221354166666667,0.42668734897143595,0.038369375747115825
HITHY/so100_strawberry,152,0.8583333333333333,3.4125522447401595,0.225,3.1677375838960202,0.8178803229632639,0.0,,0.29176656899926395,0.7233671606600433,0.23376572132110596,0.4247916666666667,0.301388612434104,0.041820388225938004
Ityl/so100_recording2,0,0.125,2.8487341044194237,0.1375,3.3792725409399114,1.9850165219906166,0.0,,0.9448998505930183,1.2046702549911263,0.6803949028253555,0.4091015625,0.24613627577375358,0.01639981814278718
Ityl/so100_recording2,1,0.3125,3.035826369828305,0.32083333333333336,2.3662494428422574,1.4673454910505606,0.0,,1.1128163369546384,1.184038523341576,0.8146371841430664,0.46274739583333335,0.24054733435046488,0.016267402524344117
Ityl/so100_recording2,3,0.11666666666666667,1.899279629721264,0.1,3.2329154170837886,1.6957486637442545,0.0,,1.10958207501532,1.052646916257297,0.8074493855237961,0.4325390625,0.2416798824990638,0.015776324918981476
Ityl/so100_recording2,5,0.36666666666666664,1.8121844945725616,0.1,2.9652092726555215,1.6807797102852364,0.0,,1.0602521310302824,1.169439945121015,0.7786171436309814,0.4183984375,0.24237859721890723,0.01638983509540629
Ityl/so100_recording2,7,0.12083333333333333,2.0806919702758027,0.1,3.9121562360044684,2.1157568161663307,0.0,,1.117086454312118,1.0959350593287893,0.7756107449531555,0.3993229166666667,0.24406370179648365,0.024415917805393702
Ityl/so100_recording2,9,0.11666666666666667,1.760802331005104,0.1,3.7415447347560735,1.8193677884687516,0.0,,1.103501548132536,1.0584517918680305,0.7975472807884216,0.424765625,0.2459475585564995,0.01577047142533803
Ityl/so100_recording2,11,0.11666666666666667,1.8593135770758458,0.1,2.6066280111151583,1.5521617210750978,0.0,,1.1086649030430056,1.17636481693713,0.8177845925092697,0.448828125,0.23705678213909853,0.018323677349983906
Ityl/so100_recording2,13,0.3125,2.026875289437883,0.1,2.5116608752263594,1.5712141670053643,0.0,,1.0804938668978274,1.2010027475927239,0.7966578602790833,0.4189453125,0.24423286615755235,0.02402379948080392
Ityl/so100_recording2,15,0.16666666666666666,2.179266890711805,0.1,3.449307948796149,1.8591637927055482,0.0,,0.9222719231578713,1.3308610941008345,0.661540761590004,0.40513020833333335,0.2438235636637088,0.03212526039607712
Ityl/so100_recording2,17,0.17916666666666667,1.5711821906586656,0.1,3.0137949399966284,1.6695779102685873,0.0,,0.7373719651929238,1.5902103115969835,0.5385141149163246,0.3865104166666667,0.2464806421221243,0.01820496378304825
Ityl/so100_recording2,19,0.1125,1.8962223196324588,0.1,3.781460108720766,1.8081113998096958,1.0,-5.110417561031227,1.0979902265463413,1.0871233024788785,0.783311739563942,0.42938802083333333,0.2495932565146521,0.015721446386038326
Ityl/so100_recording2,21,0.125,2.1328916381938754,0.1,3.79932375130031,2.613154328581873,0.0,,1.131835461806193,1.086458537177136,0.8005143851041794,0.4087369791666667,0.2396092262673162,0.024498388914916805
Ityl/so100_recording2,22,0.12083333333333333,2.23947860197824,0.11666666666666667,3.5801940072516176,2.225458072658382,0.0,,1.1239970049746053,1.0710419892860314,0.7996950745582581,0.4115625,0.23841112201878872,0.024607111283385556
Ityl/so100_recording2,24,0.37083333333333335,2.141637469968919,0.1,2.6631652272709845,1.5975644975701349,0.0,,1.1410685343503595,1.1565688714806794,0.8202718794345856,0.4688541666666667,0.23735985215744712,0.025821738613439754
Ityl/so100_recording2,26,0.3416666666666667,1.8375360406677443,0.1,3.109315113304062,1.5540616728164294,0.0,,1.1348448118525183,1.1932075614711777,0.8150227814912796,0.45033854166666665,0.24179554113728266,0.026583136931948723
Ityl/so100_recording2,28,0.13333333333333333,2.691799050354746,0.1,3.4582773267359643,2.50264676677515,0.0,,1.142227202687455,1.0712198101559893,0.8123252913355827,0.4051432291666667,0.24184315573822848,0.026530186501125895
Ityl/so100_recording2,30,0.12083333333333333,2.38738772248635,0.125,3.393733703590796,2.665414585143189,0.0,,1.1255195284836734,1.061195975675848,0.8044777363538742,0.4004947916666667,0.24070629922181008,0.031267037616713476
Ityl/so100_recording2,32,0.31666666666666665,2.2908580549350828,0.1,2.8396963874130288,1.4646576564180276,0.0,,1.0936112710800618,1.0432488041515868,0.8138884902000427,0.4244791666666667,0.23927856354442076,0.018256378981744766
Ityl/so100_recording2,34,0.12083333333333333,2.202448254654049,0.1,3.5689537832024247,2.311330141669313,0.0,,1.0854131697188216,1.116717854856453,0.7753141075372696,0.40674479166666666,0.2410919433229724,0.029191033710401087
Ityl/so100_recording2,36,0.31666666666666665,2.0084999101444208,0.21666666666666667,3.119745463161308,1.3709382978384628,0.0,,1.0892751888775718,0.980735719931578,0.8002573698759079,0.42321614583333333,0.24443292456943466,0.015877212315978658
Ityl/so100_recording2,38,0.4,1.9617340595284563,0.1,3.6715918556039777,2.1416019191727615,0.0,,1.1353715945175495,1.1620376700963764,0.8126387149095535,0.4656640625,0.23573123247338326,0.033153549469468774
Ityl/so100_recording2,40,0.1125,2.107955481223491,0.1,3.341590762345179,1.7093704957088047,0.0,,1.0779931037893304,1.1034551777769586,0.7797689884901047,0.4201171875,0.2423003280236172,0.01602427269265449
Ityl/so100_recording2,42,0.31666666666666665,2.0209599063912096,0.1,2.890553010205907,1.3399706266272127,0.0,,1.1231199610597113,1.162444322466254,0.8182297348976135,0.46643229166666667,0.23612870611524348,0.01938818057742142
Ityl/so100_recording2,44,0.12083333333333333,2.2050693585888994,0.13333333333333333,3.2732820473288027,2.7513646085578434,0.0,,1.1139616021695125,1.0504730427002382,0.7814213633537292,0.39217447916666665,0.24159828496197994,0.02856393252140934
Jiafei1224/so100_pa222per,0,0.39166666666666666,2.827487563691643,0.65,3.231902676814657,0.6166908683573642,4.0,13.815025341261617,0.5691347348802042,4.4168809994238725,0.6367432028055191,0.0,,0.11065643891640282
Jiafei1224/so100_pa222per,1,0.39166666666666666,3.119871364329775,0.7,3.2076554301511813,0.7002478192928726,3.0,12.78670144918675,0.6998102834354905,3.1834070503096004,0.6256174594163895,0.150390625,0.22626274701588506,0.20996588327355342
Jiafei1224/so100_pa222per,2,0.39166666666666666,3.8780985595630475,0.6541666666666667,3.221488466042529,0.6222128654439232,4.0,13.68092535931936,0.4291425778065383,3.5695550162464627,0.5005690082907677,0.147890625,0.2016255292750727,0.1624017265968211
Jiafei1224/so100_pa222per,3,0.6541666666666667,2.999750327411887,0.6541666666666667,3.194333135416551,0.6384809370527744,3.0,13.78159723565362,0.4660807285563538,3.7023413635021734,0.5545337349176407,0.0,,0.19720310832360208
Jiafei1224/so100_pa222per,5,0.39166666666666666,3.0592472108844064,0.6458333333333334,3.1812212595120593,0.5845671572772658,3.0,14.036243467926482,0.42418434579800907,4.681924691530099,0.47864700108766556,0.0,,0.14529565141175615
Jiafei1224/so100_pa222per,6,0.39166666666666666,2.94010439477634,0.6458333333333334,3.1858635647505444,0.5879874667689403,3.0,-5.3430557585751615,0.4785788921280746,4.176772324297591,0.5090528726577759,0.0,,0.16676656385998714
Jiafei1224/so100_pa222per,7,0.39166666666666666,2.8922729232185294,0.625,3.2310650930761837,0.5556478728264892,2.0,14.036243467926482,0.4109403691290495,4.510188840912917,0.4870840609073639,0.0,,0.10121175054436764
Jiafei1224/so100_pa222per,8,0.39166666666666666,3.362731356860547,0.65,3.1828702091494905,0.5855460895263968,3.0,13.815025341261617,0.4856544627758745,4.366202400216811,0.5318527221679688,0.0,,0.19383117479618328
Jiafei1224/so100_pa222per,10,0.39166666666666666,2.7559600960321555,0.6416666666666667,3.13942601023295,0.5942805356809762,0.0,,0.5740221066184171,3.7203391242470274,0.5955802649259567,0.0,,0.14933780805476246
Jiafei1224/so100_pa222per,11,0.39166666666666666,3.1590075221639133,0.625,3.2003373071385175,0.5717449932474844,2.0,13.793808612176548,0.4200789701509554,3.8039458477768555,0.49593740701675415,0.0,,0.1728969203625486
Jiafei1224/so100_pa222per,12,0.39166666666666666,3.0513047463780736,0.6333333333333333,3.196399543474073,0.6020697714299008,3.0,13.744911506569693,0.46703287032255,3.424893195062546,0.5788642689585686,0.0,,0.15461245506196036
Jiafei1224/so100_pa222per,13,0.39166666666666666,2.730597382535906,0.625,3.1953320933746987,0.5787020992690918,4.0,12.689412136483995,0.46436192720582165,3.70410452504076,0.5540522187948227,0.0,,0.17759996776287634
Jiafei1224/so100_pa222per,15,0.39166666666666666,3.2029665153964824,0.625,3.185540818497617,0.5710246049783718,3.0,13.671307132195835,0.4299927007512265,4.4590383165348895,0.4856734797358513,0.0,,0.17149057432594872
Jiafei1224/so100_pa222per,16,0.4791666666666667,4.588957844686971,0.8958333333333334,3.394571334563691,0.48812405086926897,2.0,-1.7899106082460747,0.5843500860048421,3.3154614402627915,0.5664923824369907,0.0,,0.2555382105377626
Jiafei1224/so100_pa222per,17,0.4791666666666667,4.061768409190222,0.6916666666666667,3.0544681176964743,0.39739439804923327,1.0,-1.9580674292340348,0.4558103209184945,2.843690819735504,0.5896327048540115,0.0,,0.19456959816785932
Jiafei1224/so100_pa222per,18,0.4791666666666667,3.7033521635827995,0.7125,2.990750429822343,0.40579766528164923,1.0,-1.9414863909143776,0.5446685711770035,3.1281070248068596,0.6286051459610462,0.0,,0.14259060992290884
Jiafei1224/so100_pa222per,20,0.4791666666666667,3.7957795375464123,0.7125,2.996654583107823,0.3994619982295754,1.0,-1.7899106082460747,0.5366526746091962,3.0131166673068965,0.6141079440712929,0.0,,0.13483881507501605
Jiafei1224/so100_pa222per,21,0.4791666666666667,4.343091347806115,0.7125,3.043772801180884,0.39407750804171926,2.0,-1.7623910236605127,0.4280976036126088,3.6866470825635216,0.4874532110989094,0.0,,0.12511195940438755
Jiafei1224/so100_pa222per,22,0.4791666666666667,4.654533299456763,0.7041666666666667,3.022716155340726,0.39253092832461367,1.0,-1.722662071622807,0.48790879111967467,3.271378643687957,0.5042392089962959,0.0,,0.16787799243935644
Jiafei1224/so100_pa222per,23,0.4791666666666667,4.382733690288808,0.7,3.0068084191954014,0.4012664904445864,2.0,-1.7760442533587337,0.46209024068346,3.3197860121752045,0.5324170049279928,0.0,,0.1583908681455766
Jiafei1224/so100_pa222per,25,0.4791666666666667,4.25321358373366,0.7208333333333333,3.100518914789791,0.377933072726273,1.0,-1.7357045889283853,0.4045313211522867,3.768255084116759,0.4971449337899685,0.0,,0.15997504772304502
Jiafei1224/so100_pa222per,26,0.4791666666666667,3.7753714044638857,0.7,3.0427294563128537,0.3894101911694662,1.0,-1.709814044141524,0.423913515973632,3.5753471804602484,0.5000309981405735,0.0,,0.563054283301413
Jiafei1224/so100_pa222per,27,0.4791666666666667,4.32897451085217,0.7125,3.029137949318051,0.3909076439940952,1.0,-1.9251837083231607,0.46516194253822163,3.0202012516867605,0.5828290283679962,0.0,,0.2942351472120078
Jiafei1224/so100_pa222per,29,0.4791666666666667,4.517327277658246,0.7125,3.0093426857245102,0.39173249267519955,0.0,,0.5510951094241374,2.633905460798816,0.5422607809305191,0.0,,0.16552905237491736
Jiangeng/so100_413,0,0.5625,3.9107657962582696,0.1,3.8047503723155214,3.819809647242641,1.0,-2.2906100426385336,0.5854384182894855,1.3820521918249897,0.4209357500076294,0.277421875,0.2438588615303525,0.07292457254899064
Jiangeng/so100_413,2,0.5625,4.220167926505911,0.1,3.774324665823429,3.3977825859184723,1.0,-2.3090627890256883,0.5409609848857745,1.5975854081913567,0.3894379138946533,0.316328125,0.22812027557814266,0.025529831414875775
Jiangeng/so100_413,4,0.5625,5.29122002388959,0.1,3.6437069085271117,3.4014921441664576,1.0,-1.9251837083231607,0.4189823116444202,1.8466169475652112,0.29346926510334015,0.26208333333333333,0.2317762553964252,0.10314304556301813
Jiangeng/so100_413,6,0.5625,4.181137375225646,0.1,3.455282126022252,3.152540075601877,1.0,-1.9251837083231607,0.4201991650075932,1.6404702607451818,0.2975204437971115,0.2240625,0.21402057814891973,0.04029122436956334
Jiangeng/so100_413,8,0.5625,3.8047952033974086,0.1,3.5489571808529212,3.114353292364536,1.0,-2.3278150890411524,0.5324967111251688,1.613115538963546,0.38073866069316864,0.23408854166666668,0.20958949827567028,0.06952880667743862
Jiangeng/so100_413,10,0.5625,3.59499030803615,0.1,3.655827814679038,3.0149944863109135,1.0,-2.2906100426385336,0.5248274580640633,1.3264812359816072,0.34704044461250305,0.19028645833333332,0.18703564473339887,0.025892433182619395
Jiangeng/so100_413,12,0.5625,4.563545156797487,0.1,3.8035508265636175,3.4610773161535864,0.0,,0.5475751865158884,1.649343933853321,0.40197522938251495,0.30790364583333335,0.22493357229671496,0.018967893615814035
Jiangeng/so100_413,14,0.5625,4.641162095753364,0.1,3.9221557217902987,3.499696545564102,0.0,,0.4812751960502966,1.821370449357507,0.3307889923453331,0.2773567708333333,0.23952182495213553,0.07010029571473021
Jiangeng/so100_413,17,0.5625,4.953919219617977,0.1,3.7610601215535273,3.2316743149205007,1.0,1.0946905918530376,0.48859189703485834,1.9043306373205446,0.33073288202285767,0.2336328125,0.21781713687952342,0.055400738447043574
Jiangeng/so100_413,19,0.5625,4.0218473882864885,0.1,3.5225972203292093,2.7591251941413453,1.0,-2.2906100426385336,0.5837860195118114,1.5072365951945066,0.4037877023220062,0.21563802083333333,0.19865571152066444,0.02868090451061977
Jiangeng/so100_413,21,0.5625,5.298610324106008,0.1,4.0312099846547005,3.5523762940836545,1.0,-2.272449732782931,0.5211617586254549,1.7426481924784676,0.36558176577091217,0.3011328125,0.2305193824241006,0.054093821210134604
Jiangeng/so100_413,23,0.5625,4.14519774054721,0.1,3.860935203081221,3.7488996622203734,1.0,-1.8328395059420615,0.5396111887376708,1.5538721160146751,0.35462990403175354,0.27563802083333333,0.24296105993784625,0.056364194707768205
Jiangeng/so100_413,25,0.5625,5.36085295376803,0.1,3.8047001840003687,3.645067264117943,1.0,-1.909152432996379,0.5778568979230927,1.8723632114088713,0.4061380624771118,0.266640625,0.22996737799234282,0.07353361871065865
Jiangeng/so100_413,27,0.5625,4.564740720438989,0.1,3.673560949381745,3.3396772865952573,1.0,-2.272449732782931,0.4723559095027188,1.7370686624793923,0.3299421966075897,0.2514192708333333,0.2288437914896927,0.07242338883314363
Jiangeng/so100_413,29,0.5625,4.955985323295595,0.1,3.723826445911421,3.2433148922974926,0.0,,0.5364542027186477,1.6018179353550837,0.3675791397690773,0.2596614583333333,0.22672948202506937,0.13856317871272839
Jiangeng/so100_413,31,0.5625,5.50924159206359,0.1,3.7690898862190028,3.588770420145312,1.0,-1.8328395059420615,0.3945220196886203,1.8404938052612987,0.27173368632793427,0.30010416666666667,0.23084005873135055,0.03908673859168814
Jiangeng/so100_413,34,0.5625,4.9083163158204774,0.1,3.856551423300862,3.6929091724674947,1.0,-2.2906100426385336,0.6021193193917396,1.5829923374635355,0.40620705485343933,0.30485677083333335,0.2459471162446497,0.06901070330732897
Jiangeng/so100_413,36,0.5625,5.412911280326361,0.1,3.922986619299972,3.2416169798562025,1.0,2.236979063437701,0.5625568246689144,1.7167365126389809,0.38652264326810837,0.28989583333333335,0.24448591042146203,0.025176102269727867
Jiangeng/so100_413,38,0.5625,5.248171728151542,0.1,3.7091061373280514,3.020205999936288,0.0,,0.5723028361995256,1.6414622340965017,0.3924051821231842,0.2738802083333333,0.23416978209816103,0.0495879382084789
Jiangeng/so100_413,40,0.5625,5.295380235079484,0.1,3.804582153575554,2.9897440141918636,0.0,,0.5433608931245045,1.7491644557834407,0.3749848008155823,0.29075520833333335,0.22425710200923013,0.0198999956331634
Jiangeng/so100_413,42,0.5625,5.782518463839648,0.1,3.988274554639754,3.0715892129547475,1.0,1.2921668862499303,0.6300278513436322,1.6713333390459977,0.44310473650693893,0.30764322916666664,0.2311949682416029,0.019410768083798567
Jiangeng/so100_413,44,0.5625,5.334826438091881,0.1,3.835457161544294,3.072143451453839,1.0,-2.2906100426385336,0.5669376125252727,1.6501396330099103,0.39498573541641235,0.2729947916666667,0.23406216161092858,0.035801500004471895
Jiangeng/so100_413,46,0.5625,6.02903200968365,0.1,4.173107515698699,3.5589625890024688,0.0,,0.550672309666812,1.7792977064953768,0.380220428109169,0.31859375,0.23995579915497178,0.018748540278859444
Jiangeng/so100_413,49,0.5625,5.481089236123128,0.1,4.011204536119668,3.4885480974104817,0.0,,0.5168302588718597,1.8273724908020077,0.3705563507974148,0.31079427083333333,0.23010220886635224,0.01755602018470095
LemonadeDai/so100_coca,0,0.7625,7.9486760802359635,0.775,2.8986115358811007,5.8610139247505515,0.0,,0.19531386059323388,1.2206020131931365,0.38366609811782837,0.28805989583333336,0.23997895372713646,0.04942797700667259
LemonadeDai/so100_coca,2,0.7625,5.128102494254077,0.775,3.0726993531019158,6.077298701908443,0.0,,0.9323014286530409,1.0660405569068474,0.6916514337062836,0.43471354166666665,0.25827727755000657,0.02011898850321408
LemonadeDai/so100_coca,4,0.7583333333333333,7.835125670700883,0.7666666666666667,2.8543585293028286,7.154245510150361,0.0,,0.4208639439802462,1.6375235297075665,0.40579770505428314,0.37645833333333334,0.25511796870839343,0.02424667544315841
LemonadeDai/so100_coca,6,0.7583333333333333,5.238127438769457,0.7666666666666667,2.944334078347552,6.64936814025408,0.0,,0.2694892351224367,1.1832541381050496,0.4195161312818527,0.3085026041666667,0.23952310473566416,0.037380274867691694
LemonadeDai/so100_coca,8,0.7583333333333333,5.198799793848886,0.7666666666666667,3.070656575040142,6.40828302574747,0.0,,0.27338967034265027,1.3567432982435297,0.42309901118278503,0.3294140625,0.23086099455532746,0.03354249806692551
LemonadeDai/so100_coca,10,0.7583333333333333,6.692914022927982,0.7666666666666667,2.8497216616144936,6.868339241324764,0.0,,0.49384824357090806,1.935706469853725,0.3659360222518444,0.36736979166666667,0.25601536730778185,0.01853313376664855
LemonadeDai/so100_coca,12,0.7708333333333334,4.937915319382724,0.7791666666666667,2.9408225163118473,6.698904471234857,0.0,,0.16365398059208291,1.6237293514651017,0.27488747239112854,0.26971354166666667,0.23391391749682766,0.03546694721373032
LemonadeDai/so100_coca,14,0.7583333333333333,6.617888383714391,0.7708333333333334,2.7390216710482056,5.595606788245372,0.0,,0.7495057341415665,0.8977435015113574,0.5980847626924515,0.3847526041666667,0.2484726100650349,0.038159250414673974
LemonadeDai/so100_coca,17,0.7583333333333333,8.87218410028465,0.7708333333333334,2.8795817140962607,6.228973516377021,0.0,,0.6956481758132116,1.3727900002445135,0.5455599129199982,0.40791666666666665,0.2531492941734585,0.017983914655677807
LemonadeDai/so100_coca,19,0.7583333333333333,4.443848624959448,0.7666666666666667,2.9392782900966457,6.218506876676428,0.0,,0.5642619892517929,1.2392230742349655,0.583540678024292,0.42919270833333334,0.2627450552290592,0.026113279484659125
LemonadeDai/so100_coca,21,0.10833333333333334,6.320397079782631,0.7666666666666667,2.837257989100318,6.477079052357635,0.0,,0.3640055675816986,1.3690685814992314,0.4188535213470459,0.363984375,0.24528716184359062,0.02905309034563852
LemonadeDai/so100_coca,23,0.7583333333333333,4.340482359430069,0.7708333333333334,3.0362613972780172,5.073687277422912,0.0,,0.6985755757818171,1.3685832899561878,0.5719728320837021,0.4436848958333333,0.2608592294256148,0.021002773363639416
LemonadeDai/so100_coca,25,0.7583333333333333,3.4859867660074846,0.7833333333333333,3.178145572702951,4.123405424346989,0.0,,0.6194056956454925,1.569351411240991,0.5290166884660721,0.4223177083333333,0.25311717674231515,0.025424327846534887
LemonadeDai/so100_coca,27,0.7583333333333333,8.041823932925421,0.7666666666666667,2.7677601264944642,5.938607830662858,0.0,,1.0420708535459975,1.084343538992663,0.7714107185602188,0.41290364583333333,0.24643178475481164,0.0164294679844786
LemonadeDai/so100_coca,29,0.7583333333333333,6.967309710460759,0.7666666666666667,2.832049899467892,6.232093792837076,0.0,,0.9977601437606516,1.0771856148659098,0.7363003790378571,0.4125390625,0.24450753456343216,0.024403417274867573
LemonadeDai/so100_coca,31,0.7583333333333333,4.651333753758148,0.7666666666666667,2.8914738435117147,6.532307226976381,0.0,,0.6684742342896628,1.182199566036311,0.5771755278110504,0.3944401041666667,0.24596469046317093,0.020511412431329305
LemonadeDai/so100_coca,34,0.7583333333333333,3.1684214004417077,0.7708333333333334,3.011549433809558,6.397626870293409,0.0,,0.621856127169085,1.4446543654259891,0.4412952959537506,0.4267578125,0.27154358517724186,0.024370993918297574
LemonadeDai/so100_coca,36,0.2791666666666667,5.835782428523642,0.7708333333333334,2.8334059870482777,5.093262588447336,0.0,,0.3251713305662282,1.213060070333166,0.428221195936203,0.36865885416666666,0.2496484678815282,0.04727627183025135
LemonadeDai/so100_coca,38,0.2708333333333333,3.1732908940522306,0.7708333333333334,2.979237067951927,6.191550305429747,0.0,,0.6282907323025985,1.6081861165243545,0.4446891248226166,0.4086328125,0.26382297694151763,0.021743680508166146
LemonadeDai/so100_coca,40,0.7583333333333333,3.5200570066244774,0.7708333333333334,2.947872439278782,5.3655233148166355,0.0,,0.3096093241171909,1.4024203722222457,0.3338581472635269,0.3314713541666667,0.22886883008726008,0.03257618187319935
LemonadeDai/so100_coca,42,0.275,5.977316460250906,0.7708333333333334,2.950700191819765,4.733992250450531,0.0,,0.7947045664430693,1.3233198698874176,0.6105298399925232,0.4376302083333333,0.24287153031512088,0.019252465108555848
LemonadeDai/so100_coca,44,0.7583333333333333,7.249043266912667,0.7708333333333334,2.8902665981357405,5.2631281948605295,0.0,,0.8899301853891567,1.160127793987662,0.659588947892189,0.4035286458333333,0.24274006395972159,0.02044685258988948
LemonadeDai/so100_coca,46,0.7583333333333333,3.9913705743908685,0.7708333333333334,3.0357993815466413,5.111902640413865,0.0,,0.5639015374663837,1.2862132248522713,0.536303848028183,0.45013020833333334,0.2667443293154511,0.024068810128076417
LemonadeDai/so100_coca,49,0.7666666666666667,4.796787226875894,0.7791666666666667,3.0234492318915884,3.4173453017336177,0.0,,0.8996583225733923,1.3230787139311013,0.6824186444282532,0.4079817708333333,0.2344283374153228,0.018098086952462178
Loki0929/so100_duck,0,0.24583333333333332,2.3784887895532996,0.1,2.5971988397228527,1.2161597358205,0.0,,0.5240276152203389,1.907613221633285,0.4022265262901783,0.3699609375,0.19708065743375466,0.02490313479119568
Loki0929/so100_duck,13,0.24583333333333332,2.5377737025419296,0.1,2.4816854862765885,1.437430781310032,1.0,1.005086005254185,0.5439869215289559,1.813958919241267,0.40324215590953827,0.3666276041666667,0.2007027838377252,0.04095997165317188
Loki0929/so100_duck,26,0.24166666666666667,2.6000204316489506,0.1,2.540107168237417,1.7060945703130665,1.0,1.005086005254185,0.5615123491697634,1.743927189287506,0.41288210451602936,0.37350260416666664,0.20567380645198932,0.03793002433198291
Loki0929/so100_duck,39,0.2375,3.0949136647881526,0.1,2.8488525918514007,2.0981880078848083,0.0,,0.4657802450142803,2.206140216852437,0.3514152765274048,0.3604296875,0.2040925311819853,0.020103087536658078
Loki0929/so100_duck,52,0.24583333333333332,2.9940035460434786,0.1,2.375105805178544,1.594555531431067,2.0,0.9793196543394913,0.5260425841984149,1.7663075264110144,0.38362857699394226,0.3698046875,0.2032583565992063,0.03071485436311496
Loki0929/so100_duck,65,0.7041666666666667,3.1005167891118925,0.1,2.5187589618033908,1.7610551916791621,0.0,,0.7426050348837595,1.449278068282184,0.5456251539289951,0.3873697916666667,0.20868562990049574,0.023823391042766415
Loki0929/so100_duck,78,0.22916666666666666,2.9403658888386746,0.1,2.4240867682391434,1.548957234997598,0.0,,0.6846201599578511,1.530429474992484,0.5102060288190842,0.39134114583333335,0.21127792909651688,0.02310012796616151
Loki0929/so100_duck,91,0.22916666666666666,2.9059352104803944,0.1,2.528952915946083,1.4954629424912713,1.0,0.9469514467734683,0.6192161269840241,1.53075062879061,0.4602202996611595,0.3709765625,0.20212313981850538,0.022434219135722515
Loki0929/so100_duck,104,0.22916666666666666,3.0762309443455087,0.1,2.507715577913939,1.9960773521895736,1.0,0.8680514497455363,0.5702409473958243,1.6608058824662073,0.42441919445991516,0.37365885416666667,0.2100410536695408,0.030726001889141864
Loki0929/so100_duck,117,0.6916666666666667,2.8142995825228074,0.1,2.4116009178803557,1.9157636795164048,0.0,,0.6245096213614375,1.650283665507169,0.4643939211964607,0.3864453125,0.2156626813459103,0.032247968516061126
Loki0929/so100_duck,130,0.24583333333333332,3.348699824686785,0.1,2.744745189143668,2.249014143845466,0.0,,0.7324996491521142,1.4572634115962726,0.5571953803300858,0.3764192708333333,0.2098661634958695,0.028865355934428235
Loki0929/so100_duck,143,0.6416666666666667,3.545251866491518,0.1125,2.807241918480383,2.222175126610355,0.0,,0.6731760665042676,1.5658277669500527,0.5235185697674751,0.36796875,0.20557791221384217,0.031360567746273015
Loki0929/so100_duck,156,0.6083333333333333,2.65726812258525,0.1,2.551913355881555,1.5623629712535516,1.0,0.8680514497455363,0.5965029761587022,1.72488194424712,0.4445735663175583,0.3806380208333333,0.21212528913918713,0.04234438263860826
Loki0929/so100_duck,169,0.6208333333333333,2.8882234090959686,0.1,2.47461229836622,1.5582663111643278,0.0,,0.6825394082128533,1.5821858902280432,0.5123509354889393,0.3940885416666667,0.217501749480962,0.043863193509727526
Loki0929/so100_duck,182,0.6541666666666667,3.5508119160575085,0.1,2.3933832751177038,1.4438530836831238,2.0,1.2825270827101747,0.713013830539421,1.5696946244462011,0.5319144986569881,0.37875,0.20819898412435386,0.019545726818682118
Loki0929/so100_duck,195,0.6416666666666667,2.9278206337103656,0.1,2.4599289629347503,1.5061427578779931,1.0,0.996347896504929,0.5868577103423329,1.6461054882412682,0.44110071286559105,0.3586328125,0.20453677832319095,0.03420075839157711
Loki0929/so100_duck,208,0.7541666666666667,2.476457941344134,0.1,2.459172793570231,1.4135731439714498,1.0,0.996347896504929,0.807824170193678,1.3949506543160688,0.5814919173717499,0.38861979166666666,0.21147833635255117,0.02628530106163857
Loki0929/so100_duck,221,0.7625,2.578370024102594,0.1,2.392474275449435,1.1672361679847985,0.0,,0.6597994740240859,1.5794042320285888,0.4971553087234497,0.3596484375,0.19437836016771542,0.02454259967614721
Loki0929/so100_duck,234,0.22083333333333333,2.2330888022476443,0.1,2.4626227781063217,1.4955323923589712,1.0,18.130186912500932,0.8989742604204813,1.1702881505582805,0.6809404343366623,0.38255208333333335,0.2108157144444033,0.032246876714699634
Loki0929/so100_duck,247,0.23333333333333334,2.4477431626342243,0.1,2.4876132189666738,1.1480801033014956,0.0,,0.5898814779338153,1.7258087567813882,0.4396364167332649,0.3531640625,0.19194720718277514,0.029962870608462058
Loki0929/so100_duck,260,0.6875,2.831821728818032,0.1,2.3512824284921736,1.389744811980623,1.0,1.005086005254185,0.491428514174512,2.0116404300374287,0.36970802396535873,0.3417057291666667,0.1880750188494178,0.01824212317377153
Loki0929/so100_duck,273,0.22916666666666666,2.8151971411130314,0.1,2.5948442366818254,1.7584725329399085,0.0,,0.8424092065418763,1.3716946572859898,0.6550742387771606,0.3590234375,0.20128629259082048,0.01859438647833832
Loki0929/so100_duck,286,0.675,2.6706706227633576,0.1125,2.5426750881403812,1.5635618893792749,1.0,1.2825270827101747,0.5134684365603831,1.9202548308593632,0.37959446385502815,0.3359505208333333,0.195324562523038,0.016735894934304933
Loki0929/so100_duck,299,0.22916666666666666,3.3396742877713455,0.1,2.6525206834538366,1.624236765114653,1.0,1.342624026537763,0.7503984405927694,1.5899580466574952,0.5833499953150749,0.35662760416666667,0.19739470278740923,0.018348752945452438
Mohamedal/put_banana,0,0.30416666666666664,2.7797466748250717,0.1,2.636934897742048,1.864326945617969,0.0,,1.0786760365471082,0.9271188674877499,0.8008535951375961,0.41587239583333335,0.2424676956766828,0.02242302501855634
Mohamedal/put_banana,1,0.30833333333333335,2.5009873079734204,0.1,3.6013752842104703,1.621685745853419,0.0,,1.14541516604493,1.1898125188485054,0.8129698112607002,0.48174479166666667,0.24293815723613693,0.021717012889103587
Mohamedal/put_banana,2,0.30833333333333335,3.1822700213491197,0.1,2.7370281279739985,1.9204467396341787,1.0,0.9548412538721891,1.1016607534609029,0.893942066329862,0.8121839910745621,0.40125,0.24266723367092896,0.055514956728437995
Mohamedal/put_banana,3,0.3125,2.97133803339084,0.1,2.796280978376395,1.9786149132217508,0.0,,1.013890103918395,0.9543011918984647,0.7497257441282272,0.3895703125,0.24014798113903355,0.03152072318823377
Mohamedal/put_banana,5,0.32916666666666666,2.4184030907305494,0.10416666666666667,3.436056426761134,1.8219930502665787,0.0,,0.9361243460978415,1.1534010991240753,0.676580473780632,0.3821744791666667,0.24904770410479765,0.028722858233489787
Mohamedal/put_banana,6,0.32916666666666666,2.680296224493136,0.1,2.602652245750911,1.7042309893000158,0.0,,0.7942947084877459,1.1784589664878486,0.6176809966564178,0.36809895833333334,0.24062543938974593,0.02878206571301639
Mohamedal/put_banana,7,0.325,3.4559905865089533,0.8958333333333334,2.715030327816208,1.586425089879296,0.0,,1.1213492230595217,0.9613789743241505,0.829284317791462,0.46259114583333333,0.23571547269193455,0.02946011252452467
Mohamedal/put_banana,8,0.3333333333333333,2.7160563440714123,0.8958333333333334,2.320896769018754,1.4511478174664483,0.0,,1.1053695097041436,0.9132830526575796,0.8210286498069763,0.4571614583333333,0.236214217361097,0.019561400200342072
Mohamedal/put_banana,10,0.31666666666666665,2.3598501356592387,0.75,2.7431708463177653,1.3042577844633871,0.0,,0.5180167473242159,1.6697684393911392,0.43225500732660294,0.23833333333333334,0.1480564414664833,0.026394293727260647
Mohamedal/put_banana,11,0.325,2.3743736277367367,0.8958333333333334,3.0189670201893652,1.8457043493477885,0.0,,0.5440018305215442,1.5818366072899752,0.3912455514073372,0.40552083333333333,0.261822125755164,0.02380518662383424
Mohamedal/put_banana,12,0.32083333333333336,2.2016808678883484,0.1,4.090342556214018,2.049037390588502,0.0,,1.0876140705229893,0.963125280072503,0.7786912322044373,0.4244140625,0.25657322239915376,0.01705246627094548
Mohamedal/put_banana,13,0.32083333333333336,2.699267515952617,0.8958333333333334,2.5881891034059024,1.7476974800616765,1.0,0.9877603996398108,1.0557574577587578,1.0063078510408043,0.7781352028250694,0.38360677083333333,0.23970658891074917,0.024450492418771678
Mohamedal/put_banana,15,0.32083333333333336,2.60567818062557,0.8958333333333334,2.6035454769263957,1.8695002875807563,0.0,,0.9067257082044492,1.0414889285577777,0.670867070555687,0.36313802083333335,0.2270105143357461,0.13696570758608395
Mohamedal/put_banana,16,0.31666666666666665,3.044698804327354,0.8958333333333334,2.319880193284945,1.684870915373699,1.0,1.613538932881184,0.6549412745152023,1.2598490452692577,0.5571465939283371,0.3134375,0.19704206766033838,0.27612690245341703
Mohamedal/put_banana,17,0.32083333333333336,2.615719774500685,0.8958333333333334,2.7637620921545474,1.9031574774956923,0.0,,0.9527128678991241,0.9825124328263931,0.7024420946836472,0.3725,0.22782271746557708,0.08641157078580512
Mohamedal/put_banana,18,0.31666666666666665,2.138451255084662,0.8958333333333334,2.454171886382773,1.5526756886847117,1.0,0.9315565980774778,0.6385026765134464,1.5153525324115102,0.4822194278240204,0.35649739583333334,0.22374354348177244,0.02325576336656335
Mohamedal/put_banana,20,0.3625,2.669931732231826,0.8958333333333334,2.4466862326665417,1.3682767717269702,1.0,0.9628636256362171,0.542803045033901,1.489141391181556,0.42223795503377914,0.3062109375,0.19086486531687305,0.116590221833548
Mohamedal/put_banana,21,0.2916666666666667,3.1894100560716363,0.8958333333333334,2.3775915084872405,1.5940882131453507,0.0,,1.0251090503666482,0.9239199595782726,0.7946272194385529,0.39240885416666665,0.2492282454059516,0.06711667797283613
Mohamedal/put_banana,22,0.2916666666666667,2.788455927442963,0.8375,3.0559648362720386,2.3610308854219544,0.0,,0.7886057758127808,1.2606873056335322,0.5800901129841805,0.3672786458333333,0.24221145734767463,0.1444551293463227
Mohamedal/put_banana,23,0.2916666666666667,3.005848263628797,0.8416666666666667,2.645102005937388,1.8121757545572388,1.0,1.067499683740209,1.0684429938985556,0.9644827593727672,0.7766426280140877,0.38328125,0.23088697925461718,0.022072721528339275
Mohamedal/put_banana,25,0.2875,2.749436120385649,0.725,2.9206475762066284,2.4843440038447615,1.0,1.0109970523303957,0.8755896232954827,1.1832019645880607,0.632384292781353,0.3692317708333333,0.24159125955779295,0.10605891734001997
Mohamedal/put_banana,26,0.2875,3.176915442136738,0.8458333333333333,2.485948527916408,1.9100067218064443,0.0,,1.068714215296492,1.0232639726457382,0.8002932295203209,0.426015625,0.25216193867667436,0.01849464144813845
Mohamedal/put_banana,27,0.2875,3.1128588531058696,0.7166666666666667,2.667891452659376,2.1434486926957557,0.0,,1.0574427507027477,0.9636094937878347,0.7793747931718826,0.36993489583333333,0.2324753701237469,0.10501886562062447
Mohamedal/put_banana,29,0.30833333333333335,2.9414750308848547,0.8958333333333334,2.776413726912287,1.5474203199269214,1.0,1.2018330644521171,0.6161205789008403,1.6487514173826667,0.4608208164572716,0.32733072916666667,0.21409615258826198,0.041709796665286784
Mwuqiu/so100_0408_muti,0,0.5708333333333333,3.559225997290507,0.6541666666666667,2.7576894963192675,3.335845281973439,1.0,-5.663706258020568,0.6798436043523066,2.7040153640331543,0.6008056104183197,0.0,,0.03760530988653639
Mwuqiu/so100_0408_muti,2,0.575,3.41596846428529,0.65,2.982504381700883,3.8947040429776782,0.0,,0.7118565886632179,2.562350074983628,0.6201889216899872,0.0,,0.0376550069060893
Mwuqiu/so100_0408_muti,5,0.5708333333333333,3.6962066305903787,0.65,2.7120043966650718,3.346807980495652,1.0,-4.685899839502696,0.6819291981305986,2.4406013017659145,0.5858744382858276,0.04419270833333333,0.08410855484574058,0.03652681465084587
Mwuqiu/so100_0408_muti,8,0.575,3.7523019418921635,0.6458333333333334,2.97240878653718,3.274409484535682,0.0,,0.7372850126492518,3.0589716017283877,0.6337803453207016,0.0,,0.03687596670041137
Mwuqiu/so100_0408_muti,11,0.5708333333333333,3.5141459834543722,0.6458333333333334,2.9827466269509446,3.6274807320586597,2.0,-4.685899839502696,0.7419414459154077,3.1150209387296885,0.6436567008495331,0.0,,0.037914733839043584
Mwuqiu/so100_0408_muti,14,0.575,3.4828399951083315,0.6458333333333334,2.975685714892439,3.56052115179318,1.0,-5.152081702206232,0.7602725116401629,2.9694839259203305,0.657423198223114,0.0,,0.03808519288282054
Mwuqiu/so100_0408_muti,16,0.5708333333333333,3.715014714923731,0.65,2.988274577856927,3.5924614939987523,0.0,,0.7166274629040483,2.760368806062179,0.6147820949554443,0.0,,0.038505994563759506
Mwuqiu/so100_0408_muti,19,0.575,3.6483219101957642,0.6458333333333334,2.940932400639145,3.5722976440185734,2.0,-5.110417561031227,0.7226703071633997,2.9878382574086513,0.6278466880321503,0.0,,0.03830664563347613
Mwuqiu/so100_0408_muti,22,0.575,3.7522894733974295,0.65,2.951168219144087,3.735292159572939,1.0,-5.194428907734803,0.7499370737201533,3.0571318655593918,0.6339390873908997,0.0,,0.03762196947688629
Mwuqiu/so100_0408_muti,25,0.575,3.908764826636992,0.65,2.812056418477819,2.766525080298796,2.0,-5.152081702206232,0.6714356752640712,2.76691936989427,0.5845877081155777,0.026588541666666667,0.08256734106770375,0.038730002917902726
Mwuqiu/so100_0408_muti,28,0.575,3.7154536188251543,0.65,2.9334277348329976,3.5279654260612903,1.0,-4.610649318660606,0.737719970276872,2.878935625346341,0.63282111287117,0.0,,0.037629982843711496
Mwuqiu/so100_0408_muti,31,0.575,3.574529205055982,0.65,2.872702865642178,3.5460124575323726,0.0,,0.7347672277117139,2.8648405270323747,0.6351850628852844,0.0,,0.03786200400503899
Mwuqiu/so100_0408_muti,33,0.575,4.011821758431978,0.6541666666666667,2.8560127838400446,3.177910704698326,1.0,-5.110417561031227,0.7196599975349403,2.9619421321309796,0.6131496131420135,0.00036458333333333335,0.18634190077704713,0.036865573556601416
Mwuqiu/so100_0408_muti,36,0.5708333333333333,3.7970419522075822,0.65,2.9268043341792747,3.5855867521559937,1.0,-4.64797069138703,0.768430765279404,2.8462794909892994,0.6524179130792618,0.0,,0.03745921855536786
Mwuqiu/so100_0408_muti,39,0.5708333333333333,3.9444995787068464,0.6458333333333334,2.7801959567869887,2.9158324345609583,1.0,-5.069420132612493,0.7108433516111855,2.8514370291922804,0.6197535246610641,0.0,,0.038027095161379317
Mwuqiu/so100_0408_muti,42,0.5708333333333333,3.6405470256198145,0.6458333333333334,2.957549994727446,3.4753049701237706,1.0,-5.110417561031227,0.7348668523099464,3.0987251015065573,0.6324113756418228,0.0,,0.03737171491213428
Mwuqiu/so100_0408_muti,45,0.5708333333333333,3.657066957208191,0.65,2.9384797851889997,3.5661945216441393,1.0,-5.93741609948151,0.7117719009563128,2.878629149743988,0.6118463724851608,0.0,,0.03858607019122835
Mwuqiu/so100_0408_muti,48,0.5708333333333333,3.7606630870069084,0.65,2.9559360053482036,3.4157984626729405,1.0,-4.989362569642196,0.7160950419485441,2.4553253412506097,0.6123053878545761,0.04505208333333333,0.08622511911384138,0.037881867171559676
Mwuqiu/so100_0408_muti,50,0.5708333333333333,3.6520554022500638,0.6458333333333334,2.945309243451143,3.6000673263635883,0.0,,0.7458852141010155,3.0437853616792343,0.630161851644516,0.04473958333333333,0.08608092508073512,0.03763958565601084
Mwuqiu/so100_0408_muti,53,0.5708333333333333,4.035976518955155,0.65,2.7996544230154554,3.074604217307407,0.0,,0.7700450741058611,3.047587202447369,0.6508177816867828,0.0,,0.03647894133440594
Mwuqiu/so100_0408_muti,56,0.5708333333333333,3.845701304469907,0.6458333333333334,3.0015044735875,3.4384468962352575,1.0,-5.069420132612493,0.7969060588366733,2.9792793070103056,0.6680901050567627,0.0,,0.03510059415301326
Mwuqiu/so100_0408_muti,59,0.5708333333333333,3.7994511250232246,0.6458333333333334,2.9512442521718993,3.5762603036023237,1.0,-5.102165252358191,0.7553685620034952,3.1212590762597174,0.6413203626871109,0.0337109375,0.08226145052046717,0.03685504435925523
Mwuqiu/so100_0408_muti,62,0.575,3.646355564413043,0.6458333333333334,2.9052009755287873,3.565943334939571,1.0,-5.93741609948151,0.7440957132856842,2.809489269043208,0.6302663683891296,0.0,,0.03677407983183267
Mwuqiu/so100_0408_muti,65,0.575,3.957606159301596,0.6458333333333334,2.865885351656219,3.391405626120893,1.0,-5.2812406284451185,0.7755982983660761,3.3371717801008787,0.6512601971626282,0.0,,0.035539568761591096
NONHUMAN-RESEARCH/SOARM100_TASK_VENDA,0,0.25,1.6432253897250482,0.11666666666666667,2.390370091183752,0.7420075201390485,28.0,0.0,1.1334841923581631,1.3573044180047453,0.8857664540410042,0.4620703125,0.24707226749190847,0.17755293687967258
NONHUMAN-RESEARCH/SOARM100_TASK_VENDA,6,0.25416666666666665,1.8227628295073373,0.14166666666666666,2.590629104757154,0.6526614575441448,34.0,0.0,1.1398595279405044,1.3869323547559638,0.8641194701194763,0.4725260416666667,0.23804833448821727,0.18799939034136254
NONHUMAN-RESEARCH/SOARM100_TASK_VENDA,12,0.4708333333333333,1.7535739782064683,0.1,2.6416506309475745,0.5387702358247087,38.0,0.0,1.171101675003133,1.2578060464769705,0.8699632026255131,0.4486588541666667,0.2511350330161065,0.15456558640271223
NONHUMAN-RESEARCH/SOARM100_TASK_VENDA,19,0.675,1.6542354665111187,0.1,2.501894877355009,0.5946636115762794,30.0,-0.9151902017155322,1.1562221748607386,1.346417244912343,0.8704907894134521,0.4815755208333333,0.24228277550041488,0.15944986178109535
NONHUMAN-RESEARCH/SOARM100_TASK_VENDA,25,0.25416666666666665,1.7990796363286023,0.10833333333333334,2.786336437408561,0.6528908531938069,31.0,0.0,1.172743042286735,1.3220990725042674,0.8522464334964752,0.4883984375,0.2457774429813274,0.1254178751370781
NONHUMAN-RESEARCH/SOARM100_TASK_VENDA,32,0.25416666666666665,1.781389201356522,0.14583333333333334,2.628146996785821,0.6548085901794677,26.0,0.0,1.1836919221965874,1.3782361248735902,0.8590851426124573,0.492578125,0.24656672606032046,0.1304976258080454
NONHUMAN-RESEARCH/SOARM100_TASK_VENDA,38,0.25416666666666665,1.752762652406542,0.1375,2.7310312217803547,0.6444556120538534,34.0,0.0,1.1801147974683734,1.360820072000054,0.8743160739541054,0.4801953125,0.242098864305876,0.15048374495528535
NONHUMAN-RESEARCH/SOARM100_TASK_VENDA,45,0.475,1.7008746354381805,0.18333333333333332,2.5438896193118175,0.5512391124123908,30.0,0.0,1.163577927346538,1.4306764672989705,0.8962067365646362,0.4847265625,0.24411692013253977,0.16465059077942132
NONHUMAN-RESEARCH/SOARM100_TASK_VENDA,51,0.25416666666666665,1.7081665833266706,0.14166666666666666,2.6243361607460396,0.6379305724832807,34.0,0.0,1.181918691055627,1.346721259971187,0.8748706877231598,0.4732942708333333,0.23898696631251817,0.1549071684319874
NONHUMAN-RESEARCH/SOARM100_TASK_VENDA,58,0.25833333333333336,1.7204884765114927,0.1,2.7709346024947688,0.6418195670789776,42.0,-1.961417667770334,1.1649004936263563,1.3292021790962765,0.8775346726179123,0.48432291666666666,0.24244722404577626,0.16358347144938626
NONHUMAN-RESEARCH/SOARM100_TASK_VENDA,64,0.25,1.710661249470417,0.1,2.5466629139148633,0.6787094159347875,31.0,-1.9497416721068817,1.1497487063913343,1.3025761695342286,0.8433231115341187,0.46611979166666667,0.24814667891266215,0.14847620371118592
NONHUMAN-RESEARCH/SOARM100_TASK_VENDA,71,0.4791666666666667,1.6266914748663466,0.1,2.6772629014279765,0.640125013129299,35.0,0.8184554616886146,1.1413640008834807,1.3474914570042609,0.8600136190652847,0.4773307291666667,0.24088121430334825,0.17781750120945397
NONHUMAN-RESEARCH/SOARM100_TASK_VENDA,77,0.675,1.6468616869120523,0.1,2.771378322756766,0.6025274526770079,24.0,0.0,1.1536234760336677,1.3190148552046876,0.854854978621006,0.4825520833333333,0.24184145578695182,0.16073858150142462
NONHUMAN-RESEARCH/SOARM100_TASK_VENDA,84,0.225,1.6112383857173018,0.19166666666666668,2.9777840267413325,0.6264925216886453,27.0,0.9669255716442962,1.1410173092608318,1.4987613469180876,0.7901953309774399,0.44071614583333335,0.2537093761701221,0.038616057028993914
NONHUMAN-RESEARCH/SOARM100_TASK_VENDA,90,0.7166666666666667,1.585294255059906,0.1875,3.0327925533801237,0.6193125181463497,25.0,1.0511807495437466,1.194096353995552,1.6219613250280585,0.8330511748790741,0.4978125,0.2659072861481674,0.051640299112604905
NONHUMAN-RESEARCH/SOARM100_TASK_VENDA,97,0.5208333333333334,1.5552206012963328,0.19166666666666668,2.941196416994179,0.6225022219899279,23.0,0.8615257345672518,1.0613766270458627,1.775669801169684,0.7225777208805084,0.511171875,0.2602968112887366,0.04384178661172012
NONHUMAN-RESEARCH/SOARM100_TASK_VENDA,103,0.7166666666666667,1.6082519836590694,0.19583333333333333,2.838123128082131,0.6593225188678932,23.0,1.185260818622396,1.123357721210187,1.5080868396923746,0.7798557132482529,0.4341015625,0.2631381117092939,0.051415870312011724
NONHUMAN-RESEARCH/SOARM100_TASK_VENDA,110,0.7166666666666667,1.6366646917610679,0.19583333333333333,2.8061931414639525,0.6640328007292092,24.0,0.9669255716442962,1.0760615341546307,1.519120991344831,0.7598783224821091,0.45684895833333333,0.2632721702108173,0.07116060420447627
NONHUMAN-RESEARCH/SOARM100_TASK_VENDA,116,0.7166666666666667,1.5466251226698806,0.225,2.7285329750014222,0.7551600859584119,32.0,0.0,1.132246575635011,1.3998805585144798,0.7787852734327316,0.4093359375,0.25594923658833907,0.06403632829545573
NONHUMAN-RESEARCH/SOARM100_TASK_VENDA,123,0.7166666666666667,1.576124954592044,0.20416666666666666,2.8527755306129836,0.6655045028908959,28.0,0.0,1.0287310785905734,1.626766599277436,0.7101621627807617,0.4518359375,0.2569740131444489,0.055208222931683266
NONHUMAN-RESEARCH/SOARM100_TASK_VENDA,129,0.7166666666666667,1.5938468613308188,0.2,2.829051667739456,0.6617877825248916,25.0,0.0,1.0265332210608749,1.5732042908017925,0.6962839961051941,0.42661458333333335,0.2532813594265366,0.03833544667914597
NONHUMAN-RESEARCH/SOARM100_TASK_VENDA,136,0.5208333333333334,1.6962326346962118,0.1875,2.969263844575581,0.6035834991477859,26.0,0.0,1.094071972858747,1.6349522354238748,0.7741586565971375,0.47348958333333335,0.24237222062925814,0.07349679669284848
NONHUMAN-RESEARCH/SOARM100_TASK_VENDA,142,0.22083333333333333,1.723718834678119,0.1875,2.897446496355516,0.6348578619454119,28.0,1.0843332292884895,1.1537733412747495,1.4716502284322697,0.7904832065105438,0.4221484375,0.24735620631237643,0.026183380457564562
NONHUMAN-RESEARCH/SOARM100_TASK_VENDA,149,0.7166666666666667,1.6061274775140706,0.1,3.022889122131345,0.5927672238789972,26.0,0.0,1.110028602611628,1.544984852083998,0.7692971974611282,0.428125,0.24910680654389233,0.038396114241109065
Odog16/so100_cube_drop_pick_v1,0,0.1875,4.200013301908099,0.8958333333333334,2.125787150443305,0.9309689903777305,1.0,0.0,0.3402889433747623,1.833297068361515,0.3121721148490906,0.3480078125,0.3570609258059915,0.2618353575997987
Odog16/so100_cube_drop_pick_v1,1,0.1875,4.106099507834151,0.8958333333333334,2.2514954047600337,0.8825433969359778,3.0,0.0,0.27355127930836237,1.75310358082334,0.3089451193809509,0.36108072916666667,0.3352929345570242,0.4969777614219907
Odog16/so100_cube_drop_pick_v1,3,0.1875,2.392906583807192,0.8958333333333334,3.1228507360222446,0.9953201273538324,1.0,0.0,0.533297121610836,1.7890655901605332,0.46080541610717773,0.26809895833333336,0.4247489844564428,0.029019235932695345
Odog16/so100_cube_drop_pick_v1,5,0.1875,3.309008599430113,0.8958333333333334,2.7511785944534357,0.8786652459775859,1.0,0.0,0.41311152566689113,1.832247341843303,0.3456920385360718,0.23555989583333334,0.42225994154609797,0.16853927414440295
Odog16/so100_cube_drop_pick_v1,6,0.1875,3.9571996674120316,0.8958333333333334,2.2132999944888856,0.9917813933290689,1.0,0.0,0.4079733153823481,1.695625128597625,0.33559203147888184,0.4239453125,0.3158335925987467,0.30389791774496516
Odog16/so100_cube_drop_pick_v1,8,0.1875,3.403818553373111,0.8958333333333334,2.5570159530873475,0.8653238364285765,2.0,0.0,0.3675896542023664,1.9874772088894377,0.3334779739379883,0.2311328125,0.41379199804642974,0.2258296404419662
Odog16/so100_cube_drop_pick_v1,10,0.1875,4.149734366812811,0.8958333333333334,2.414715687177507,0.9300975788731795,2.0,0.0,0.4905536023220706,1.5511388079302209,0.3963356614112854,0.39391927083333333,0.33569270145344693,0.05392364167811739
Odog16/so100_cube_drop_pick_v1,11,0.1875,4.146491827200102,0.8958333333333334,2.3055065281903433,0.9406133120097776,2.0,0.0,0.4516530423609697,1.6887642624037695,0.3594323992729187,0.38473958333333336,0.3433961505369888,0.09611619228138651
Odog16/so100_cube_drop_pick_v1,13,0.1875,2.5815185189556824,0.8958333333333334,2.992481170549648,0.9867248437742986,1.0,18.886087369709287,0.5005657723475865,1.9235284576019,0.442881315946579,0.10375,0.19268129001361092,0.10512209460310679
Odog16/so100_cube_drop_pick_v1,15,0.1875,4.2612964260472,0.8958333333333334,2.027123597271573,1.0065923014268376,3.0,0.0,0.5736310797861054,1.339603240902495,0.47595179080963135,0.45576822916666665,0.32408602872891823,0.1303134443064152
Odog16/so100_cube_drop_pick_v1,16,0.1875,4.312069336627185,0.7083333333333334,1.9928667066380494,1.1796597930510275,1.0,0.0,0.45038863299215204,1.491524320688197,0.34609556198120117,0.46427083333333335,0.33478764540382616,0.14028504555599322
Odog16/so100_cube_drop_pick_v1,18,0.1875,4.829127333401786,0.5708333333333333,2.0087637077879954,0.9182935854648895,5.0,-14.845452082083824,0.36441358198759854,1.8097808467107501,0.3013014495372772,0.42356770833333335,0.33746667061109986,0.45674941189812657
Odog16/so100_cube_drop_pick_v1,20,0.1875,4.595057428959292,0.8958333333333334,2.6679126136479647,0.8628534570842716,1.0,0.0,0.36693550814629344,1.9682994858531104,0.29272884130477905,0.40966145833333334,0.3000085910904275,0.10387986967000117
Odog16/so100_cube_drop_pick_v1,22,0.1875,4.536776513126645,0.8958333333333334,2.6553078736192295,0.869737139977371,2.0,0.0,0.34446639128679574,1.6872979649557982,0.2814057469367981,0.42309895833333333,0.307276039116845,0.3132100612613182
Odog16/so100_cube_drop_pick_v1,23,0.1875,4.455109509902493,0.8958333333333334,2.693432641572297,0.8840636385255508,1.0,0.0,0.3515592617856728,1.8303692948745198,0.2945326864719391,0.3840104166666667,0.31691496225910776,0.0753402313400509
Odog16/so100_cube_drop_pick_v1,25,0.1875,4.263912500191988,0.8958333333333334,2.3516592840280306,0.9768367830221941,1.0,0.0,0.345195744331582,1.9645140470397344,0.27534136176109314,0.4047395833333333,0.3204609833039802,0.036683931591584375
Odog16/so100_cube_drop_pick_v1,27,0.1875,4.4464355238935225,0.8958333333333334,2.369062078977508,0.9415729498712925,5.0,0.0,0.3919710046141429,1.6752857458342036,0.3255196809768677,0.41901041666666666,0.31484731544060474,0.3778678978032672
Odog16/so100_cube_drop_pick_v1,28,0.1875,4.334811375711776,0.8958333333333334,2.328220601310094,0.8974239131086629,1.0,0.0,0.3901021751693082,1.6740867118609328,0.3345833420753479,0.40171875,0.3038805320800019,0.08557352406503699
Odog16/so100_cube_drop_pick_v1,30,0.1875,4.455906865864203,0.8958333333333334,2.0389607198993227,0.953827243853594,1.0,0.0,0.40108311157927773,1.5651064154475605,0.34844833612442017,0.4400911458333333,0.3178334235582469,0.1692819823974317
Odog16/so100_cube_drop_pick_v1,32,0.1875,3.1106761159573835,0.8291666666666667,2.37129329030648,0.8159768408590938,1.0,0.0,0.5857667351334896,1.8270182081846906,0.5229068100452423,0.20904947916666666,0.36166681217415547,0.1298360699491041
Odog16/so100_cube_drop_pick_v1,33,0.1875,2.917677355124772,0.8916666666666667,2.825282895356367,0.893815713239253,1.0,0.0,0.5163869111250038,1.5790169411346158,0.4752945899963379,0.24375,0.38258435253728135,0.07813912037483585
Odog16/so100_cube_drop_pick_v1,35,0.1875,4.411844010757375,0.8958333333333334,2.221544487674867,1.0089955635881087,2.0,0.0,0.29785165826299176,1.7324415061990763,0.31610608100891113,0.401484375,0.30159081034005003,0.33774069526985884
Odog16/so100_cube_drop_pick_v1,37,0.1875,4.762923380697606,0.8958333333333334,1.9719024888938148,0.9633415722960156,1.0,0.0,0.4983621586821673,1.4916774491351035,0.4049595296382904,0.4732942708333333,0.30618005755684863,0.17048515109149454
Odog16/so100_cube_drop_pick_v1,39,0.1875,4.045628231647163,0.17916666666666667,2.141686463501747,0.9196865501345222,1.0,0.0,0.44787487813971605,1.707001220487841,0.35573726892471313,0.34013020833333335,0.31994464980703674,0.07820921226328385
Odog16/so100_cube_stacking_v1,0,0.3125,2.459490801872222,0.6208333333333333,2.7855269553405395,1.582942731273457,4.0,2.7791668640720815,0.39027593114486087,1.5754015663793075,0.4013138711452484,0.3110546875,0.23901496303247707,0.20673383445654198
Odog16/so100_cube_stacking_v1,2,0.175,2.4854780391410936,0.625,2.9523210297282816,2.070617642365009,0.0,,0.3591858101272116,1.7687061707122758,0.36147038638591766,0.3208723958333333,0.27775750690572676,0.15187487421143314
Odog16/so100_cube_stacking_v1,4,0.45416666666666666,2.291806606787649,0.5625,2.5488819100301736,2.0181049069001156,2.0,1.722662071622807,0.2323998062180996,1.518826028778358,0.2479478120803833,0.316328125,0.2928799679518644,0.21240227397425257
Odog16/so100_cube_stacking_v1,6,0.1,1.6224055685934475,0.8041666666666667,2.492983482176512,1.6161820698619775,1.0,1.7760442533587337,0.3488535002534435,1.549038603592839,0.23216339945793152,0.3497135416666667,0.3041759060747505,0.43913516838034644
Odog16/so100_cube_stacking_v1,8,0.175,2.988868430461831,0.5458333333333333,2.7801203057814736,2.5125321611331737,1.0,2.0989059332035396,0.3279108227288034,1.3371087883315376,0.39701202511787415,0.3863932291666667,0.31287215405385393,0.47322025876475005
Odog16/so100_cube_stacking_v1,10,0.37916666666666665,2.531391034410035,0.1,2.5552172936935884,1.7724136206218417,1.0,1.948085006514944,0.4616376575587023,1.2327830939661328,0.3885501027107239,0.4343489583333333,0.29583702202629464,0.17813621870235039
Odog16/so100_cube_stacking_v1,12,0.1,2.1645728221627274,0.1,2.859879091871391,1.5263838280043707,1.0,2.109942848133258,0.3237923850456384,1.4775650167881489,0.25126922130584717,0.49756510416666666,0.3060486655563229,0.5225110534193502
Odog16/so100_cube_stacking_v1,14,0.1,2.4072183532066016,0.1,2.645053073439034,2.1678690896582093,1.0,2.0989059332035396,0.333729685949814,1.3057098193119407,0.3805844783782959,0.30790364583333335,0.29118893601194556,0.13715100587950993
Odog16/so100_cube_stacking_v1,17,0.3625,2.3481157334706713,0.1,2.7065811055712263,1.741829693589869,2.0,2.109942848133258,0.23568538236848535,1.5716335355267619,0.27373501658439636,0.33455729166666665,0.28695985224233844,0.2122146541962094
Odog16/so100_cube_stacking_v1,19,0.25416666666666665,2.314575897105987,0.1,2.67725796752087,1.9970827178166752,1.0,2.0989059332035396,0.3583013222213558,1.2452798551413917,0.33696383237838745,0.3941145833333333,0.2983623839032398,0.16352418824910075
Odog16/so100_cube_stacking_v1,21,0.1,2.2675918608011507,0.1,2.718094022112914,1.6340947514276851,0.0,,0.4051696921279639,1.236342848669882,0.356342077255249,0.40510416666666665,0.292071108189497,0.18118156339829056
Odog16/so100_cube_stacking_v1,23,0.26666666666666666,2.4238155530025334,0.1,2.620807646873799,1.8013606034375689,3.0,1.694647068537165,0.34721075558081826,1.3848154521668907,0.33772754669189453,0.3923046875,0.29025566632517824,0.40245750820415455
Odog16/so100_cube_stacking_v1,25,0.5125,2.97267729590812,0.1,2.5604621508315413,1.5429632400916315,1.0,1.7252548754726575,0.369368883671437,1.3986537259783909,0.30512022972106934,0.4571223958333333,0.29541701144844335,0.20738061664952723
Odog16/so100_cube_stacking_v1,27,0.1,2.292968398910316,0.1,3.2862540921104664,0.9518992641917542,1.0,1.7149301955265486,0.4313766892133199,1.5225943219730358,0.29586100578308105,0.39481770833333335,0.2895968211765544,0.08310876100524972
Odog16/so100_cube_stacking_v1,29,0.37916666666666665,2.3984578745257323,0.1,2.5007245894445296,1.8540218418824903,2.0,2.0989059332035396,0.34931009938977353,1.3920737775169627,0.2996407747268677,0.43365885416666666,0.29818998868703667,0.25479295075770997
Odog16/so100_cube_stacking_v1,31,0.24583333333333332,2.59403636742152,0.1,2.5559124279197336,1.9782992403663624,3.0,1.7047283190072733,0.3492502568979511,1.3018296255256592,0.3464573621749878,0.37514322916666665,0.2890240231060051,0.2226650679094223
Odog16/so100_cube_stacking_v1,34,0.2625,2.4418441958346513,0.1,2.6157326975131854,1.9037419497670813,1.0,15.883853733921072,0.2801577440843415,1.4516307562823803,0.26983174681663513,0.3784635416666667,0.28886127575188136,0.33491828096602283
Odog16/so100_cube_stacking_v1,36,0.1,2.179739608472817,0.1,3.087376420873019,1.4634918708028457,2.0,2.0989059332035396,0.3556298456864366,1.4286929641247497,0.2675296664237976,0.4405078125,0.29567210088937024,0.4272409769380447
Odog16/so100_cube_stacking_v1,38,0.17083333333333334,2.514096852750106,0.5416666666666666,2.512269786532526,2.051062209396663,3.0,1.965260571920524,0.5052512058744366,1.099155660239507,0.4453275203704834,0.35973958333333333,0.30123796548647214,0.09629811916576167
Odog16/so100_cube_stacking_v1,40,0.26666666666666666,2.331370985344726,0.1,2.7881578749653118,1.7486010988911758,1.0,1.7252548754726575,0.31441582912174515,1.45920268875679,0.31508031487464905,0.38208333333333333,0.2865397272806085,0.2994445037169799
Odog16/so100_cube_stacking_v1,42,0.175,2.618149622794844,0.5458333333333333,2.834876339408888,2.8432197192888418,1.0,2.027322700500193,0.4613652583702294,1.1415813303321727,0.3881549835205078,0.384375,0.31700329398691474,0.24539207352408707
Odog16/so100_cube_stacking_v1,44,0.375,2.7084670850562316,0.1,2.5955234653991117,1.8458763321949874,1.0,1.9749340108819808,0.25980936668217913,1.5884609418072504,0.2731556296348572,0.3917317708333333,0.2922261403012246,0.3510613718438917
Odog16/so100_cube_stacking_v1,46,0.26666666666666666,2.7034073888876375,0.1,2.4700439386004955,1.8845994466006721,3.0,1.7992757241340769,0.3385144637998569,1.3866046212224714,0.2985007166862488,0.40423177083333334,0.29132606130525873,0.1776720446838572
Odog16/so100_cube_stacking_v1,49,0.26666666666666666,2.6526440418974953,0.1,2.618730638647286,1.7232754537695938,1.0,2.109942848133258,0.442227616250832,1.2914334337300613,0.39302510023117065,0.44188802083333334,0.3029572517030387,0.30326017497452556
RasmusP/so100_Orange2Green,0,0.17916666666666667,9.944663847694288,0.12083333333333333,3.4675524915432114,0.6652563002442626,0.0,,0.38616502379738,1.3288408570677763,0.47287821769714355,0.13716145833333335,0.08983899912060013,0.5007073242704482
RasmusP/so100_Orange2Green,2,0.17916666666666667,8.853826925813141,0.14166666666666666,3.5700716957683927,0.6701176264779432,0.0,,0.28815760267686447,1.2669112385457897,0.27992695569992065,0.1270703125,0.08831457369466056,0.39560732961195794
RasmusP/so100_Orange2Green,4,0.17916666666666667,8.85275602969915,0.16666666666666666,3.621102715576379,0.6747259186528928,0.0,,0.33345845490061937,1.2576171968233936,0.2753676176071167,0.1240625,0.0875718867798587,0.3607090232050554
RasmusP/so100_Orange2Green,6,0.17916666666666667,8.49252325563521,0.13333333333333333,3.5909199592318406,0.6911922218145574,0.0,,0.4136825623426329,1.2783000654028438,0.3806914985179901,0.13393229166666668,0.08903518370421835,0.4353282410304394
RasmusP/so100_Orange2Green,8,0.17916666666666667,8.33619484954734,0.16666666666666666,3.5759664385321805,0.6809322615851972,0.0,,0.41307463875267125,1.244851027538717,0.35974356532096863,0.13872395833333334,0.08855180799165537,0.40161821359690747
RasmusP/so100_Orange2Green,10,0.17916666666666667,8.82720287993952,0.1375,3.581863486870872,0.6925881893462188,0.0,,0.5567645674999467,1.2580024988773315,0.5496895909309387,0.14891927083333334,0.08944067975809263,0.45904233372862635
RasmusP/so100_Orange2Green,12,0.17916666666666667,8.716232914175427,0.1375,3.608314207150411,0.6927802580598451,0.0,,0.49937342148118563,1.2540380185859732,0.5130264759063721,0.15087239583333334,0.08789246930534256,0.44129120828552315
RasmusP/so100_Orange2Green,14,0.17916666666666667,8.549556602111828,0.13333333333333333,3.581436908718036,0.6769319030020748,2.0,-0.9391909457355752,0.4331202431676467,1.275283492586872,0.4849948287010193,0.14764322916666667,0.08872329771614314,0.5134309229121662
RasmusP/so100_Orange2Green,17,0.17916666666666667,8.561736704487174,0.13333333333333333,3.6108954328690865,0.6778205797114591,0.0,,0.43753570106300693,1.3353523693639218,0.49555325508117676,0.13255208333333332,0.08803626768378395,0.5092749091207334
RasmusP/so100_Orange2Green,19,0.17916666666666667,8.455716046017779,0.13333333333333333,3.611406846926488,0.6760787594426791,0.0,,0.3915336072136289,1.29358824101248,0.48394346237182617,0.1437109375,0.08801281956507646,0.526463062567161
RasmusP/so100_Orange2Green,21,0.17916666666666667,10.677226467029712,0.13333333333333333,3.5688805085260205,0.6408098975438393,2.0,-0.5070290609147747,0.46202553110203104,1.2483723283981896,0.5211302638053894,0.15563802083333333,0.08898415586570413,0.5112817805176368
RasmusP/so100_Orange2Green,23,0.17916666666666667,10.700137579575923,0.1375,3.5492088095035506,0.6471654256000229,0.0,,0.4359066429646782,1.267694092931813,0.4711461067199707,0.1509375,0.10138430485892737,0.5139231065322867
RasmusP/so100_Orange2Green,25,0.17916666666666667,10.512791141216344,0.1375,3.5395957142696295,0.6513961097568267,0.0,,0.3833845204779912,1.282663245461586,0.4319618344306946,0.16567708333333334,0.16702564520775157,0.5302166379880572
RasmusP/so100_Orange2Green,27,0.17916666666666667,8.870409675131404,0.13333333333333333,3.600786916330502,0.6741211997867791,0.0,,0.47408179261233335,1.2669723756553704,0.4935019612312317,0.1691015625,0.12595343976097115,0.4895126616324175
RasmusP/so100_Orange2Green,29,0.17916666666666667,11.297052214178965,0.1375,3.568632087266145,0.630711478138327,0.0,,0.3528840533805187,1.3089435813466204,0.4090415835380554,0.16861979166666666,0.1804187331383984,0.5513728249631449
RasmusP/so100_Orange2Green,31,0.17916666666666667,10.051175008773555,0.1,3.536313074229655,0.6590633148195697,1.0,-0.6740368979845073,0.43661819721341677,1.267957647995896,0.563499242067337,0.180703125,0.13256676079234403,0.5375560040150739
RasmusP/so100_Orange2Green,34,0.17916666666666667,9.26305421717937,0.14166666666666666,3.6119579054707462,0.6608145840222657,1.0,-0.6700955222245284,0.07924421090881356,1.3460395614365452,0.2081426978111267,0.1394921875,0.12602410476146958,0.4485558518788608
RasmusP/so100_Orange2Green,36,0.17916666666666667,10.326269859576666,0.12916666666666668,3.631344255425939,0.6398191103571181,1.0,-0.5070290609147747,0.24769413165719406,1.2789518258175365,0.3251796364784241,0.16981770833333334,0.18523258298423054,0.4879503074854496
RasmusP/so100_Orange2Green,38,0.17916666666666667,9.930699212941935,0.1375,3.563373043491641,0.6407785818103602,1.0,-0.9166542563852857,0.2576003040360643,1.3624837843877646,0.33410030603408813,0.16540364583333333,0.18448052168350834,0.5544164501072465
RasmusP/so100_Orange2Green,40,0.17916666666666667,10.161129206575666,0.1375,3.574834028796328,0.6245285335754415,0.0,,0.37286372738122076,1.3154497316216578,0.40823492407798767,0.16907552083333333,0.16747518459503483,0.5451398453715264
RasmusP/so100_Orange2Green,42,0.17916666666666667,8.691599168785716,0.1375,3.621449761147481,0.6590049317410653,2.0,-0.8069294551023773,0.3868269343390427,1.222942260410614,0.3892718255519867,0.1837890625,0.2255756287637265,0.4619160241987847
RasmusP/so100_Orange2Green,44,0.17916666666666667,9.302112403921507,0.16666666666666666,3.6039825811160955,0.6449568678392178,0.0,,0.3380279964443163,1.2314525118693354,0.3973556160926819,0.1665625,0.1684725155104786,0.537075904788424
RasmusP/so100_Orange2Green,46,0.17916666666666667,8.828908676001268,0.14166666666666666,3.6056087602335456,0.6867262573208618,0.0,,0.3648314524813202,1.2305925918199898,0.3816647529602051,0.1618359375,0.13418846664114933,0.42974899309069714
RasmusP/so100_Orange2Green,49,0.17916666666666667,10.083805179832448,0.13333333333333333,3.6376434324374243,0.6188860436284521,0.0,,0.33318899667477486,1.2753883562143948,0.39514464139938354,0.18358072916666668,0.19399073081832263,0.5250904653629327
VoicAndrei/so100_banana_to_plate_only,0,0.15416666666666667,3.1744040816594654,0.8958333333333334,3.330081954338995,0.7477241160668778,0.0,,0.7032263386267383,1.0484147642837032,0.5333864986896515,0.36721354166666664,0.24355820338567638,0.029658620338189418
VoicAndrei/so100_banana_to_plate_only,5,0.3541666666666667,2.692669923743398,0.8958333333333334,3.428726535590838,0.891262719564592,0.0,,0.5164412704929481,1.2914618632856723,0.36782974004745483,0.3038020833333333,0.23258089344495717,0.031325046699070824
VoicAndrei/so100_banana_to_plate_only,10,0.15833333333333333,2.1362100329847875,0.8958333333333334,3.7726783427322363,0.7602792332973041,0.0,,0.778725543404685,0.9067109752948652,0.5571815669536591,0.3090364583333333,0.20514414820043486,0.04307118623895045
VoicAndrei/so100_banana_to_plate_only,15,0.5416666666666666,2.462094403822612,0.8958333333333334,3.0357127144941196,0.4928253814742946,0.0,,0.5363436447774415,1.2156571358401527,0.37128953635692596,0.35497395833333334,0.21906578930809018,0.03807537039699994
VoicAndrei/so100_banana_to_plate_only,20,0.43333333333333335,2.1392027834908065,0.8958333333333334,3.4606803891187705,0.45657080397530964,0.0,,0.6686843961041191,0.9704098633249212,0.5152015835046768,0.2814583333333333,0.20661357308548756,0.043758646422081354
VoicAndrei/so100_banana_to_plate_only,25,0.36666666666666664,1.7312423483502377,0.8958333333333334,3.106964540607436,0.6133612463109038,0.0,,0.5678658507960216,1.005438347780656,0.4587077498435974,0.300078125,0.21299696404898044,0.16934816615606393
VoicAndrei/so100_banana_to_plate_only,31,0.37083333333333335,2.021694713411249,0.8958333333333334,3.6212729393591476,0.5450404090958394,0.0,,0.3393683027312641,1.4728517281154325,0.2571113258600235,0.254140625,0.18411006512173506,0.07605006632305485
VoicAndrei/so100_banana_to_plate_only,36,0.45,1.9842737680054754,0.8958333333333334,3.78823954224127,0.5459092603800512,0.0,,0.6876179651536377,0.9516396947132972,0.506093218922615,0.30016927083333333,0.21569579431933003,0.04447964963621853
VoicAndrei/so100_banana_to_plate_only,41,0.17916666666666667,2.73731858423652,0.8958333333333334,3.300225719794094,0.6856964483672809,0.0,,0.7448216761947329,0.8447826762889304,0.5560025051236153,0.2988671875,0.21016149610437337,0.04289840852980753
VoicAndrei/so100_banana_to_plate_only,46,0.2708333333333333,3.0593368790124122,0.8958333333333334,3.1697521833721494,0.4715454830954262,0.0,,0.7450880659065825,0.8795668025991018,0.5089192129671574,0.34686197916666667,0.20129357011246446,0.04533798725336251
VoicAndrei/so100_banana_to_plate_only,51,0.4666666666666667,1.9700999764141163,0.8958333333333334,3.302051618809323,0.5285092289712509,0.0,,0.8698795625443179,0.8278193329385708,0.6346845328807831,0.43321614583333334,0.26883062121145623,0.02568006214685817
VoicAndrei/so100_banana_to_plate_only,56,0.875,1.7852861031405813,0.8958333333333334,3.8838291520299144,0.7082590795601323,0.0,,0.6776772917505465,0.7943739912277216,0.4786403477191925,0.3765625,0.2610317308749573,0.0340402313960791
VoicAndrei/so100_banana_to_plate_only,62,0.20833333333333334,1.8722624611980172,0.8958333333333334,3.478739777641281,0.47854831198239617,0.0,,0.7196635675335029,0.8470012668617377,0.5291362479329109,0.351875,0.22375508148962892,0.035974403870351106
VoicAndrei/so100_banana_to_plate_only,67,0.575,2.3145441559491426,0.8958333333333334,3.3475966556727625,0.43575800108151697,0.0,,0.6161938569841617,0.8099948418053046,0.4208970442414284,0.3094401041666667,0.20315149999955984,0.07053888415703288
VoicAndrei/so100_banana_to_plate_only,72,0.375,2.338946650431739,0.8958333333333334,3.5576578410342328,0.47585399803372286,0.0,,0.5715137874613236,0.9402447346048782,0.3837445378303528,0.3404296875,0.2375011902561431,0.03493472160856591
VoicAndrei/so100_banana_to_plate_only,77,0.15,2.0907586399138904,0.8958333333333334,3.5040735094932214,0.6317948595078792,0.0,,0.6442657229704223,1.0951552470515964,0.46384172514081,0.32484375,0.22687876976579902,0.03148860906427553
VoicAndrei/so100_banana_to_plate_only,82,0.49583333333333335,1.7661496256990508,0.8958333333333334,3.527512029268149,0.4994469392922734,0.0,,0.5576486961463201,0.8452608092281763,0.4097374305129051,0.3229166666666667,0.2351275475772709,0.0372122186791429
VoicAndrei/so100_banana_to_plate_only,87,0.875,1.6696731789004313,0.8958333333333334,3.7087430768026897,0.6257805847325364,0.0,,0.746316308508382,0.80085326209719,0.5533190965652466,0.3484114583333333,0.2523088547248686,0.03501282870296715
VoicAndrei/so100_banana_to_plate_only,93,0.14583333333333334,1.8137178956709665,0.8958333333333334,3.4968743904287183,0.6140791889735163,0.0,,0.7271224356604311,0.9102151452327383,0.5261243842542171,0.3380859375,0.24367337105711181,0.03822652534391873
VoicAndrei/so100_banana_to_plate_only,98,0.875,1.6911871338592341,0.8958333333333334,3.571034654737156,0.5994444189495217,0.0,,0.6854756999345659,0.7849993423634033,0.4892251044511795,0.34375,0.258739539748954,0.03849991784315622
VoicAndrei/so100_banana_to_plate_only,103,0.13333333333333333,1.8585331725305,0.8958333333333334,3.593266310543183,0.6329855546109484,0.0,,0.690057667386103,1.1367805677516432,0.4898756891489029,0.342421875,0.23537338856129503,0.030610702427691122
VoicAndrei/so100_banana_to_plate_only,108,0.875,1.695782002826576,0.8958333333333334,3.7226070515617575,0.5924185255363079,0.0,,0.7875823704744525,0.8455380738020501,0.5684752613306046,0.3498177083333333,0.25630550754449405,0.03332573813524431
VoicAndrei/so100_banana_to_plate_only,113,0.12916666666666668,1.7871510644767101,0.8958333333333334,3.6801515955681467,0.6601352960746358,0.0,,0.7371098671228022,0.8313725077570868,0.5580710247159004,0.37322916666666667,0.2604171897278758,0.041512091295044636
VoicAndrei/so100_banana_to_plate_only,119,0.16666666666666666,2.041505834093944,0.8958333333333334,3.618691864808865,0.5768377338369037,0.0,,0.640599645767047,0.7691119432975132,0.457779236137867,0.29889322916666666,0.2105099207199095,0.03507075042322591
ZGGZZG/so100_drop0,0,0.6416666666666667,6.261782080804366,0.1,3.0184843383202864,0.08410639264794696,0.0,,-0.433534793402206,1.8308827872111824,-0.25991273671388626,0.0,,0.03696167253844429
ZGGZZG/so100_drop0,1,0.65,14.491333300628368,0.5625,3.11707911922533,0.08515038111824148,0.0,,-0.38405894810926233,1.1207796890456834,0.07302606105804443,0.0,,0.3980138753563732
ZGGZZG/so100_drop0,2,0.6416666666666667,3.341421686522106,0.8958333333333334,2.5393080485222512,0.14257110569914722,0.0,,-0.2625793865197292,1.5746162375368489,-0.17834097146987915,0.014830729166666667,0.80197339661525,0.022972229588241435
ZGGZZG/so100_drop0,4,0.6458333333333334,4.879731329323002,0.8958333333333334,4.409394514591354,0.05870236664498381,0.0,,-0.170462311086895,1.9894015511640333,-0.07833364605903625,0.0,,0.07097441106401811
ZGGZZG/so100_drop0,5,0.6416666666666667,5.661887371956813,0.44583333333333336,2.832212627190725,0.11842446551103658,0.0,,-0.41021600692366533,1.2070635076335197,-0.20280280709266663,0.0,,0.061651544023951343
ZGGZZG/so100_drop0,6,0.8166666666666667,7.42172607165925,0.6208333333333333,3.3325263967961334,0.07132133032890313,0.0,,0.12211828527039369,1.650702654266897,0.3112444281578064,0.0,,0.07983635341188845
ZGGZZG/so100_drop0,8,0.5333333333333333,5.49392102456793,0.49166666666666664,3.082405883742077,0.09422977477448288,0.0,,-0.5674112654846025,1.308834333320514,-0.3961270358413458,0.0,,0.0024431764913740435
ZGGZZG/so100_drop0,9,0.6458333333333334,3.7391980036198724,0.37083333333333335,2.988255322579897,0.10641647630837943,0.0,,-0.8416478776639025,1.1542855848977476,-0.5328966677188873,0.0,,0.014464290803620739
ZGGZZG/so100_drop0,11,0.6416666666666667,6.171109824198721,0.8958333333333334,3.040305784520407,0.3747278521241927,0.0,,-1.0144401840551247,0.32255887976176606,-0.7354309186339378,0.010299479166666667,0.9178414061962772,0.001726196813009012
ZGGZZG/so100_drop0,12,0.5416666666666666,5.907533389030316,0.4166666666666667,2.8493254869159337,0.13783410491136017,0.0,,-0.7408896236069966,1.2252187734978974,-0.5030530020594597,0.0,,0.24953043767895763
ZGGZZG/so100_drop0,13,0.8166666666666667,9.648114354200455,0.6958333333333333,3.6132325238355576,0.06065075891589797,0.0,,-0.042382542677521576,1.4287355170096931,-0.15100014209747314,0.0,,0.3922253938139815
ZGGZZG/so100_drop0,15,0.6458333333333334,4.511159473439173,0.6291666666666667,3.416932287517574,0.08324632100314003,0.0,,-0.07482498796274252,3.304375022983319,-0.052459634840488434,0.0,,0.013809065583025734
ZGGZZG/so100_drop0,16,0.4666666666666667,3.59302363087025,0.2833333333333333,2.6174992980455736,0.11742334604134078,0.0,,-0.5201530359914496,1.5709733132085517,-0.2919815927743912,0.0,,0.5251759628645737
ZGGZZG/so100_drop0,18,0.6458333333333334,3.241345659072598,0.17083333333333334,2.398518986229386,0.7612592526386012,0.0,,-0.32818597893058665,1.6286844269300025,-0.20128709077835083,0.0,,0.05737907522719438
ZGGZZG/so100_drop0,19,0.6416666666666667,5.736866930942507,0.6291666666666667,3.4013067336675613,0.04210626710769685,0.0,,-0.4274009840370844,1.9613874964377296,-0.12789247930049896,0.0,,0.05493658096133178
ZGGZZG/so100_drop0,20,0.6458333333333334,15.256502832066191,0.8958333333333334,2.8980597704632074,0.10350421376884307,0.0,,0.2524122617372842,1.3866513275690546,0.46874697506427765,0.0,,0.07574746067454416
ZGGZZG/so100_drop0,22,0.6416666666666667,3.2609547945107815,0.275,2.5109029317909775,0.1624316885718936,0.0,,-0.4109991691999441,1.1704688862434054,-0.1488514542579651,0.0,,0.07892199827683322
ZGGZZG/so100_drop0,23,0.6416666666666667,7.504420418984939,0.6,2.823513686517836,0.07325078792712283,0.0,,0.20538328925466776,2.0356494566167234,0.4875079095363617,0.0,,0.08211439815044377
ZGGZZG/so100_drop0,25,0.6416666666666667,6.90156061740164,0.6291666666666667,3.257760783415412,0.04509425195274257,0.0,,-0.5059432071909306,1.382546638100653,-0.3822658024728298,0.0,,0.13036153865888647
ZGGZZG/so100_drop0,26,0.8958333333333334,18.660948264675156,0.8875,4.049485388517924,0.04908920991786523,0.0,,-0.05361154742148108,1.851633217178873,0.24348759651184082,0.0,,0.323236417592171
ZGGZZG/so100_drop0,27,0.6416666666666667,7.856559959370245,0.625,3.224194856215455,0.05725846193903996,0.0,,-0.7444650621128719,0.6494071665881824,-0.33342427015304565,0.0,,0.06218518644157807
ZGGZZG/so100_drop0,29,0.8125,6.39716438609354,0.7958333333333333,3.5765735557849667,0.04580073763350312,0.0,,-0.4856124497223288,0.8292145303793808,-0.24639979004859924,0.0,,0.03873840069572404
ZGGZZG/so100_drop0,30,0.7958333333333333,6.337172721516673,0.7458333333333333,3.615997784822976,0.035543225423610894,0.0,,-0.17982419163249797,1.2163001925976127,0.39133840799331665,0.0,,0.11181211909463767
ZGGZZG/so100_drop0,32,0.6458333333333334,8.78216588801309,0.6291666666666667,3.2848684238370565,0.05514417185440997,0.0,,-0.49072785466139424,1.2538841480284089,-0.09190434217453003,0.0,,0.08561241691180754
ad330/cubePlace,0,0.6833333333333333,2.353534230571866,0.8958333333333334,3.6572352780747908,1.0024098347180581,3.0,7.083285999752562,0.057473837304634234,3.853499848920255,0.04845884256064892,0.0006510416666666666,0.01882845188284519,0.2373069699425242
ad330/cubePlace,2,0.6833333333333333,2.341510535333298,0.8958333333333334,3.4247294261781223,0.980746012208344,3.0,-0.7298430640241094,0.013307492231385738,4.26510254345802,0.01928834244608879,0.0035546875,0.034162490229435835,0.4799335587149576
ad330/cubePlace,4,0.6833333333333333,2.738279410535438,0.8958333333333334,3.5101516730791196,1.1350221969909735,2.0,6.809050179613408,0.1259867807154627,4.805678574776447,0.06526829674839973,0.00921875,0.041651892300782443,0.5768789061584746
ad330/cubePlace,6,0.32083333333333336,2.589504952791922,0.8458333333333333,3.3956641986821983,1.1053830400040001,4.0,-2.9834000322281042,0.14766628973094084,3.850720975741812,0.10740945115685463,0.0,,0.1377516290523138
ad330/cubePlace,8,0.6875,2.788599578272073,0.8333333333333334,3.4649470502336444,1.154616592133736,3.0,1.9414863909143776,0.12754140767031724,3.899383515400863,0.08721021562814713,0.0,,0.14812744646783604
ad330/cubePlace,10,0.6833333333333333,2.8390795203428896,0.8958333333333334,3.5848777465161286,1.1958948808993677,0.0,,0.14620917185577456,3.9740718519217686,0.10205209255218506,0.0,,0.1263851953364592
ad330/cubePlace,12,0.6291666666666667,2.841104796054049,0.6916666666666667,3.695818552257858,1.5488585551173069,2.0,-18.165956529225525,0.015481434327364457,5.11001675782035,0.02831210196018219,0.0008463541666666667,0.012681042806565818,0.1699943067875591
ad330/cubePlace,14,0.6875,2.4919766734245665,0.7416666666666667,3.711190563135855,1.2600364176286243,2.0,-10.007979801441337,0.06393726278620147,3.3028983822955813,0.0872197225689888,0.0029817708333333332,0.02236392538049734,0.8878969935144799
ad330/cubePlace,17,0.6416666666666667,2.65069945368708,0.6916666666666667,3.6416852572496343,1.4950253245598992,1.0,1.909152432996379,-0.04883173149494764,4.8072673357452205,-0.01363556832075119,0.0,,0.33633766095766876
ad330/cubePlace,19,0.5708333333333333,2.6994949113002753,0.6958333333333333,3.608568244333227,1.4967516139937238,1.0,19.767168676791655,0.08470964932279422,3.9585916082192485,0.05000539496541023,0.0,,0.33196172078752345
ad330/cubePlace,21,0.31666666666666665,2.7395947614870986,0.6958333333333333,3.7102804711687094,1.4937973685626467,4.0,-14.788677614165167,-0.12744845548020878,5.5835840005918795,-0.003016658127307892,0.0,,0.33400360820353064
ad330/cubePlace,23,0.3125,2.186320852271543,0.6916666666666667,3.631985716157042,1.2903708855189697,1.0,4.021990177020115,-0.01390745401518193,5.858999849322077,0.010087653994560242,0.0,,0.18923050058081417
ad330/cubePlace,25,0.5208333333333334,1.9179868282091421,0.6958333333333333,3.8063017310308456,1.4586284181678286,0.0,,-0.027672013088888864,5.088189595302463,0.006579123437404633,0.0,,1.4749498433709338
ad330/cubePlace,27,0.6291666666666667,2.244246264554632,0.6916666666666667,3.6875104567341017,1.6301298925931538,1.0,-2.121096396661457,0.002271394502272104,4.615218612750022,0.024143856018781662,0.053424479166666664,0.11716195007836902,0.6524874223748858
ad330/cubePlace,29,0.5625,2.4463837267976465,0.6916666666666667,3.6845801382652343,1.753590835982704,1.0,18.924644416051237,-0.058278953126339135,4.8149513546788825,0.001184314489364624,0.0,,1.2762142398283143
ad330/cubePlace,31,0.32083333333333336,2.7053645410516647,0.6958333333333333,3.6561325283043105,1.6608823253457898,1.0,4.236394799058843,-0.025460439819453604,3.430223863015772,0.0287235826253891,0.0012369791666666666,0.02818762387139397,1.1422805796111413
ad330/cubePlace,34,0.6833333333333333,2.7645044016799134,0.85,3.464607141923525,1.265763604599655,1.0,-9.223922282105349,0.14242153792471957,3.9320570298277224,0.09816580265760422,0.0,,0.14123900557625602
ad330/cubePlace,36,0.32083333333333336,2.8330492865574763,0.6958333333333333,3.5037116239995862,1.5255761582989984,2.0,13.0456370629486,-0.12006889371994775,4.758740524614234,-0.0027828961610794067,0.0,,0.5101540080199282
ad330/cubePlace,38,0.32083333333333336,2.625198202281061,0.6958333333333333,3.5444836786407783,1.470977047702005,1.0,6.736011214119358,-0.09895855025424312,3.5154448844345225,0.001832418143749237,0.0,,0.512390691264509
ad330/cubePlace,40,0.5041666666666667,2.7201024114323924,0.6916666666666667,3.474596191931247,1.409793253744438,1.0,-17.818888914522773,-0.06197745529407498,5.530315866837749,0.01564594730734825,0.0,,0.3384599837542598
ad330/cubePlace,42,0.32083333333333336,2.6208902280566364,0.6958333333333333,3.5799799305875264,1.4653536218360368,6.0,-4.08561677997487,-0.11213358800298244,3.481729902124493,-0.0320533886551857,6.510416666666667e-05,0.9481171548117153,0.4259340334624646
ad330/cubePlace,44,0.32083333333333336,2.893377831594989,0.6958333333333333,3.5146734741361696,1.4436622195639892,2.0,-11.88865803962797,-0.09937985872609137,5.9158604595692275,0.006200097501277924,0.0,,0.40602654143861133
ad330/cubePlace,46,0.6833333333333333,3.104557647349971,0.8958333333333334,3.534111230642564,1.2404945726989196,2.0,-14.142346642032692,0.17245517952131104,3.4907450582858184,0.11704599857330322,0.0,,0.17507916944843438
ad330/cubePlace,49,0.6291666666666667,2.744006907906043,0.6958333333333333,3.6709547517255663,1.6812530163963184,0.0,,-0.1369827050255702,5.7164635900607825,-0.012236028909683228,0.0,,0.907729389974983
aimihat/so100_tape,0,0.14166666666666666,3.2266326509891474,0.8416666666666667,3.0125324286749544,2.3904185522579757,3.0,17.79120310874663,1.138881698837215,1.9432127196109925,0.7852341085672379,0.42190104166666664,0.27541031998902904,0.14721465402051848
aimihat/so100_tape,1,0.6625,2.5054895671203132,0.8291666666666667,3.0536991448181947,2.0956239400406935,0.0,,1.176139342086861,1.9623858044034928,0.7747275829315186,0.4004296875,0.25893558433663716,0.14349450136947403
aimihat/so100_tape,2,0.14583333333333334,3.790992291908831,0.8291666666666667,3.0360543009653647,2.902942251861264,3.0,0.0,1.0770426231034957,1.8431833035783147,0.7308614701032639,0.40600260416666667,0.2578494655110618,0.11020646229665364
aimihat/so100_tape,3,0.14583333333333334,3.4429067354255656,0.8291666666666667,3.09774548490062,2.1531609348373952,0.0,,1.207214889718744,1.9004438402029953,0.7879096269607544,0.4135286458333333,0.26454228175823646,0.13854826198855422
aimihat/so100_tape,5,0.14583333333333334,3.762859597818115,0.8208333333333333,2.950932458149152,2.559812067862928,2.0,-1.210294168921223,1.205049669500982,2.057053807735681,0.778420701622963,0.439453125,0.25255155741515567,0.13315491453408515
aimihat/so100_tape,6,0.14583333333333334,3.776437236673738,0.48333333333333334,2.9657177135293735,2.733586472489434,1.0,0.0,1.1874403376445657,1.9020219277895525,0.8012810945510864,0.41283854166666667,0.2609316980511588,0.1401056050595189
aimihat/so100_tape,7,0.14583333333333334,4.515293026826547,0.8166666666666667,3.092312507894838,2.4512657094969073,3.0,-2.17474411461005,1.179790493898279,2.115763520048926,0.8000848069787025,0.41725260416666665,0.2596599577868726,0.13241060501190793
aimihat/so100_tape,8,0.14583333333333334,3.026975129353135,0.825,3.1664167230378553,2.1779108176806217,0.0,,1.2059192087772528,1.983887053345534,0.8019981235265732,0.40875,0.264844946237935,0.15083481745256253
aimihat/so100_tape,10,0.14583333333333334,3.360232783452775,0.8291666666666667,3.042957948558322,2.130795093709873,0.0,,1.2337665530279334,1.9486860836465298,0.8027496635913849,0.41986979166666666,0.26281200717185377,0.15374525390085683
aimihat/so100_tape,11,0.14583333333333334,3.926220801111378,0.48333333333333334,2.884706293783461,2.405871799171788,7.0,-5.946863053973502,1.2388081612671267,2.0846574757031484,0.7836598008871078,0.45315104166666664,0.2582952838520558,0.16048057576518945
aimihat/so100_tape,12,0.12916666666666668,2.744376180592561,0.8291666666666667,3.1299878051458387,2.0046623619352846,2.0,-2.057645946948284,1.192881205254187,1.998595354343499,0.7870835438370705,0.4214583333333333,0.26925503157206765,0.14577129100900607
aimihat/so100_tape,13,0.14583333333333334,2.8353559967156756,0.8291666666666667,2.9906306095925563,2.1981996615024992,4.0,2.9609361341637452,1.1943360160901104,1.9865906708095755,0.7900354340672493,0.4302734375,0.27221558531506734,0.14693091251661988
aimihat/so100_tape,15,0.125,3.3387528846534886,0.8083333333333333,3.2565889047351946,2.1531449740694204,1.0,-1.8476102659945894,1.222180186985421,2.0189026201054903,0.8055519461631775,0.42139322916666666,0.26620642380878934,0.1322425235715937
aimihat/so100_tape,16,0.12916666666666668,3.476727341043348,0.8458333333333333,3.1256326605006306,2.051584024936525,3.0,-1.1873073157288303,1.2202077977913106,1.9999143692437351,0.8218973875045776,0.45013020833333334,0.2763876096404966,0.14295941291969702
aimihat/so100_tape,17,0.14583333333333334,2.773321354362164,0.8458333333333333,3.1488030320998184,1.908347777517343,0.0,,1.1984809477115468,1.990591120637618,0.8205161094665527,0.45026041666666666,0.2760100282892619,0.1416491987681337
aimihat/so100_tape,18,0.12916666666666668,3.4699004152251174,0.8458333333333333,2.9538100510629293,2.299552835465261,4.0,0.0,1.210128779681192,2.1788052916071674,0.7901003658771515,0.4963020833333333,0.25766938712962106,0.14027144113195078
aimihat/so100_tape,20,0.14583333333333334,3.4361556108486413,0.48333333333333334,2.8137741514829853,2.047443769145928,5.0,13.041890526661973,1.2219032851592075,2.0022492681138737,0.8143731132149696,0.4826953125,0.25434366643946493,0.15988986683108872
aimihat/so100_tape,21,0.12916666666666668,2.922460031658692,0.8208333333333333,3.06514181322269,1.9347889934929314,1.0,0.0,1.274791654483072,1.956519323079627,0.8312948793172836,0.4257421875,0.26554993401439336,0.18501060603310304
aimihat/so100_tape,22,0.12916666666666668,2.9217588084908073,0.8,3.174123185727831,1.9172079342311568,4.0,15.90138993452743,1.2223357017729315,1.9881437109140034,0.7961484342813492,0.4244140625,0.26418277824524516,0.15156769760880487
aimihat/so100_tape,23,0.12916666666666668,3.0563643779022684,0.8,3.2440526090847692,2.207371560113536,2.0,0.0,1.2575147526594823,2.062925051720781,0.8343348503112793,0.43537760416666665,0.27087748733238787,0.1362990513920734
aimihat/so100_tape,25,0.1375,3.095815412101698,0.8083333333333333,3.1710914257729947,2.293658955148432,4.0,-1.1344216309770019,1.156602128541898,1.6684507951123102,0.787748709321022,0.40475260416666664,0.23941467012773043,0.19404818323068962
aimihat/so100_tape,26,0.14583333333333334,3.2996370839920446,0.1625,2.8796000357582034,1.9775069671830137,3.0,-15.09552084421108,1.208865353705585,1.7018392893058132,0.8003312796354294,0.4294140625,0.252208803852737,0.19336530259075904
aimihat/so100_tape,27,0.14583333333333334,3.2099472894623715,0.8458333333333333,3.0915707254090545,2.227481721709331,1.0,3.0355691250555594,1.0981234850485475,1.7358533426345149,0.8133987188339233,0.40067708333333335,0.24144184763957016,0.14205005007282537
aimihat/so100_tape,29,0.14583333333333334,3.226856597741454,0.8458333333333333,3.168789681508343,2.0788571285210877,3.0,2.990344975165371,1.1993658176287676,1.6744745031517088,0.8035588264465332,0.434921875,0.25546399521588037,0.20967311703315997
aractingi/push_cube_offline_data,0,0.3125,2.1763135879501414,0.10416666666666667,3.410752319533921,1.018447634621911,0.0,,1.2735236623305621,1.5762179527443843,0.8088317662477493,0.48115885416666665,0.2747206759417453,0.24097671555782488
aractingi/push_cube_offline_data,1,0.32916666666666666,2.6791118274429007,0.10416666666666667,3.3260208453422813,1.1249991100477028,0.0,,1.2763601473744435,1.567016536522082,0.8040494173765182,0.48270833333333335,0.2734944822965782,0.21375105585104698
aractingi/push_cube_offline_data,2,0.3125,2.345750875202013,0.1,3.684716001213173,0.8161385361537454,0.0,,1.2338010038900158,1.5831961008089133,0.7718771398067474,0.4942317708333333,0.2800057938276995,0.26177164537779907
aractingi/push_cube_offline_data,3,0.6291666666666667,3.080213960308621,0.1375,3.691648576351357,0.873955555615353,0.0,,1.257282966980686,1.5222743373623078,0.7837379276752472,0.49291666666666667,0.2728937360515249,0.2428422721912938
aractingi/push_cube_offline_data,5,0.30833333333333335,2.0433804796386146,0.10833333333333334,3.6069474095183667,0.84662405614872,0.0,,1.2462303350658976,1.4977927803387028,0.7732508927583694,0.49526041666666665,0.27718697239479356,0.2709559732191498
aractingi/push_cube_offline_data,6,0.21666666666666667,2.0855068933229113,0.1,3.5318815308443394,0.9306542642557393,0.0,,1.2817878861352918,1.5662954357434407,0.8014756739139557,0.5021484375,0.27768138018354055,0.252556569133691
aractingi/push_cube_offline_data,7,0.6166666666666667,2.5223172998695955,0.12083333333333333,3.7200378824334717,0.8023288853081203,0.0,,1.2832119227724639,1.566809082978851,0.8079724162817001,0.4898046875,0.2754564475711651,0.23596631466712056
aractingi/push_cube_offline_data,8,0.6208333333333333,2.538827293651086,0.14166666666666666,3.694006170790764,0.8515938831110277,0.0,,1.2941995852935362,1.4792063417263352,0.7983065843582153,0.49140625,0.2724824997283772,0.23132298396719897
aractingi/push_cube_offline_data,10,0.6166666666666667,2.0731550333889297,0.1,3.576836234514222,0.8226856255560906,0.0,,1.2707364670295698,1.5183926063810902,0.7899729907512665,0.49352864583333333,0.27643156937600133,0.254599593969768
aractingi/push_cube_offline_data,11,0.6291666666666667,2.79477651965708,0.125,3.388586567262004,1.0803189671972089,0.0,,1.2812982056575635,1.5398219510073978,0.8022638410329819,0.499453125,0.27554239611360143,0.2344272029476596
aractingi/push_cube_offline_data,12,0.31666666666666665,2.3428770049750813,0.12083333333333333,3.4450111146792755,0.976652370405486,1.0,-3.990913098429786,1.2570298111392328,1.495277743913034,0.7788363993167877,0.4835286458333333,0.27307117026928207,0.24564454557285914
aractingi/push_cube_offline_data,13,0.31666666666666665,2.503669229437688,0.1,3.37324314889445,0.944065577666607,1.0,-3.9115718125286634,1.2890658842296414,1.5906860046989764,0.8075548708438873,0.4894791666666667,0.27777487153413755,0.253694347260827
aractingi/push_cube_offline_data,15,0.6166666666666667,2.74671077495362,0.13333333333333333,3.183919114925655,0.9236607390220972,0.0,,1.2562762091416113,1.5339411301284864,0.7942991852760315,0.500703125,0.275473842245465,0.24979188758191032
aractingi/push_cube_offline_data,16,0.3125,2.1475144798995425,0.10833333333333334,3.298777205369099,0.9584119242626619,0.0,,1.2775398624849112,1.5608980752374453,0.8132871836423874,0.48333333333333334,0.27469070119751837,0.23102571156417412
aractingi/push_cube_offline_data,17,0.21666666666666667,2.1521151095270015,0.1,3.49463117246072,1.1500966199725822,1.0,-4.253836436119187,1.2963137724870388,1.454220536880664,0.8112698048353195,0.4744921875,0.2749761493301662,0.2437939698545081
aractingi/push_cube_offline_data,18,0.32083333333333336,2.2071796034581754,0.11666666666666667,2.623659190270837,0.9972927368260398,0.0,,1.2917747306719798,1.6073682667726192,0.8179800659418106,0.49149739583333335,0.2764371642823897,0.23612794111922658
aractingi/push_cube_offline_data,20,0.3125,2.6832174787139995,0.10833333333333334,3.2628482252072484,0.9320548056899469,0.0,,1.2801366456696814,1.5236376726746277,0.7958119809627533,0.4918489583333333,0.2792885367788563,0.2657653252068097
aractingi/push_cube_offline_data,21,0.30833333333333335,2.1469876164867947,0.10416666666666667,3.2966035595707983,0.9190471141846108,0.0,,1.2210095687207414,1.5605114269143274,0.7577972561120987,0.48053385416666666,0.2768503774533618,0.21621834112017607
aractingi/push_cube_offline_data,22,0.3333333333333333,2.6931361548212602,0.125,3.322261253976246,1.0484209085351608,0.0,,1.2829381593610711,1.4914254844281996,0.800049901008606,0.4871484375,0.2729123197617636,0.25413995464601036
aractingi/push_cube_offline_data,23,0.30833333333333335,2.2403943564570925,0.10416666666666667,3.3054649586000244,0.9366972477647927,0.0,,1.292013054039909,1.612003850639443,0.8174573183059692,0.48602864583333333,0.2757095411321832,0.22693715680140703
aractingi/push_cube_offline_data,25,0.31666666666666665,2.471998107604496,0.1,3.498462497407756,0.8274921354165752,0.0,,1.2682601875945165,1.5870982768990947,0.8035337179899216,0.49606770833333336,0.2775932845287127,0.2003918563394663
aractingi/push_cube_offline_data,26,0.3125,2.301035682722215,0.1,3.305784286968533,0.9075337654972209,0.0,,1.2594880706748819,1.6476496480133787,0.793026901781559,0.490703125,0.27902795995183277,0.23153902401184828
aractingi/push_cube_offline_data,27,0.21666666666666667,2.1403071393486526,0.1375,3.313678331086835,0.9581735966750092,0.0,,1.2752716746288593,1.602942923383311,0.7963712364435196,0.5008072916666667,0.27579848958130493,0.21284576602705343
aractingi/push_cube_offline_data,29,0.30833333333333335,2.9825333012026882,0.1,3.1914802006575624,0.9396361641319909,0.0,,1.2720517975604992,1.5908145839446806,0.792741447687149,0.504140625,0.28066465361272286,0.21407650252867083
bensprenger/chess_game_001_blue_stereo,0,0.4583333333333333,3.1489394124847614,0.1,3.365238454891065,1.106350033372735,2.0,0.0,1.0076354697984526,2.045565521453749,0.635907918214798,0.265546875,0.26671803955794693,0.04227646928872847
bensprenger/chess_game_001_blue_stereo,13,0.7708333333333334,2.4858586945547376,0.1,4.005079625897968,0.9932719420719561,0.0,,0.4282785267534039,2.8255246171560793,0.1858249306678772,0.2535807291666667,0.2816940504133075,0.14029486611288097
bensprenger/chess_game_001_blue_stereo,26,0.44166666666666665,2.6262421494663637,0.1,3.8119087011129076,1.0500583884173165,3.0,0.0,0.917314875326405,2.071576992327675,0.40080225467681885,0.3241276041666667,0.29981458718629544,0.021455745977194008
bensprenger/chess_game_001_blue_stereo,39,0.4375,2.457035701991841,0.1,4.01105795509813,0.9127785466542327,2.0,2.1437608652234132,0.7080589506193774,2.803308538423614,0.37500736117362976,0.30778645833333335,0.28964744024319394,0.018062406647160415
bensprenger/chess_game_001_blue_stereo,53,0.44166666666666665,3.0790215643674754,0.1,3.8624123058969437,0.9314739446652828,2.0,0.0,1.0524096558846818,1.9875059999987943,0.6263961941003799,0.3280338541666667,0.2927853871874817,0.026479107208639302
bensprenger/chess_game_001_blue_stereo,66,0.7166666666666667,2.3558833375094035,0.1,3.8900753955780507,0.9693805131804445,2.0,-16.00740429609985,0.5442705682837008,1.9962454735095012,0.19985926151275635,0.26153645833333333,0.31126969928887377,0.022207298236453146
bensprenger/chess_game_001_blue_stereo,79,0.44166666666666665,4.583490553634332,0.1,3.867393612519036,1.0295463413872845,3.0,5.042451069170909,0.18532204011639783,2.0833651749064854,-0.13806527853012085,0.2184765625,0.2841116149121448,0.032103224530048775
bensprenger/chess_game_001_blue_stereo,93,0.44166666666666665,2.90622802177839,0.1,3.76217501596893,0.9162119186913834,6.0,0.9240453527727084,0.5631628387703491,1.9207574897922959,0.21940195560455322,0.23880208333333333,0.3103621505454844,0.04015350516605837
bensprenger/chess_game_001_blue_stereo,106,0.44583333333333336,3.752159921276883,0.1,3.8456701564495592,0.8771299680121726,2.0,0.0,0.7713204287008262,2.2766914444708877,0.19092720746994019,0.3097265625,0.29564107394549216,0.020905235288455983
bensprenger/chess_game_001_blue_stereo,119,0.44166666666666665,3.039796003621975,0.1,3.7792695987579665,0.8898434863167365,2.0,1.948085006514944,0.6609503016555119,2.577517628802975,0.13822755217552185,0.3043489583333333,0.2943990980931142,0.019453831469431134
bensprenger/chess_game_001_blue_stereo,133,0.44583333333333336,3.419831953003966,0.1,3.966786470724207,0.8018992235754974,0.0,,1.081981300986498,1.8981929036065885,0.6428050100803375,0.3441015625,0.2954465391598202,0.024133702982881502
bensprenger/chess_game_001_blue_stereo,146,0.44583333333333336,2.602388599989471,0.1,3.8713362474349102,0.9569502590807831,2.0,0.0,0.7355980439471733,2.7088901068681444,0.35893088579177856,0.31296875,0.29494321975892507,0.024943526598064533
bensprenger/chess_game_001_blue_stereo,159,0.44583333333333336,3.9849071528317923,0.1,3.8396153400455186,0.9645107914513638,2.0,-15.051219992590973,0.40025780460894306,1.7685471640851733,0.08110177516937256,0.18399739583333333,0.28942806240116015,0.13477186052587603
bensprenger/chess_game_001_blue_stereo,172,0.4083333333333333,2.2784141473320476,0.1,3.503835759391119,1.063322562924786,0.0,,0.958139838569289,2.33146994006666,0.5663972795009613,0.349375,0.2930350134604781,0.021171861531117806
bensprenger/chess_game_001_blue_stereo,186,0.7166666666666667,2.5387840588844783,0.1,4.178818015633831,0.9035459115242928,0.0,,-0.1272158385792921,2.5038062832572185,-0.39968034625053406,0.21904947916666667,0.2956370499940682,0.050023026848674
bensprenger/chess_game_001_blue_stereo,199,0.45,3.090557303107853,0.1,3.6736541017293716,1.1253056440422144,0.0,,0.9951958407863581,2.28368164338763,0.5862779021263123,0.33282552083333333,0.2909625166084773,0.02087807235908644
bensprenger/chess_game_001_blue_stereo,212,0.7208333333333333,2.3791515223369917,0.1,3.854123563677722,0.9722647480160563,3.0,4.106497165170424,0.8335994668690521,2.1150249417074565,0.35584408044815063,0.28651041666666666,0.286090052854597,0.06530853230960029
bensprenger/chess_game_001_blue_stereo,226,0.7208333333333333,2.290944102574954,0.1,4.008394375141477,0.9090287194112593,1.0,1.1534504511053711,0.6162212546429332,1.7728693677160963,0.2106354832649231,0.26436197916666665,0.2856186927050994,0.022929831690731546
bensprenger/chess_game_001_blue_stereo,239,0.6791666666666667,2.5369189668736585,0.1,3.776928381916756,0.8856459657085216,1.0,0.8303154862580158,1.144447718744705,1.7767743561110796,0.6525217592716217,0.3436458333333333,0.29677054413598136,0.024063182398660357
bensprenger/chess_game_001_blue_stereo,252,0.39166666666666666,2.7636246520169183,0.1,3.9419031246443033,0.9564704725593313,1.0,-3.0664855011258965,0.3115331581623808,2.1231632456986067,-0.06297576427459717,0.24481770833333333,0.2875893644359921,0.03152512442005589
bensprenger/chess_game_001_blue_stereo,266,0.4,2.606611985183786,0.1,4.430223797534808,0.8118961967066998,3.0,-10.097504384075279,0.6056231184905969,1.852677403014227,0.12448346614837646,0.3216276041666667,0.3190440513732525,0.024473660760979562
bensprenger/chess_game_001_blue_stereo,279,0.3958333333333333,2.5299956864187574,0.1,4.33225138628641,0.7697539552288184,0.0,,-0.5704072820221482,2.3403775172404613,-0.32268115878105164,0.15901041666666665,0.30741283352543003,0.03809937323933377
bensprenger/chess_game_001_blue_stereo,292,0.775,2.333325993703991,0.1,4.010258767889334,0.8622180067862186,1.0,17.130301526843596,0.7100696055274046,1.8391108239507343,0.3353186845779419,0.23095052083333334,0.296181091319637,0.03540600811719736
bensprenger/chess_game_001_blue_stereo,307,0.7708333333333334,2.2745288970368107,0.1,4.334233800883201,0.5806481499105625,2.0,0.8615257345672518,0.9483990206363366,2.2418104349929386,0.5452796816825867,0.31028645833333335,0.30045282396051526,0.033748641136163264
bensprenger/left_arm_yellow_brick_in_box_v0,0,0.3375,2.1071643095244603,0.8291666666666667,3.3428763449157706,0.23932801185099978,3.0,4.8365834457353,0.49191849044054303,1.8570155027407669,0.38988544046878815,0.0173828125,0.29701471487001074,0.18376361983798956
bensprenger/left_arm_yellow_brick_in_box_v0,2,0.5208333333333334,2.826234633635417,0.8291666666666667,3.2917544473568534,0.21638479989511464,2.0,3.8785245028477107,0.537162101746246,1.580626948182176,0.33591723442077637,0.05192708333333333,0.3188026422363324,0.292916575973619
bensprenger/left_arm_yellow_brick_in_box_v0,4,0.5041666666666667,3.0103286679172805,0.8291666666666667,3.243878056792178,0.21493170517235036,3.0,4.899092453787759,0.5341573682201504,1.617705447797888,0.34030038118362427,0.0346875,0.31244267279832133,0.24941723618863468
bensprenger/left_arm_yellow_brick_in_box_v0,6,0.5125,3.249355642113359,0.8291666666666667,3.3609620077162727,0.2203174336480944,3.0,4.8365834457353,0.29305346785151465,1.5287258042782657,0.12009885907173157,0.044036458333333334,0.32494946170842925,0.3503890183216985
bensprenger/left_arm_yellow_brick_in_box_v0,8,0.5041666666666667,3.3000781947282167,0.8291666666666667,3.305939995978228,0.21472420026054975,4.0,4.873896422204766,0.3587593220384918,1.502965827402626,0.1849835216999054,0.0301953125,0.31330594452593724,0.40174676665789977
bensprenger/left_arm_yellow_brick_in_box_v0,10,0.49583333333333335,2.919472186543245,0.8708333333333333,3.2907218942510874,0.21069946300921424,3.0,4.799836113904703,0.46359512261443064,1.7728838205567634,0.28578072786331177,0.0007291666666666667,0.285415421398685,0.3449228443249705
bensprenger/left_arm_yellow_brick_in_box_v0,12,0.2875,2.1015061284555427,0.8291666666666667,3.4561475975715554,0.30164367061950753,2.0,5.2812406284451185,0.4993842979739585,1.6225369499475482,0.3400609791278839,0.0077734375,0.29173762816873766,0.29727651836888896
bensprenger/left_arm_yellow_brick_in_box_v0,14,0.3416666666666667,2.1388521611570743,0.8333333333333334,3.4645663438308074,0.25378818115977814,2.0,5.095699919558612,0.6165492353744154,1.6973743386190574,0.4301012456417084,0.0227734375,0.2947936776783386,0.2833945159305634
bensprenger/left_arm_yellow_brick_in_box_v0,17,0.5041666666666667,3.338943194384682,0.8333333333333334,3.3074204298610415,0.24921447094590823,2.0,5.262395399595121,0.6985824920138887,1.7677710054441724,0.49960857629776,0.06561197916666667,0.297336839596752,0.17414165647079102
bensprenger/left_arm_yellow_brick_in_box_v0,19,0.5,2.624074744646209,0.8958333333333334,3.374805521421668,0.2231518366549411,4.0,4.909062138655486,0.6339951352908564,1.7052914448469159,0.48075151443481445,0.037135416666666664,0.2971268785906682,0.12073912943693275
bensprenger/left_arm_yellow_brick_in_box_v0,21,0.525,2.151980614414547,0.8958333333333334,3.2240332563785365,0.22181854087450706,4.0,4.873896422204766,0.4612735387371136,1.6583779160906271,0.31565314531326294,0.034466145833333336,0.3089627003333686,0.030084172817657576
bensprenger/left_arm_yellow_brick_in_box_v0,23,0.6791666666666667,2.996115214387271,0.8666666666666667,3.1893423373715075,0.17455984814347303,2.0,4.873896422204766,0.7655323846687091,1.7271204776711666,0.41872137784957886,0.0,,0.16363673920634714
bensprenger/left_arm_yellow_brick_in_box_v0,25,0.525,2.0067631432987425,0.8958333333333334,3.1245256765736933,0.20851955026944896,2.0,5.273895957351769,0.36415092434935953,1.5858114797602896,0.21155056357383728,0.025729166666666668,0.31243118255890767,0.038608167960358236
bensprenger/left_arm_yellow_brick_in_box_v0,27,0.5,2.9083966109512414,0.8666666666666667,3.3515600229647022,0.20635505805681917,4.0,4.873896422204766,0.34762850817480756,1.7994743625873533,0.1997402310371399,0.002578125,0.2875618105743628,0.42794230330864824
bensprenger/left_arm_yellow_brick_in_box_v0,29,0.49583333333333335,2.6894762168658204,0.8333333333333334,3.416498695153837,0.21363267139953188,2.0,5.069420132612493,0.30208752113644005,1.9986066880469247,0.22239306569099426,0.0032421875,0.2908369881198434,0.30761364447011724
bensprenger/left_arm_yellow_brick_in_box_v0,31,0.5,2.6777772322065196,0.8708333333333333,3.403417059816055,0.2110958664534141,5.0,5.042451069170909,0.3495641479995871,1.9657262388087544,0.24585014581680298,0.0,,0.4004318529813774
bensprenger/left_arm_yellow_brick_in_box_v0,34,0.525,2.9985719126836496,0.8333333333333334,3.2912679969340513,0.21935231267223093,4.0,4.873896422204766,0.5327192872715918,1.6880037060060882,0.3467966914176941,0.02078125,0.3041390086093896,0.32479190487916254
bensprenger/left_arm_yellow_brick_in_box_v0,36,0.5,2.454395775874652,0.8666666666666667,3.2978180455372375,0.22768312419230224,4.0,4.920616036363995,0.5142145964430358,1.8405425450548512,0.338045209646225,0.040299479166666666,0.3060530887313186,0.12741053888686482
bensprenger/left_arm_yellow_brick_in_box_v0,38,0.5833333333333334,1.8643764536135152,0.8958333333333334,3.3517731736179774,0.20182321524026053,2.0,4.873896422204766,0.4822881138280773,1.8620550132815676,0.3300575017929077,0.0,,0.036090606181034754
bensprenger/left_arm_yellow_brick_in_box_v0,40,0.5166666666666667,2.948853560690204,0.8333333333333334,3.284956016178661,0.2267435685496949,4.0,4.735583035029393,0.5735801483714165,1.809535972589982,0.38599593937397003,0.0308203125,0.30521660276500623,0.2109435576178922
bensprenger/left_arm_yellow_brick_in_box_v0,42,0.525,2.474257451084375,0.8666666666666667,3.172880652453993,0.21596078004798425,2.0,4.899092453787759,0.5033411335880718,1.76374348506482,0.33434903621673584,0.039036458333333336,0.30121475683928756,0.10110151955050686
bensprenger/left_arm_yellow_brick_in_box_v0,44,0.3375,2.3098149683810982,0.8333333333333334,3.2455132293569124,0.22674925390229564,2.0,3.979382452678209,0.3163086562413122,1.6325144659919015,0.21258261799812317,0.018802083333333334,0.30401082534568086,0.39315631712176363
bensprenger/left_arm_yellow_brick_in_box_v0,46,0.3375,2.142586698751674,0.8291666666666667,3.3550737143671507,0.25770666761726296,2.0,6.231745605040118,0.23438029367287827,1.6007970019833953,0.22950062155723572,0.011822916666666667,0.30249479291467746,0.41858322973701817
bensprenger/left_arm_yellow_brick_in_box_v0,49,0.3375,2.458147881470751,0.8333333333333334,3.21454147260694,0.23674158456608355,4.0,6.115503566285412,0.23192350473584009,1.7313372364823003,0.18824952840805054,0.0119921875,0.3007282424506744,0.38414145295776203
bensprenger/left_arm_yellow_brick_in_box_with_purple_noise_v0,0,0.3458333333333333,2.199308015967507,0.22083333333333333,2.969081642481934,0.2860741148987882,0.0,,0.7422572322070037,1.4464947022897818,0.49076032638549805,0.20091145833333332,0.24892414657096293,0.16328806329156445
bensprenger/left_arm_yellow_brick_in_box_with_purple_noise_v0,2,0.3416666666666667,2.315097652049354,0.8333333333333334,3.0954389420653525,0.39166014333392607,3.0,4.733438330575481,0.8183530709547607,1.460282938702727,0.5552724152803421,0.2247265625,0.2419849591541712,0.18084218640566013
bensprenger/left_arm_yellow_brick_in_box_with_purple_noise_v0,4,0.3375,2.2785943298977878,0.7916666666666666,2.9334351327053567,0.3262359374650397,4.0,4.825216927109807,0.7520939570023735,1.4833941581898158,0.5173682570457458,0.224375,0.24316781467193463,0.22724251964344566
bensprenger/left_arm_yellow_brick_in_box_with_purple_noise_v0,6,0.5041666666666667,2.7611004076053094,0.2708333333333333,2.8588215486659987,0.24739519512817582,4.0,4.909062138655486,0.5079840834971382,2.0684778466682205,0.3631119728088379,0.16013020833333333,0.2692416564655545,0.43943158394249116
bensprenger/left_arm_yellow_brick_in_box_with_purple_noise_v0,8,0.7958333333333333,2.6471589998838967,0.6208333333333333,2.8244962975622228,0.2134761946159981,2.0,4.8365834457353,0.6859637480686844,1.7027140001546512,0.4106143116950989,0.2034375,0.3118469707584298,0.04919847818478127
bensprenger/left_arm_yellow_brick_in_box_with_purple_noise_v0,10,0.5291666666666667,2.9236102441095313,0.4875,2.8459037065637953,0.21419868658902055,2.0,4.727987818842209,0.5587451676117744,1.6635993057263228,0.31790512800216675,0.17065104166666667,0.31743581623160233,0.03571344394180977
bensprenger/left_arm_yellow_brick_in_box_with_purple_noise_v0,12,0.49583333333333335,3.0518649663217503,0.8333333333333334,2.912743000603683,0.23552077337660193,3.0,4.8365834457353,0.6597834536744431,1.5225335364898038,0.3891316056251526,0.15759114583333333,0.3102446677178486,0.3178636283810351
bensprenger/left_arm_yellow_brick_in_box_with_purple_noise_v0,14,0.49166666666666664,2.7241081254171386,0.8291666666666667,2.8664200033570157,0.24148700183825664,3.0,4.8365834457353,0.5647536303061108,1.495659380277211,0.3301919102668762,0.13149739583333334,0.3185981792803546,0.3344426748825718
bensprenger/left_arm_yellow_brick_in_box_with_purple_noise_v0,17,0.3333333333333333,2.438508174614176,0.225,2.953684634676213,0.26308250279788226,2.0,4.96974072811031,0.6854725632944595,1.4772903489816815,0.4778493195772171,0.22100260416666667,0.23792920432081766,0.3569163342097455
bensprenger/left_arm_yellow_brick_in_box_with_purple_noise_v0,19,0.5083333333333333,2.62012184699572,0.8666666666666667,3.0673038478596717,0.22738849187798746,3.0,4.737443348010103,0.5586171551775053,1.8931722845967196,0.3794513940811157,0.163984375,0.2831905742456891,0.3924447956937778
bensprenger/left_arm_yellow_brick_in_box_with_purple_noise_v0,21,0.3375,2.5322418195359084,0.8583333333333333,2.875430554433024,0.2947315498825804,1.0,4.8365834457353,0.4827159326246992,1.4910653100409297,0.40737348794937134,0.18079427083333333,0.24994131411188433,0.5475766790702405
bensprenger/left_arm_yellow_brick_in_box_with_purple_noise_v0,23,0.3333333333333333,2.4846967572826197,0.7958333333333333,2.991479755256326,0.3004161401661139,2.0,4.830419958289937,0.7813765600036066,1.4830702000428195,0.5257484912872314,0.23602864583333333,0.2435694875279092,0.25757485871591923
bensprenger/left_arm_yellow_brick_in_box_with_purple_noise_v0,25,0.5041666666666667,2.702452624966345,0.8958333333333334,3.353241198567741,0.23241401994787614,3.0,4.8365834457353,0.6555485167104338,1.415544230360056,0.38085871934890747,0.14954427083333333,0.31643857824377075,0.33119597746700363
bensprenger/left_arm_yellow_brick_in_box_with_purple_noise_v0,27,0.5041666666666667,2.6945660798232427,0.49166666666666664,2.9343693917547045,0.21040483937805946,2.0,4.8365834457353,0.5488815830410425,1.777017630066712,0.33861497044563293,0.1018359375,0.3062669489235879,0.3956444057785554
bensprenger/left_arm_yellow_brick_in_box_with_purple_noise_v0,29,0.5083333333333333,2.5195729381116374,0.8958333333333334,3.0992404589340072,0.24184824169591296,5.0,4.986333771235493,0.49054239682972645,1.5496655364100804,0.3281547427177429,0.1307421875,0.30521681190799727,0.515557154231242
bensprenger/left_arm_yellow_brick_in_box_with_purple_noise_v0,31,0.5666666666666667,1.8270777361047348,0.5666666666666667,2.9155655307000585,0.2394148533574279,4.0,4.873896422204766,0.7924455004709718,1.4101427157231898,0.4731798768043518,0.1868359375,0.308507787488872,0.03808519114412256
bensprenger/left_arm_yellow_brick_in_box_with_purple_noise_v0,34,0.5,2.5686307884396227,0.23333333333333334,2.750901194538191,0.25351364822665096,2.0,3.96031183045838,0.5249848149891916,1.7993749668156938,0.38276249170303345,0.1591796875,0.2780029263033601,0.36730167770332967
bensprenger/left_arm_yellow_brick_in_box_with_purple_noise_v0,36,0.8291666666666667,2.122304832007586,0.5583333333333333,2.893259146666227,0.2283391234622781,1.0,3.814074834290352,0.5935508329200352,1.5318102278190666,0.34976011514663696,0.18485677083333332,0.31041769387898854,0.03437130599272297
bensprenger/left_arm_yellow_brick_in_box_with_purple_noise_v0,38,0.3333333333333333,2.3008523973015924,0.21666666666666667,2.9227130782502435,0.3041487571696442,2.0,5.152081702206232,0.8892244530132625,1.5550424284651145,0.6025363653898239,0.2351953125,0.24236279483916934,0.2720598876827172
bensprenger/left_arm_yellow_brick_in_box_with_purple_noise_v0,40,0.525,2.6953419698594527,0.48333333333333334,2.8583316459774077,0.24371594861300624,0.0,,0.5111140147558555,1.8571446284452144,0.31735649704933167,0.13399739583333334,0.30040100847757045,0.027237690763339196
bensprenger/left_arm_yellow_brick_in_box_with_purple_noise_v0,42,0.7125,3.2992413193315473,0.7,3.2400778538031245,0.17727675525412268,3.0,5.237476066812519,0.8308497411221986,1.7228510592415438,0.5454071760177612,0.12864583333333332,0.29871258448664306,0.06312960953175725
bensprenger/left_arm_yellow_brick_in_box_with_purple_noise_v0,44,0.5041666666666667,2.0552751940615193,0.5,2.848546295509128,0.22806058989741235,1.0,4.8365834457353,0.7699388962012629,1.7639240450312557,0.49685725569725037,0.2462109375,0.2743186868797506,0.02896922923820387
bensprenger/left_arm_yellow_brick_in_box_with_purple_noise_v0,46,0.3416666666666667,2.4988483756983513,0.225,2.957778590114592,0.2706392153638734,4.0,5.161098033360261,0.7075732146032162,1.590512732635719,0.4498691260814667,0.203046875,0.26727638513471813,0.32062290021301054
bensprenger/left_arm_yellow_brick_in_box_with_purple_noise_v0,49,0.5291666666666667,2.6075523517338093,0.8625,2.7628129082550656,0.2578485297738903,2.0,4.950272234291745,0.7280716266567867,1.462387979190625,0.4510692358016968,0.2164453125,0.27584379861848923,0.027270234603986473
bensprenger/right_arm_p_brick_in_box_with_y_noise_v0,0,0.775,2.205868508241796,0.6,2.9898747899345035,0.22363164757901152,2.0,3.3664606634298053,0.8914486703628643,1.5305907905199545,0.5680184960365295,0.2535807291666667,0.28405175608681876,0.046546549375146504
bensprenger/right_arm_p_brick_in_box_with_y_noise_v0,2,0.6208333333333333,1.8179595261250685,0.6166666666666667,2.9437672910452917,0.23727623361673525,2.0,2.91083782616775,0.815197510119271,1.6442355217340203,0.5263575911521912,0.155703125,0.2954846845409421,0.03422024624414812
bensprenger/right_arm_p_brick_in_box_with_y_noise_v0,5,0.4875,1.6394989377658167,0.6916666666666667,3.223059627588972,0.24174920990803547,1.0,3.3664606634298053,0.8714612252580353,1.4367781682117677,0.5289238095283508,0.23798177083333333,0.2994620442319187,0.06628650032869231
bensprenger/right_arm_p_brick_in_box_with_y_noise_v0,7,0.4875,1.759628562885101,0.6958333333333333,3.1972408416289806,0.2528203553907704,2.0,3.721313264749753,0.6873854508616846,1.4343612719692458,0.38638389110565186,0.12138020833333334,0.31850465762819585,0.030620159997929067
bensprenger/right_arm_p_brick_in_box_with_y_noise_v0,9,0.775,2.6786427807822233,0.6208333333333333,3.132527704265083,0.21444546501514647,1.0,2.8864185438646075,0.7648953148107913,1.6059170743706146,0.4489014148712158,0.20274739583333334,0.30604876730129954,0.16112046959073792
bensprenger/right_arm_p_brick_in_box_with_y_noise_v0,12,0.4875,1.5866574947807324,0.6958333333333333,3.231634557720145,0.2533937171771566,3.0,2.8387878410053844,0.7804314859173017,1.4733919807102522,0.45766520500183105,0.16151041666666666,0.31630503859599884,0.03743221255111984
bensprenger/right_arm_p_brick_in_box_with_y_noise_v0,14,0.7833333333333333,2.05661363470429,0.6708333333333333,3.0804111436084662,0.23942022345289968,4.0,3.0821808245281375,0.7660473842943347,1.5602675923632618,0.45399194955825806,0.15713541666666667,0.31247200313980883,0.0318606447734146
bensprenger/right_arm_p_brick_in_box_with_y_noise_v0,16,0.8875,1.7825144458175226,0.6208333333333333,3.175854533101674,0.24779843492222114,1.0,3.9115718125286634,0.8049748554165074,1.8004306759691278,0.5322278738021851,0.13307291666666668,0.3007987455886808,0.02404154922363957
bensprenger/right_arm_p_brick_in_box_with_y_noise_v0,18,0.7208333333333333,1.935236293153643,0.675,3.1193429394208807,0.26075828875990315,2.0,3.814074834290352,0.8687962377148297,1.7106148304087803,0.5611060857772827,0.27774739583333335,0.2897786218380187,0.02949646457668188
bensprenger/right_arm_p_brick_in_box_with_y_noise_v0,20,0.4875,2.14686556317767,0.7125,3.000705650053241,0.3060903695638546,2.0,3.96031183045838,0.7308934160564516,1.458819520649884,0.41180384159088135,0.16877604166666665,0.3119391797975285,0.31438781326328163
bensprenger/right_arm_p_brick_in_box_with_y_noise_v0,22,0.7708333333333334,2.4498676816147307,0.6708333333333333,3.026924483751539,0.24752821045118384,2.0,3.96031183045838,0.8274163921666713,1.7578241075845344,0.5022894442081451,0.2588932291666667,0.29444404578499705,0.17034847441545983
bensprenger/right_arm_p_brick_in_box_with_y_noise_v0,24,0.7375,2.3913705441409143,0.6083333333333333,3.063130598746238,0.24369127324646417,4.0,3.7517290705259825,0.9250082525479747,1.4599169750511782,0.5739855766296387,0.31666666666666665,0.29903466334507817,0.06628254132333325
bensprenger/right_arm_p_brick_in_box_with_y_noise_v0,26,0.4875,1.8917676430486539,0.6833333333333333,3.2550731446587577,0.2672742612829974,2.0,3.3664606634298053,0.8018540474788194,1.4733094934540056,0.4838407039642334,0.188671875,0.3043446497512351,0.030209536638652564
bensprenger/right_arm_p_brick_in_box_with_y_noise_v0,29,0.4875,2.036946351685272,0.5708333333333333,2.987932609223084,0.2306811810170421,3.0,4.590543185606023,0.8717732701876799,1.702097166697192,0.5636121034622192,0.2864713541666667,0.28875066348258416,0.06774809235135157
bensprenger/right_arm_p_brick_in_box_with_y_noise_v0,31,0.4875,1.8897057928022047,0.8958333333333334,3.1944234659480646,0.23591752344480585,3.0,3.96031183045838,0.7036214872772595,1.3807832314740982,0.4011276960372925,0.152421875,0.31601717675804775,0.030609188476104637
bensprenger/right_arm_p_brick_in_box_with_y_noise_v0,33,0.5041666666666667,2.3064604603287098,0.6833333333333333,3.1034422019748704,0.26621241874356333,2.0,3.8460300900473783,0.7618094370955051,1.5048533045488903,0.44744181632995605,0.1409375,0.3116679345758843,0.09916709505413875
bensprenger/right_arm_p_brick_in_box_with_y_noise_v0,35,0.7208333333333333,2.1535954559084876,0.5916666666666667,2.9565964255081383,0.23193090619131507,2.0,3.106027095616426,0.8268801334979249,1.6943860029559001,0.5235643982887268,0.18953125,0.30378448950870446,0.09022757664908712
bensprenger/right_arm_p_brick_in_box_with_y_noise_v0,37,0.8833333333333333,2.070730314276456,0.675,3.1566445730036685,0.22542083558257003,3.0,3.96031183045838,0.760320223099954,1.4515489681514122,0.4545481204986572,0.16295572916666667,0.31031949944585324,0.02949016650552135
bensprenger/right_arm_p_brick_in_box_with_y_noise_v0,39,0.7875,1.9729107307442824,0.8791666666666667,3.1107733685303076,0.23852899987918996,2.0,3.3664606634298053,0.799989714032329,1.649156110617417,0.5135687291622162,0.1683984375,0.29091743187532004,0.031199492585192393
bensprenger/right_arm_p_brick_in_box_with_y_noise_v0,41,0.8333333333333334,2.1078143911322234,0.6833333333333333,3.128739115799571,0.22823213096657388,2.0,3.3949235421182777,0.7803702083320865,1.7240411004141398,0.5089129209518433,0.14697916666666666,0.3064115927159289,0.02890569134613756
bensprenger/right_arm_p_brick_in_box_with_y_noise_v0,43,0.4875,2.3609080984423283,0.8833333333333333,3.1492921016716315,0.2399181693171603,3.0,3.9825205718290277,0.8249816215746661,1.5556943697066505,0.5200322866439819,0.18891927083333335,0.2930387169873785,0.22574417941608407
bensprenger/right_arm_p_brick_in_box_with_y_noise_v0,45,0.4875,2.20414190259779,0.7041666666666667,3.175318784021531,0.24583206766503987,2.0,2.8864185438646075,0.678574680098127,1.6487151094265782,0.3977159857749939,0.1740234375,0.31124541556898594,0.02924734575942132
bensprenger/right_arm_p_brick_in_box_with_y_noise_v0,47,0.4875,2.4283246894482464,0.8958333333333334,3.2411093004958196,0.2736364602952465,2.0,3.7517290705259825,0.7149409244352457,1.4816438411529127,0.3996497392654419,0.1156640625,0.3076404226586724,0.45246286269683095
bensprenger/right_arm_p_brick_in_box_with_y_noise_v0,49,0.7208333333333333,2.156362970252866,0.5875,3.0462432988010772,0.2341608537930276,2.0,2.91083782616775,0.7902503730425708,1.6387924713615707,0.4627046585083008,0.21709635416666667,0.31342709017435294,0.06645519533443148
dragon-95/so100_sorting,0,0.7208333333333333,5.654432602223197,0.17916666666666667,3.205999043934624,1.8506854840186322,1.0,3.8424531279148653,0.9441645203864413,1.6205595118821186,0.7888085898011923,0.43365885416666666,0.26245559771831156,0.24750150061116605
dragon-95/so100_sorting,2,0.7208333333333333,4.928981574479317,0.175,3.1827110427130085,1.9512518832524084,1.0,3.814074834290352,0.935829361339713,1.661543164640768,0.7896972298622131,0.4394921875,0.2671603838220734,0.2368553624184138
dragon-95/so100_sorting,5,0.7166666666666667,5.332837873865528,0.2,3.069125262591844,2.4103441211388845,2.0,4.909062138655486,0.9325393296997738,1.7228851017267892,0.7706376202404499,0.4470572916666667,0.27775180706975744,0.21020619541549812
dragon-95/so100_sorting,7,0.7166666666666667,6.04369261720056,0.2,3.121459313021795,2.255704912079411,3.0,4.853096386992377,0.9631885138798361,1.6472038800629583,0.7802545186132193,0.46020833333333333,0.2703683675189554,0.20210179969292982
dragon-95/so100_sorting,10,0.7208333333333333,5.791658318427602,0.17916666666666667,3.2650946400482304,1.7629463844382371,0.0,,0.9440744875006515,1.6861588480596685,0.779026385396719,0.4495572916666667,0.2648047423844307,0.2171437860434659
dragon-95/so100_sorting,13,0.7208333333333333,5.18227590984645,0.18333333333333332,3.025606020589178,2.096673228039342,1.0,3.814074834290352,0.8768958149521243,1.7456505593505636,0.7398998066782951,0.4780078125,0.2683143435512186,0.23723793835600793
dragon-95/so100_sorting,15,0.7208333333333333,6.433322415325919,0.20416666666666666,2.9626902609473866,2.3791466627128033,2.0,3.8424531279148653,0.9260355793523241,1.7170874620383854,0.7509399354457855,0.42515625,0.27298820527566725,0.1923489626535922
dragon-95/so100_sorting,18,0.7208333333333333,5.37464263043256,0.15833333333333333,3.324473493811184,2.0146012937631212,0.0,,0.8925611348123347,1.6067687936698496,0.771586574614048,0.4258984375,0.26505506718238464,0.25611741682616024
dragon-95/so100_sorting,20,0.7208333333333333,5.216514879945496,0.17083333333333334,3.3218527785180827,1.8387116067011242,0.0,,0.9316160297395004,1.6620182769408536,0.7756448499858379,0.45455729166666664,0.2665490100665309,0.22927070669946517
dragon-95/so100_sorting,23,0.7208333333333333,5.30591639188403,0.12916666666666668,3.3086070157772265,2.2104327884890607,3.0,3.96031183045838,0.8966398008234735,1.6635463120523755,0.7674735467880964,0.43720052083333333,0.26576121854681606,0.242245006027523
dragon-95/so100_sorting,26,0.7208333333333333,4.973729134175664,0.14166666666666666,3.2779310915754336,2.1511075316290027,1.0,4.703614704293187,0.9026004681477394,1.6448924949954475,0.7743365652859211,0.43830729166666665,0.2676249419220212,0.2497428155118503
dragon-95/so100_sorting,28,0.7208333333333333,5.26106963369815,0.20833333333333334,3.1553834507530825,2.5833716888648426,2.0,4.82076607809266,0.9554937615033889,1.6509997713377715,0.7692055180668831,0.4160546875,0.2745667112797863,0.19755507465361438
dragon-95/so100_sorting,31,0.7208333333333333,5.495672894407182,0.19166666666666668,3.1209903382415,2.4252616524286847,2.0,3.814074834290352,0.964688266117863,1.6461094982951845,0.7928696610033512,0.43018229166666666,0.2695805337381248,0.20367001659231387
dragon-95/so100_sorting,33,0.7208333333333333,5.0196747201139305,0.16666666666666666,3.19219656431636,2.107657237456983,2.0,4.365257735027939,0.9310760160727822,1.6163055633218721,0.7870993353426456,0.4114583333333333,0.2633204014617869,0.2358736450152981
dragon-95/so100_sorting,36,0.7208333333333333,5.118039633665299,0.20416666666666666,3.1115308767413983,2.4158595731263,2.0,4.830419958289937,0.9371755308366154,1.6786030833496424,0.7715034205466509,0.4089583333333333,0.2679493485123317,0.18114555333766602
dragon-95/so100_sorting,39,0.7208333333333333,4.976654303688003,0.2,3.1448815290907537,2.491890509158092,0.0,,0.8925254491987522,1.7227422146149285,0.7373387366533279,0.42963541666666666,0.28184955600044836,0.21230729386452163
dragon-95/so100_sorting,41,0.7208333333333333,5.4373310439702225,0.20833333333333334,3.161019936366619,2.556012010277575,1.0,3.814074834290352,0.945163535510649,1.6903057910547443,0.7625381760299206,0.4081901041666667,0.27214724339067886,0.2240928614019934
dragon-95/so100_sorting,44,0.7208333333333333,5.568803931328143,0.20416666666666666,3.0470255633764927,2.4473939521492203,3.0,5.013113755035803,0.9367626307612512,1.6689904523799917,0.7496709823608398,0.4405859375,0.28352872613636404,0.20994405163374288
dragon-95/so100_sorting,46,0.7208333333333333,4.64443030214366,0.175,3.2513738181847733,2.097203376697851,0.0,,0.9149886739204205,1.6636772754077012,0.7855803966522217,0.4403515625,0.26896321433533504,0.22616775313896573
dragon-95/so100_sorting,49,0.7208333333333333,4.751890731231311,0.17916666666666667,3.1793712227658397,2.110840964638868,1.0,3.814074834290352,0.9377155406858717,1.6189689625788595,0.7950981538742781,0.4290625,0.26886057671307884,0.24094627239423727
dragon-95/so100_sorting,52,0.7208333333333333,5.165986602820954,0.19583333333333333,3.1113479156723263,2.3929879728869516,3.0,4.7405105738911715,0.946261967211222,1.7332000146522957,0.7653515338897705,0.40427083333333336,0.2680665057424918,0.21996142768041982
dragon-95/so100_sorting,54,0.7208333333333333,5.32751913961202,0.2,3.1894541305688127,2.4005063854939768,1.0,3.979382452678209,0.9268717576501305,1.640606274704519,0.7731861956417561,0.41358072916666666,0.2769643161295141,0.24405267660191618
dragon-95/so100_sorting,57,0.7208333333333333,5.319545653329131,0.20416666666666666,3.109684348524903,2.470358616780413,1.0,3.9301755457254757,0.9189064667685874,1.6909791000894503,0.7544714063405991,0.4133072916666667,0.27642335472002433,0.13775780565600027
dragon-95/so100_sorting,60,0.7166666666666667,4.768692301062324,0.18333333333333332,3.1079053545489157,2.324706152186631,3.0,4.763641690726175,0.9576662094874477,1.616556773317614,0.7807837091386318,0.42265625,0.26867789645189316,0.23741017220379718
dragon-95/so100_sorting_2,0,0.7125,1.933638146681941,0.1,3.131910081093947,1.163293865006119,1.0,-12.957580094093132,1.0097127607102256,1.314786200381602,0.8295950554311275,0.44795572916666665,0.25929698404962975,0.11593109497170047
dragon-95/so100_sorting_2,9,0.49583333333333335,1.770441321645346,0.1,2.8252731044599164,1.0715484854158488,0.0,,0.9838852682944172,1.2817760482611256,0.8639335110783577,0.4586458333333333,0.2618538425208374,0.1693487679181729
dragon-95/so100_sorting_2,19,0.30416666666666664,1.5023904598483921,0.8958333333333334,2.926879591211419,1.4628241364316072,1.0,11.96205139766623,0.9002259270032862,1.2395096465579993,0.8271342366933823,0.46557291666666667,0.2738588274502076,0.19393378088666582
dragon-95/so100_sorting_2,28,0.5083333333333333,1.7887743726955245,0.1,2.882910456038901,1.0542469890580475,2.0,12.064884410525423,0.9922189721392798,1.252261434055864,0.8566140681505203,0.452734375,0.252967919490062,0.18284146907715318
dragon-95/so100_sorting_2,38,0.2833333333333333,1.7538079926804662,0.1,2.996576214345914,1.1971986508201362,1.0,-14.136061798147068,0.9703708765337716,1.240327602760274,0.8681419044733047,0.46161458333333333,0.26364801343746297,0.18937366299368544
dragon-95/so100_sorting_2,47,0.29583333333333334,1.9568460182991418,0.1,3.085679685041109,1.0891199763175257,0.0,,0.960525795102484,1.2713700015157456,0.8887065500020981,0.4790755208333333,0.2591252633897638,0.2175069749232349
dragon-95/so100_sorting_2,57,0.20833333333333334,1.8727947107559133,0.8958333333333334,3.05972671025962,1.6883087514214576,1.0,2.045408488887233,0.9916930727373331,1.243592097487556,0.8222525119781494,0.45580729166666667,0.26769828101195803,0.1143159252374878
dragon-95/so100_sorting_2,66,0.2875,1.8592982886276497,0.8958333333333334,3.1685544368150294,1.314168899896244,1.0,-11.911215431971598,1.0091499202050047,1.2758975997445408,0.8441215306520462,0.4811328125,0.25130091428329426,0.15102114126866364
dragon-95/so100_sorting_2,76,0.2916666666666667,1.9081425425595888,0.8958333333333334,3.1361617721636903,1.6017797096093447,1.0,-12.283955441107167,1.0520277963416638,1.2509187890637705,0.8364178985357285,0.4646223958333333,0.27013156412046235,0.11192106494473848
dragon-95/so100_sorting_2,85,0.2916666666666667,2.288698505358626,0.8958333333333334,3.008387376400786,1.7278896248503024,0.0,,0.9658350805905765,1.3214061213793151,0.7700849696993828,0.42192708333333334,0.25495134905086875,0.10637691746601133
dragon-95/so100_sorting_2,95,0.2916666666666667,1.7250236331418998,0.8958333333333334,3.1067295744950965,1.5244683392316327,0.0,,1.0048334183187257,1.279027150623954,0.8114383071660995,0.45971354166666667,0.2755852182484896,0.11146949500101636
dragon-95/so100_sorting_2,104,0.2875,2.1722730041712457,0.8958333333333334,2.910781652854285,1.3334660668892286,1.0,-19.041230738439367,1.024868493097905,1.303020266412555,0.867502473294735,0.5020963541666666,0.25960139881613425,0.16161049976275213
dragon-95/so100_sorting_2,114,0.2833333333333333,2.0323431594621453,0.8958333333333334,2.9442426636682537,1.4269771539160387,1.0,-6.009005957494523,0.9825128778333467,1.2584334273536728,0.8436746299266815,0.46348958333333334,0.2593991802943399,0.14342165941260654
dragon-95/so100_sorting_2,123,0.2833333333333333,2.1303160970746786,0.8958333333333334,2.9437742975360686,1.5512553576021357,1.0,-5.863872010768944,0.9866183545334188,1.2634539419646955,0.8609030097723007,0.46307291666666667,0.26321431714361143,0.17569812214043998
dragon-95/so100_sorting_2,133,0.20833333333333334,1.8179788980803542,0.8958333333333334,2.939653820202782,1.6680824098272202,2.0,3.9679181379868993,0.9716555666731738,1.2687744993707433,0.8351674377918243,0.4625520833333333,0.266371511934415,0.15603499455715195
dragon-95/so100_sorting_2,142,0.2875,2.0519746291477,0.8958333333333334,3.045499158823556,1.5349940339829158,0.0,,1.0682225637750522,1.2718871004359162,0.8538308516144753,0.4805598958333333,0.2650909393088338,0.119458805349351
dragon-95/so100_sorting_2,152,0.2875,1.8446491104397753,0.8958333333333334,3.149822330187256,1.482360915615931,0.0,,1.0804240598937984,1.2353303953245145,0.8465550690889359,0.48833333333333334,0.2708256725977123,0.11179623929409943
dragon-95/so100_sorting_2,161,0.2791666666666667,1.6358986060532084,0.8958333333333334,3.1109419283339363,1.4093248670234302,2.0,-14.803980156270498,0.990404103068073,1.2399840416205772,0.8273036181926727,0.477890625,0.2698816591117559,0.1460136830205909
dragon-95/so100_sorting_2,171,0.2875,1.797694775120513,0.8958333333333334,3.2262041334534204,1.5095986306665934,3.0,15.945395900922847,1.0799790438260264,1.2403613363733061,0.8627845197916031,0.5069921875,0.2761005520880581,0.1113438411681586
dragon-95/so100_sorting_2,180,0.2875,2.0102735206950624,0.8958333333333334,3.0317946997157423,1.7250119852125279,0.0,,1.0652757973194344,1.2561382056265864,0.8448958247900009,0.47682291666666665,0.26332799371128107,0.10886357402042282
dragon-95/so100_sorting_2,190,0.2875,1.8216373594670265,0.8958333333333334,2.974569361467053,1.909576421151359,1.0,-18.05213193924017,1.0426003157097266,1.2260816386629059,0.8221695721149445,0.4249088541666667,0.2634525438030425,0.10412087240527601
dragon-95/so100_sorting_2,199,0.2875,1.9075815038037311,0.8958333333333334,3.0906611685904024,1.5777416312029182,0.0,,1.0529570929787122,1.2355363765854295,0.8292844742536545,0.49875,0.27339705609910414,0.11885906813465977
dragon-95/so100_sorting_2,209,0.375,1.5822076179645421,0.1,3.060802754886723,1.204122058652606,0.0,,0.6680882203452335,1.3018336082703534,0.5048597455024719,0.43359375,0.262142058376368,0.04428343077512342
dragon-95/so100_sorting_2,219,0.29583333333333334,1.9631252416892522,0.1,3.3888841835329306,1.205993149205091,2.0,-16.05998730716064,0.8534208527003805,1.4730763657677883,0.6939241848886013,0.4812109375,0.29071442634394856,0.10464172005347375
dragon-95/so100_sorting_3,0,0.2791666666666667,1.9620750229807964,0.8958333333333334,2.898041757549906,1.7125747270824534,0.0,,0.941658098410141,1.3786263675266248,0.7153916209936142,0.45515625,0.27220747565020176,0.0660926673118544
dragon-95/so100_sorting_3,8,0.2833333333333333,2.012929795712002,0.8958333333333334,2.9079305190094593,1.5620482463797614,0.0,,1.0123224057421978,1.3398757118069025,0.7920739576220512,0.46274739583333335,0.2610285759495049,0.09141755234407045
dragon-95/so100_sorting_3,17,0.2833333333333333,2.220904864467808,0.8958333333333334,2.8329410007561577,1.6963068034987039,1.0,-18.86573603993064,0.9646874742029032,1.3335816899780943,0.7244019508361816,0.42743489583333333,0.2691853692739151,0.0637189313917164
dragon-95/so100_sorting_3,25,0.2791666666666667,2.0979180339503927,0.8958333333333334,2.9162133507326,1.5804513284693498,0.0,,0.9848751696906958,1.3218417773782372,0.7764959335327148,0.4511588541666667,0.2613931874599918,0.1045526166052763
dragon-95/so100_sorting_3,34,0.20833333333333334,1.8634019558411774,0.8958333333333334,2.8581954521465347,1.6613740738284366,1.0,-12.12373824778939,0.9706776522744873,1.3592126995741396,0.7692450881004333,0.44307291666666665,0.2618000288219448,0.10843098816614823
dragon-95/so100_sorting_3,43,0.20416666666666666,1.8272941347220086,0.8958333333333334,2.8500686897885505,1.6739472012737446,1.0,-16.2273610435155,0.9741033318296398,1.3071041870156022,0.7618856281042099,0.4360546875,0.2616155357826232,0.09599468411068984
dragon-95/so100_sorting_3,51,0.20416666666666666,2.0216374199786658,0.8958333333333334,2.811246643470387,1.6687134010576212,0.0,,0.9736555752637841,1.3538012431951851,0.7514872848987579,0.43404947916666664,0.264540831535829,0.09410092617435455
dragon-95/so100_sorting_3,60,0.2791666666666667,1.859211792147247,0.8958333333333334,2.818924310029677,1.6449113459248936,3.0,-19.09349200048561,0.9793095676890158,1.3616334028935237,0.7462520897388458,0.4341536458333333,0.2614105926017856,0.055694001970480654
dragon-95/so100_sorting_3,69,0.2791666666666667,1.9641784416297823,0.8958333333333334,2.9639594819878594,1.5440323915120469,0.0,,1.005268716500717,1.3359656463895788,0.8007368445396423,0.46161458333333333,0.2591565848714296,0.11116449101499029
dragon-95/so100_sorting_3,77,0.2,1.845508388696039,0.8958333333333334,2.903138486407188,1.6565874243750582,0.0,,0.9365865961527814,1.295628209188391,0.7077705711126328,0.42125,0.26108246009378017,0.07435613654312566
dragon-95/so100_sorting_3,86,0.2791666666666667,2.0863295929213557,0.8958333333333334,2.8561454128974617,1.5313888983297728,0.0,,0.9630855841663363,1.3244219310754346,0.7875592857599258,0.458984375,0.2585999584557405,0.12928334743605943
dragon-95/so100_sorting_3,95,0.2791666666666667,1.9648259131265202,0.8958333333333334,2.9236219869547124,1.4617677839424612,0.0,,0.9981274913078864,1.295633975067373,0.7887915670871735,0.4551692708333333,0.26113038098330726,0.11906160579992074
dragon-95/so100_sorting_3,103,0.275,1.7597852582865698,0.8958333333333334,3.0872891733798986,1.5808658037139307,0.0,,1.096426022190045,1.314648382667347,0.8571362793445587,0.5224609375,0.262513953518685,0.1002282947193279
dragon-95/so100_sorting_3,112,0.2916666666666667,2.225246010819004,0.8958333333333334,2.944582528912222,1.9157789820536828,1.0,-9.302054711298823,1.0005956729592884,1.2975722927644395,0.785344772040844,0.43845052083333336,0.26155032519877675,0.0887417749021017
dragon-95/so100_sorting_3,121,0.2791666666666667,1.9778503269510224,0.8958333333333334,3.0484374560408707,1.7212304945790198,0.0,,0.9597018854187321,1.2687273287760623,0.8353751301765442,0.4652734375,0.2711091689210084,0.1731808008917882
dragon-95/so100_sorting_3,129,0.2791666666666667,2.0080540203414863,0.8958333333333334,3.132359091561347,1.529113717158742,0.0,,1.025108191165783,1.250441515976432,0.849165216088295,0.46717447916666666,0.256757341417533,0.13034179868758908
dragon-95/so100_sorting_3,138,0.2791666666666667,1.955722898009969,0.8958333333333334,3.021204937143696,1.4446940737178082,0.0,,1.0181212822626815,1.2808043100865827,0.8586744144558907,0.5044921875,0.2757965260465515,0.1372069052111545
dragon-95/so100_sorting_3,147,0.2791666666666667,2.054731659786129,0.8958333333333334,3.1688643776351584,1.6040131070855075,2.0,9.865806943084365,0.971933756763047,1.2517147658221364,0.8366577923297882,0.46454427083333333,0.26623589169352213,0.17640535321486966
dragon-95/so100_sorting_3,155,0.20833333333333334,1.7237047114855253,0.8958333333333334,3.226610524227049,1.5621152533010447,0.0,,1.018404036408343,1.2590481201849515,0.7960591837763786,0.4443229166666667,0.2596622752658406,0.09983849094711054
dragon-95/so100_sorting_3,164,0.2791666666666667,1.5038576896194982,0.8958333333333334,3.254285859412909,1.5240658317995344,0.0,,1.1022981671342431,1.3299571619714408,0.874808631837368,0.5203645833333334,0.2609572464590516,0.11507326983113157
dragon-95/so100_sorting_3,173,0.20416666666666666,1.8090061856237285,0.8958333333333334,3.254424204373229,1.598723670555804,0.0,,0.9617196887858531,1.257508520232939,0.8367194831371307,0.45490885416666665,0.2678171575542491,0.16373531577774345
dragon-95/so100_sorting_3,181,0.49166666666666664,1.8068921464491345,0.8958333333333334,3.1895673041722437,1.5079829482256741,0.0,,1.0915111950943044,1.325362013219256,0.8712443709373474,0.5255208333333333,0.2633259866224896,0.11485562707617683
dragon-95/so100_sorting_3,190,0.20833333333333334,1.9336634239768977,0.8958333333333334,3.1824584742952937,1.66738161137899,0.0,,0.9867479444956568,1.3299199969965285,0.7930896580219269,0.43798177083333334,0.2594111161958906,0.12417323600175953
dragon-95/so100_sorting_3,199,0.20833333333333334,1.6267134224639526,0.8958333333333334,3.2600901977010435,1.6626964098016135,1.0,-9.135188359410165,0.9368378555652904,1.2443191473765791,0.8358258754014969,0.44548177083333335,0.26362156252969493,0.16830436575494517
frk2/so100large,0,0.18333333333333332,1.902024382453592,0.8958333333333334,3.649643593399583,1.0651931270122847,1.0,0.0,0.07562025985175393,3.4904935554999037,0.16233867034316063,0.0016015625,0.008946491138551551,0.17467666223132283
frk2/so100large,2,0.29583333333333334,1.638916356136241,0.8958333333333334,3.968117093509855,0.8650634825036605,0.0,,0.21779211577792115,3.1193331201675876,0.21855797991156578,7.8125e-05,0.02789400278940028,0.07345910543241752
frk2/so100large,4,0.1875,1.7868089672165097,0.8958333333333334,3.9068480963825625,0.8675303343849374,0.0,,0.24410701896148732,2.5931517999016576,0.22342122718691826,0.007760416666666666,0.01835107129819438,0.022724400766809122
frk2/so100large,6,0.7041666666666667,2.1822938183160363,0.8958333333333334,3.9523707070832286,0.8121212916846287,1.0,-3.8654611698517414,0.21599398894340932,3.2940229668549796,0.18824590370059013,0.0071875,0.017441331635437513,0.019417456456382147
frk2/so100large,8,0.7416666666666667,2.584112920235219,0.8958333333333334,4.158057137733501,0.7715577909437857,0.0,,0.35265420848569956,2.2715207740067167,0.2943638786673546,0.19515625,0.13884050057340155,0.030238134851005818
frk2/so100large,10,0.7541666666666667,1.638565570503353,0.8958333333333334,3.9099996460688584,0.9445937359028619,0.0,,0.29311433855261165,2.5207125734827787,0.25010981783270836,0.07430989583333333,0.0782977375651864,0.023225026098928136
frk2/so100large,12,0.7541666666666667,1.7224357305733693,0.8958333333333334,3.930886068839483,0.8566797339685659,0.0,,0.33871269943118765,2.263740428875936,0.30953605845570564,0.04369791666666667,0.07338134160511865,0.025408180823347202
frk2/so100large,14,0.3333333333333333,1.8319654665562517,0.8958333333333334,3.8564158435798648,0.915304992084745,0.0,,0.21797990498241934,3.125601683754651,0.18924470990896225,0.0022786458333333335,0.016210400478182903,0.06537305860696244
frk2/so100large,17,0.7541666666666667,1.6317484041976265,0.8958333333333334,4.023498288419334,0.9103390094679477,0.0,,0.261583388034838,2.7477604127848414,0.23018157482147217,0.008033854166666667,0.03348636607148912,0.020757524573459498
frk2/so100large,19,0.7541666666666667,1.6958952411285786,0.8958333333333334,4.0619233417965965,0.9265947189799665,0.0,,0.23178708030703438,2.3152409971554166,0.21739518642425537,0.036119791666666665,0.10488909268069008,0.024610851819767847
frk2/so100large,21,0.7291666666666666,2.1573580161284194,0.8958333333333334,4.04585761122639,0.8202331475572627,0.0,,0.29236082266686475,2.431614015363727,0.25359736382961273,0.07087239583333334,0.11206516834412478,0.022139839197133315
frk2/so100large,23,0.7541666666666667,1.6144499165368809,0.8958333333333334,4.118154316078852,0.8697762471477145,0.0,,0.29960641444205427,2.393578116210993,0.291451059281826,0.051783854166666664,0.08988398774122752,0.04229672989885034
frk2/so100large,25,0.7041666666666667,2.1638619464333604,0.8958333333333334,4.196374364801341,0.8501932725909267,0.0,,0.37828354477286646,2.1943213258630925,0.32685138285160065,0.24020833333333333,0.1560298856539426,0.03361474956133921
frk2/so100large,27,0.7791666666666667,2.165615163012221,0.8958333333333334,3.970525834791466,0.771994010473024,0.0,,0.19656536845219055,3.147736231420487,0.1727866753935814,0.09876302083333334,0.15066291927196102,0.025588459522659753
frk2/so100large,29,0.7541666666666667,1.6274101950961763,0.8958333333333334,3.7606699214587582,0.9541902155234753,0.0,,0.3373165193731995,2.130917635047601,0.30615124106407166,0.020026041666666668,0.07183431179981609,0.02748062599386922
frk2/so100large,31,0.13333333333333333,1.640603561213552,0.8958333333333334,4.037529462374548,0.9163028639125275,0.0,,0.25624901191438576,2.4594913836192656,0.24426161870360374,0.0041796875,0.020451257185312634,0.02904015510431028
frk2/so100large,34,0.7125,1.581580414967619,0.8958333333333334,3.975012270620466,0.9289332456339628,0.0,,0.15263190225462933,3.082320005758434,0.1408851593732834,0.0,,0.024614049896944344
frk2/so100large,36,0.175,2.199992415802627,0.8958333333333334,3.845336101340353,0.8695899175939781,1.0,4.049581703271386,0.14780357069172811,4.14359980714034,0.1408660802990198,0.001979166666666667,0.019791896058136974,0.02342869808355952
frk2/so100large,38,0.8208333333333333,2.2465042422093906,0.8958333333333334,3.9321585128634884,0.7785101589567316,0.0,,0.36791980027922633,2.4543401390848114,0.3253589756786823,0.11083333333333334,0.11106790905086983,0.02145914613815655
frk2/so100large,40,0.22916666666666666,2.0296002744727355,0.8958333333333334,3.775358640453743,0.8414004362131847,0.0,,0.2047656850788558,2.947131243717967,0.21874994039535522,0.0,,0.10535123102551736
frk2/so100large,42,0.13333333333333333,1.9899780106554648,0.8958333333333334,3.7530377275908666,0.9531997644789931,0.0,,0.16900275409992294,2.2828385784456224,0.18014482036232948,0.0094921875,0.05713105015754945,0.02508799973590136
frk2/so100large,44,0.7541666666666667,1.8522502932621594,0.8958333333333334,4.062042697429569,0.8294720916317062,0.0,,0.25596709913577126,2.7778009113809214,0.2438078224658966,0.011380208333333334,0.02982009325660887,0.02641549914613489
frk2/so100large,46,0.32916666666666666,1.814579188765827,0.8958333333333334,3.976967102427214,0.9388900904600337,2.0,1.0609116902642342,0.19676722341793612,3.3301216552521704,0.1914050504565239,0.0,,0.05388072113618984
frk2/so100large,49,0.39166666666666666,1.899676032140671,0.8958333333333334,4.386219357595096,0.8958833225516575,0.0,,0.19874996584985896,2.998060114934843,0.1838216409087181,0.0016276041666666667,0.018610878661087862,0.03175441805809186
frk2/so100largediffcam,0,0.2833333333333333,2.265889950982621,0.1,2.9515654760209835,1.5041194416659964,2.0,4.763641690726175,1.0648303196336848,1.155233629083802,0.7655160501599312,0.3147786458333333,0.22956752757309193,0.023837542174544434
frk2/so100largediffcam,2,0.32083333333333336,1.839631307641726,0.4,2.225199241335332,0.9922257092937038,0.0,,1.0164158711726312,1.207931557828726,0.7688277661800385,0.4382682291666667,0.24738675525057424,0.01580991509581673
frk2/so100largediffcam,4,0.36666666666666664,3.1168240525895254,0.5375,2.0618900546605157,0.8788935503112755,0.0,,0.8667087824701294,1.5661835529030266,0.6153383851051331,0.3752083333333333,0.25070451329921317,0.057147233424654637
frk2/so100largediffcam,6,0.8333333333333334,2.455177321492396,0.1,2.9997962144544226,1.0968394331088036,1.0,1.6602823689828057,1.1165853386918716,1.212038071056602,0.7926176711916924,0.4844791666666667,0.251184453066736,0.060405272516856276
frk2/so100largediffcam,8,0.2875,2.060715291673324,0.1,3.817277620086447,1.4672824267081752,1.0,2.1055141888560485,1.0543446963507304,1.1367352997678868,0.7958641797304153,0.4211067708333333,0.2094645461497569,0.019140093833114945
frk2/so100largediffcam,10,0.375,2.1798487395116735,0.1,3.7902455140901914,1.4607323338048044,0.0,,1.0603752876306196,1.1197898116098417,0.8035816997289658,0.4203125,0.2133383107018608,0.018704458020618743
frk2/so100largediffcam,12,0.2625,3.508184962498497,0.1,2.0506026857321253,1.365426335386334,2.0,0.0,1.0663669382594545,1.2180379419063132,0.8147075772285461,0.408515625,0.20817613283711986,0.01703413681729459
frk2/so100largediffcam,14,0.85,2.484123893748109,0.1,2.3633597067096814,1.009586559457871,0.0,,1.1577208736881277,1.281015874260131,0.8198896795511246,0.45390625,0.2602307616599092,0.05436334009730797
frk2/so100largediffcam,17,0.21666666666666667,3.97384686222887,0.1,2.4634702925714302,1.496248204857087,0.0,,1.074155113136352,1.2059760074988743,0.7970613092184067,0.3449609375,0.21216009218192475,0.020308828516090366
frk2/so100largediffcam,19,0.17916666666666667,2.358807722538672,0.1,2.976696020006198,1.4515946383173235,0.0,,1.0629326154434247,1.1752708257830566,0.8148544132709503,0.395078125,0.19982009829919392,0.017448112844723297
frk2/so100largediffcam,21,0.29583333333333334,2.3687266479596167,0.1,2.847296343039653,1.3559582181799212,1.0,-4.610649318660606,1.0487783696739543,1.1965653416089346,0.824312224984169,0.4369140625,0.21895021537736395,0.01736712284487048
frk2/so100largediffcam,23,0.24166666666666667,4.008030208519778,0.2833333333333333,1.9907827072218132,1.3394078800114282,0.0,,1.0542784777096879,1.2006478531956848,0.8209488317370415,0.40069010416666667,0.2007840650398987,0.01796187887062945
frk2/so100largediffcam,25,0.20833333333333334,1.7122732837961663,0.1,2.9144675273700207,1.3624808118046083,0.0,,1.0571718667034686,1.1958854490738946,0.8196051567792892,0.4014583333333333,0.20009274176913405,0.017192267351472675
frk2/so100largediffcam,27,0.30833333333333335,3.3190767327133677,0.1,2.1544207903531296,1.3886278499525255,0.0,,1.0859783097053484,1.232210718325595,0.798086553812027,0.3869401041666667,0.2431209162359063,0.02845986711523328
frk2/so100largediffcam,29,0.15833333333333333,2.8730059862335033,0.45416666666666666,2.2212861262329446,1.485031103091529,2.0,-4.986333771235493,1.0385984099152556,1.2110885473815851,0.8166404590010643,0.3959505208333333,0.1975221770806402,0.017609734183063958
frk2/so100largediffcam,31,0.3416666666666667,2.400096782092788,0.1,3.4185570989936127,1.5916980966551426,0.0,,0.6827893022468821,1.5382014845315917,0.53180031478405,0.2860416666666667,0.20472589266395852,0.019118079049262125
frk2/so100largediffcam,34,0.15,3.0184034533706448,0.1,2.666734532791,1.4126214746430616,0.0,,1.058324148102594,1.2176375918643616,0.8048644065856934,0.40671875,0.20320467586215027,0.017565757052661436
frk2/so100largediffcam,36,0.225,3.712657747701326,0.1,2.5374348696330182,1.3974743724256855,0.0,,1.0768295305586573,1.275113453800828,0.8015373796224594,0.40076822916666666,0.20224978151027007,0.024972034566174854
frk2/so100largediffcam,38,0.35833333333333334,2.384267827110899,0.325,3.0768699797065646,1.7685348403447423,2.0,1.6602823689828057,0.8342525733995128,1.268622070932539,0.6157284826040268,0.31881510416666664,0.2249815658634823,0.019270280324713646
frk2/so100largediffcam,40,0.10833333333333334,2.0762349434021057,0.1,3.1223106433321557,1.4030921072056226,0.0,,1.0526225130907503,1.1026293937387892,0.814538262784481,0.4256640625,0.21264217538920605,0.017701404941967865
frk2/so100largediffcam,42,0.17083333333333334,3.333343994638532,0.1,3.2491150843835648,1.4642283930799218,0.0,,1.042644311483594,1.2499998756259838,0.8175664693117142,0.39412760416666665,0.19696456777865307,0.01975994881478679
frk2/so100largediffcam,44,0.75,3.8336765559520223,0.1,2.325698828276765,1.2364855720741499,0.0,,1.0902643932144533,1.28394376321425,0.8189522922039032,0.46243489583333336,0.2304773102531372,0.023339003236919013
frk2/so100largediffcam,46,0.19583333333333333,3.3795528042553524,0.1,2.9019949327739814,1.7696322487153866,1.0,0.0,0.8631996117547607,1.2654425876714954,0.6582673192024231,0.28739583333333335,0.2043913718662847,0.07592928411695614
frk2/so100largediffcam,49,0.125,2.28583194763117,0.3875,2.7912835974567725,1.5967727180522104,1.0,1.877877447285357,0.8320871414983767,1.2705573889520712,0.6076713502407074,0.3287760416666667,0.22526865238825136,0.02865010761251245
ganker5/so100_color_0328,0,0.1125,4.807325580072896,0.13333333333333333,3.453187830647329,6.925032357210836,0.0,,0.9200479559578073,1.1818431269128424,0.7295988202095032,0.37145833333333333,0.28883111534553435,0.01801835128392958
ganker5/so100_color_0328,2,0.15,2.354737456190657,0.1,3.4738327855933595,4.69490310273859,0.0,,1.1346347810216735,1.2102459048218634,0.8218276500701904,0.48704427083333335,0.25297504025539735,0.015483799825003771
ganker5/so100_color_0328,4,0.3458333333333333,5.5520756238559485,0.14166666666666666,2.3601232162476946,4.376618792349263,0.0,,-0.03668815247007121,1.4844475561515182,0.57526895403862,0.33368489583333333,0.23552353011574315,0.6276197521600458
ganker5/so100_color_0328,6,0.3625,3.7720523287065753,0.10833333333333334,2.6897292827621024,4.1198277984601885,1.0,-15.826154076172543,0.6577872438239623,1.4518216929129615,0.5811315774917603,0.35180989583333333,0.23444945994148542,0.7297195223203198
ganker5/so100_color_0328,8,0.3458333333333333,3.6877711300567233,0.12916666666666668,2.757887663167125,4.398564233099429,0.0,,0.6752596097097412,1.4021271864824085,0.6042822897434235,0.360234375,0.2428724652436551,0.7006459865914506
ganker5/so100_color_0328,10,0.5625,2.411737907243552,0.1,3.673117638554178,4.060042409142554,0.0,,1.1733986003365553,1.1622496868403907,0.806122824549675,0.4507421875,0.27057557397670123,0.016565887905335364
ganker5/so100_color_0328,12,0.5541666666666667,4.622269386237579,0.1,3.6941855160966224,4.446860289205794,0.0,,1.1678385358999017,1.155440640344118,0.8094696998596191,0.44994791666666667,0.26990789554617783,0.01995982655501715
ganker5/so100_color_0328,14,0.1,4.8384769833074515,0.1375,3.5169436055941965,7.498692169469682,0.0,,1.2036729340793846,1.129456696654751,0.7873151302337646,0.43861979166666665,0.2717861758991543,0.018544824231904716
ganker5/so100_color_0328,17,0.3,3.727329091572975,0.8291666666666667,2.476308621264231,3.06504433947709,0.0,,0.6039337607607722,1.4686954999103026,0.5825864523649216,0.37484375,0.23318118951236658,0.5312274801700205
ganker5/so100_color_0328,19,0.2875,3.6247482513468188,0.1,3.5966951883568976,3.822884733390172,0.0,,1.1567314593155456,1.18249686896912,0.8166386634111404,0.46186197916666666,0.2613115859039307,0.016099888979944476
ganker5/so100_color_0328,21,0.5666666666666667,3.1277625162666607,0.1,3.3883992915281147,4.254403170673021,0.0,,1.1338012324068647,1.1821456787901297,0.821340799331665,0.4666666666666667,0.25838477846682606,0.01705948672234231
ganker5/so100_color_0328,23,0.3458333333333333,2.962698355061333,0.825,2.3946591429011725,3.7208474371396414,1.0,-17.10272896905238,0.5497337995086292,1.4701688296871709,0.5490780249238014,0.3494791666666667,0.23100973380142042,0.7285442585484173
ganker5/so100_color_0328,25,0.375,3.2500672077624224,0.8291666666666667,2.628052335885189,3.9259229641438567,1.0,0.9793196543394913,0.5307753866826289,1.6911242581940986,0.48048633709549904,0.34587239583333335,0.23195979810845202,0.8689256976900726
ganker5/so100_color_0328,27,0.29583333333333334,3.3525001884623022,0.1,3.867106967467599,5.918611264834562,0.0,,1.1225192266205428,1.1811325563298134,0.74644435942173,0.39557291666666666,0.27848714057089974,0.018180183081913916
ganker5/so100_color_0328,29,0.14166666666666666,2.942113724893058,0.11666666666666667,2.904157366714339,5.591218112163351,0.0,,0.974589377188349,1.1557868246990424,0.6916169673204422,0.3970442708333333,0.26057520300632825,0.020146856063381003
ganker5/so100_color_0328,31,0.35833333333333334,4.59904011671079,0.14166666666666666,2.3362508714962384,4.171916971275565,0.0,,0.24523856232823282,1.2683517427588575,0.6478513479232788,0.334375,0.22469596840417627,0.5978793363783546
ganker5/so100_color_0328,34,0.2875,3.6201329596656078,0.1,3.4765857815278194,3.9558842190187073,0.0,,1.1379594525926968,1.1947467825022662,0.8199701607227325,0.4788541666666667,0.2556195690658725,0.015780024025568756
ganker5/so100_color_0328,36,0.5708333333333333,3.200994563632573,0.1,3.342574717838327,4.446242019346001,0.0,,1.1331661610252775,1.185841489955458,0.8152488693594933,0.4677864583333333,0.2568163707965956,0.01568578184354379
ganker5/so100_color_0328,38,0.2916666666666667,3.279627472022965,0.1,3.198013207664766,4.281384212842114,0.0,,1.12549682823505,1.1498402209275687,0.8261078372597694,0.47875,0.2563073310974433,0.016595824916781063
ganker5/so100_color_0328,40,0.5666666666666667,3.527828588659752,0.1,3.3322531940188793,3.955961801420982,0.0,,1.1333410562963437,1.1893844309292736,0.8158803731203079,0.4722395833333333,0.258815821594056,0.016794044080382695
ganker5/so100_color_0328,42,0.1,4.227930294671055,0.12083333333333333,3.27553681015852,6.116246728338802,0.0,,1.0780760968706644,1.1893957012763203,0.7571326047182083,0.40368489583333333,0.2572719039067214,0.017598527507869614
ganker5/so100_color_0328,44,0.5666666666666667,2.592024595228828,0.1,3.595144593681208,3.9150470040287915,0.0,,1.130186781871683,1.149596446936622,0.8211567923426628,0.4537890625,0.2609231001217496,0.016243840830602246
ganker5/so100_color_0328,46,0.2875,4.581492536076466,0.14583333333333334,2.6938544023577555,3.392602675235617,0.0,,0.7034108938591512,1.5585906920180235,0.5085824131965637,0.37852864583333334,0.2446352308134938,0.02071311241583699
ganker5/so100_color_0328,49,0.2625,3.0016666784932053,0.14166666666666666,2.7670452035964064,5.035406251721704,0.0,,0.49172623453940695,1.3680543344341478,0.5632137209177017,0.3419270833333333,0.2486056716389373,0.6610103612518266
ganker5/so100_dataline_0328,0,0.14166666666666666,4.113864703314131,0.1,3.544240263015238,7.021408707995285,0.0,,0.5144812029280831,1.2500572506686927,0.5722696185112,0.31640625,0.2798522650963376,0.01722660892193845
ganker5/so100_dataline_0328,2,0.20416666666666666,2.1375316769853576,0.1,3.105923211203888,7.169199190479482,0.0,,1.0775012639564945,1.1640619565885166,0.7245199456810951,0.357265625,0.25813755531299015,0.02210477980838749
ganker5/so100_dataline_0328,4,0.3458333333333333,3.5338290881702585,0.14166666666666666,2.4937260354528425,2.470346557441452,1.0,2.880377552847605,0.6697076231201176,1.5820692710819086,0.5032485872507095,0.37819010416666665,0.23797411461510812,0.058778138035863986
ganker5/so100_dataline_0328,6,0.375,3.9697727892044754,0.8208333333333333,2.561360689550655,2.9918803036779003,0.0,,0.3141853835357196,1.258175535758143,0.6661100834608078,0.35358072916666666,0.23573519135845747,0.5674113102401537
ganker5/so100_dataline_0328,8,0.2916666666666667,2.185576910910567,0.14166666666666666,3.4684312074868,4.772055763496458,0.0,,1.118835922822264,1.0759535304137375,0.8166987001895905,0.4441145833333333,0.25187626996304624,0.02189238869680345
ganker5/so100_dataline_0328,10,0.2875,1.8799498838939896,0.14583333333333334,3.3728244856110017,4.2542616280572565,0.0,,1.1141518496727572,1.1173519248847685,0.8169669061899185,0.4298958333333333,0.25109367538802035,0.019745215353576408
ganker5/so100_dataline_0328,12,0.35833333333333334,2.8062417146588965,0.1375,2.557642670618008,3.2617469348440062,0.0,,0.547937802711509,1.8479343868914235,0.4144800081849098,0.35337239583333335,0.23709537494945052,0.06821870269800163
ganker5/so100_dataline_0328,14,0.3125,3.232465317255227,0.8208333333333333,2.610869658313546,3.4259596948137885,0.0,,0.5011756420709569,1.49556800226923,0.5496393889188766,0.35204427083333334,0.24394340747678328,0.7421732480421228
ganker5/so100_dataline_0328,17,0.4625,2.7092575382449664,0.1,3.70530765607866,4.681427499475676,0.0,,1.1115802973446656,1.1378490627175113,0.8138666152954102,0.45928385416666667,0.2479258318291267,0.01639882009372334
ganker5/so100_dataline_0328,19,0.4583333333333333,2.201657738843679,0.1,3.000891064909428,5.657595199282255,0.0,,1.0721006981598586,1.107794202795499,0.7609272822737694,0.3854166666666667,0.2501197274680538,0.023385895344534925
ganker5/so100_dataline_0328,21,0.29583333333333334,2.4974726691302425,0.1,3.686604644496944,4.107997967129678,0.0,,1.1256392937640314,1.0772646927296616,0.7707402557134628,0.42901041666666667,0.25602572431873116,0.018388595634637465
ganker5/so100_dataline_0328,23,0.4,4.535719643330449,0.14166666666666666,2.666693359897326,1.9831024559891592,0.0,,0.5023810900810621,1.4174481113297515,0.5554367639124393,0.3525,0.2286983664203685,0.49361743625995996
ganker5/so100_dataline_0328,25,0.4625,3.1878708664558046,0.1375,2.5688699382570044,1.6232472580184147,0.0,,0.5868945077002637,1.972258459315658,0.44907257705926895,0.43930989583333335,0.23255222436669581,0.026708935044339036
ganker5/so100_dataline_0328,27,0.30833333333333335,2.5765166935599964,0.1,3.246232924644438,5.068904680875561,0.0,,1.156678585902104,1.1291827467212339,0.8044842183589935,0.44037760416666666,0.25854551262312697,0.01815279479492478
ganker5/so100_dataline_0328,29,0.2916666666666667,3.681817419753664,0.14166666666666666,2.732290771702842,3.339006795392322,0.0,,0.8068655439582725,1.3263435228460076,0.6016460657119751,0.38614583333333335,0.23091490937082731,0.025936205330112636
ganker5/so100_dataline_0328,31,0.29583333333333334,2.191235521666962,0.1,3.7615358052903085,5.36758849812024,0.0,,1.1308604896342402,1.09073216467312,0.7736817002296448,0.43990885416666664,0.2487896946170189,0.019175789561271573
ganker5/so100_dataline_0328,34,0.30416666666666664,2.8155613296049977,0.14583333333333334,3.1979006355063024,4.739260561863659,0.0,,1.1030768493898453,1.076962443377144,0.8081324100494385,0.4294140625,0.24969547630221386,0.019719030402204647
ganker5/so100_dataline_0328,36,0.2875,2.482090605526747,0.1375,3.532189536984248,5.081938337701713,0.0,,1.1089288058724116,1.0689286555047226,0.8167823851108551,0.44778645833333336,0.2475709952659684,0.019351766233812896
ganker5/so100_dataline_0328,38,0.2916666666666667,2.6723645627370147,0.8291666666666667,2.882422667630048,2.9711032654094836,0.0,,0.6330287590486108,1.3719843025596192,0.5832765102386475,0.3584765625,0.2421638353965078,0.6272215523712457
ganker5/so100_dataline_0328,40,0.4583333333333333,1.9453487146248731,0.1,3.599659735204105,4.75168012659682,0.0,,1.1094803053057116,1.0865524457521196,0.8062178194522858,0.4251302083333333,0.24991535686596142,0.01624745469551168
ganker5/so100_dataline_0328,42,0.2916666666666667,3.8578160147889604,0.14583333333333334,2.5555473283475645,3.592620733184746,0.0,,0.6451292994393031,1.5900872845395873,0.47076084464788437,0.3430078125,0.23667335506467066,0.05000288091548664
ganker5/so100_dataline_0328,44,0.4666666666666667,2.49724145006938,0.1,3.268559144645871,5.457015426449457,0.0,,1.129291072106806,1.1360163182066603,0.8052325323224068,0.42873697916666664,0.2567956528153505,0.022718214094205495
ganker5/so100_dataline_0328,46,0.18333333333333332,2.1596145375673808,0.1,3.1989366631088685,4.673747184290397,0.0,,0.840284983337109,1.323339427437216,0.59168591350317,0.3691796875,0.2465771113046268,0.02540508920065651
ganker5/so100_dataline_0328,49,0.2916666666666667,2.1526201581645994,0.1,3.5851052543041377,4.620153196337124,0.0,,1.1061728865866967,1.0916976157664924,0.8118892163038254,0.46140625,0.2503027439178463,0.02336307946601647
ganker5/so100_dataline_20250331,0,0.55,5.478885322626737,0.1,2.4740268003227612,1.9479994277343038,0.0,,1.1098868047163948,1.2116839211197592,0.8362656384706497,0.49907552083333334,0.2837958433212734,0.03495187072257432
ganker5/so100_dataline_20250331,2,0.45,2.117132985868882,0.1,2.8378972786561665,5.167607476264664,0.0,,1.0894214885438258,1.0387612227569025,0.7635306566953659,0.38276041666666666,0.25114836447733474,0.01858262108012401
ganker5/so100_dataline_20250331,4,0.1375,2.910863725592947,0.5333333333333333,2.821885630523028,5.379571461905556,0.0,,1.098315021015051,1.1285783339183793,0.8080931007862091,0.45837239583333333,0.24052759387067263,0.02328517195273439
ganker5/so100_dataline_20250331,6,0.1,1.980316214457696,0.1,2.984532978389533,3.920628209139821,0.0,,1.113852431631869,1.0973525736683747,0.7463231682777405,0.3821484375,0.2681094677799747,0.018442513348037058
ganker5/so100_dataline_20250331,8,0.2916666666666667,2.724727678871807,0.1,3.226825860029483,4.298578329921091,0.0,,0.6802515656794265,1.589132841810558,0.45816759765148163,0.39765625,0.2471834729403512,0.025338662922629533
ganker5/so100_dataline_20250331,10,0.1,2.4036539549590663,0.1,3.9783138363108996,5.78603601654546,0.0,,1.144491900855998,1.0892495966515299,0.8028755635023117,0.45522135416666665,0.25898709129443576,0.016054042306722624
ganker5/so100_dataline_20250331,12,0.475,4.630793530427549,0.1,2.575379683373993,2.934250381511424,0.0,,1.1495179255988945,1.1198663034211307,0.8011907190084457,0.4687630208333333,0.29727846936841246,0.02916775518469864
ganker5/so100_dataline_20250331,14,0.1375,2.500435692568955,0.14166666666666666,2.952409838556664,3.6003809206719164,0.0,,0.995322251405221,1.2921520146409422,0.6954231262207031,0.453515625,0.28838458646119763,0.021295155196241096
ganker5/so100_dataline_20250331,17,0.14166666666666666,3.874397105539176,0.15,3.9015543596968603,6.120164385722037,0.0,,1.106446990956265,1.191714736908101,0.7957566827535629,0.48977864583333336,0.24881164985258591,0.018186283365743246
ganker5/so100_dataline_20250331,19,0.5416666666666666,2.376417059618817,0.8291666666666667,2.3845578744443343,4.752678827636669,0.0,,0.9526769401262496,1.145077699107624,0.6777594834566116,0.38126302083333335,0.2581826163138048,0.020603111015466722
ganker5/so100_dataline_20250331,21,0.2708333333333333,3.926887744290652,0.17083333333333334,2.8739554289923563,6.517426867413402,0.0,,0.6437160523420209,1.4997422694744817,0.4903365969657898,0.35877604166666666,0.25014023433027516,0.11111564734200328
ganker5/so100_dataline_20250331,23,0.18333333333333332,3.0456391721159966,0.5875,2.6954432826554022,6.769073338566742,0.0,,1.0903442437707023,1.1067099661236242,0.7831055223941803,0.3908333333333333,0.25063299573560766,0.020682917707113085
ganker5/so100_dataline_20250331,25,0.17916666666666667,3.7195545586946213,0.1,2.7276530528066467,4.508929750976733,0.0,,1.1054599037444661,1.1129230007142668,0.8058194816112518,0.44359375,0.23500378028093455,0.023021030850348595
ganker5/so100_dataline_20250331,27,0.5666666666666667,2.5707868813104042,0.1,2.843481775973164,3.6298647700168396,0.0,,1.1638771309896931,1.1426405721461697,0.7971905097365379,0.4257421875,0.278714807943047,0.017261399939735772
ganker5/so100_dataline_20250331,29,0.5333333333333333,2.2681188461750716,0.1,2.9075486944953806,3.8371373336699808,0.0,,1.1202087488049752,1.1119502119892133,0.8125486820936203,0.46401041666666665,0.2813254520016663,0.01649520950548327
ganker5/so100_dataline_20250331,31,0.1,2.1319382511549145,0.6625,2.591143246003714,6.1644193477516795,0.0,,0.9566932426227729,1.1491146910229912,0.6728552728891373,0.343671875,0.24501130756546352,0.024878568366355658
ganker5/so100_dataline_20250331,34,0.5625,2.186723589613364,0.1,3.1668043991792647,5.456623048513799,0.0,,1.1021309255683052,1.1562838592480738,0.8119862005114555,0.46946614583333335,0.24574786660779174,0.016350690907683374
ganker5/so100_dataline_20250331,36,0.24166666666666667,4.263120084278301,0.1,3.70692100085274,5.5474501357891395,0.0,,1.162609836542856,1.1650174253337444,0.7569405287504196,0.43161458333333336,0.26365007853708455,0.016767289927043554
ganker5/so100_dataline_20250331,38,0.19583333333333333,4.09549302792576,0.19583333333333333,2.9166643419561535,7.08885040667269,0.0,,0.7409810595535681,1.3104194710025199,0.5736590325832367,0.3536328125,0.2570141338754993,0.18658451567893206
ganker5/so100_dataline_20250331,40,0.17916666666666667,2.165090540557473,0.1,2.6876929077605456,4.724409199538018,0.0,,0.9306663881535582,1.2755132342063342,0.6460354179143906,0.3999739583333333,0.2795377630113972,0.018562320195186513
ganker5/so100_dataline_20250331,42,0.5166666666666667,2.2135355721233663,0.11666666666666667,2.4326124700464673,5.6052581038040135,0.0,,1.016542061967497,1.1053321123047908,0.7194397300481796,0.37049479166666666,0.24886383454407654,0.02208180717335467
ganker5/so100_dataline_20250331,44,0.10833333333333334,3.7320122928507296,0.10833333333333334,3.218936836737046,7.531637559187809,0.0,,1.034020456030198,1.2214964178910694,0.7176595330238342,0.39848958333333334,0.2656023305401049,0.016772777361367328
ganker5/so100_dataline_20250331,46,0.2916666666666667,1.966958199466243,0.625,2.6888032882271156,6.507169715666814,0.0,,1.102678148294605,1.1090547943831546,0.7833753824234009,0.38990885416666665,0.2546297221335349,0.02097780698657186
ganker5/so100_dataline_20250331,49,0.5041666666666667,2.736004670314735,0.1,2.694362032861499,2.2067482311570985,0.0,,1.1526417826407978,1.22505750318369,0.8162757977843285,0.5111197916666667,0.29086117173145265,0.024651752854044896
ganker5/so100_push_20250328,0,0.1875,3.3832423108956844,0.10833333333333334,3.6237224612144256,5.813525812050095,0.0,,1.0707285495527732,1.0981397368558925,0.76780616492033,0.42291666666666666,0.24842915885153655,0.01998798490524387
ganker5/so100_push_20250328,2,0.15416666666666667,5.443906101726203,0.12916666666666668,3.1796014070192244,7.12219543308915,0.0,,0.5437113869023559,1.2607796907272366,0.6139040291309357,0.33252604166666666,0.2728528919575423,0.07230325514513998
ganker5/so100_push_20250328,4,0.1,3.0381471034243734,0.1,3.657305712245107,6.677089779112298,0.0,,1.1476420799132003,1.1932374664648802,0.791610911488533,0.39484375,0.26809895251230914,0.017447896318069547
ganker5/so100_push_20250328,6,0.2,2.8066535938880834,0.1,3.3730954250051584,5.919813543122704,0.0,,0.8488692798081559,1.4606108868280625,0.580614373087883,0.41239583333333335,0.28163017160201687,0.018046260082064867
ganker5/so100_push_20250328,8,0.22916666666666666,3.533093955224789,0.17083333333333334,2.8923879645779187,7.533332071737898,0.0,,0.21907794396519464,1.1029369828360196,0.6648499965667725,0.31893229166666665,0.2659226937311605,0.04149394601737923
ganker5/so100_push_20250328,10,0.1,3.8873690315827685,0.1,4.107736622877932,6.228893263304481,0.0,,1.195378382318082,1.1342716119184315,0.7904066890478134,0.43604166666666666,0.2773993107129363,0.019464297630289347
ganker5/so100_push_20250328,12,0.1,3.408092534118389,0.15,3.082323801708765,7.718296019342493,0.0,,0.32779367566924517,1.1042665928582187,0.2485123872756958,0.310703125,0.27428301997293364,0.04512645237498209
ganker5/so100_push_20250328,14,0.2,4.557250110566777,0.1,2.9960245914567682,7.866404192417854,0.0,,0.3004413278051066,1.2488351810893275,0.21798467636108398,0.31420572916666667,0.2778899136495027,0.01977524175479015
ganker5/so100_push_20250328,17,0.35,3.42672877930429,0.8208333333333333,2.821676332889267,3.304440492297914,0.0,,0.6775219653510415,1.3140515918039832,0.5897719711065292,0.3806640625,0.2709329177141229,0.7042553707754625
ganker5/so100_push_20250328,19,0.2,5.194618406059061,0.10833333333333334,2.704639137456234,6.887708083355677,0.0,,0.3584095373398255,1.3143735092267028,0.5888053476810455,0.33274739583333335,0.26756679538512795,0.6812567025958021
ganker5/so100_push_20250328,21,0.1,4.693263630448994,0.11666666666666667,3.6910884758233355,6.688130937796431,0.0,,1.1415452129814896,1.1648496902237158,0.749408483505249,0.392578125,0.2867066341930514,0.01817955840117424
ganker5/so100_push_20250328,23,0.13333333333333333,3.422893039210822,0.1,3.640741528384546,6.547944099143855,0.0,,1.1540715062151856,1.1776432033973214,0.807760015130043,0.42583333333333334,0.2663784297750739,0.017562371615542655
ganker5/so100_push_20250328,25,0.1,3.421855006555187,0.1,4.032956491318031,5.904337052864302,0.0,,1.1826697268254092,1.0925486724476148,0.7833327949047089,0.43713541666666667,0.2739723329911806,0.016981605424898023
ganker5/so100_push_20250328,27,0.1,2.8113489285708826,0.1,4.154164911877596,5.481878416829793,0.0,,1.1600683628493274,1.155480498049055,0.8104110509157181,0.4668880208333333,0.25997304728464055,0.015546605025329263
ganker5/so100_push_20250328,29,0.1,5.87066521550091,0.12083333333333333,3.2392281500084366,7.266431776897614,0.0,,1.0966551250385683,1.1199710399802087,0.7663558721542358,0.3623828125,0.2715536947526531,0.017495561208438228
ganker5/so100_push_20250328,31,0.1875,4.662789981543019,0.15416666666666667,2.8717566734034268,7.556034754387163,0.0,,0.21530602568017446,1.346751176740757,-0.029287874698638916,0.32080729166666666,0.2837359441703311,0.02325522365524245
ganker5/so100_push_20250328,34,0.22083333333333333,3.2250747220292713,0.1375,3.7032528376220233,5.782751534900908,0.0,,1.0669439562627778,1.0872398996837136,0.7752806544303894,0.4286328125,0.24832348095191428,0.0867552892661927
ganker5/so100_push_20250328,36,0.18333333333333332,5.879203492903373,0.14166666666666666,2.794038278498952,6.7375701010101405,0.0,,0.5650355814264341,1.1786007164942693,0.6620335578918457,0.3295182291666667,0.2603328200823593,0.6098181117231375
ganker5/so100_push_20250328,38,0.2791666666666667,3.4770940300268776,0.1,3.5970331788927585,6.068123169906381,0.0,,1.1554601552608337,1.2166667441825472,0.8198690712451935,0.4267708333333333,0.26257821571657186,0.016734958399747004
ganker5/so100_push_20250328,40,0.14583333333333334,5.530680516901508,0.15416666666666667,3.56361274936363,7.863070730694658,0.0,,0.8067892112864083,1.0479718003734542,0.6879799664020538,0.37188802083333333,0.2951136369795896,0.020055598423296916
ganker5/so100_push_20250328,42,0.14583333333333334,3.669819539078333,0.10416666666666667,4.186198520086738,5.125608427244789,0.0,,1.1295000868568517,1.119119710343476,0.8134070187807083,0.48321614583333333,0.2520628772959646,0.01661160232830393
ganker5/so100_push_20250328,44,0.12916666666666668,5.4315703655834735,0.11666666666666667,3.0454477266300377,7.241345354993395,0.0,,0.8595954589569161,1.2186008248376707,0.6730675995349884,0.34328125,0.2631161803625966,0.35896781298218666
ganker5/so100_push_20250328,46,0.2791666666666667,3.3719269469946425,0.1125,3.609458719711475,6.108098901270805,0.0,,1.1505865322682802,1.2016005875560476,0.8180751726031303,0.428359375,0.2621710671071304,0.01585478586872539
ganker5/so100_push_20250328,49,0.1,4.056805551554024,0.1,3.996103400261468,5.811194771020149,0.0,,1.170502308878896,1.1305463566744105,0.7742896378040314,0.4241666666666667,0.27441050628437086,0.01719218135970799
ganker5/so100_push_20250331,0,0.1,3.0783433241467035,0.10833333333333334,3.1902697032409026,6.765197096958039,0.0,,0.9975767332656784,1.1985633915613771,0.6880356669425964,0.3680729166666667,0.2585613609841961,0.036157027463880685
ganker5/so100_push_20250331,2,0.13333333333333333,3.1420513728280284,0.1,3.871758179580044,6.263792486835204,0.0,,1.136652653984311,1.1641061168508098,0.7908968701958656,0.419453125,0.26949846125791094,0.021444703659552124
ganker5/so100_push_20250331,5,0.1,5.598604806505289,0.12083333333333333,3.294725420209345,6.4923726579845376,0.0,,0.8973838461159548,1.1135275631727597,0.7231239378452301,0.3498177083333333,0.2664477383026313,0.017080053544921793
ganker5/so100_push_20250331,7,0.1625,4.720839345389343,0.10416666666666667,3.422624230591966,7.1548765133857755,0.0,,0.30693489146164404,1.2914769374152602,0.548416867852211,0.32359375,0.27128416123029925,0.131942247564777
ganker5/so100_push_20250331,10,0.1,2.7579096851027383,0.11666666666666667,3.0808841374908953,5.997361220887388,0.0,,1.0634704237781194,1.1385451628608338,0.7429907619953156,0.3834375,0.25529605266896954,0.0202379751963093
ganker5/so100_push_20250331,12,0.1,3.6345925668002157,0.1,3.6509256801854697,6.545221431544367,0.0,,1.1039643421619467,1.0676655804420574,0.7586174309253693,0.37981770833333334,0.2775667957134845,0.018511033698425647
ganker5/so100_push_20250331,15,0.14166666666666666,4.960435460345012,0.1375,3.2669337945903503,6.813194701854973,0.0,,0.5469175483879728,1.1771605886633498,0.6391549408435822,0.3365234375,0.27474880422473535,0.01962465998386941
ganker5/so100_push_20250331,17,0.15833333333333333,3.8303322973923426,0.14166666666666666,2.968006330784583,6.8064013497842035,0.0,,0.7937361601759938,1.3522002450625608,0.5481426417827606,0.34759114583333334,0.2600751868503731,0.08952542540058314
ganker5/so100_push_20250331,20,0.17083333333333334,4.702402726087928,0.12916666666666668,3.0695722372963017,6.840292384100247,0.0,,0.29643800499273076,1.3511931550064915,0.529077023267746,0.3274609375,0.26859365878111224,0.7180714655890481
ganker5/so100_push_20250331,23,0.15833333333333333,5.754997308474718,0.12916666666666668,3.108328279407762,6.915689383350606,0.0,,0.27274041093989093,1.3341948537065778,0.5081172287464142,0.3230208333333333,0.26695886331713753,0.7277988722162756
ganker5/so100_push_20250331,25,0.13333333333333333,4.5018995742679575,0.11666666666666667,3.07975366194995,6.993646483063792,0.0,,0.9460000710865593,1.1866211124996489,0.6481612175703049,0.3401953125,0.2556828545727636,0.10249182707257268
ganker5/so100_push_20250331,28,0.12916666666666668,5.252127643176439,0.1,3.1689892492386034,6.973659283348387,0.0,,0.8003303460384504,1.1305796701563953,0.674783319234848,0.34372395833333336,0.2636098969080008,0.04345401393602432
ganker5/so100_push_20250331,30,0.1,4.978296005942367,0.10833333333333334,3.6593333572968008,6.583450004249078,0.0,,1.053291893064662,1.1594434754793101,0.7384302914142609,0.37735677083333335,0.28076481792500324,0.01743898409248176
ganker5/so100_push_20250331,33,0.21666666666666667,3.1219599335307273,0.12916666666666668,2.9762981938492796,5.65443368073495,0.0,,0.7477814800143849,1.4437435173779227,0.5200765579938889,0.34946614583333335,0.24480206706003454,0.02347826705691357
ganker5/so100_push_20250331,35,0.16666666666666666,5.013141443875847,0.1375,3.0731372970327127,6.81261906919601,0.0,,0.39856745906912583,1.2871283119256276,0.5561176836490631,0.3280078125,0.2635533146011335,0.7072809122201067
ganker5/so100_push_20250331,38,0.43333333333333335,2.6181558761001806,0.1,3.3944705496801055,4.75405583934247,0.0,,1.129220528817358,1.123532843594712,0.7828714400529861,0.39390625,0.26195992712816246,0.01642110382319711
ganker5/so100_push_20250331,41,0.3,2.5657451202117327,0.14166666666666666,2.900131064740893,5.881931968984328,0.0,,0.8470383197272751,1.3266784536725247,0.5905808508396149,0.36376302083333334,0.2510947000745701,0.022762566446346118
ganker5/so100_push_20250331,43,0.29583333333333334,4.662049728999854,0.8208333333333333,2.5204071924549445,4.7563782576164835,0.0,,0.38213427582525994,1.1907320308059994,0.6469171345233917,0.3293359375,0.23939330626645666,0.6169888904384181
ganker5/so100_push_20250331,46,0.1,5.233874923917866,0.1125,3.3377983146503145,7.176137894289534,0.0,,0.8453419576280288,1.1488475347757343,0.672126829624176,0.35098958333333335,0.2754047972800553,0.017263939760936497
ganker5/so100_push_20250331,48,0.1,5.665771851354934,0.1,3.5563170561447293,6.4863438107359785,0.0,,0.9175892410559804,1.1152805895050761,0.7210640013217926,0.345390625,0.2661075878186303,0.01814359475301511
ganker5/so100_push_20250331,51,0.19583333333333333,3.4278855003847695,0.1125,3.080412037070419,4.809994398511177,0.0,,0.8080280811454866,1.3681563417006508,0.5777896344661713,0.355703125,0.2401238351588803,0.020685365143441506
ganker5/so100_push_20250331,53,0.38333333333333336,3.757132933227593,0.8291666666666667,2.401979542833429,2.6006868483176393,0.0,,0.5886285112794157,1.7232710656697057,0.4385373815894127,0.37578125,0.2353008463887125,0.024273251979767662
ganker5/so100_push_20250331,56,0.5291666666666667,3.871775077611245,0.1375,2.666490005353421,1.7477105376567075,0.0,,0.6675533169823451,1.5603431366289835,0.5123082846403122,0.394140625,0.22916651116243902,0.025482115733316
ganker5/so100_push_20250331,59,0.32083333333333336,2.0933741088315236,0.12083333333333333,2.910000995853065,5.512731433142294,0.0,,1.0181509615308244,1.1078745058895771,0.7280716001987457,0.3840104166666667,0.25166402121956905,0.025570934983463453
ganker5/so100_toy_20250402,0,0.2833333333333333,3.0061248703034136,0.4125,2.5574570218385873,2.6549770459933786,0.0,,0.5309974139774505,1.9771656118826226,0.3917551785707474,0.375625,0.2705843004569325,0.021618812836112763
ganker5/so100_toy_20250402,4,0.5458333333333333,6.560730709580187,0.1,2.3294903151983353,1.8978825155353805,0.0,,1.124148736382691,1.2232602900711917,0.8304389864206314,0.5387630208333334,0.276412936542374,0.017856216035460854
ganker5/so100_toy_20250402,8,0.5458333333333333,6.378497966994855,0.1,2.493906262485029,2.05296465930718,0.0,,1.1152057673105429,1.2719572560756591,0.8430818170309067,0.5732161458333334,0.29053403712418485,0.024265164758651748
ganker5/so100_toy_20250402,12,0.5416666666666666,4.247291804027215,0.1,2.831258856939208,2.5179345137132674,0.0,,1.0238321889638857,1.1904928374764459,0.7630479335784912,0.44907552083333335,0.2745817567689704,0.01739460237667951
ganker5/so100_toy_20250402,17,0.5541666666666667,4.852854841137257,0.1,3.1904688370606844,2.8390417320611663,0.0,,0.8976121710826676,1.3642368829561409,0.6447697281837463,0.40545572916666667,0.30455881382721633,0.02195045400180442
ganker5/so100_toy_20250402,21,0.5541666666666667,3.7231880099236254,0.1,3.019119272550568,2.599738775043253,0.0,,0.9950284624299492,1.2277993814211134,0.7394354715943336,0.4149348958333333,0.2685358195733234,0.020857618195481202
ganker5/so100_toy_20250402,25,0.55,4.519251350166609,0.1,2.264626323091961,1.52920503480409,1.0,0.9877603996398108,1.1220461439597753,1.1382701159625557,0.8389143273234367,0.5300260416666667,0.2871148496813665,0.016164650281985556
ganker5/so100_toy_20250402,30,0.5708333333333333,6.43194133793492,0.1,2.5872823804770073,2.169687775718836,0.0,,1.124152261652547,1.2471216030725125,0.8178742080926895,0.44946614583333333,0.2708700477973382,0.028469912932773067
ganker5/so100_toy_20250402,34,0.5666666666666667,5.624975054972047,0.1,2.5575830223947986,1.8395350910656307,0.0,,1.1346918757635365,1.1704945688439519,0.8319564014673233,0.46921875,0.2777161239504336,0.01640642723254652
ganker5/so100_toy_20250402,38,0.5416666666666666,7.205802672728336,0.1,2.556087734868524,1.7759123273854316,0.0,,1.1159616109710824,1.1929561912212225,0.8365383446216583,0.5544401041666667,0.2837005013039878,0.03242967909506813
ganker5/so100_toy_20250402,43,0.5208333333333334,5.271605124958503,0.1,3.0797595369629374,2.7591067520860864,0.0,,1.0453918528683668,1.2047557741242727,0.7367732971906662,0.4383463541666667,0.2820736185415368,0.02897133871620423
ganker5/so100_toy_20250402,47,0.5208333333333334,5.411477460375808,0.1,2.939188303197969,2.915488637811587,0.0,,1.1593734378109117,1.1458719769486037,0.8010991513729095,0.4417578125,0.30559114554717715,0.027288813606464787
ganker5/so100_toy_20250402,51,0.5333333333333333,5.7610400749221435,0.1,2.657778814317604,2.5049715938940493,0.0,,1.1382191595069475,1.1753840456529776,0.8294447809457779,0.5067578125,0.293509930129533,0.022209790039956753
ganker5/so100_toy_20250402,55,0.5458333333333333,6.499778953950737,0.1,2.519228211681941,1.9116172900922153,0.0,,1.111480881399386,1.1602967660961458,0.8302095085382462,0.4833854166666667,0.2844864818076612,0.017484984789057204
ganker5/so100_toy_20250402,60,0.5333333333333333,4.501361694845489,0.25416666666666665,2.35596470225698,2.6161981535597505,0.0,,0.5588768856423562,1.9070313513374653,0.3850134313106537,0.3901822916666667,0.28618948057449767,0.02184218535435397
ganker5/so100_toy_20250402,64,0.55,6.769296505326884,0.1,2.876397061745819,1.8667541002427825,0.0,,1.112839951184924,1.2112171445301114,0.8366139978170395,0.5433984375,0.2935991675311481,0.02073868629222362
ganker5/so100_toy_20250402,68,0.17916666666666667,4.66906421740544,0.19166666666666668,2.6346821532924767,3.133456239741126,0.0,,0.47690621724281385,1.142716025551232,0.7042917311191559,0.3699869791666667,0.29647226514960207,0.604254578408437
ganker5/so100_toy_20250402,73,0.525,7.202464701621205,0.1,2.404001327280749,1.9390504186272794,0.0,,1.123480080190222,1.19103075889915,0.8292456716299057,0.5211067708333333,0.28011894173968704,0.03713442404870938
ganker5/so100_toy_20250402,77,0.525,5.863883802838889,0.1,2.935723912327446,2.658204017923837,0.0,,0.8433087853606613,1.3664862555056332,0.6113791614770889,0.40860677083333335,0.26892841776311355,0.020780001484995543
ganker5/so100_toy_20250402,81,0.5458333333333333,5.744696211630226,0.1,2.9713367208750108,2.0880454474794052,0.0,,1.1330858509153596,1.1746982101677808,0.8385968655347824,0.4983723958333333,0.28490143724259315,0.0324595822924521
ganker5/so100_toy_20250402,86,0.5166666666666667,6.281556116911682,0.1,2.3393929835041933,1.7022935253796392,0.0,,1.1138816958554105,1.2317281799576587,0.8532714992761612,0.5477083333333334,0.2771402533059804,0.030003372395768623
ganker5/so100_toy_20250402,90,0.525,7.867628471079219,0.1,2.1986761425037042,1.6946236354763544,0.0,,1.1197888039884565,1.1838977500561207,0.8283084779977798,0.550546875,0.2846114522159344,0.03153650271386002
ganker5/so100_toy_20250402,94,0.5,4.41158945844905,0.1,2.71869747307653,2.146409340316381,0.0,,1.1310370004561452,1.2149118196667297,0.8308868557214737,0.529296875,0.2713650048634377,0.022437606718548
ganker5/so100_toy_20250402,99,0.5333333333333333,6.432447535743203,0.1,2.4200845667583306,1.7375295519062508,0.0,,1.1324054598645998,1.2109468904715641,0.8425943180918694,0.5351041666666667,0.2722510940807645,0.03165712055429785
isadev/bougies3,0,0.16666666666666666,1.9753454128059376,0.15416666666666667,2.8598062008761125,2.120288680476531,0.0,,-0.13578810124256005,1.434447294346957,-0.10598039627075195,0.05611979166666667,0.08605461658690017,0.10210087024292668
isadev/bougies3,8,0.17083333333333334,2.0622841739504687,0.16666666666666666,2.7472673972965116,2.217523804183198,1.0,-18.159490466786778,0.02325011769183017,1.4089010587197388,6.54458999633789e-05,0.05838541666666667,0.0879062328539596,0.17278331793632207
isadev/bougies3,17,0.8041666666666667,1.8439113534663687,0.15416666666666667,3.076880019748173,1.7153166486627867,1.0,-18.01469391820524,-0.09782613748320955,1.239639107701629,-0.07845449447631836,0.04997395833333333,0.09489993262704381,0.18460819556608274
isadev/bougies3,25,0.14583333333333334,2.6643190881655765,0.19166666666666668,3.1088283915866697,2.2276446387137754,0.0,,-0.08104489909797866,1.3831616067741723,-0.06681889295578003,0.05545572916666667,0.08830230051841977,0.1578869313121835
isadev/bougies3,34,0.6583333333333333,1.9418820314753364,0.15416666666666667,3.0081635074316435,1.9441806739043692,2.0,-18.034285567129857,-0.05882659043078949,1.4774750150267926,-0.049054741859436035,0.0580078125,0.08756556734241533,0.3101627304776016
isadev/bougies3,43,0.8333333333333334,1.7332313329166118,0.1,3.0015821339346167,0.9171266919967908,0.0,,0.18551634968040004,1.5863678742408944,0.16364595293998718,0.1369921875,0.15661802515709763,0.15121623309857443
isadev/bougies3,51,0.10416666666666667,3.4526947491801208,0.14166666666666666,3.5189992283914178,1.9171164025554313,1.0,-19.230672375661285,0.2039010473340186,1.0478929338505218,0.12053906917572021,0.0522265625,0.08530933239031992,0.21855541021482244
isadev/bougies3,60,0.10833333333333334,3.7713403875059175,0.15416666666666667,3.506345657462937,2.2310507616420354,0.0,,0.3308521313605929,0.8227386568324081,0.22647780179977417,0.05022135416666667,0.12329590387742548,0.12018561158422211
isadev/bougies3,69,0.10833333333333334,3.1693911457705464,0.14166666666666666,3.4097325290765927,1.8839779602182403,0.0,,0.2016366208806149,1.3030477786324612,0.1364668607711792,0.060703125,0.1031001114683123,0.12627704236942783
isadev/bougies3,77,0.10833333333333334,3.2967157228714092,0.14166666666666666,3.518470652199348,1.8878495671115065,2.0,-19.983106521899984,0.24699019903378583,1.2973879466731602,0.16758644580841064,0.07087239583333334,0.1347637017181486,0.1699338165507812
isadev/bougies3,86,0.10833333333333334,3.615197024441914,0.14166666666666666,3.2802957424079437,1.8445318933185335,1.0,-11.78818329910763,0.41572847770198035,1.3432899824631397,0.2707982659339905,0.11989583333333333,0.21330233124552414,0.1071293577269181
isadev/bougies3,95,0.10416666666666667,3.356659236683633,0.1375,3.2737986893312243,1.8587118260494058,0.0,,0.09511873885660577,1.2196582477657822,0.06544685363769531,0.05677083333333333,0.09582549614218262,0.3023707552882355
isadev/bougies3,103,0.10416666666666667,3.3744683066359533,0.15833333333333333,3.245372835245222,1.7290386888988507,0.0,,0.23471451515604552,0.7898006738320031,0.16932523250579834,0.047552083333333335,0.09175461832113543,0.2427438489357326
isadev/bougies3,112,0.10416666666666667,3.48972710008611,0.11666666666666667,3.2714827684621555,1.768244083375481,1.0,-19.910626131071396,0.12986965513518944,1.1925534981644763,0.09138870239257812,0.05489583333333333,0.08907489301564869,0.3084473559458989
isadev/bougies3,121,0.10416666666666667,3.369577882503131,0.1375,3.427196917016325,1.9001572845059829,0.0,,0.2499044570092162,1.0815339179539032,0.16586226224899292,0.06553385416666667,0.1839424650860804,0.09130953242510943
isadev/bougies3,129,0.10416666666666667,4.222630030410281,0.1375,3.2718732303716087,2.1293905873983205,0.0,,0.39846327388329444,1.0263054563085325,0.2648428678512573,0.08958333333333333,0.19477352340177095,0.08301047734603352
isadev/bougies3,138,0.10416666666666667,3.882135054116805,0.11666666666666667,3.220252130229003,2.0204603333693605,1.0,-19.94902218355712,0.024772404388807553,1.1707403241444636,0.010331690311431885,0.054453125,0.08828031671899293,0.35525208294190225
isadev/bougies3,147,0.10833333333333334,3.345381074162637,0.175,3.2215766419281113,1.927711012813924,0.0,,0.3471509532550893,1.2631016999045883,0.25140342116355896,0.09059895833333333,0.1751934199338289,0.07839639270660484
isadev/bougies3,155,0.10416666666666667,4.242972239175992,0.14166666666666666,3.358440997903255,2.3748682257213085,0.0,,0.10369227652841718,0.8931901378052866,0.07011675834655762,0.041640625,0.09959284176040988,0.2578757560610909
isadev/bougies3,164,0.10416666666666667,3.5455847767652076,0.1375,3.223002516261948,1.7682197816862273,0.0,,0.281341964951041,1.2835737573113084,0.18454301357269287,0.060833333333333336,0.10785969650942856,0.13328291719379465
isadev/bougies3,173,0.10416666666666667,3.5998606241080155,0.1375,3.3494435780052827,1.7841822155901326,0.0,,0.18636826030306505,1.1776165044004068,0.12169140577316284,0.054401041666666664,0.0879872854622039,0.17793803284835885
isadev/bougies3,181,0.10416666666666667,3.7847917684104866,0.15,3.36090067232679,1.8100557101523498,0.0,,0.2847508627106214,0.7793227797867616,0.22688505053520203,0.059166666666666666,0.12453499764276033,0.18016977502407958
isadev/bougies3,190,0.10416666666666667,3.9017029523923266,0.1375,3.3580583067010723,1.8233742501884114,0.0,,0.25836266235057387,1.1503240762403582,0.19147682189941406,0.100625,0.22244546809082005,0.15038818946290783
isadev/bougies3,199,0.10416666666666667,3.381427238068269,0.1375,3.280595651380184,1.595796501464376,0.0,,0.13476248686569817,1.2133572441530718,0.10479474067687988,0.0603515625,0.10995743682098638,0.1482288157937914
jlesein/TestBoulon7,0,0.1875,3.4439601268691025,0.1,3.1604869448473933,1.9068768546719328,1.0,1.9414863909143776,1.0400757826186435,0.9134940348653121,0.734613835811615,0.3935546875,0.2388100404566864,0.02754270101979786
jlesein/TestBoulon7,17,0.18333333333333332,4.130676721308601,0.1,2.8834737218363458,1.9203608813473914,4.0,0.0,0.9059478586057936,0.9058641287904431,0.6640762984752655,0.41782552083333335,0.2409630589400218,0.04074896650244202
jlesein/TestBoulon7,34,0.1875,3.1579940569904377,0.2,2.75688965384804,1.7593427575085425,1.0,1.9414863909143776,0.7408155303179526,1.142593522159491,0.539077639579773,0.39489583333333333,0.24177127837456913,0.032676481798488026
jlesein/TestBoulon7,52,0.1,2.9836095688694795,0.1,3.388035133941357,1.2445986130859688,1.0,5.117314849972644,0.9524263686916875,0.9971685888523801,0.6818151623010635,0.381015625,0.23594296971896375,0.03803854017613148
jlesein/TestBoulon7,69,0.19166666666666668,3.2374745275930326,0.1,3.248720694090055,1.2039406238991888,1.0,3.338470543764359,0.9184579621277311,1.0830253494933642,0.6378525793552399,0.35463541666666665,0.23013228246395523,0.03606364605719901
jlesein/TestBoulon7,86,0.19166666666666668,3.8177558846470117,0.1,3.995988257243226,1.5601861094046816,3.0,2.862405226111747,1.0777211551062869,0.8234649088089825,0.75117227435112,0.3848697916666667,0.23545806401200844,0.04379517696487555
jlesein/TestBoulon7,104,0.1,3.362317293873794,0.1,3.2790754264133617,1.4965475392436522,0.0,,1.1232406101964068,0.8354506086511686,0.8043796420097351,0.4012369791666667,0.23502967160616364,0.03550714281448006
jlesein/TestBoulon7,121,0.1,2.9949862670630134,0.1,3.0844413628185157,1.2603234072208165,1.0,4.984114982578703,0.9468233355680907,0.978812909768912,0.6809877455234528,0.4031119791666667,0.23518282582132854,0.03917581982672558
jlesein/TestBoulon7,138,0.1,2.7348212579605233,0.1,2.8771506691551885,1.3014280725082716,2.0,2.842137883655667,0.7632096017950697,1.1275020711198505,0.5623933970928192,0.3926822916666667,0.2328284424485714,0.02908797531689315
jlesein/TestBoulon7,156,0.1,2.2894523310987864,0.1875,3.1557385367175064,1.6644922703261662,1.0,3.0304768458605906,0.8943692408635755,0.9421354348104527,0.6798229217529297,0.35475260416666665,0.21266087747089596,0.09764523732750868
jlesein/TestBoulon7,173,0.15,2.382115473852183,0.19166666666666668,3.0220663882238443,1.6049732776277366,0.0,,1.0532828419989824,0.8671153536080812,0.789572037756443,0.35986979166666666,0.21050999760501957,0.03523644701920967
jlesein/TestBoulon7,190,0.1,2.6301352018966497,0.1,3.3898967691246242,1.5707640930077387,2.0,4.864514437760533,1.088590738676843,0.865630006128985,0.7750933617353439,0.35201822916666664,0.20750476099090515,0.021046952951556903
jlesein/TestBoulon7,208,0.15,2.4014922042641813,0.1,3.160726727195166,1.7318488857400076,3.0,2.986636990475162,0.7743102171202958,1.1327231894969014,0.5582834482192993,0.37669270833333335,0.22528075993561142,0.04437773338051405
jlesein/TestBoulon7,225,0.1,2.7837678493348457,0.1,3.6672515022106587,1.5704364702365203,3.0,5.194428907734803,0.757718442620966,1.082571224307734,0.5611874461174011,0.36397135416666665,0.22480502612948486,0.048134223366055384
jlesein/TestBoulon7,242,0.15,2.430694562600899,0.1,3.3466163957229287,1.7265958441159477,0.0,,0.7329553457038809,1.111506996273201,0.5286073982715607,0.3873567708333333,0.2312069559386054,0.04954841012911337
jlesein/TestBoulon7,260,0.1,2.9925582773951724,0.1,3.523445846498096,1.7408831478215028,2.0,3.8424531279148653,0.6958239563165698,1.3056890234660716,0.5006384253501892,0.3790234375,0.235505819922838,0.05577948674956079
jlesein/TestBoulon7,277,0.1,2.840746400972265,0.1,2.954601880863088,1.6060900931442905,1.0,3.301865674435007,0.7222397635536679,1.2402933280680655,0.54031702876091,0.37078125,0.21720529833241348,0.09169994910977651
jlesein/TestBoulon7,294,0.1,3.264593461732278,0.1,3.7364865293289213,1.7570027866316842,1.0,2.973731082480114,0.8064528717860141,1.2347349117195876,0.5683825016021729,0.36916666666666664,0.235002349424332,0.09206645368448749
jlesein/TestBoulon7,312,0.1,3.102258992763605,0.1,3.0866451430045476,1.6293835315242997,1.0,3.148096099562764,0.7711396484151175,1.1757550802999759,0.5692411661148071,0.3632942708333333,0.22207029366683365,0.037538708846124785
jlesein/TestBoulon7,329,0.1,3.4315894496683153,0.1,2.993897659944066,1.5812760246638253,2.0,1.3219756595369887,0.8642184999929696,1.1034001395649642,0.638710081577301,0.35984375,0.22757230729913255,0.0990222648366512
jlesein/TestBoulon7,346,0.1,3.6360553452929953,0.1,3.9008255133340097,1.7085946148067144,2.0,3.106027095616426,0.8300959642177561,1.1132366652007313,0.5721420049667358,0.36005208333333333,0.2375115527291677,0.046434638162360015
jlesein/TestBoulon7,364,0.1,2.8774761804138738,0.1,3.169882638540949,1.7330413522238257,1.0,5.918060352107631,0.8048485892636633,1.1705754781865498,0.5884730815887451,0.3699869791666667,0.2220945240042791,0.0369905054787249
jlesein/TestBoulon7,381,0.1,2.4437222771460054,0.1,3.4059594964386974,1.6971673623055819,1.0,3.7888898778846567,0.823721694248496,1.2248801458520873,0.6103705763816833,0.3736328125,0.22818037927386642,0.04071763791298729
jlesein/TestBoulon7,399,0.1,2.6055417810885486,0.1,3.4763629532141964,1.6179572812213505,1.0,2.9249779491563714,0.8298889415477492,1.1453819259835116,0.6061460971832275,0.36864583333333334,0.22142244044543702,0.05022262450066999
jpata/so100_pick_place_tangerine,0,0.11666666666666667,1.6828301179297382,0.1,4.188618705893647,1.0726710378834652,0.0,,1.0205143625659103,1.407807222824553,0.8168368339538574,0.47412760416666666,0.2754288981577801,0.10943144898644089
jpata/so100_pick_place_tangerine,4,0.11666666666666667,2.0138690108907746,0.1,4.0507454929341,1.0854379587501657,0.0,,1.0524886196322918,1.3264790725427038,0.8422408849000931,0.46411458333333333,0.2862868937785042,0.1739362496237324
jpata/so100_pick_place_tangerine,8,0.16666666666666666,1.6307251250232297,0.1,4.315859302489788,1.0773648251876087,0.0,,0.7821390009733141,1.5581985279609905,0.6326638162136078,0.4610677083333333,0.29507656277509486,0.1132069757347188
jpata/so100_pick_place_tangerine,12,0.1375,1.5225091491193545,0.1,4.507417263578334,1.0504073964284901,0.0,,0.7290250877728457,1.8014539185776683,0.5725558176636696,0.42204427083333335,0.28188648415384754,0.08428526951673515
jpata/so100_pick_place_tangerine,17,0.16666666666666666,1.5859543147975335,0.1,4.378291543429857,1.1162271848735448,0.0,,0.6996464771332731,1.7351781311147003,0.5413999408483505,0.3970182291666667,0.2625938458553309,0.10631085522547261
jpata/so100_pick_place_tangerine,21,0.13333333333333333,1.6276882330985094,0.1,4.122102354291547,1.0477591197610359,0.0,,0.9234958301651445,1.3911208530628951,0.77379509806633,0.42358072916666667,0.30256611363554226,0.10859960104591916
jpata/so100_pick_place_tangerine,25,0.16666666666666666,1.7530038208213117,0.1,4.190923183951882,1.1300365971877815,0.0,,0.8106137883148522,1.4373035677669228,0.6470941454172134,0.4087890625,0.2937666299500027,0.12355490047582278
jpata/so100_pick_place_tangerine,30,0.32916666666666666,2.4055181038565836,0.1,4.409796737582771,1.2174622122897707,0.0,,0.6866089836703839,1.7820103845104511,0.5167455077171326,0.45721354166666667,0.2873149809955523,0.15268955629284148
jpata/so100_pick_place_tangerine,34,0.2125,1.4896103748953882,0.1,4.239778664350574,1.095055957536857,0.0,,0.7960238066023334,1.7960886112154197,0.578927293419838,0.34348958333333335,0.28804739865690054,0.16436623591640834
jpata/so100_pick_place_tangerine,38,0.25416666666666665,2.0858894585620926,0.1,4.264096640522455,1.0102977528368573,0.0,,0.8419461084824003,1.5902951844984385,0.6189425736665726,0.3721744791666667,0.2248631563630955,0.12495637139694649
jpata/so100_pick_place_tangerine,43,0.3333333333333333,1.4446436781958814,0.1,4.252874884199866,0.9045531982181191,0.0,,0.6976362395736087,1.7348317347936637,0.5502347573637962,0.3552473958333333,0.24104608184752502,0.13713066208221447
jpata/so100_pick_place_tangerine,47,0.14166666666666666,1.9755208688771664,0.1,4.2529394729638526,1.060898776466645,0.0,,0.578542692388233,1.369298052484417,0.67885422706604,0.3885677083333333,0.2900180840852478,0.3291863668768419
jpata/so100_pick_place_tangerine,51,0.14166666666666666,2.2454953232723325,0.1,4.333964053407186,1.1804827786925784,0.0,,0.5522586409946403,1.6333204746320962,0.57831771671772,0.3056510416666667,0.26809649276347053,0.26142450963348807
jpata/so100_pick_place_tangerine,55,0.14166666666666666,2.1563525748541124,0.1,4.229593022762253,1.045824100185174,0.0,,0.5516915901414619,1.7889685669746467,0.5572982728481293,0.27294270833333334,0.2416788059205759,0.263175049221967
jpata/so100_pick_place_tangerine,60,0.14166666666666666,2.1149843707890557,0.1,4.458218977776572,1.0803818860143404,0.0,,0.6933382921299166,1.5790123387553012,0.6204432994127274,0.24321614583333334,0.21296710489326273,0.2075789415579365
jpata/so100_pick_place_tangerine,64,0.14166666666666666,2.2143698460707344,0.1,4.234315947859218,1.0907814856968776,0.0,,0.5440114078520372,1.426682963532414,0.7175992876291275,0.2552083333333333,0.3181229186235163,0.4128126999297041
jpata/so100_pick_place_tangerine,68,0.14166666666666666,2.003968658356524,0.1,4.313200019065714,1.0851844801849138,0.0,,0.5434048673484204,1.8075434900064355,0.5773430615663528,0.24529947916666667,0.2490020590686862,0.29250468933753637
jpata/so100_pick_place_tangerine,73,0.14166666666666666,2.0821347777506376,0.1,4.190091451787972,1.0916070866250493,0.0,,0.6259981908826845,1.3236961119643391,0.7589111328125,0.39407552083333336,0.3008256910539882,0.3514540977311589
jpata/so100_pick_place_tangerine,77,0.14166666666666666,2.041759224103053,0.1,4.306337378392427,1.130399194151382,0.0,,0.6225179965548614,1.3594559160784256,0.7280465662479401,0.25188802083333334,0.30519946663263725,0.3703533798451493
jpata/so100_pick_place_tangerine,81,0.14166666666666666,2.052108163515113,0.1,4.320021576849963,1.158221441639674,0.0,,0.5410353573023005,1.4363618752786633,0.7129121012985706,0.38115885416666667,0.3094241812789057,0.40742608122097884
jpata/so100_pick_place_tangerine,86,0.625,2.800295119776401,0.1,4.129136181560416,0.9874397583297146,0.0,,0.6965156913587189,1.399901765583896,0.7900547459721565,0.39850260416666666,0.30093436478711394,0.3199948480082195
jpata/so100_pick_place_tangerine,90,0.16666666666666666,2.210817390168523,0.1,4.24191309932456,1.043572330572249,0.0,,0.6684720714184369,1.3176187448133243,0.7876866385340691,0.28920572916666665,0.2941747925798762,0.3435554096709284
jpata/so100_pick_place_tangerine,94,0.1625,2.11983206173914,0.1,4.306304855541945,1.105172107978197,0.0,,0.6402468021398834,1.4810451696774916,0.6838173121213913,0.31329427083333333,0.29446982642965164,0.3048826446408915
jpata/so100_pick_place_tangerine,99,0.16666666666666666,2.1416895918724603,0.1,4.226309526107509,1.0424225937673843,0.0,,0.6631785985713511,1.4145668242873082,0.7409008145332336,0.258984375,0.29894335161379215,0.35195841824108987
koenvanwijk/orange50-1,0,0.5083333333333333,2.344745023645501,0.6041666666666666,3.0302040560243078,0.7284821647890715,7.0,1.9556813975228806,1.283423797050838,1.7985431676017443,0.8195597305893898,0.44678385416666666,0.2651219569000954,0.1747477986192521
koenvanwijk/orange50-1,2,0.49583333333333335,2.4702078443167355,0.5958333333333333,3.155482080685253,1.156702671710139,6.0,-11.14700652592191,1.3048691501000385,2.089384797968589,0.8391133025288582,0.48236979166666666,0.2684851604823767,0.1334495534759457
koenvanwijk/orange50-1,4,0.49583333333333335,2.6060039626513594,0.5958333333333333,3.072742724524928,0.915770150386328,6.0,-10.972240237811647,1.2692285167175739,1.9178237393125315,0.8157970085740089,0.4402994791666667,0.2710729127290567,0.17341030383133893
koenvanwijk/orange50-1,6,0.49583333333333335,2.357112985119204,0.5958333333333333,3.0841944142451765,0.9471309618161325,4.0,-11.082569463029657,1.248694267983762,1.9586522745528439,0.807168260216713,0.43930989583333335,0.2748141312693143,0.1555148881510416
koenvanwijk/orange50-1,8,0.49583333333333335,2.4205952399840425,0.6,3.0355370227182066,0.6783193444590256,7.0,-11.19204008995807,1.2896938239521,1.817304484532926,0.8260161653161049,0.45662760416666665,0.26096884193993647,0.174090507746872
koenvanwijk/orange50-1,10,0.49166666666666664,2.321926349209776,0.5958333333333333,3.152649244506886,1.133802482023319,10.0,11.993348723586976,1.2677609040179076,2.0725807406029464,0.8123476803302765,0.4770703125,0.2684737814531261,0.1275860950992042
koenvanwijk/orange50-1,12,0.525,2.3093791830992925,0.5916666666666667,3.124546767886488,0.9662299634860031,13.0,1.9749340108819808,1.2508154222728523,2.020658444249591,0.8149882480502129,0.43638020833333335,0.27392586574073957,0.1253229997885671
koenvanwijk/orange50-1,14,0.49166666666666664,2.410303471082886,0.5958333333333333,3.1380094534149543,1.093931485779546,6.0,-10.8968907553255,1.2681829481898468,1.8657280808708308,0.8216805756092072,0.42356770833333335,0.27676325811899416,0.13007500139824038
koenvanwijk/orange50-1,17,0.55,2.479926711911302,0.6041666666666666,2.983697276533541,0.5703383198335186,4.0,-10.917885360431441,1.2924151919544602,1.869796200939728,0.8320504128932953,0.47033854166666667,0.2574624488512778,0.17174876641881995
koenvanwijk/orange50-1,19,0.5,2.560458774880125,0.6,3.0533621062245073,0.6814489430182679,7.0,-1.0139787227852963,1.2747178278151152,1.8115687685701367,0.8154968693852425,0.43828125,0.2611660538438781,0.17096070929753399
koenvanwijk/orange50-1,21,0.49166666666666664,2.254065992174228,0.6,3.176152808938997,1.180955072380334,5.0,-11.019682781034533,1.2421763894093398,1.8373660389938438,0.8040094375610352,0.41040364583333333,0.2776833419597743,0.139764707446939
koenvanwijk/orange50-1,23,0.5375,2.3616981688108822,0.5958333333333333,3.13358725863894,1.0447545772847708,4.0,-11.019682781034533,1.2789470916875678,1.8244634212812885,0.8270172625780106,0.4130859375,0.2741204981354541,0.1543817053802661
koenvanwijk/orange50-1,25,0.49166666666666664,2.4238807089087326,0.5958333333333333,3.110764882882223,0.9386314747829897,12.0,0.996347896504929,1.2784109297785278,1.8629998686227227,0.8198702335357666,0.41911458333333335,0.2741368310547916,0.15665819290008384
koenvanwijk/orange50-1,27,0.5291666666666667,2.5553462777431375,0.5958333333333333,3.0323770643981733,0.824984823789089,6.0,-11.017111618789215,1.2839418871251773,1.875170909584466,0.8203780502080917,0.44180989583333335,0.2646316811535692,0.16462532388380524
koenvanwijk/orange50-1,29,0.5166666666666667,2.596908014910073,0.6,3.008849980740914,0.7501335950847299,6.0,-11.082569463029657,1.2884072377520845,1.8684540366617042,0.8302474319934845,0.45033854166666665,0.2592250183703131,0.16754069529092597
koenvanwijk/orange50-1,31,0.49583333333333335,2.392081682751725,0.5958333333333333,3.0779818605209748,0.8420625440491502,7.0,-11.138559766183633,1.2617015928233128,1.9512035031322368,0.8121747076511383,0.4335807291666667,0.27515131380300795,0.16346815970321302
koenvanwijk/orange50-1,34,0.49583333333333335,2.518787948505077,0.5958333333333333,3.065777200140435,0.830968221225833,10.0,-1.005086005254185,1.2741937278603483,1.8182726835699592,0.8182551860809326,0.4249088541666667,0.26266259979918677,0.1690074615350919
koenvanwijk/orange50-1,36,0.5125,2.4975429693983986,0.6,3.0382671171155278,0.7210158246612356,5.0,-11.154659738928302,1.2765936281799817,1.806585497462955,0.8156081140041351,0.4513671875,0.2668294923255282,0.16157435368022505
koenvanwijk/orange50-1,38,0.5,2.3880789771608795,0.5958333333333333,3.0896676319178544,0.8669797812292132,7.0,1.128834796660641,1.2586749195210996,1.9212749065824308,0.8066295683383942,0.4493098958333333,0.2800682124650471,0.16947765301043335
koenvanwijk/orange50-1,40,0.55,2.4438630303687026,0.6,3.0414233464458498,0.713608873189915,5.0,-10.917885360431441,1.2767504397399663,1.7991616078353103,0.811999149620533,0.452578125,0.268366139964527,0.166056875860264
koenvanwijk/orange50-1,42,0.5,2.3970211427206443,0.5958333333333333,3.133706627195827,0.9052225840812002,8.0,-11.142889858339316,1.271130660611462,1.8833136807055193,0.8176217526197433,0.429609375,0.27632309462630833,0.17573465994655033
koenvanwijk/orange50-1,44,0.5291666666666667,2.3527004231851785,0.5958333333333333,3.1184805815237704,0.9082290771050161,3.0,-10.972240237811647,1.297538824720091,1.846404801267601,0.835564598441124,0.43649739583333336,0.2757376219686553,0.17744089371570473
koenvanwijk/orange50-1,46,0.5041666666666667,2.4113350097834894,0.6,3.0393999026679324,0.7107618918831268,6.0,-10.94565903836721,1.2673549050696853,1.791294285246789,0.8089553266763687,0.449921875,0.2657196800447932,0.16347447455235817
koenvanwijk/orange50-1,49,0.5041666666666667,2.5382483980025827,0.5958333333333333,3.014870454673532,0.8085306592493213,6.0,-0.9920355659886155,1.2608611693018597,1.9542221356367937,0.8086789026856422,0.44072916666666667,0.2692491117068776,0.15864669980030946
koenvanwijk/orange50-variation-2,0,0.5791666666666667,2.0366273099348104,0.6583333333333333,3.1955710751575426,1.0908727634674846,7.0,-10.107426876531605,1.2796634869729042,1.7675158504107291,0.8152646422386169,0.4072265625,0.2741798527705032,0.150322463427009
koenvanwijk/orange50-variation-2,2,0.5333333333333333,1.9898894983251096,0.6583333333333333,3.2214960006343185,1.3525027570295654,7.0,2.0145987878705682,1.2722591926114641,1.7778119918318827,0.8171463906764984,0.4029036458333333,0.2802041058893955,0.1790478574054955
koenvanwijk/orange50-variation-2,4,0.5291666666666667,1.9342761297688147,0.6583333333333333,3.289000381337256,1.3780037503279685,4.0,-15.83800000136958,1.2444762101736497,1.8807526841389106,0.8060280978679657,0.4222916666666667,0.28328018920308057,0.16682839706466146
koenvanwijk/orange50-variation-2,6,0.5833333333333334,2.3971176039554725,0.6583333333333333,3.1908987517337337,1.1089084213356444,10.0,-1.9414863909143776,1.2663203716191345,1.9413768698398408,0.8191421777009964,0.43623697916666665,0.2763882882154936,0.1817804286709206
koenvanwijk/orange50-variation-2,8,0.5833333333333334,2.641354134497247,0.6666666666666666,3.208968585663695,0.8605541970066657,5.0,2.0879838327233387,1.2716701207050505,1.8270132548854627,0.8112043216824532,0.451015625,0.273945513199159,0.16337297153047592
koenvanwijk/orange50-variation-2,10,0.5375,2.115886968679042,0.6583333333333333,3.2303076366106835,1.2202057958326535,6.0,-17.818888914522773,1.260226538967619,1.8908565238123427,0.8095926493406296,0.4332421875,0.2833079757205731,0.18144573695941682
koenvanwijk/orange50-variation-2,12,0.5333333333333333,1.9652117323675407,0.6625,3.2492234847735144,1.4059414971759772,7.0,-9.718792202825625,1.2503137390031156,1.8765978886145005,0.8008883818984032,0.426171875,0.2875742572358858,0.16272363601263945
koenvanwijk/orange50-variation-2,14,0.5333333333333333,1.8798027813526261,0.6625,3.264548255050744,1.410113333456672,5.0,-17.95947609047414,1.2656589574866979,1.8303629657886025,0.8148765116930008,0.4142578125,0.2829986644809131,0.17997713350057126
koenvanwijk/orange50-variation-2,17,0.5333333333333333,2.2996867839797557,0.6583333333333333,3.2091093480977144,1.20663738210564,5.0,-15.998300576111887,1.2511887139271773,1.8500776088212973,0.8064473867416382,0.42440104166666665,0.2715737141856588,0.18054758951709712
koenvanwijk/orange50-variation-2,19,0.5833333333333334,2.366537286230998,0.6666666666666666,3.2021093367132116,1.0549167308177685,4.0,-12.972706361048367,1.2557364148684798,1.8186992797665595,0.8065271973609924,0.4403125,0.2732107699754418,0.16934170265522633
koenvanwijk/orange50-variation-2,21,0.5833333333333334,1.8715832431581374,0.6583333333333333,3.3266762501032248,1.4257874975558444,5.0,-5.132554439872962,1.2611549228117755,1.7552725593304639,0.8149231746792793,0.3984244791666667,0.27480729605159787,0.16696425991001018
koenvanwijk/orange50-variation-2,23,0.5791666666666667,2.587777589306727,0.6666666666666666,3.2016392391374935,0.9804874991120822,5.0,-12.804266065286754,1.2664922919975703,1.8812988634530277,0.8155175894498825,0.453203125,0.2727388895821117,0.17211376054598637
koenvanwijk/orange50-variation-2,25,0.5333333333333333,1.9506325207887498,0.6583333333333333,3.27196002284087,1.4022622534813807,7.0,-15.945395900922847,1.2393500835733453,1.7892136814833308,0.8048035874962807,0.394296875,0.2758172204983061,0.14816544280596625
koenvanwijk/orange50-variation-2,27,0.5333333333333333,2.43907355873588,0.6625,3.1895966031828897,0.9198890311952634,4.0,1.8377367903878508,1.2648757716161603,1.847471496113216,0.8134827017784119,0.4485807291666667,0.27292198039080184,0.1635246516652279
koenvanwijk/orange50-variation-2,29,0.5291666666666667,1.923236965228576,0.6625,3.253056928880516,1.2511136156840559,9.0,-13.134022306396318,1.2770948155672308,1.9278306840538892,0.8185404986143112,0.41734375,0.27742562164933865,0.16227064569446217
koenvanwijk/orange50-variation-2,31,0.5833333333333334,2.0549513624176567,0.6583333333333333,3.23318891645771,1.2484713939502305,5.0,-3.0304768458605906,1.2686735846049022,1.8269636275597072,0.8204947412014008,0.42046875,0.28069713757361564,0.18619916856150542
koenvanwijk/orange50-variation-2,34,0.5833333333333334,2.0491523079587233,0.6458333333333334,3.221806834070015,1.109230882200798,4.0,3.9646547228561246,1.2344306242815057,1.893722282614243,0.8032032996416092,0.43307291666666664,0.26750893807380416,0.1769714304531546
koenvanwijk/orange50-variation-2,36,0.5333333333333333,1.9879175292915248,0.6625,3.2438467588428925,1.3401073880909742,10.0,-16.990823291986175,1.242662881960017,1.86918070210265,0.8051391839981079,0.4065755208333333,0.2803573737651208,0.15168634226766795
koenvanwijk/orange50-variation-2,38,0.5833333333333334,2.158253011438157,0.6708333333333333,3.1604110373201593,1.0084172719404434,4.0,-2.016623874623093,1.2787826576331454,1.7958296653325354,0.8113295137882233,0.4595442708333333,0.2731649821630683,0.17544564924658826
koenvanwijk/orange50-variation-2,40,0.5875,1.9139221210792845,0.6583333333333333,3.272816225569142,1.4112718999116303,7.0,-15.83619187906794,1.2544115599692247,1.8528789977857012,0.8123442679643631,0.40890625,0.2815584881386536,0.15302466254032873
koenvanwijk/orange50-variation-2,42,0.5791666666666667,2.111805277178438,0.6625,3.2530181254580652,1.169895022378676,11.0,-12.89595257047614,1.2935554742275184,1.9951937405769047,0.8327451348304749,0.4363151041666667,0.276239156881727,0.13884037327012144
koenvanwijk/orange50-variation-2,44,0.5583333333333333,1.8138268691650614,0.6583333333333333,3.254008074332186,1.157551862860839,5.0,-9.135188359410165,1.2622174460841629,1.7592462679472725,0.8106560558080673,0.4048567708333333,0.2741684515894885,0.1336754747211587
koenvanwijk/orange50-variation-2,46,0.5833333333333334,2.28219114476158,0.6666666666666666,3.179555617680093,1.0192181608295436,6.0,-4.02422846827271,1.2615415255575035,1.9001226809826717,0.8103263154625893,0.4509375,0.2741426653560544,0.16588070436126232
koenvanwijk/orange50-variation-2,49,0.5875,2.151983891269423,0.6625,3.2117141421094053,0.8701988504195987,9.0,1.7992757241340769,1.2619289481637266,1.8363747097661578,0.8045973181724548,0.46661458333333333,0.2758066617753307,0.16988518070046668
lirislab/close_top_drawer_teabox,0,0.5708333333333333,2.631460237197377,0.1,4.694105408371459,2.630154155715684,0.0,,0.642721979586618,1.3671278026333364,0.4370911717414856,0.33274739583333335,0.24959554787483557,0.017734977987000813
lirislab/close_top_drawer_teabox,1,0.12916666666666668,1.547741909408995,0.1,4.880240885808115,1.4706235090778579,1.0,1.9414863909143776,0.6709713023787066,0.9001889740734125,0.5108264535665512,0.38102864583333335,0.20446414617856784,0.017961458005100444
lirislab/close_top_drawer_teabox,2,0.13333333333333333,1.5506403190740705,0.1,5.187181716757646,1.51962712294682,1.0,2.185800806775603,0.7551265616673057,0.9989304300080023,0.5760641098022461,0.41692708333333334,0.21444050397371936,0.01725974279387323
lirislab/close_top_drawer_teabox,3,0.19166666666666668,2.3754031754608884,0.10833333333333334,4.1930468087480195,2.4659472789490993,0.0,,0.48540686236685426,2.0447053978404686,0.3453734219074249,0.31049479166666666,0.2314809778365151,0.017168510643119292
lirislab/close_top_drawer_teabox,5,0.12916666666666668,1.8213735368454371,0.1,4.688092752454185,1.9957119705032274,0.0,,0.5442774579461913,1.2794290344800823,0.38474390655755997,0.33954427083333333,0.2245942696581078,0.01912328451272163
lirislab/close_top_drawer_teabox,6,0.12916666666666668,1.8925150145975944,0.1,4.88548519887074,1.5906155770368868,0.0,,0.7366586574273302,0.975028328717817,0.5466283485293388,0.36553385416666667,0.21383088650972276,0.018007199459458254
lirislab/close_top_drawer_teabox,7,0.13333333333333333,2.3026205634148647,0.1,4.80626855001447,1.7288999442984425,0.0,,0.578975879945639,1.7385600413626436,0.4233834519982338,0.3790625,0.2227672724931328,0.0170457902370919
lirislab/close_top_drawer_teabox,8,0.1375,2.486595156714996,0.1,4.9709727454798,1.9061212247738848,0.0,,0.5533755209175939,1.9383954300075648,0.39639420062303543,0.36951822916666666,0.23143461169133103,0.016673290792517732
lirislab/close_top_drawer_teabox,10,0.5708333333333333,2.6328013233561998,0.1,4.380455420215458,1.6341191932221815,0.0,,0.6163330391018014,1.628047423001468,0.4452722780406475,0.3805208333333333,0.23451493413449367,0.017447588663359645
lirislab/close_top_drawer_teabox,11,0.5708333333333333,2.780093857749506,0.1,4.554066004040286,2.6921740583661915,0.0,,0.56464399898027,1.5125315807527653,0.38821179419755936,0.28229166666666666,0.24085307014158008,0.020033899827039778
lirislab/close_top_drawer_teabox,12,0.12916666666666668,1.7947300048729748,0.1,4.989581348883289,1.648139603711391,0.0,,0.769503342688217,1.1046036268331447,0.5663048475980759,0.3994921875,0.2247635576186262,0.017413242562916917
lirislab/close_top_drawer_teabox,13,0.5666666666666667,2.6172529890458476,0.1,4.38927985223757,1.7132173554020618,0.0,,0.5257361225606113,1.8041948075784704,0.3874163515865803,0.35825520833333335,0.2296688517340582,0.016620114582136785
lirislab/close_top_drawer_teabox,15,0.12916666666666668,1.6940843512901334,0.1,4.608217952902407,1.776180608251328,0.0,,0.6708155299073195,1.3710505581451247,0.485622838139534,0.35627604166666665,0.22637127078784702,0.01731772067790382
lirislab/close_top_drawer_teabox,16,0.12916666666666668,1.6730452353851306,0.1,4.860796330368376,1.4668131315246635,0.0,,0.7402677727495788,1.1599813233375902,0.5538280680775642,0.4112109375,0.21660804739463202,0.017602697081966084
lirislab/close_top_drawer_teabox,17,0.12916666666666668,1.4832774599558822,0.1,5.157497405809428,1.4554080766358342,0.0,,0.6780022518802389,0.947584422302009,0.5158533155918121,0.40391927083333334,0.21599094903857136,0.01733929136045747
lirislab/close_top_drawer_teabox,18,0.125,2.3684799939887102,0.1,4.913729498736192,2.4564101012547237,0.0,,0.6984053591481408,1.1812478913733295,0.486825168132782,0.352734375,0.24203762137984186,0.018324379372253636
lirislab/close_top_drawer_teabox,20,0.13333333333333333,2.0960378500630266,0.1,4.917198016729413,1.7223344405621208,0.0,,0.5482137315086599,1.274740559611649,0.40784648433327675,0.36247395833333335,0.21386738154192167,0.0182718476701105
lirislab/close_top_drawer_teabox,21,0.1,3.2073864216560546,0.12083333333333333,4.129728240317611,2.6967892854926814,0.0,,0.7508023117305632,1.243275021538305,0.535195991396904,0.3466666666666667,0.22898221883046346,0.017183496720603354
lirislab/close_top_drawer_teabox,22,0.12916666666666668,1.541561439658196,0.1,4.878040392725382,1.4619361483496305,0.0,,0.7059698497150716,1.4007351369734562,0.5401033274829388,0.4119010416666667,0.2147210392504437,0.01686070708640278
lirislab/close_top_drawer_teabox,23,0.13333333333333333,3.4235124614672308,0.1,4.920967656604019,2.584982367781988,1.0,8.642802580004528,0.4037882173558384,2.42631187234314,0.2794541269540787,0.3048046875,0.2267764910359728,0.017442636433592777
lirislab/close_top_drawer_teabox,25,0.125,1.881247899779605,0.1,4.985935766161449,1.5414787809748987,0.0,,0.8984692281736291,0.7564700239346596,0.6677584946155548,0.385625,0.2173478827457283,0.01754747675254942
lirislab/close_top_drawer_teabox,26,0.12916666666666668,1.7649869359224175,0.1,4.962501277406735,1.6282830615566315,1.0,1.9580674292340348,0.5668529454803269,1.1526792172384202,0.42417868226766586,0.3811848958333333,0.20733929088252004,0.01778172859933345
lirislab/close_top_drawer_teabox,27,0.12916666666666668,1.5843622085318543,0.1,4.807781938110129,1.4577543640288078,0.0,,0.7363391467113882,1.1628581156497448,0.5549950897693634,0.3966796875,0.20974889217134415,0.017935299789406216
lirislab/close_top_drawer_teabox,29,0.13333333333333333,1.7273621836241269,0.1,4.889725058561396,1.6424069862171118,1.0,2.1692575897285167,0.6172927890194501,1.0680729584094935,0.47215452417731285,0.379765625,0.2026882909744452,0.017709492376044928
lirislab/fold_bottom_right,0,0.8791666666666667,1.4578463160845507,0.1,3.9276714799342605,1.4868753951154934,1.0,0.0,1.0480666959368399,0.855073365583602,0.7122392952442169,0.34196614583333335,0.2287812196454372,0.06096629922312836
lirislab/fold_bottom_right,1,0.8666666666666667,1.9084705720392638,0.1,3.892705798543362,1.3177310123163195,1.0,0.0,1.137851763029175,0.8668259929056563,0.8281735107302666,0.48440104166666664,0.24700824785818193,0.04904234107568524
lirislab/fold_bottom_right,2,0.7666666666666667,2.7782015920069405,0.1,3.674375996084997,1.1134117217221975,2.0,0.0,1.247708501306256,0.7727176110157465,0.8548212423920631,0.5835546875,0.2957815525582744,0.10162967501475632
lirislab/fold_bottom_right,3,0.8875,1.5067875203051442,0.1,4.254017837738112,1.4656591413678706,1.0,0.0,1.1586755048584703,0.8581347071556068,0.8311951756477356,0.4873828125,0.24905564034196698,0.10057350053885473
lirislab/fold_bottom_right,5,0.14583333333333334,1.8079766201879013,0.1,4.891513733393004,1.707520330166847,1.0,-0.5070290609147747,0.8830109783791293,1.1240885763198991,0.6183285266160965,0.44647135416666667,0.26077553202406667,0.02357353958348019
lirislab/fold_bottom_right,6,0.7541666666666667,2.0552240869804694,0.1,4.004141541025612,1.7467890042408512,0.0,,1.1045190339822617,0.7741315711126918,0.77800053358078,0.4007421875,0.23230940672835756,0.045487638422720286
lirislab/fold_bottom_right,7,0.14166666666666666,1.7165862924946773,0.1,3.504593068956772,1.6741903018536481,1.0,0.0,1.0471477829704994,0.8249864676717957,0.8078045174479485,0.46227864583333333,0.23370256765383843,0.04757272694512224
lirislab/fold_bottom_right,8,0.7166666666666667,1.576730899243214,0.1,3.287068905133569,1.688436050694995,2.0,0.0,1.0842793490905844,0.8208630860681986,0.8026819080114365,0.4110546875,0.21561814984272346,0.06389326698814493
lirislab/fold_bottom_right,10,0.3875,1.7753908086382728,0.14583333333333334,3.7128645375095246,2.041379716994641,0.0,,0.6800848744688252,1.3487450767942502,0.4702393412590027,0.4011458333333333,0.2606654631900207,0.02362484400699314
lirislab/fold_bottom_right,11,0.2125,1.7534014008505774,0.1,3.877765013173624,1.5350438626083125,1.0,14.95583993007402,1.181848830689323,0.8688783451234273,0.8302297741174698,0.5272786458333333,0.26755366771350975,0.0905239698975
lirislab/fold_bottom_right,12,0.7666666666666667,3.563509163640239,0.1,3.6667681923950064,1.2822678702197061,1.0,-6.709836807756929,1.1823078333605845,0.760413784726821,0.8253411948680878,0.4559375,0.242842721988179,0.08613511236612714
lirislab/fold_bottom_right,13,0.8166666666666667,2.831952513697771,0.1,3.858003773341239,1.1797054630274941,0.0,,1.204746219817891,0.8090118327247933,0.8449271023273468,0.5185677083333333,0.26340984958208374,0.06226262240533094
lirislab/fold_bottom_right,15,0.1375,1.6545306969851257,0.1,4.367236855100401,1.8971053246226366,0.0,,1.09502837490578,0.7839750356270042,0.7737115323543549,0.365703125,0.23280930030507016,0.05615120844430585
lirislab/fold_bottom_right,16,0.7791666666666667,2.6047182145880656,0.1,3.8733718198964215,1.3196222583336141,1.0,0.0,1.218640522301809,0.7905864430822693,0.8366677016019821,0.5490104166666666,0.27761323685676054,0.04866321878227461
lirislab/fold_bottom_right,17,0.225,2.1574760808746825,0.1,3.9827838206908535,2.1482448219783232,1.0,-11.029531223980484,0.8948887737355293,1.0593695653845676,0.6195232421159744,0.4407421875,0.2783419990652555,0.033680831652629396
lirislab/fold_bottom_right,18,0.7708333333333334,3.0273971525383363,0.1,3.6618848711626115,1.3261385060829631,1.0,-2.8155566842112307,1.1499997981672376,0.8494273758161789,0.8243171572685242,0.5056119791666667,0.2599427472916917,0.04661698962103445
lirislab/fold_bottom_right,20,0.15,2.500150829656729,0.1,4.819833913692214,1.9218213615451687,1.0,0.0,0.8708421285028146,1.0675198217974151,0.6410597339272499,0.41587239583333335,0.25880846870623275,0.04049545342961813
lirislab/fold_bottom_right,21,0.6833333333333333,2.582882597022095,0.1,3.7966652808079924,1.7147115488764542,2.0,8.691307535884846,1.1138982391044205,0.8152058099455678,0.8147885203361511,0.44067708333333333,0.22729330588439503,0.08820379809684276
lirislab/fold_bottom_right,22,0.775,1.678989153211989,0.1,4.051788744684627,1.4307202626311253,2.0,-19.983106521899984,1.0565825283721317,0.8396014235003258,0.8187087029218674,0.47518229166666665,0.24349059041745383,0.08781522968354959
lirislab/fold_bottom_right,23,0.14166666666666666,1.5235499018560734,0.1,4.229389053832092,1.9210138676984696,0.0,,1.010616503390391,0.8977932738645169,0.7699708342552185,0.43614583333333334,0.23072523241393716,0.02724772799928842
lirislab/fold_bottom_right,25,0.6125,6.723961748469145,0.1,3.711049804847712,1.7622494088612832,0.0,,1.0471282896156622,0.7788147372693619,0.8078529015183449,0.41391927083333335,0.21176452316141564,0.08016988667946319
lirislab/fold_bottom_right,26,0.8958333333333334,1.8146579997092671,0.1,3.8540319089627517,1.3899540753902182,1.0,9.008503742025155,1.2229196194312086,0.8936070800602816,0.8416006565093994,0.5190104166666667,0.27448947886640895,0.05509364736629026
lirislab/fold_bottom_right,27,0.8458333333333333,1.6018219150880988,0.1,4.028505046659255,1.2119775844480742,1.0,-17.155229668634632,1.115061246392526,0.8132272920937065,0.8348734080791473,0.49485677083333335,0.24875233879708625,0.030297407330615
lirislab/fold_bottom_right,29,0.13333333333333333,1.645568352752411,0.1,4.228649860805651,1.9801029948068516,0.0,,0.9967829601190358,0.799537154552237,0.7758057713508606,0.436328125,0.23449104682421656,0.03157354736019419
lirislab/guess_who_so100,0,0.42083333333333334,4.281212273388234,0.6791666666666667,3.4578222046179126,1.6741592586708278,2.0,15.13583550374804,-0.6818279515485818,2.2444033457869588,-0.47269323468208313,0.0,,0.016441308875636374
lirislab/guess_who_so100,4,0.1,3.015802980165882,0.1,3.8430287723775405,1.2824933786376203,2.0,0.0,-0.582755388095806,1.5065986412429644,-0.49030613899230957,0.0,,0.08457795125968243
lirislab/guess_who_so100,8,0.3625,2.1478948656199512,0.6625,3.524432690921023,2.029172900663129,3.0,18.07610729657327,-0.5442058150567215,2.0804150635516847,-0.3185029625892639,0.0,,0.09792208035438169
lirislab/guess_who_so100,12,0.39166666666666666,10.363115560117327,0.4125,3.7659907596070377,4.175233778444349,6.0,-1.8377367903878508,0.3853901566013168,2.3431039829472,0.3003442883491516,0.0,,0.04604118376499074
lirislab/guess_who_so100,16,0.2625,2.611436544117727,0.44166666666666665,3.2231147876445676,2.74420483293514,2.0,18.159490466786778,0.5770130566894514,1.8128967675071583,0.4093879461288452,0.0,,0.06766679288693385
lirislab/guess_who_so100,20,0.275,8.244325388390447,0.29583333333333334,3.804491364704059,3.521987863772189,10.0,-1.965260571920524,0.7481838292748079,2.6543412161230258,0.5672553703188896,0.0010416666666666667,0.26270920502092043,0.02738183523203372
lirislab/guess_who_so100,24,0.14583333333333334,2.1661261567825414,0.8916666666666667,3.96489527411883,3.164322555902353,8.0,16.169031687609618,-0.13497814019486376,2.9284066768738626,-0.054062724113464355,0.0,,0.04432811781102179
lirislab/guess_who_so100,28,0.17083333333333334,2.719634112225629,0.20833333333333334,3.1966296707773227,2.2712951317322907,1.0,-2.9682340298717094,-0.07491070432131419,2.1720999587273075,-0.017475038766860962,0.0,,0.08282036769712692
lirislab/guess_who_so100,33,0.5458333333333333,2.2320687184845056,0.8666666666666667,3.8854912013933887,1.6502262008670607,9.0,14.036243467926482,-0.335136233488969,2.0109615915490973,-0.17150382697582245,0.0,,0.052620218059509324
lirislab/guess_who_so100,37,0.5541666666666667,2.7498314964755917,0.7,3.724280658739685,3.211847137331667,12.0,-6.952957468173921,0.0693692543095754,2.2969960924182464,0.13911616802215576,0.0,,0.17610446801704627
lirislab/guess_who_so100,41,0.2625,2.624574313929521,0.4166666666666667,3.670967536247477,2.664362806533555,6.0,15.014043914552715,0.47725477068798394,1.8034510291539803,0.3533749282360077,0.0031901041666666666,0.030005977286312022,0.027733727000384914
lirislab/guess_who_so100,45,0.25416666666666665,8.012889378371824,0.35833333333333334,3.4856186550742323,2.2368761969102073,3.0,1.9547286116326745,0.6573374420051648,2.5836514834820705,0.4642254412174225,0.0,,0.024413681099592546
lirislab/guess_who_so100,49,0.5375,2.382371842942997,0.7125,3.264855036911709,2.970478094480491,0.0,,-0.5120742476336819,2.2340708159352345,-0.3139227628707886,0.0,,0.042582687127537946
lirislab/guess_who_so100,53,0.1375,2.067549816673952,0.7916666666666666,3.506701368343428,3.3038508653283682,7.0,-7.066729716401085,0.1720030238972025,3.494527175345253,0.3244381844997406,0.0,,0.18961160719547
lirislab/guess_who_so100,57,0.3125,2.584010530365669,0.6041666666666666,3.462903825174247,2.480359812399975,1.0,0.9391909457355752,-0.35178092344797746,2.0354248285378387,-0.12133044004440308,0.0,,0.07851751100074927
lirislab/guess_who_so100,61,0.16666666666666666,2.733263376902823,0.5541666666666667,3.4052934356511457,4.22797277236901,5.0,-10.972240237811647,0.2799627592746876,2.377604341553558,0.408891499042511,0.0,,0.16211807330065373
lirislab/guess_who_so100,66,0.23333333333333334,2.5093241210317982,0.5666666666666667,3.4317931126184096,3.8222252815905984,2.0,9.008503742025155,-0.15797222591941668,1.4383142887519218,-0.014896035194396973,0.0,,0.06939046671901668
lirislab/guess_who_so100,70,0.29583333333333334,5.555059222994951,0.31666666666666665,3.6450977899059303,2.8349875150605137,0.0,,0.3972844038065695,1.615672704350974,0.34828582406044006,0.0,,0.07634164823557343
lirislab/guess_who_so100,74,0.2125,2.1628251473195164,0.7458333333333333,3.455360892996949,2.722647736926346,0.0,,0.4690377868548956,2.3512034140632028,0.38487210869789124,0.0,,0.13012843505148994
lirislab/guess_who_so100,78,0.19166666666666668,2.9808788594140943,0.6541666666666667,3.8401823845377616,5.924153829063169,12.0,2.063819728456963,-0.1429251882848935,3.7910412538518967,0.050388336181640625,0.0,,0.34608966996351465
lirislab/guess_who_so100,82,0.8166666666666667,2.1872660575316196,0.6125,2.9989372840575723,1.7862805091723575,0.0,,0.4292544355208257,1.6265360369284039,0.4827869087457657,0.0,,0.15262977259379598
lirislab/guess_who_so100,86,0.42083333333333334,8.468195460772446,0.4875,3.3916082362716833,2.565545007435178,5.0,4.96974072811031,-0.11353066752892786,2.724872791510951,-0.04665687680244446,0.0,,0.08864639094830337
lirislab/guess_who_so100,90,0.7083333333333334,2.5374241438550342,0.25,3.1586024909294506,1.4225051805515185,0.0,,0.6515050772809705,1.8032690456391511,0.5208818316459656,0.0,,0.06442454345950673
lirislab/guess_who_so100,95,0.1,3.9421798176312146,0.1,4.977910150563129,2.498118687520253,2.0,0.0,0.4250644851158905,5.072083806313111,0.5361084043979645,0.0,,0.31566413056303616
lirislab/lemon_into_bowl,0,0.5791666666666667,2.680962483831999,0.6166666666666667,3.0466741249877627,1.059450706460928,0.0,,0.8570577831399129,5.263304307162925,0.7848135773092508,0.0,,0.2413999104916926
lirislab/lemon_into_bowl,1,0.5791666666666667,2.9460803400863207,0.5791666666666667,2.6710986223709106,1.166965962280778,0.0,,0.9859515101541942,3.9734491706788355,0.7797024678438902,0.4892447916666667,0.33910433480999164,0.2595749038707833
lirislab/lemon_into_bowl,3,0.3416666666666667,3.2993548242754964,0.23333333333333334,3.272078175087991,0.24716824663076742,0.0,,0.9222033869114945,11.262873322803976,0.7583028506487608,1.3020833333333334e-05,0.5774058577405857,0.24069164146575103
lirislab/lemon_into_bowl,5,0.5791666666666667,3.3045050983445283,0.11666666666666667,4.069530339058478,0.6466679825451662,0.0,,0.670205273190174,2.8697058456317146,0.5339243412017822,0.0,,0.1462771268542019
lirislab/lemon_into_bowl,6,0.7291666666666666,2.1763571064380223,0.1,3.0058329418592566,1.095194230938458,0.0,,0.816447442915108,3.0934957721432346,0.7341909147799015,0.0,,0.16316423188627607
lirislab/lemon_into_bowl,8,0.7291666666666666,2.9655397833090897,0.6041666666666666,2.870092413170005,1.025758063800022,0.0,,0.9635263952189167,13.60461419257276,0.812970157712698,0.20411458333333332,0.427322207761565,0.21686414590143274
lirislab/lemon_into_bowl,10,0.5791666666666667,2.435205292545813,0.1,2.9458523232796168,0.8892514284654565,0.0,,0.8810551306586097,4.132086273668416,0.7848091516643763,0.0,,0.2027356632868573
lirislab/lemon_into_bowl,11,0.8125,2.509808216040697,0.1,3.0402287296963086,0.9322285171935274,0.0,,0.9063850784154494,3.481650004650156,0.7901440430432558,0.0,,0.2267926340039304
lirislab/lemon_into_bowl,13,0.5791666666666667,2.6067438439390758,0.5916666666666667,2.6902919414772164,1.329056715060068,0.0,,0.9094295911210332,3.977147395838198,0.7507871128618717,0.0,,0.2061138528275899
lirislab/lemon_into_bowl,15,0.7291666666666666,2.595060212442896,0.1125,3.6361832971211743,0.3778849897068885,0.0,,0.9603093163757952,9.897215071749283,0.8159629311412573,0.5270833333333333,0.3087784452676666,0.23762121277936032
lirislab/lemon_into_bowl,16,0.5791666666666667,2.7439774211536094,0.5833333333333334,2.5957687177025863,1.2490333796919484,0.0,,0.9076230321747077,3.3433701373229145,0.7562266737222672,0.0,,0.20830978738083122
lirislab/lemon_into_bowl,18,0.575,3.122634700722365,0.5791666666666667,2.43055252477314,1.1265566679908579,0.0,,0.8027965360596597,4.8365975894811974,0.7455334812402725,0.0,,0.043706198852622724
lirislab/lemon_into_bowl,20,0.5791666666666667,3.2333431898274645,0.8958333333333334,2.378117993962614,1.5473600778235654,0.0,,0.8650732727769476,4.57737346489507,0.7777901776134968,0.0,,0.06892406743707957
lirislab/lemon_into_bowl,22,0.575,3.027068100193413,0.5833333333333334,2.4482166463049637,1.6756861579644222,0.0,,0.9139129483131633,5.57868745883793,0.7570478022098541,0.0,,0.2492354558196094
lirislab/lemon_into_bowl,23,0.575,2.8181648600157816,0.5875,2.7350228220893538,1.4079369360043312,0.0,,0.9258631828409786,5.464222439126989,0.7602626867592335,0.0,,0.18197967516214564
lirislab/lemon_into_bowl,25,0.5791666666666667,2.5912264715433246,0.5916666666666667,2.6612603828401,1.4577530009652446,0.0,,0.970184901913791,3.9274327583828343,0.7839041305705905,0.0021614583333333334,0.22415183747542466,0.24339424611097935
lirislab/lemon_into_bowl,27,0.575,2.9072967463729245,0.5833333333333334,2.7991566673399606,1.2362396385821952,0.0,,0.8669658282058584,6.640891852243804,0.7571631483733654,0.0,,0.20438042140911955
lirislab/lemon_into_bowl,28,0.23333333333333334,2.573363250150411,0.1,3.4734322797617057,1.1037685793353607,0.0,,0.9458943006708896,3.297301365010859,0.7786273341625929,0.0,,0.28455510519689964
lirislab/lemon_into_bowl,30,0.575,2.9630423329847733,0.5833333333333334,2.50213227809929,1.6011853594165457,0.0,,0.9018354178409315,7.598152658816583,0.7813534401357174,0.0,,0.21558730216891317
lirislab/lemon_into_bowl,32,0.575,3.5070389351281817,0.14166666666666666,3.280666426053376,0.3875702467580945,0.0,,1.1134047308801915,5.015652129878411,0.7670984752476215,0.525546875,0.30739786107277256,0.1709902491631669
lirislab/lemon_into_bowl,33,0.7291666666666666,3.0649367524430087,0.6083333333333333,3.015285008886797,1.1044679039878298,0.0,,0.7615355531218174,12.635701533202521,0.6590634174644947,2.604166666666667e-05,0.2635983263598326,0.12712522001649681
lirislab/lemon_into_bowl,35,0.7291666666666666,2.960495783355931,0.1,3.30162387761194,1.0539426309167061,1.0,-11.71743470320338,0.7283554580279279,2.9190458806275457,0.6770600341260433,0.0,,0.2171822402899834
lirislab/lemon_into_bowl,37,0.2875,2.370382872865452,0.1375,3.685667658452423,0.5984793596313984,0.0,,1.041668082209751,2.549711654938575,0.8188976347446442,0.46608072916666665,0.2968828188878907,0.1803170630658387
lirislab/lemon_into_bowl,39,0.575,2.767840712127087,0.1,3.1210411870678976,0.9001259619774238,0.0,,0.93617696418287,14.385950583040124,0.7728992570191622,0.33341145833333335,0.34715729217491836,0.15631759660782016
lirislab/open_top_drawer_teabox,0,0.12916666666666668,1.609744740406221,0.1,4.5833612275736355,1.4596027633031463,0.0,,0.6859378172593451,1.3245409141353675,0.5104797407984734,0.38885416666666667,0.21184362134843926,0.0172243739681727
lirislab/open_top_drawer_teabox,1,0.12916666666666668,1.659758181712974,0.1,4.57343385888788,1.4878969827357271,0.0,,0.7947611771184432,1.0892783288617176,0.5898716002702713,0.410234375,0.22178507806310122,0.017344130789886072
lirislab/open_top_drawer_teabox,2,0.12916666666666668,1.623433567303826,0.1,4.616280419792306,1.5650047431421437,0.0,,0.6788644848609943,1.2718376735568153,0.5098404139280319,0.3884635416666667,0.2146590492496416,0.017452264069772905
lirislab/open_top_drawer_teabox,3,0.12916666666666668,1.6082684209528892,0.1,4.7725621867622845,1.4603600555315543,0.0,,0.5367119124539788,1.5651757635511525,0.40205715224146843,0.3865885416666667,0.20825658724532864,0.017846391463911277
lirislab/open_top_drawer_teabox,5,0.13333333333333333,1.5434354769296643,0.1,4.86287607226348,1.4713998262326442,0.0,,0.467765360646737,1.0022374148662208,0.35871048271656036,0.3512109375,0.19334909060618033,0.019725087641346267
lirislab/open_top_drawer_teabox,6,0.5541666666666667,2.8129290487640795,0.1,3.7585516112844495,1.7151373231022873,0.0,,0.49782609577504555,1.600176558436701,0.36797328293323517,0.3189192708333333,0.21296444189416597,0.016962228343250424
lirislab/open_top_drawer_teabox,7,0.1125,2.0117722644971674,0.1,4.6276348107692264,1.4130991000996582,0.0,,0.3267963542394991,2.0787595665411156,0.2512713558971882,0.30194010416666667,0.18045780254705235,0.01866947431512071
lirislab/open_top_drawer_teabox,8,0.1125,2.175866508117842,0.1,4.772338848221578,1.483434172198212,0.0,,0.13603999619824783,1.831971112415195,0.10811703465878963,0.2142578125,0.14161889469060412,0.028813203930968295
lirislab/open_top_drawer_teabox,10,0.1125,2.1299203641152213,0.1,4.667229134985239,1.4883687070691332,1.0,3.0127875041833363,0.22015830644843737,1.8777352601214192,0.17089882120490074,0.26424479166666665,0.1662818080492905,0.0218492811608488
lirislab/open_top_drawer_teabox,11,0.11666666666666667,1.9156530277614834,0.1,4.722565538821474,1.451723004936663,0.0,,1.0928686520726103,0.6618496846843375,0.7872204855084419,0.4391145833333333,0.2379350414812043,0.018018235439255712
lirislab/open_top_drawer_teabox,12,0.20833333333333334,2.058251651193984,0.1,4.735318652760765,1.4523328756482188,1.0,2.9609361341637452,1.0631820253566207,0.6279126766622477,0.7931214272975922,0.45153645833333333,0.24385530382206072,0.018061054435851848
lirislab/open_top_drawer_teabox,13,0.11666666666666667,1.8712885810740991,0.1,4.811744630993213,1.49576110978772,1.0,2.9609361341637452,0.2859260911176365,2.322832661574378,0.2181437984108925,0.3037109375,0.1802418975097203,0.018337656193316745
lirislab/open_top_drawer_teabox,15,0.11666666666666667,1.9204547942719263,0.1,4.720354338607539,1.4610657127888038,0.0,,0.550710917717689,1.2597355365833098,0.4154127314686775,0.3502473958333333,0.2022911990164354,0.018376815935969768
lirislab/open_top_drawer_teabox,16,0.11666666666666667,1.7351176709505198,0.1,4.796721438529421,1.422036913974963,1.0,2.9609361341637452,0.5535951442633015,0.2609043558169541,0.4231102466583252,0.26934895833333333,0.2590661239971084,0.03220147873399484
lirislab/open_top_drawer_teabox,17,0.20833333333333334,1.7546045634308334,0.1,4.612125337093965,1.3984874436447177,0.0,,0.7357570790830309,0.6715395482512564,0.5554844066500664,0.34118489583333333,0.20051650159193177,0.0185950868836084
lirislab/open_top_drawer_teabox,18,0.12083333333333333,1.9048749388977497,0.1,5.226965485150651,1.4003717415633388,0.0,,0.895872677290415,0.29905376207622936,0.6847800463438034,0.376953125,0.22209898757777438,0.023639608346395228
lirislab/open_top_drawer_teabox,20,0.1125,2.0953131205410824,0.1,4.800415498008851,1.721449581786694,0.0,,0.42072586340277746,0.599625082532091,0.3427719473838806,0.30444010416666667,0.18736112127663646,0.035901047558456155
lirislab/open_top_drawer_teabox,21,0.11666666666666667,1.8949674542660175,0.1,4.88073947699782,1.4588200792147754,0.0,,0.8694225092268058,0.37503458616704766,0.6889072209596634,0.3403776041666667,0.21481444608647116,0.02355522213508865
lirislab/open_top_drawer_teabox,22,0.1125,2.2206285016727847,0.1,4.778604870106893,1.6698891248546024,0.0,,0.23456381304939336,0.9115506724587633,0.19315213337540627,0.21486979166666667,0.13766912492919586,0.0343994069046269
lirislab/open_top_drawer_teabox,23,0.1125,2.038443314700247,0.1,4.672349494281881,1.4214543550841903,0.0,,0.4491476117231024,1.383049769422324,0.3445718139410019,0.31638020833333336,0.18852508135559481,0.01899506121031853
lirislab/open_top_drawer_teabox,25,0.1125,2.059193255665568,0.1,4.807060965173692,1.6756517647694047,0.0,,-0.4825628248429519,0.25189373593481285,-0.26085563749074936,0.0436328125,0.29483861059397737,0.049323195076613265
lirislab/open_top_drawer_teabox,26,0.11666666666666667,2.4283188196077816,0.1,4.847319359093039,1.4786129582810283,0.0,,0.49676760375728424,1.14717472867393,0.3786645904183388,0.29578125,0.18371729951277588,0.018409844454164662
lirislab/open_top_drawer_teabox,27,0.11666666666666667,1.8525140809489173,0.1,4.8407262991951745,1.4642663220095005,0.0,,0.6450738339931046,1.1526443710299719,0.48525582253932953,0.3668619791666667,0.20423681934116195,0.018908315316678765
lirislab/open_top_drawer_teabox,29,0.1125,2.0137758723429915,0.1,4.676652089950437,1.74042590188212,0.0,,0.16521615170367987,0.48871481145095735,0.161977618932724,0.143125,0.1854867442582814,0.04999206816903652
lirislab/push_cup_target,0,0.3416666666666667,2.855464916576953,0.6041666666666666,2.756547000518626,2.414301536958776,1.0,2.7048759857356544,0.8052994685787512,1.0618718003933514,0.5877781957387924,0.38373697916666666,0.24352341831250604,0.015877932952156226
lirislab/push_cup_target,1,0.2375,2.704233888830647,0.6041666666666666,2.73096284827432,2.1398079409883173,1.0,2.770215797200194,0.9423571448097028,0.8453087761517613,0.695659264922142,0.3861588541666667,0.2386305744211044,0.01682198404661018
lirislab/push_cup_target,2,0.3625,2.2709597562598516,0.7333333333333333,2.596649029368284,2.185830658757271,1.0,2.045408488887233,0.6705762787128944,1.2879467420050759,0.4750439077615738,0.410859375,0.25679137285540654,0.016205267169807396
lirislab/push_cup_target,3,0.22916666666666666,2.188136505297407,0.1,2.7920046020608953,2.087758211676274,1.0,2.7263109939062673,1.0846755172674039,0.7054070169541693,0.778838761150837,0.41151041666666666,0.2362422742950286,0.016395350967374257
lirislab/push_cup_target,5,0.30833333333333335,2.12828939695909,0.6041666666666666,2.644370725571116,2.2014852315279843,1.0,2.6025622024998114,1.0027018799471978,0.8689968077226784,0.7312835082411766,0.3885807291666667,0.24007732517048422,0.020387285615815265
lirislab/push_cup_target,6,0.24583333333333332,2.726455277779576,0.1,4.083925360129264,2.4320318092756437,0.0,,1.000216773630419,0.8818930687644102,0.7210549116134644,0.3818359375,0.23706634991635364,0.016242724857888576
lirislab/push_cup_target,7,0.31666666666666665,2.5311418876638894,0.5958333333333333,2.6526672765972426,2.246555126255718,1.0,2.748088180053756,0.8493679774261368,1.0110505327451638,0.6133197769522667,0.38967447916666664,0.24372192698187625,0.01564426215707962
lirislab/push_cup_target,8,0.32916666666666666,2.979393503269477,0.6416666666666667,2.590271301102547,2.2318480148663817,0.0,,0.9363558170702837,0.9995166964405164,0.6699493527412415,0.3976822916666667,0.24879040289947116,0.016094395815588712
lirislab/push_cup_target,10,0.19583333333333333,3.5059430187534706,0.1,4.155542501428536,2.8048000269440228,2.0,2.748088180053756,1.0742270532674436,0.7805880329285135,0.7592057064175606,0.3811848958333333,0.2407149059024043,0.017013559754481596
lirislab/push_cup_target,11,0.1875,2.410291307742073,0.5125,2.742705027191964,1.6610325291687709,0.0,,1.0919360393281325,0.7592209053953496,0.801088735461235,0.4287109375,0.23256481860955702,0.016247486477396773
lirislab/push_cup_target,12,0.3333333333333333,2.5263708463467975,0.1,2.820195855397949,2.6323421095332025,1.0,2.7263109939062673,0.5737732522447281,1.37028739994685,0.4123535454273224,0.391328125,0.25256964242605984,0.016196560647464945
lirislab/push_cup_target,13,0.4125,2.4303750518324656,0.6125,2.729586245561651,2.238084131575833,1.0,2.8155566842112307,0.7297501471010281,1.1602914520644423,0.5280118435621262,0.38213541666666667,0.24135436085684808,0.016004960811009005
lirislab/push_cup_target,15,0.20833333333333334,2.712243453182228,0.1,3.7244267366572474,2.5594965992567134,0.0,,1.0946556603499706,0.8117064850464629,0.788038358092308,0.37127604166666667,0.23559402516212397,0.016896985445505323
lirislab/push_cup_target,16,0.19166666666666668,3.216829276024401,0.1,3.8136814066912166,2.541002617676901,0.0,,1.0692770948145105,0.8392139986328381,0.7685498744249344,0.3774609375,0.23788131438111496,0.016986166628121906
lirislab/push_cup_target,17,0.24166666666666667,3.075345354859433,0.1,3.8107808185719976,2.3597509336935563,0.0,,1.0823938104632833,0.8419832421583862,0.7650908529758453,0.38701822916666667,0.2406151245594433,0.01569588385046056
lirislab/push_cup_target,18,0.38333333333333336,2.5432799875119976,0.6416666666666667,2.734895685583945,2.3161276104496986,0.0,,0.707276570032559,1.2535158458925042,0.5049505084753036,0.3822786458333333,0.2426480386147476,0.015731707479280797
lirislab/push_cup_target,20,0.3,2.6385178553276742,0.1,2.931726556219016,2.5667102479619026,1.0,2.986636990475162,0.8479078875551654,0.9325734447464161,0.6117008030414581,0.38610677083333333,0.24263394151628592,0.0161219036269128
lirislab/push_cup_target,21,0.17083333333333334,2.2121462646012042,0.49583333333333335,2.8815724046365205,1.5990300199996963,0.0,,1.0913091177824819,0.711131896417739,0.8065828382968903,0.42309895833333333,0.22878468970003601,0.017534553130786733
lirislab/push_cup_target,22,0.1625,2.775619374595527,0.6625,2.7465994163097602,2.5490520152830225,1.0,2.7263109939062673,0.6384131260199608,1.2123134553094108,0.4567633345723152,0.3855338541666667,0.2443900990751003,0.01584356287555581
lirislab/push_cup_target,23,0.3458333333333333,2.3891785605579448,0.5958333333333333,2.7299745280678644,2.368953481705794,1.0,1.9219559589314343,0.7180601450460437,1.1569750087594568,0.5130240023136139,0.3771484375,0.23928749674076416,0.01628143013245346
lirislab/push_cup_target,25,0.17916666666666667,3.256984813625753,0.1,3.817921985982677,2.7527992924279374,1.0,3.0127875041833363,1.0381726222990244,0.7395524947336799,0.7439189106225967,0.372890625,0.23645923825937445,0.017623237523889026
lirislab/push_cup_target,26,0.125,2.7554064164943823,0.1,3.4318633171979567,2.34495342776907,1.0,1.877877447285357,1.120135942032449,0.7297450276825174,0.785408690571785,0.3941927083333333,0.24055274241426214,0.017322222153205016
lirislab/push_cup_target,27,0.1625,2.684972563047159,0.1,3.1651918036910462,2.056074071414316,1.0,2.7263109939062673,1.0816076630958575,0.7195649344539675,0.7941487580537796,0.40393229166666667,0.23134695339708974,0.016654323350089
lirislab/push_cup_target,29,0.375,2.605241981799264,0.6833333333333333,2.582713909739302,2.2169653594022996,0.0,,0.734842273834528,1.2333721175798265,0.5202347487211227,0.38864583333333336,0.24775613456856438,0.015931910501444636
lirislab/put_banana_bowl,0,0.36666666666666664,2.020874193265058,0.1,3.40254512429449,2.297416954111998,0.0,,0.9840826629058973,1.1671632557213474,0.6949782744050026,0.3798697916666667,0.24225889791821856,0.016541650050787924
lirislab/put_banana_bowl,1,0.24583333333333332,1.8220249932861694,0.1,2.759643339296063,1.8680935154608058,1.0,2.986636990475162,1.0941255173597857,0.8149277243352168,0.802056297659874,0.4124348958333333,0.2284616578548477,0.020590956146571117
lirislab/put_banana_bowl,2,0.21666666666666667,2.259845293764659,0.1,3.984691859230934,2.7865073097158257,0.0,,0.9143630858730744,1.1084893542056757,0.6447851955890656,0.40234375,0.2512500846298628,0.01617012722650986
lirislab/put_banana_bowl,3,0.23333333333333334,2.24796413090043,0.1,4.07606917411001,2.7413795575952995,0.0,,0.8160258065779734,1.3952600145587835,0.5743093341588974,0.39272135416666665,0.24954348899400272,0.015888882375145127
lirislab/put_banana_bowl,5,0.2,2.3770634259181085,0.1,3.9047788921807776,2.7664664347497276,0.0,,0.8429654185864878,1.078216671717209,0.5991572141647339,0.3856380208333333,0.2399635344565621,0.01604101940814248
lirislab/put_banana_bowl,6,0.23333333333333334,2.5512510925613046,0.1,4.087873047013612,2.746903422946329,0.0,,0.8895752555698444,1.0204650719991997,0.6324678808450699,0.38634114583333334,0.24317786875848654,0.016226729811606545
lirislab/put_banana_bowl,7,0.10416666666666667,1.9361258076003411,0.1,3.580944792514316,2.3388884166022237,0.0,,0.804784854960342,1.173850442128022,0.5709550827741623,0.3612369791666667,0.23572759957391337,0.01681349618603638
lirislab/put_banana_bowl,8,0.1125,1.4485840836737474,0.1,2.7177424282171225,1.6899921054374691,1.0,2.882963452539542,1.08740553815402,0.8562245970869584,0.7934973686933517,0.4053776041666667,0.23134246417751242,0.01774641701215272
lirislab/put_banana_bowl,10,0.22083333333333333,2.1418609740699583,0.1,4.069769751203957,2.461174809769295,0.0,,1.0041381575923498,0.9916061626962648,0.714276447892189,0.3985546875,0.2452917080340223,0.01593000954916345
lirislab/put_banana_bowl,11,0.17083333333333334,2.2604883284629036,0.1,3.913053025164704,2.359301622629127,0.0,,0.7971431108921905,1.0279214089826705,0.5695857852697372,0.39598958333333334,0.24285640385291643,0.016979742734130096
lirislab/put_banana_bowl,12,0.5041666666666667,2.251568024638522,0.1,3.6420622642635707,2.5111421264532963,0.0,,0.7208607234741422,1.2462665181080184,0.5169897079467773,0.3670963541666667,0.2311474687253594,0.018730179054624378
lirislab/put_banana_bowl,13,0.2708333333333333,2.990840425586086,0.1,3.406607413355792,1.9080378472673716,0.0,,0.9004343220908032,1.260088555879542,0.6453530788421631,0.390078125,0.24236860474957828,0.017173810908187814
lirislab/put_banana_bowl,15,0.3458333333333333,1.7450875697257802,0.1,3.4236794829475476,2.5045902012712977,0.0,,1.051656067590373,0.9021506392612288,0.7406589612364769,0.39229166666666665,0.24620683965985016,0.015910534990009433
lirislab/put_banana_bowl,16,0.37083333333333335,2.072836057128928,0.1,2.4424352781756924,1.592947665299536,0.0,,1.0780121182531694,0.812134194346139,0.7968172878026962,0.42256510416666665,0.22934795823815762,0.017695960002665354
lirislab/put_banana_bowl,17,0.2708333333333333,1.883144216723221,0.1,3.453910463750615,1.9284490537630115,0.0,,0.822208581146577,1.205903763295244,0.5843929871916771,0.3684895833333333,0.24875068379732987,0.01856436270007709
lirislab/put_banana_bowl,18,0.25833333333333336,1.8552320620291216,0.1,3.1063593062723425,1.9239842446490811,0.0,,1.066388662169944,0.8349848200940826,0.7718670815229416,0.4088411458333333,0.2333291268903508,0.019869508968005364
lirislab/put_banana_bowl,20,0.20833333333333334,1.9099222665162543,0.1,3.683469118948055,2.5321143562432007,0.0,,1.04602072383947,0.9092964207282331,0.7522750347852707,0.4015885416666667,0.24088992920863495,0.017585317541718704
lirislab/put_banana_bowl,21,0.2625,2.065641366285696,0.1,2.8943000866431947,1.6865812428735039,0.0,,1.1056224483750097,0.8927939411017672,0.8085481226444244,0.43692708333333335,0.226733952760414,0.02065615792388633
lirislab/put_banana_bowl,22,0.11666666666666667,1.538038798583313,0.1,3.3363517820265267,2.0306378745713562,0.0,,0.990146806805525,1.034899172101985,0.7120349854230881,0.39998697916666665,0.24315849389819255,0.017030353965678653
lirislab/put_banana_bowl,23,0.10416666666666667,2.075407966876769,0.1,3.4041050919498277,2.652738407303703,0.0,,0.7326483120170043,1.2763997690577233,0.5212752968072891,0.36580729166666665,0.23809875573128228,0.02004603868839942
lirislab/put_banana_bowl,25,0.17083333333333334,1.9120718498920706,0.1,3.507261892460244,2.2080469180153686,0.0,,1.0528155830557118,1.1456280633423188,0.7503476440906525,0.37309895833333334,0.24019589662027369,0.017115971742464625
lirislab/put_banana_bowl,26,0.3625,2.216963258858271,0.1,3.1612028686140015,2.3276419353746842,0.0,,0.8890176169518795,1.0957074260530872,0.6260261833667755,0.3560026041666667,0.23960459707775605,0.015941414618226908
lirislab/put_banana_bowl,27,0.1125,2.870884125875724,0.1,3.555659953235047,2.6911833779280525,0.0,,1.0070514412856524,1.011283067659812,0.7221228778362274,0.3688151041666667,0.2358216605671616,0.016979804454171247
lirislab/put_banana_bowl,29,0.22916666666666666,2.3932375547916513,0.1,3.8876265526226907,1.5200241992299273,0.0,,1.110730281753478,1.2055557873622995,0.8075007647275925,0.44674479166666664,0.24760850185790645,0.023606798950196208
lirislab/put_caps_into_teabox,0,0.5666666666666667,2.5240715223927395,0.1,4.052897452545387,2.1959347156611857,0.0,,0.6309156467690901,1.4427561824863524,0.4361322820186615,0.31286458333333333,0.2395019617977074,0.017313756064900127
lirislab/put_caps_into_teabox,1,0.5666666666666667,2.667961419302823,0.1,3.4122710201266457,1.8416959598650626,0.0,,0.69412432607583,1.4366489598446182,0.4977489113807678,0.3778125,0.24180209908715777,0.01604180412330001
lirislab/put_caps_into_teabox,2,0.2833333333333333,2.6057627556782808,0.1,4.580372101834688,2.457889149141192,0.0,,0.5817078163158645,1.4941927666481145,0.40406306087970734,0.33455729166666665,0.24581223560325205,0.016631835476445648
lirislab/put_caps_into_teabox,3,0.12083333333333333,2.7279005663378495,0.1,4.436082215016711,2.4502070261945277,0.0,,0.6067425194586463,1.4211154452500208,0.42860032245516777,0.30173177083333336,0.23437643036812245,0.017207706131257085
lirislab/put_caps_into_teabox,5,0.5666666666666667,2.6306716365861975,0.1,4.626402519949399,1.643239185309805,0.0,,0.77342412961086,1.128364027944193,0.5498463660478592,0.4159765625,0.24207339745365392,0.016237362510159753
lirislab/put_caps_into_teabox,6,0.5666666666666667,2.6851894811254198,0.1,4.499337454388342,1.6637309388005415,0.0,,0.6053563791293775,1.4316869134130412,0.4371321201324463,0.36776041666666665,0.23609961370697316,0.016103720786267903
lirislab/put_caps_into_teabox,7,0.5666666666666667,2.6484396386000415,0.1,4.609515465315701,1.6347930838153943,0.0,,0.633759212621415,1.4290385484019903,0.4600524455308914,0.3685026041666667,0.2358065322587918,0.016585724221980746
lirislab/put_caps_into_teabox,8,0.5666666666666667,2.5000632030837693,0.1,3.893948752985196,2.0395911096719157,0.0,,0.7195613881000775,1.3302099219719181,0.5036950781941414,0.37259114583333336,0.24349022552323188,0.016695963385238228
lirislab/put_caps_into_teabox,10,0.2916666666666667,3.3227118954321,0.1,3.3815905671427413,1.6245584238581827,0.0,,0.662437555725119,1.5157437639103446,0.4729982167482376,0.37451822916666666,0.23669559203864446,0.015544967364282578
lirislab/put_caps_into_teabox,11,0.2875,3.7948939505457018,0.1,3.8744512742453137,1.9564420367644026,0.0,,0.7005180273529134,1.3597036033357641,0.5083925873041153,0.376171875,0.2393841305427744,0.016289202461822607
lirislab/put_caps_into_teabox,12,0.2833333333333333,2.521440789653771,0.1,4.195010655744978,2.5816410807381374,0.0,,0.6852874116875269,1.2522697780897025,0.47541429847478867,0.3540625,0.247705299737432,0.01760418281872926
lirislab/put_caps_into_teabox,13,0.5666666666666667,2.47365860876441,0.1,4.525262958608953,2.0592609932529635,0.0,,0.5219502854565354,1.678777746146722,0.377250537276268,0.34545572916666667,0.22966029003097185,0.01733987486438954
lirislab/put_caps_into_teabox,15,0.32916666666666666,2.7727901498913026,0.1,3.8467126002248175,2.097297581536983,0.0,,0.6674321189906165,1.3665459542062388,0.46036362648010254,0.3558984375,0.2511401685121071,0.017372647395666553
lirislab/put_caps_into_teabox,16,0.5666666666666667,2.4358771703212727,0.1,4.190577202461853,2.3091676762212927,0.0,,0.7338844435768461,1.284106695856573,0.5063920170068741,0.3566015625,0.2476708782669235,0.01717463457821001
lirislab/put_caps_into_teabox,17,0.5666666666666667,2.457922848963225,0.1,3.8024135424111156,2.134426410682351,0.0,,0.528224522831237,1.821058958660948,0.3803204223513603,0.3390625,0.24732934204860238,0.015879155334089286
lirislab/put_caps_into_teabox,18,0.2875,2.573338331004352,0.1125,3.691729238548767,2.36055709638957,0.0,,0.4808196765418939,1.8883508403236542,0.3257879242300987,0.27125,0.23419855356098437,0.02051546061936092
lirislab/put_caps_into_teabox,20,0.2833333333333333,2.811971800489558,0.1,4.506207646731081,2.5252981396537586,0.0,,0.6184713972438662,1.4563112547606087,0.4309418499469757,0.33122395833333335,0.24843848740772953,0.016212397611216386
lirislab/put_caps_into_teabox,21,0.5666666666666667,2.394870688001996,0.1,4.264225331420033,2.3822576637156216,0.0,,0.6694004197751598,1.3072755764672057,0.45375053584575653,0.3307161458333333,0.2564677784401949,0.01809967251685654
lirislab/put_caps_into_teabox,22,0.5666666666666667,2.4339447961456053,0.1,4.7660743155314105,2.561900969514961,0.0,,0.5644404740519735,1.5174761045699836,0.4013678506016731,0.3199609375,0.24516788590123492,0.016802355384181324
lirislab/put_caps_into_teabox,23,0.2125,2.6872408323621966,0.1,3.8454480890705827,3.034220237269471,0.0,,0.5456573695811133,1.4368742704006365,0.3790644630789757,0.26453125,0.23169301603699205,0.02128409690333319
lirislab/put_caps_into_teabox,25,0.1875,3.0414448815589172,0.1,4.117802749880336,3.1302040802604347,0.0,,0.5036266476067913,1.6194534606589184,0.34480569139122963,0.2630859375,0.2359905114832382,0.020298404073514017
lirislab/put_caps_into_teabox,26,0.10416666666666667,3.1450339801369367,0.1,4.392193262374553,2.7755091211642675,0.0,,0.5059403289289047,1.5575242611030458,0.34230417758226395,0.28479166666666667,0.2424886291638227,0.022344820370787145
lirislab/put_caps_into_teabox,27,0.5666666666666667,2.551729888691177,0.1,4.326907548469731,2.0061068847346686,1.0,1.5343414997007727,0.6822604744413353,1.3921643355576867,0.4853326305747032,0.37139322916666667,0.23845807765501434,0.015653225648521604
lirislab/put_caps_into_teabox,29,0.2833333333333333,2.6025364922501875,0.1,4.370780565924699,2.351730224575131,0.0,,0.6236500739145588,1.4403646118096782,0.43843992054462433,0.3214192708333333,0.2475789084726974,0.016230354969097683
lirislab/put_coffee_cap_teabox,0,0.29583333333333334,2.2141459008698448,0.1,4.007673509532665,1.9776572093532918,0.0,,0.4844764067131598,1.7321491216408809,0.3454114943742752,0.29229166666666667,0.22548942493222826,0.016966529420502488
lirislab/put_coffee_cap_teabox,1,0.3,1.9402861367380426,0.1,4.175473358411644,1.7026021278039953,0.0,,0.46542523706011896,1.8255796727552704,0.33760709688067436,0.3074609375,0.22230006979702513,0.016440719229155538
lirislab/put_coffee_cap_teabox,3,0.19166666666666668,1.8662152314477451,0.1,4.379986015166701,2.057269692944137,0.0,,0.37219974864048505,2.459554543581914,0.26390255242586136,0.22864583333333333,0.2016069233042003,0.022973952079101443
lirislab/put_coffee_cap_teabox,5,0.29583333333333334,2.3250867946664697,0.1,4.119718850358073,2.0484524622925746,0.0,,0.44690771353580205,1.800825294581436,0.3154565393924713,0.2860546875,0.2294511227402782,0.018971914713084063
lirislab/put_coffee_cap_teabox,6,0.29583333333333334,2.3233759495624757,0.1,4.234987498459569,2.508765228314775,0.0,,0.496894529838058,1.6954305627374597,0.33667828142642975,0.2588020833333333,0.23350042228342918,0.021107142151113763
lirislab/put_coffee_cap_teabox,8,0.29583333333333334,1.913837312715043,0.1,4.2436110336560455,2.450866819870811,0.0,,0.3464588950635805,2.118763044488762,0.22781044244766235,0.22725260416666668,0.223008980245091,0.5339554343617183
lirislab/put_coffee_cap_teabox,10,0.30833333333333335,2.5398509955278366,0.1,3.934227035399323,2.149661472115993,0.0,,0.4159051595105587,2.2724429492888003,0.28846487402915955,0.26688802083333335,0.23085856221841217,0.02065845597933632
lirislab/put_coffee_cap_teabox,11,0.29583333333333334,2.188201442793011,0.1,4.4062142817738925,2.627291315448272,0.0,,0.3933737751894585,2.0393643316679557,0.2491605430841446,0.2457421875,0.23500752774491107,0.48295107798874654
lirislab/put_coffee_cap_teabox,13,0.20833333333333334,2.1498455398755976,0.1,3.6448583463021365,2.8812384208874153,0.0,,-0.09017161168380002,1.7817249711398238,0.0964251160621643,0.19227864583333334,0.20896814762533106,0.8959349401110454
lirislab/put_coffee_cap_teabox,15,0.3375,1.8063566813824083,0.7166666666666667,3.0952474575981976,2.0332096353130162,1.0,0.0,-0.13724821850732663,1.6588555133764975,0.1039632260799408,0.18213541666666666,0.19157275273605706,0.31888100403980646
lirislab/put_coffee_cap_teabox,16,0.14583333333333334,2.237197359503523,0.1,4.533251098590689,2.3854324604427943,0.0,,0.4754547122065499,1.780649254826888,0.32253584265708923,0.2723567708333333,0.2425536034732214,0.02078922705669345
lirislab/put_coffee_cap_teabox,18,0.29583333333333334,1.934330882933382,0.35,2.986062578865082,2.3565890724609893,0.0,,-0.23171544106991898,1.9314391825492527,0.010072648525238037,0.17326822916666668,0.18372499074794055,0.20294452596957294
lirislab/put_coffee_cap_teabox,20,0.6041666666666666,2.3764000500575535,0.6458333333333334,3.0360283424948764,1.8437981674590689,0.0,,-0.10163702715597635,1.6938557790449922,0.14009806513786316,0.218828125,0.22916053591141236,0.25072457586755315
lirislab/put_coffee_cap_teabox,22,0.6,2.0011919341739715,0.1,3.2885366674980316,2.1130986089199335,0.0,,0.08394701758112513,1.5475270555658107,0.17000487446784973,0.21571614583333334,0.22381994957460674,0.2757438001242025
lirislab/put_coffee_cap_teabox,23,0.3,1.9803496963184577,0.1,3.260522113308738,2.3469511242953667,1.0,0.0,0.11415156178994149,1.7312717902504586,0.08473718166351318,0.2177734375,0.22495425008286896,0.11644253579669912
lirislab/put_coffee_cap_teabox,25,0.3,1.9377566075361081,0.1,4.141875786536529,2.1950531112214713,0.0,,0.3531146137065891,2.83845424567425,0.25712915509939194,0.22580729166666666,0.2060928821073853,0.020450422719391834
lirislab/put_coffee_cap_teabox,27,0.29583333333333334,2.2264925802602953,0.125,3.831335742956042,2.0883033854953106,0.0,,0.06415363743775343,2.131385749698252,0.03137129545211792,0.20147135416666667,0.21741259643265756,0.12419600485208508
lirislab/put_coffee_cap_teabox,28,0.29583333333333334,1.9092528355260563,0.1,3.5859013318359025,2.2033814084231844,1.0,0.0,0.004820596833457309,1.735431392488634,0.19864504039287567,0.195078125,0.21632765455226885,0.2788411787726357
lirislab/put_coffee_cap_teabox,30,0.29583333333333334,2.631485350289146,0.1,3.867090208504377,2.0073201353626398,0.0,,0.44858819401272326,1.9342932677495415,0.31849662959575653,0.2785546875,0.21866555106302124,0.0184786289833082
lirislab/put_coffee_cap_teabox,32,0.29583333333333334,2.2141044888641543,0.125,3.726570276748751,2.0697208872576898,0.0,,0.18949782070683735,2.0994668745345066,0.1191907674074173,0.21466145833333333,0.22747664177593055,0.136031572082899
lirislab/put_coffee_cap_teabox,33,0.2916666666666667,2.367090657574565,0.1,3.5341566905240946,2.6495263212666345,0.0,,-0.3895539693979458,1.8693580662061655,-0.03465038537979126,0.12736979166666668,0.15594606779252132,0.47247440065810115
lirislab/put_coffee_cap_teabox,35,0.3,1.8432481442404869,0.1,4.257881962048574,2.0896067844769046,0.0,,0.47052184665809826,1.8319636417766003,0.32785725966095924,0.2572786458333333,0.21949216087325069,0.019638027968738113
lirislab/put_coffee_cap_teabox,37,0.3,2.4071973081864955,0.1,3.9803396202115495,1.9892741620025718,0.0,,0.45811157099391475,1.8794698385277544,0.324000459164381,0.28846354166666666,0.22546945062765283,0.01772584110401503
lirislab/put_coffee_cap_teabox,39,0.3,2.4115185963145604,0.1,4.054315235300809,2.5974615590106067,0.0,,-0.23338865447489301,1.976306456949559,0.05773228406906128,0.17723958333333334,0.20735734037281897,0.3399031136452362
lirislab/red_cube_into_blue_cube,0,0.125,2.8487341044194237,0.1375,3.3792725409399114,1.9850165219906166,0.0,,0.9448998505930183,1.2046702549911263,0.6803949028253555,0.4091015625,0.24613627577375358,0.01639981814278718
lirislab/red_cube_into_blue_cube,1,0.3125,3.035826369828305,0.32083333333333336,2.3662494428422574,1.4673454910505606,0.0,,1.1128163369546384,1.184038523341576,0.8146371841430664,0.46274739583333335,0.24054733435046488,0.016267402524344117
lirislab/red_cube_into_blue_cube,3,0.11666666666666667,1.899279629721264,0.1,3.2329154170837886,1.6957486637442545,0.0,,1.10958207501532,1.052646916257297,0.8074493855237961,0.4325390625,0.2416798824990638,0.015776324918981476
lirislab/red_cube_into_blue_cube,5,0.36666666666666664,1.8121844945725616,0.1,2.9652092726555215,1.6807797102852364,0.0,,1.0602521310302824,1.169439945121015,0.7786171436309814,0.4183984375,0.24237859721890723,0.01638983509540629
lirislab/red_cube_into_blue_cube,7,0.12083333333333333,2.0806919702758027,0.1,3.9121562360044684,2.1157568161663307,0.0,,1.117086454312118,1.0959350593287893,0.7756107449531555,0.3993229166666667,0.24406370179648365,0.024415917805393702
lirislab/red_cube_into_blue_cube,9,0.11666666666666667,1.760802331005104,0.1,3.7415447347560735,1.8193677884687516,0.0,,1.103501548132536,1.0584517918680305,0.7975472807884216,0.424765625,0.2459475585564995,0.01577047142533803
lirislab/red_cube_into_blue_cube,11,0.11666666666666667,1.8593135770758458,0.1,2.6066280111151583,1.5521617210750978,0.0,,1.1086649030430056,1.17636481693713,0.8177845925092697,0.448828125,0.23705678213909853,0.018323677349983906
lirislab/red_cube_into_blue_cube,13,0.3125,2.026875289437883,0.1,2.5116608752263594,1.5712141670053643,0.0,,1.0804938668978274,1.2010027475927239,0.7966578602790833,0.4189453125,0.24423286615755235,0.02402379948080392
lirislab/red_cube_into_blue_cube,15,0.16666666666666666,2.179266890711805,0.1,3.449307948796149,1.8591637927055482,0.0,,0.9222719231578713,1.3308610941008345,0.661540761590004,0.40513020833333335,0.2438235636637088,0.03212526039607712
lirislab/red_cube_into_blue_cube,17,0.17916666666666667,1.5711821906586656,0.1,3.0137949399966284,1.6695779102685873,0.0,,0.7373719651929238,1.5902103115969835,0.5385141149163246,0.3865104166666667,0.2464806421221243,0.01820496378304825
lirislab/red_cube_into_blue_cube,19,0.1125,1.8962223196324588,0.1,3.781460108720766,1.8081113998096958,1.0,-5.110417561031227,1.0979902265463413,1.0871233024788785,0.783311739563942,0.42938802083333333,0.2495932565146521,0.015721446386038326
lirislab/red_cube_into_blue_cube,21,0.125,2.1328916381938754,0.1,3.79932375130031,2.613154328581873,0.0,,1.131835461806193,1.086458537177136,0.8005143851041794,0.4087369791666667,0.2396092262673162,0.024498388914916805
lirislab/red_cube_into_blue_cube,22,0.12083333333333333,2.23947860197824,0.11666666666666667,3.5801940072516176,2.225458072658382,0.0,,1.1239970049746053,1.0710419892860314,0.7996950745582581,0.4115625,0.23841112201878872,0.024607111283385556
lirislab/red_cube_into_blue_cube,24,0.37083333333333335,2.141637469968919,0.1,2.6631652272709845,1.5975644975701349,0.0,,1.1410685343503595,1.1565688714806794,0.8202718794345856,0.4688541666666667,0.23735985215744712,0.025821738613439754
lirislab/red_cube_into_blue_cube,26,0.3416666666666667,1.8375360406677443,0.1,3.109315113304062,1.5540616728164294,0.0,,1.1348448118525183,1.1932075614711777,0.8150227814912796,0.45033854166666665,0.24179554113728266,0.026583136931948723
lirislab/red_cube_into_blue_cube,28,0.13333333333333333,2.691799050354746,0.1,3.4582773267359643,2.50264676677515,0.0,,1.142227202687455,1.0712198101559893,0.8123252913355827,0.4051432291666667,0.24184315573822848,0.026530186501125895
lirislab/red_cube_into_blue_cube,30,0.12083333333333333,2.38738772248635,0.125,3.393733703590796,2.665414585143189,0.0,,1.1255195284836734,1.061195975675848,0.8044777363538742,0.4004947916666667,0.24070629922181008,0.031267037616713476
lirislab/red_cube_into_blue_cube,32,0.31666666666666665,2.2908580549350828,0.1,2.8396963874130288,1.4646576564180276,0.0,,1.0936112710800618,1.0432488041515868,0.8138884902000427,0.4244791666666667,0.23927856354442076,0.018256378981744766
lirislab/red_cube_into_blue_cube,34,0.12083333333333333,2.202448254654049,0.1,3.5689537832024247,2.311330141669313,0.0,,1.0854131697188216,1.116717854856453,0.7753141075372696,0.40674479166666666,0.2410919433229724,0.029191033710401087
lirislab/red_cube_into_blue_cube,36,0.31666666666666665,2.0084999101444208,0.21666666666666667,3.119745463161308,1.3709382978384628,0.0,,1.0892751888775718,0.980735719931578,0.8002573698759079,0.42321614583333333,0.24443292456943466,0.015877212315978658
lirislab/red_cube_into_blue_cube,38,0.4,1.9617340595284563,0.1,3.6715918556039777,2.1416019191727615,0.0,,1.1353715945175495,1.1620376700963764,0.8126387149095535,0.4656640625,0.23573123247338326,0.033153549469468774
lirislab/red_cube_into_blue_cube,40,0.1125,2.107955481223491,0.1,3.341590762345179,1.7093704957088047,0.0,,1.0779931037893304,1.1034551777769586,0.7797689884901047,0.4201171875,0.2423003280236172,0.01602427269265449
lirislab/red_cube_into_blue_cube,42,0.31666666666666665,2.0209599063912096,0.1,2.890553010205907,1.3399706266272127,0.0,,1.1231199610597113,1.162444322466254,0.8182297348976135,0.46643229166666667,0.23612870611524348,0.01938818057742142
lirislab/red_cube_into_blue_cube,44,0.12083333333333333,2.2050693585888994,0.13333333333333333,3.2732820473288027,2.7513646085578434,0.0,,1.1139616021695125,1.0504730427002382,0.7814213633537292,0.39217447916666665,0.24159828496197994,0.02856393252140934
lirislab/red_cube_into_green_lego_block,0,0.1,2.1552117974272917,0.1,4.82765862614276,1.902328046485219,0.0,,1.1193632671725557,1.232813494806381,0.7972406223416328,0.4438671875,0.25274622631308075,0.01576636358844259
lirislab/red_cube_into_green_lego_block,1,0.8625,1.7012098934954383,0.1,3.6792849615081313,1.260773805538185,0.0,,1.0902404277753963,1.158479975943111,0.8027828931808472,0.4395833333333333,0.24217464157528407,0.016671829220831602
lirislab/red_cube_into_green_lego_block,2,0.11666666666666667,1.9766833536835793,0.1,4.191413613426289,1.4283054511886977,0.0,,1.1115228846871459,1.1966270886943158,0.8073973953723907,0.454609375,0.24429674540406876,0.01607224459332687
lirislab/red_cube_into_green_lego_block,3,0.1125,1.6631685411489392,0.1,3.9867222437211622,1.372277124395189,0.0,,1.115099747606168,1.1785230251407732,0.8019295781850815,0.44481770833333334,0.24380927791994778,0.017142889142719723
lirislab/red_cube_into_green_lego_block,5,0.8625,1.7464093714961766,0.1,3.619888870643884,1.2059297994482803,0.0,,1.1018743984884105,1.1815605162312546,0.7960183918476105,0.42864583333333334,0.23624178304702156,0.018653499732717703
lirislab/red_cube_into_green_lego_block,6,0.11666666666666667,1.9617082223843503,0.1,4.424994798339046,1.7413012259818081,0.0,,1.0707047815605286,1.1654715230649637,0.7676981985569,0.398515625,0.23525263867915522,0.017896318563216964
lirislab/red_cube_into_green_lego_block,7,0.12083333333333333,1.9131618454304156,0.1,4.510883217556628,1.7063020833395186,1.0,14.868281358498209,1.0909732788094595,1.2031275973058884,0.7761010751128197,0.4230859375,0.24254995636652735,0.017368572223337674
lirislab/red_cube_into_green_lego_block,8,0.11666666666666667,2.058016162600062,0.1,4.561441624150908,1.7890157649371783,0.0,,1.0971291481313252,1.1983367433228242,0.7799933701753616,0.4273958333333333,0.24459230770015203,0.017617198838095958
lirislab/red_cube_into_green_lego_block,10,0.11666666666666667,2.3953045158700847,0.1,4.32249277037344,2.1551889804400295,0.0,,1.1147268778067767,1.2173508739852552,0.7961096987128258,0.42819010416666664,0.250779596450926,0.01856209938781475
lirislab/red_cube_into_green_lego_block,11,0.12083333333333333,1.8335676796777098,0.1,4.618405136907973,2.1650789152704997,0.0,,1.130164211948885,1.1730255907017864,0.7938535064458847,0.4273958333333333,0.24746282187643084,0.020438816947421543
lirislab/red_cube_into_green_lego_block,12,0.15416666666666667,2.8957088687012136,0.1,3.7347517529751455,2.433443911965206,0.0,,0.8093837784762631,1.6425632630615365,0.5629643052816391,0.3865104166666667,0.24788328271178872,0.02175579040075902
lirislab/red_cube_into_green_lego_block,13,0.11666666666666667,1.76002398497774,0.1,3.818302489833093,2.151958841479251,0.0,,1.0861016672829567,1.2624505669612953,0.7736653313040733,0.41553385416666666,0.25404817254861445,0.015643664356571888
lirislab/red_cube_into_green_lego_block,15,0.11666666666666667,1.8530669705778786,0.1,4.353802860099643,1.4457216795884273,0.0,,1.12933619377969,1.2826698143112496,0.809840478003025,0.46553385416666665,0.25346546101348316,0.015732329678150955
lirislab/red_cube_into_green_lego_block,16,0.11666666666666667,2.0543040690761,0.1,4.486762142119997,1.7267036176521564,0.0,,1.1175727479947415,1.24797200417137,0.7939338982105255,0.4449739583333333,0.25415245092001476,0.015956580900272677
lirislab/red_cube_into_green_lego_block,17,0.11666666666666667,1.780187920880691,0.1,4.667738630048119,1.5611793962608418,0.0,,1.1088046414968171,1.254522249814447,0.7901773750782013,0.4504036458333333,0.2488856934150647,0.016207524091841757
lirislab/red_cube_into_green_lego_block,18,0.1875,1.9255122563281695,0.1,4.722521122470716,1.585943252673757,0.0,,1.0757356183442346,1.228151892724627,0.7760200947523117,0.44221354166666665,0.24998416886803587,0.016397592161828733
lirislab/red_cube_into_green_lego_block,20,0.12083333333333333,2.876431549984865,0.12916666666666668,3.8201990013028704,2.7387413082538448,0.0,,0.7787270953959411,1.732759214733981,0.5344971418380737,0.3984375,0.254587469576394,0.016187446521071607
lirislab/red_cube_into_green_lego_block,21,0.35833333333333334,2.0110398821561604,0.5583333333333333,2.8667713854987413,1.9218879964576978,0.0,,0.6655981088562573,1.8496664960441955,0.47444067895412445,0.39915364583333335,0.24780425152646982,0.01658651782564649
lirislab/red_cube_into_green_lego_block,22,0.1,3.5100240641783054,0.10833333333333334,3.95653292685881,2.5362192327698754,0.0,,0.8708820024770119,1.5841214013541816,0.5972728282213211,0.409921875,0.25582487329546616,0.016098578508639137
lirislab/red_cube_into_green_lego_block,23,0.1,2.852341902693472,0.125,3.939979609221374,2.9055816075467185,0.0,,0.7426458566297529,1.7135816204075598,0.5169869214296341,0.40490885416666667,0.2530821698012549,0.02052522012039618
lirislab/red_cube_into_green_lego_block,25,0.12083333333333333,2.6785419931471317,0.1625,3.3434225672850335,2.856078494175317,0.0,,0.9009644075716804,1.5579971653685822,0.6275079995393753,0.39716145833333333,0.2526586499986694,0.016908277140721833
lirislab/red_cube_into_green_lego_block,26,0.2125,2.778639527326701,0.225,3.2167246111439805,2.4488798563669953,0.0,,0.840777007067041,1.5301723641967058,0.5994483679533005,0.38458333333333333,0.2418318245488379,0.018052305948773478
lirislab/red_cube_into_green_lego_block,27,0.17916666666666667,2.1932869629719343,0.19583333333333333,3.6520036484840848,1.8991495513378842,0.0,,1.088532037766747,1.244799873834293,0.7829664200544357,0.42364583333333333,0.24737156293177148,0.01633785967129397
lirislab/red_cube_into_green_lego_block,29,0.1125,1.914746259874374,0.1,4.252982595485186,1.6567937553637664,0.0,,1.0769686059907717,1.1302947903469842,0.7694663628935814,0.41436197916666667,0.23821551134629734,0.016340614596355777
lirislab/so100_demo,0,0.2625,3.2314342833275194,0.1,2.9725423014205283,5.110089640844995,1.0,19.33480853782642,0.7133934163329144,5.640650829200205,0.6892128884792328,0.0,,0.04015138684423787
lirislab/so100_demo,1,0.2625,2.5860586038944002,0.1,3.0048641115430095,4.003573741118141,0.0,,0.7868260460201277,7.144813321170358,0.7220941483974457,0.0,,0.03895930723385492
lirislab/so100_demo,2,0.14583333333333334,2.9177426032788074,0.3541666666666667,2.506012054338371,5.274699521310448,0.0,,0.6762937876047725,4.042475705050286,0.6660373136401176,0.0,,0.04222227786105287
lirislab/so100_demo,3,0.2916666666666667,2.048608130793925,0.575,3.0133035665367363,3.6022686025265056,0.0,,0.7658141785311449,6.9140033397962775,0.7151748910546303,0.0,,0.03892465596514503
lirislab/so100_demo,5,0.5583333333333333,3.996039843349806,0.1,2.730233521122872,3.3229383968983397,0.0,,0.807713600361373,4.509077372567348,0.7040504589676857,0.0,,0.11705358140305272
lirislab/so100_demo,6,0.5583333333333333,2.9686335617854454,0.1,2.9488633048240285,5.130806757969259,0.0,,0.7543636480467005,6.143712844003735,0.7121547535061836,0.0,,0.03949179574260863
lirislab/so100_demo,7,0.5916666666666667,7.49597794840763,0.5541666666666667,2.8911700628379626,1.1947059262195878,0.0,,0.7543411707570312,3.873691068500717,0.6982545107603073,0.0,,0.04064331200274492
lirislab/so100_demo,8,0.14583333333333334,3.8318057213866754,0.5625,2.7178503486489016,5.130705543628886,0.0,,0.7061922537874145,4.987555912639299,0.6766625195741653,0.0,,0.040702583795735055
lirislab/so100_demo,10,0.1125,3.5108442840219762,0.5625,2.918701663510979,4.1704608471622535,0.0,,0.7640686422571017,7.053242522179939,0.7199687659740448,0.0,,0.03890706779781128
lirislab/so100_demo,11,0.1,3.6155026205776974,0.5666666666666667,2.504847826363807,7.1990352496206125,0.0,,0.6291025756853288,4.193320901648515,0.6219638288021088,0.0,,0.041238741960820315
lirislab/so100_demo,12,0.4,3.074584479180526,0.1,2.99961839253849,3.709868403382189,0.0,,0.7462036207977292,5.835627811791799,0.7082233279943466,0.0,,0.04029146875291349
lirislab/so100_demo,13,0.20416666666666666,3.643253832192149,0.1,2.9658421263441337,5.025381922376266,0.0,,0.7180999300455054,5.125429862537892,0.6872187554836273,0.0,,0.04022099654423199
lirislab/so100_demo,15,0.20833333333333334,3.4521327856650394,0.1,3.058087776839005,5.17355405595733,0.0,,0.7346608808615414,5.6017994039958685,0.6989223212003708,0.0,,0.039648399539599505
lirislab/so100_demo,16,0.5583333333333333,5.86097564788891,0.5541666666666667,3.1388794546092886,0.578752368422269,0.0,,0.7656155173359169,4.057586747233791,0.7213037312030792,0.0,,0.04814042158486543
lirislab/so100_demo,17,0.36666666666666664,4.835866568895907,0.20833333333333334,2.829718745111745,1.1823926628591936,0.0,,0.7268164047888097,5.236548606211802,0.7504731863737106,0.0,,0.2049982663993769
lirislab/so100_demo,18,0.5541666666666667,3.411275027075629,0.5666666666666667,2.6349311969732354,4.108848111477438,0.0,,0.6565294342509179,4.449993031310383,0.6302520930767059,0.0,,0.04283494981939468
lirislab/so100_demo,20,0.625,3.5975132411304314,0.1,2.947048431779682,4.026441019453516,0.0,,0.7000293694561041,4.759043324371488,0.6761832386255264,0.0,,0.041076975905696395
lirislab/so100_demo,21,0.5583333333333333,3.0897328493012393,0.5583333333333333,2.63904450309695,1.4523796570141512,0.0,,0.7126312905688451,3.985412648973738,0.7738287895917892,0.0,,0.061299924722878686
lirislab/so100_demo,22,0.5666666666666667,3.3358061064388242,0.5625,2.9257899332701323,0.8014757594321176,0.0,,0.6891316571330767,3.7146410045563756,0.7333127111196518,0.0,,0.062215588481089046
lirislab/so100_demo,23,0.625,3.2609467262902307,0.6333333333333333,2.950679417310166,1.8045999646801467,0.0,,0.4490004666510014,5.5501048192289835,0.6174730360507965,0.0,,0.3077559159448253
lirislab/so100_demo,25,0.625,3.1984191611821924,0.6333333333333333,3.2865886467889522,1.3199383538847689,0.0,,0.6191182025665045,5.330253904562549,0.6565643399953842,0.0,,0.1749283394226224
lirislab/so100_demo,26,0.625,3.3596033160075716,0.6291666666666667,3.317448461537912,1.4164605069431695,0.0,,0.6427702321427526,5.2365584880102505,0.6947531402111053,0.0,,0.15218971069763731
lirislab/so100_demo,27,0.15833333333333333,4.049081053782975,0.6041666666666666,2.747872221470059,3.594977378477687,1.0,-2.8387878410053844,0.6852979859941487,4.2631674196552325,0.66805799305439,0.0,,0.041197316173251064
lirislab/so100_demo,29,0.20833333333333334,3.60640001971273,0.5708333333333333,2.9166715415427427,4.140995948286401,0.0,,0.7136909644389626,5.0561942897883805,0.6814018040895462,0.0,,0.05143221985491074
lirislab/sweep_tissue_cube,0,0.8583333333333333,2.8251459728205726,0.15416666666666667,3.6434047664851352,0.21419884010873977,0.0,,1.009204048786137,10.161737876650355,0.8461006991565228,0.48213541666666665,0.30689090648578504,0.10579788945597988
lirislab/sweep_tissue_cube,1,0.8166666666666667,3.4401458763110293,0.10833333333333334,3.7643910067780335,0.35428034460282787,0.0,,0.9675047509675432,7.67329238475657,0.7933665588498116,0.5224088541666667,0.3055596777905831,0.07504317386456466
lirislab/sweep_tissue_cube,2,0.7791666666666667,1.8607494000937903,0.13333333333333333,3.7098087497462737,0.3536224141717397,0.0,,0.907673147541434,9.936518670888216,0.7857829388231039,0.0,,0.07005710389467527
lirislab/sweep_tissue_cube,3,0.8833333333333333,4.034255946628993,0.10833333333333334,4.160201724528593,0.24708099769112196,0.0,,0.8439441193946183,9.061649885146272,0.7549557629972696,0.0,,0.08915187960423178
lirislab/sweep_tissue_cube,5,0.8125,4.553287123911163,0.12083333333333333,3.250302108708407,0.39905989258050834,0.0,,1.0130994090158794,10.115365396118852,0.8261045161634684,0.5466927083333334,0.3150761351612123,0.09418214564480742
lirislab/sweep_tissue_cube,6,0.4125,2.1511745438694927,0.2,3.455196862150525,0.2049672806356884,0.0,,0.7723109826313951,8.830681635701227,0.8092406298965216,0.0,,0.39838826526868076
lirislab/sweep_tissue_cube,7,0.8125,3.725723318273375,0.11666666666666667,3.8320936200728424,0.44330342576372356,0.0,,0.9427096986037365,8.627927640284355,0.7867285571992397,0.5319661458333333,0.31044212387005987,0.1271094949710991
lirislab/sweep_tissue_cube,8,0.4083333333333333,3.0761152611705307,0.2,3.468642892278736,0.21938857156870703,0.0,,0.5748147633256354,4.069498085831756,0.7360346280038357,0.0,,0.4234168465107169
lirislab/sweep_tissue_cube,10,0.5458333333333333,2.5129976678480275,0.1,3.9990136886071546,0.5132928859108425,0.0,,0.6821607620811014,4.6860789577019935,0.6441387459635735,0.0,,0.07210754854036212
lirislab/sweep_tissue_cube,11,0.8125,2.9415598225193107,0.175,3.5816751236701703,0.220622103393751,0.0,,0.9975058196375985,11.31570871298611,0.8129226416349411,0.0,,0.10041408650566654
lirislab/sweep_tissue_cube,12,0.7541666666666667,2.3098130571227267,0.8833333333333333,3.472382775082017,1.2244577012120395,0.0,,0.9031187379878446,5.342744693278849,0.7715057730674744,0.0,,0.087954553099748
lirislab/sweep_tissue_cube,13,0.8125,4.579751530782315,0.18333333333333332,3.168352481490131,0.21983492795200663,1.0,13.069317896282172,1.0494051678826164,10.515721143097775,0.7955063581466675,0.5634895833333333,0.3117367516700241,0.1054897742289653
lirislab/sweep_tissue_cube,15,0.5375,2.841583401817781,0.10416666666666667,3.5566254853772508,0.5165458205590124,0.0,,0.8908262885477324,5.210481137885141,0.7880227155983448,0.483125,0.2900202709651577,0.06773778233727146
lirislab/sweep_tissue_cube,16,0.775,4.928038329378654,0.12916666666666668,3.2894877912694565,0.3880451069824902,0.0,,1.008030205544489,9.517728056606543,0.7751002218574286,0.5516145833333334,0.3135463954751192,0.0816916536436343
lirislab/sweep_tissue_cube,17,0.8166666666666667,5.800803010422258,0.125,3.1832630861974787,0.34786383234942103,0.0,,1.0159879686515816,12.69801115003177,0.8215192072093487,0.5341145833333333,0.31180585447653864,0.1283879859232355
lirislab/sweep_tissue_cube,18,0.43333333333333335,2.102867316227526,0.12916666666666668,3.7712999353100165,0.3890697829514019,0.0,,0.5418411876824776,4.984210133307793,0.6002914793789387,0.0,,0.12722408398432072
lirislab/sweep_tissue_cube,20,0.7291666666666666,5.175593737853821,0.25416666666666665,2.9964660574022446,0.24270457460168887,1.0,9.019322431381681,0.9571695036445766,12.3145121444655,0.7707712259143591,2.604166666666667e-05,0.5251046025104602,0.10626833247559152
lirislab/sweep_tissue_cube,21,0.7375,4.84425366668529,0.13333333333333333,3.1836731952055115,0.3270914455501415,0.0,,1.0011690822152342,12.861215044499538,0.801091980189085,0.5676171875,0.3159745907537456,0.10374657989736724
lirislab/sweep_tissue_cube,22,0.5333333333333333,1.927601420379825,0.14583333333333334,3.551134197566709,0.3842806450467611,0.0,,0.7627755496163836,6.061589474736417,0.7381758075207472,0.0,,0.07769325078143924
lirislab/sweep_tissue_cube,23,0.8083333333333333,4.049318088356463,0.13333333333333333,3.425493370349218,0.31791193989517036,0.0,,0.9718015855051,9.059692187692976,0.7778181061148643,0.5505078125,0.30797914352763833,0.14645564898634408
lirislab/sweep_tissue_cube,25,0.55,2.2390044028610845,0.1,4.154876821430475,0.5440550807611049,0.0,,0.7336007229087075,4.397626237985946,0.6815221458673477,0.0,,0.05031659573921717
lirislab/sweep_tissue_cube,26,0.775,2.106961756534758,0.1125,3.796491191233987,0.4030857106210701,0.0,,0.8506794677778218,7.559576256846018,0.7702116221189499,0.0,,0.10550957288690853
lirislab/sweep_tissue_cube,27,0.8208333333333333,4.474446758528865,0.15833333333333333,3.4461507085395846,0.23575033365054335,0.0,,1.0067437098833854,11.451931300613643,0.8029346130788326,0.5343229166666666,0.3023881266005438,0.1445354532057115
lirislab/sweep_tissue_cube,29,0.8708333333333333,4.0824794443070545,0.10833333333333334,4.255305432463129,0.24957804273155287,0.0,,0.9374727276523767,6.223436369135357,0.8097922913730145,0.235859375,0.3330894109505443,0.07481104727822868
lirislab/unfold_bottom_right,0,0.8583333333333333,3.3381464316839553,0.1,3.4829430938911563,0.9177616498732095,1.0,2.8387878410053844,1.1687571682179667,0.8444844434290582,0.7611365169286728,0.34404947916666667,0.20080435819117268,0.049912121021565906
lirislab/unfold_bottom_right,1,0.3125,2.74350682798284,0.1,3.9450078592841753,2.6950287345689845,1.0,2.7263109939062673,0.7798273858038907,1.2052965528019068,0.5121141821146011,0.19432291666666668,0.1505076207596873,0.04788742212019498
lirislab/unfold_bottom_right,2,0.8375,2.5466406272739555,0.1,5.024184736171577,1.5875899035171883,1.0,2.7263109939062673,0.9884718577431597,0.8031105177415379,0.7735503911972046,0.40522135416666666,0.25031235215118636,0.054652390693137674
lirislab/unfold_bottom_right,3,0.10833333333333334,3.2389491124654333,0.1,4.812461411111699,1.4357177366217173,1.0,1.9580674292340348,1.2033821293144376,0.7925156375536174,0.8303182646632195,0.49419270833333334,0.273255689611494,0.03647832112273102
lirislab/unfold_bottom_right,5,0.20833333333333334,2.5867528630781327,0.1,4.051772362924266,1.871464288312504,0.0,,0.9666989740361744,0.8397772423561031,0.6251585632562637,0.2869010416666667,0.18020134725223055,0.15617056664848925
lirislab/unfold_bottom_right,6,0.1,2.2113050619728147,0.1,5.151900048402093,2.2365654950374263,0.0,,1.1308511132908308,0.7148637737517396,0.7937531024217606,0.41311197916666664,0.25317941913708647,0.05988491485538389
lirislab/unfold_bottom_right,7,0.5166666666666667,3.071657905786636,0.1,4.682140218479138,2.266122454918724,1.0,2.7048759857356544,1.1555388191202045,0.7591227351317987,0.80995112657547,0.3919140625,0.2253210152660794,0.016070167886487168
lirislab/unfold_bottom_right,8,0.20833333333333334,2.481724249085047,0.1,4.431115525790664,2.279162390694508,0.0,,1.1045210952117448,1.0128662630902583,0.7015175521373749,0.3596875,0.22425090909972165,0.07410042747141496
lirislab/unfold_bottom_right,10,0.14166666666666666,1.7848058095426922,0.1,5.003098740089632,1.6929782499879413,1.0,2.770215797200194,1.163342433900142,0.8429958876222743,0.8311091139912605,0.50421875,0.28306199997493253,0.057071587189671466
lirislab/unfold_bottom_right,11,0.10833333333333334,1.9066356834027083,0.1,5.0213414071077365,1.6684503564842568,1.0,2.986636990475162,1.0505778338036649,0.7787132930677945,0.7782754600048065,0.37897135416666666,0.22828512261549044,0.1695277203738524
lirislab/unfold_bottom_right,12,0.5958333333333333,3.3976054862756766,0.1,4.341363554096479,2.1514622014559937,1.0,2.7048759857356544,1.1351436131171362,0.7141540112774968,0.8069986999034882,0.3894921875,0.22791506806279355,0.016606250700085097
lirislab/unfold_bottom_right,13,0.8958333333333334,3.848468444955631,0.1,5.207247152743554,1.5804544499939654,0.0,,1.2194552061359352,0.8500726357387225,0.7596174404025078,0.4272916666666667,0.2668311355415972,0.07474840664118121
lirislab/unfold_bottom_right,15,0.17916666666666667,2.032960842475898,0.1,4.677287181069512,1.5911633141632355,1.0,2.7263109939062673,0.9119142620763253,0.832597053985126,0.6960552260279655,0.3046484375,0.18554733709557225,0.016606465055011208
lirislab/unfold_bottom_right,16,0.8166666666666667,3.414757788505598,0.1,4.975117637517665,1.5423505427715687,0.0,,1.191817192568164,0.6841522907732073,0.7944732904434204,0.4336848958333333,0.26860035327490306,0.060135432191832906
lirislab/unfold_bottom_right,17,0.6375,2.389566539945827,0.1,4.898790242894545,1.748713451909631,1.0,1.8476102659945894,1.1166096981867537,0.703594168016954,0.8085847049951553,0.4166796875,0.2359522237733418,0.016912659843633833
lirislab/unfold_bottom_right,18,0.625,2.68125441140765,0.1,4.455227797071925,2.1328834275142823,2.0,-10.980650010173548,1.112047339663052,0.7409811507980588,0.7907977998256683,0.3840625,0.23833314608717954,0.016232163096794622
lirislab/unfold_bottom_right,20,0.18333333333333332,2.5204660916380845,0.1,4.622865575548703,1.6724032218604643,1.0,2.7048759857356544,0.9940232159510963,0.905202909642838,0.6739123910665512,0.3874869791666667,0.24249012393986222,0.123783831717398
lirislab/unfold_bottom_right,21,0.6291666666666667,2.110280120182004,0.1,4.659500021405097,2.0734724489305245,4.0,-15.685905920066403,1.1054879749642315,0.7326951253261251,0.7816585004329681,0.38528645833333336,0.23615718869175806,0.016326011606459637
lirislab/unfold_bottom_right,22,0.6666666666666666,2.600408601350886,0.1,4.601082923970037,2.082719067685647,2.0,2.7263109939062673,1.094054684109651,0.7572466481111223,0.7781364768743515,0.3868229166666667,0.24167574151307034,0.01636694369392141
lirislab/unfold_bottom_right,23,0.5041666666666667,3.7923995600311073,0.1,4.631534022982926,2.227501055577469,1.0,2.986636990475162,1.138329835108104,0.7234925407528406,0.8082454204559326,0.3863932291666667,0.22458389879200405,0.016092355321250053
lirislab/unfold_bottom_right,25,0.5916666666666667,4.124304809726108,0.1,4.5269875755540605,1.4230183902159792,1.0,2.986636990475162,1.1115010388193964,0.6985029349994676,0.8183630630373955,0.38890625,0.21933648919961912,0.016847243840085853
lirislab/unfold_bottom_right,26,0.8833333333333333,3.765460815877108,0.1,4.883189779697016,1.3286472917314058,0.0,,0.8987388040320163,0.9200974101022397,0.6854058653116226,0.284921875,0.15713149915159247,0.01688280909938083
lirislab/unfold_bottom_right,27,0.8916666666666667,3.2235039289076393,0.1,4.868790258580616,0.9736931345643052,1.0,2.7263109939062673,0.9924021888118687,0.8385477445063523,0.7573105543851852,0.401796875,0.2001169617285929,0.016906701474836267
lirislab/unfold_bottom_right,29,0.6458333333333334,2.580704795707232,0.1,4.873386489434142,2.265306285747897,1.0,2.7263109939062673,1.0967460941229097,0.7256910980353641,0.7867154181003571,0.38045572916666665,0.23262976847328523,0.01651113550088074
liuhuanjim013/so100_th,0,0.6916666666666667,6.701462446223179,0.1625,3.4701527612717813,0.811947590221018,0.0,,-0.1636439496174299,1.2928231226085696,-0.11709654331207275,0.0,,0.3156473883469551
liuhuanjim013/so100_th,3,0.6916666666666667,4.692663742265177,0.325,3.327862863378264,0.2495246238569085,0.0,,0.13291578483846772,1.4739110595140228,0.07665230333805084,0.0,,0.5302898914759
liuhuanjim013/so100_th,6,0.6916666666666667,4.875362791770871,0.31666666666666665,3.3111197662377667,0.2506901057173166,0.0,,0.22606991407308455,1.6478186459657302,0.145518958568573,0.0,,0.36975077801385614
liuhuanjim013/so100_th,9,0.6916666666666667,4.380558663908862,0.8958333333333334,3.322449292969062,0.2318151338036871,0.0,,-0.40906882478507123,0.8453511428509887,-0.3794746994972229,0.0,,0.035609037946201544
liuhuanjim013/so100_th,12,0.6916666666666667,5.205434960239845,0.1875,3.3612382630771083,0.4393775412856389,0.0,,-0.06677887193327105,1.474122194827458,-0.05957686901092529,0.0,,0.20939747405492726
liuhuanjim013/so100_th,15,0.6916666666666667,3.7455072001702394,0.4125,3.29394847741874,0.22391722310569762,0.0,,-0.14922633487602363,0.6972699567958626,-0.1295229196548462,0.0,,0.29815789695450473
liuhuanjim013/so100_th,19,0.3541666666666667,4.65380750979616,0.31666666666666665,3.25302387502013,0.21909144784182458,0.0,,-0.09561231701684816,1.4865167726794914,-0.05907623469829559,0.0,,0.47070376326038516
liuhuanjim013/so100_th,22,0.6916666666666667,4.127476683213513,0.32083333333333336,3.3864166157583915,0.19596849038319553,0.0,,0.2538678300193261,1.6733937137308015,0.17848560214042664,0.005559895833333333,0.12461172136046955,0.20924836732878443
liuhuanjim013/so100_th,25,0.6916666666666667,5.076589811322811,0.32916666666666666,3.3753806060499727,0.20351945994707396,0.0,,0.10882689466477771,0.6372100186803413,0.04314625263214111,0.0,,0.42281567552707366
liuhuanjim013/so100_th,28,0.6916666666666667,3.9362253709198445,0.2125,3.2961615727990177,0.3801524724909499,0.0,,0.15967621805179036,1.4547261202265342,0.12963145971298218,0.0,,0.10231015687606132
liuhuanjim013/so100_th,31,0.6916666666666667,5.086650939281817,0.1,3.1460183472664744,0.7613362867063738,0.0,,0.009483311250617465,1.9475343450646447,0.008819937705993652,0.11559895833333333,0.6387624526237109,0.11217964287747681
liuhuanjim013/so100_th,34,0.6916666666666667,4.543586847715956,0.275,3.4720889433758977,0.23774972166010236,0.0,,0.08823179977137052,1.586047402347007,0.058111026883125305,0.0982421875,0.5071284981879989,0.1000674976494077
liuhuanjim013/so100_th,38,0.6916666666666667,6.128800293777845,0.8666666666666667,2.835244744570456,0.98184039906378,0.0,,-0.08418176207735939,1.8449249085271846,-0.04548577964305878,0.15791666666666668,0.5331215983484394,0.2859518358496857
liuhuanjim013/so100_th,41,0.6916666666666667,4.80150640640181,0.1125,2.9853330955124817,0.7283503551979529,0.0,,0.27153162629701133,1.7700627380480198,0.20996257662773132,0.18708333333333332,0.330640614662057,0.07981756510418338
liuhuanjim013/so100_th,44,0.6916666666666667,5.562357150961513,0.10416666666666667,3.6564703698171046,0.605037424913948,0.0,,0.20678908801801438,1.8888754528291156,0.167340487241745,0.1559765625,0.364438324948716,0.10677988576532024
liuhuanjim013/so100_th,47,0.6916666666666667,14.817381262695818,0.8833333333333333,4.44726140130824,0.13668245996968387,0.0,,-0.022838654460416583,0.5122383139549439,0.0012640655040740967,0.0719921875,0.48383078647314914,0.5327993351926684
liuhuanjim013/so100_th,50,0.6916666666666667,17.1158145705565,0.8958333333333334,4.772657867829576,0.18620296927387303,0.0,,0.22668903579374214,0.5978688121400592,0.16347911953926086,0.12557291666666667,0.3805735219851829,0.19364014063357904
liuhuanjim013/so100_th,53,0.6916666666666667,14.386814731543405,0.8958333333333334,4.489850533204284,0.1716045397574292,0.0,,-0.06871201697007535,0.5966846235027382,-0.04825890064239502,0.091484375,0.5374621698008711,0.47227495954599563
liuhuanjim013/so100_th,57,0.6916666666666667,16.55932119912288,0.8958333333333334,4.109477660857909,0.5511545939520428,0.0,,-0.24579015571513985,0.8976186283467563,-0.16543424129486084,0.0,,-0.003953941434369459
liuhuanjim013/so100_th,60,0.35,7.096213001637295,0.875,3.843596715687549,0.2761685537333417,0.0,,-0.4370748266162928,0.717028079610506,-0.28986451029777527,0.0,,-0.0027734537802582863
liuhuanjim013/so100_th,63,0.6916666666666667,9.763231926150432,0.8958333333333334,3.276933631209312,0.2562261902968032,0.0,,-0.23109843286048265,0.7527405817921338,-0.14573612809181213,0.0,,0.10272603857708978
liuhuanjim013/so100_th,66,0.6916666666666667,5.830891218008202,0.875,2.976132576983094,0.8917409668373593,0.0,,-0.07797700621328046,1.7200099630693075,-0.036679744720458984,0.1342578125,0.5380446360855227,0.4201771744495337
liuhuanjim013/so100_th,69,0.6916666666666667,6.437472715089512,0.1,2.93863306698141,1.0161248421052398,0.0,,-0.01748204270879353,1.9764542313637012,0.005293011665344238,0.139296875,0.521512643430008,0.41926772545612795
liuhuanjim013/so100_th,73,0.6916666666666667,5.803208761351266,0.8708333333333333,2.9442044880428333,0.8935429579287554,0.0,,-0.04994599304558089,2.0652497988514193,-0.02025248110294342,0.1255078125,0.5539069184159018,0.23740062730218767
mikechambers/block_cup_14,0,0.35,1.6306226718978816,0.1,2.8542642419622735,0.9083951952904145,1.0,0.5070290609147747,-0.24271756160641672,1.5142411625875,-0.17226141691207886,0.0,,0.005805290238432241
mikechambers/block_cup_14,2,0.35,1.5768910733540775,0.1,2.6133590830847244,0.789792854570077,1.0,0.0,-0.12220961802012058,4.48988915667948,-0.08487671613693237,0.0,,-0.00014473152468620393
mikechambers/block_cup_14,4,0.35,1.6219415627783136,0.1,2.6444391675358894,0.7966366368606954,2.0,0.0,-0.17616959562554366,3.7898025452857595,-0.12335739843547344,0.0,,-0.003652022174656196
mikechambers/block_cup_14,6,0.37916666666666665,1.5934141570514555,0.1,2.6117209003927266,0.7415673911426851,1.0,0.0,0.10726746867237344,2.9908415702876505,0.08653312548995018,0.011354166666666667,0.041394764116540625,0.04506812404576334
mikechambers/block_cup_14,8,0.6375,1.5424789377299497,0.1,2.820904986451233,0.7625644117140331,1.0,0.0,0.05183281587307304,3.525261599647814,0.041698798537254333,0.04252604166666667,0.11599668961559056,0.04586012425097254
mikechambers/block_cup_14,10,0.35,1.5842647815739639,0.1,2.7328669258540126,0.793466726753531,3.0,3.8785245028477107,-0.12933703514407155,3.2098546195884,-0.08775610104203224,0.0022005208333333334,0.9714787947810155,0.004044209973455956
mikechambers/block_cup_14,12,0.35,1.7171880681397913,0.1,2.671149138689569,0.7693850680758836,1.0,0.0,-0.11047086988858139,3.536877148877063,-0.07901791110634804,0.0,,-0.0021386167972191447
mikechambers/block_cup_14,14,0.3875,1.6686443289673976,0.8958333333333334,2.619315818878882,0.808443264886705,0.0,,-0.1768363102271218,3.4449505681919144,-0.12378972955048084,0.0,,-0.005449452757519693
mikechambers/block_cup_14,17,0.37916666666666665,1.5102306593462989,0.1,2.5914538490860135,0.8406056001120702,1.0,0.0,-0.9676814367611437,0.7219093666178028,-0.683579258620739,0.0,,-0.008681542570056261
mikechambers/block_cup_14,19,0.37916666666666665,1.4820097474069496,0.1,2.370117418363626,0.7632553365381006,1.0,0.0,-0.19721701457878335,3.150548653598892,-0.1405642181634903,0.0,,-0.0071347440549474435
mikechambers/block_cup_14,21,0.37916666666666665,1.3944464600235769,0.5833333333333334,2.6942919503298812,0.7037420966395046,2.0,0.0,-0.3442363123877077,2.215093928665018,-0.2522134929895401,0.0,,-0.009946051234882342
mikechambers/block_cup_14,23,0.37916666666666665,1.4531445070324251,0.1,2.493258067903794,0.7300335031607185,1.0,0.0,-0.25336510721605165,3.0029256413745076,-0.17949241399765015,0.0,,-0.008706710883626595
mikechambers/block_cup_14,25,0.7166666666666667,1.6659537750949442,0.8958333333333334,2.4720739300658128,0.7474624593845132,1.0,0.0,-0.22959011984109923,3.1276681558639585,-0.16378479450941086,0.0,,-0.007843891858838586
mikechambers/block_cup_14,27,0.37916666666666665,1.5302109861265185,0.5333333333333333,2.3057319900157083,0.8130083679732562,1.0,0.0,-0.07891027838257636,2.3729965310038965,-0.05840444564819336,0.0,,0.007330047128608539
mikechambers/block_cup_14,29,0.37916666666666665,1.5301711771482798,0.1,2.574418565195195,0.759596753478997,2.0,3.8785245028477107,-0.22305454750921994,3.65669188775604,-0.15787806920707226,0.0,,-0.0059406418076367986
mikechambers/block_cup_14,31,0.7166666666666667,1.6278489103318288,0.1,2.351229398940512,0.7728348398347068,1.0,0.0,-0.03740195900931713,3.363359514211879,-0.029237061738967896,0.0,,0.038251558003234314
mikechambers/block_cup_14,34,0.6333333333333333,1.7719418442084847,0.1,2.840704604630099,0.7528962181063239,1.0,0.0,-0.11525730368934775,4.480878677791705,-0.08058998733758926,1.3020833333333334e-05,0.9958158995815899,-0.0034933872465787363
mikechambers/block_cup_14,36,0.37916666666666665,1.5972135821986746,0.8958333333333334,2.3932332536583574,0.7560382230331486,2.0,0.0,-0.1636029472810088,3.873565965308058,-0.1149958111345768,0.0,,-0.0058511231076912125
mikechambers/block_cup_14,38,0.37916666666666665,1.5555967718015398,0.85,2.619758957967215,0.9196787076916826,2.0,0.0,-0.0344962438244324,2.4362245643354274,-0.020148374140262604,0.0005729166666666667,0.6279003423354886,0.11073887534406544
mikechambers/block_cup_14,40,0.7333333333333333,1.5199739482598156,0.8958333333333334,2.450115532186316,0.7612060351695532,2.0,0.0,-0.2772109569105337,3.22511005010754,-0.19821465015411377,0.0,,-0.007079206417656265
mikechambers/block_cup_14,42,0.37916666666666665,1.5449815295841922,0.8375,2.8215555997357495,0.8069444292349112,1.0,0.0,0.07446269802162457,2.859834192363316,0.058972883969545364,0.16516927083333333,0.21919045820599892,0.045882575417376954
mikechambers/block_cup_14,44,0.6291666666666667,1.5335870556974782,0.8291666666666667,2.798550833161537,0.7730809120138974,0.0,,-0.11474886074688208,2.572649383010629,-0.07826410979032516,0.009088541666666667,0.9247461366006879,0.0009943352717454719
mikechambers/block_cup_14,46,0.6375,1.5945579792405775,0.8958333333333334,2.8594776456289543,0.9476458666014617,1.0,0.0,-0.2637807119478397,1.2153022849172286,-0.1792580634355545,0.019765625,0.878997359441238,-0.0016683630971227367
mikechambers/block_cup_14,49,0.35,1.6604254290797067,0.1,2.709375583477716,0.7644149284148868,1.0,0.5070290609147747,-0.13188922616271703,3.520431892493445,-0.09261305443942547,0.0,,-0.0019803972522588376
nbaron99/so100_pick_and_place4,0,0.5291666666666667,3.476216817478976,0.3875,3.126830128525065,0.5215540656002997,0.0,,0.976182623474944,2.264696308528781,0.6221264451742172,0.033854166666666664,0.7829401351786287,0.02764627473983651
nbaron99/so100_pick_and_place4,4,0.525,3.260513562641364,0.4,3.113790828292037,0.5501914325809081,0.0,,0.9378303345717124,2.279651369316926,0.5760902762413025,0.038697916666666665,0.7698322417880693,0.03754391761651983
nbaron99/so100_pick_and_place4,8,0.525,3.3735987228402067,0.3958333333333333,3.1313454875542868,0.5439312079868468,0.0,,1.0405256578870612,2.3134870399816068,0.6424579322338104,0.03895833333333333,0.7625229342402613,0.026105596959016198
nbaron99/so100_pick_and_place4,12,0.4041666666666667,3.579504690903327,0.4041666666666667,3.129808474914851,0.5682640557072268,1.0,3.8785245028477107,0.9344993286841061,2.5014691330905534,0.5876065194606781,5.208333333333334e-05,0.8493723849372383,0.02571006525137785
nbaron99/so100_pick_and_place4,17,0.5291666666666667,3.509254047313703,0.8958333333333334,3.119881442906386,0.5435282723062994,0.0,,0.9633880542227397,2.362421767043692,0.5991450250148773,0.040677083333333336,0.7640202186875531,0.027646026928746025
nbaron99/so100_pick_and_place4,21,0.525,3.5464514002190533,0.3958333333333333,3.1177701082202467,0.5430817085926618,0.0,,0.9975366860121792,2.332085970804747,0.6212111264467239,0.036080729166666665,0.77321601947245,0.031560038069834886
nbaron99/so100_pick_and_place4,25,0.525,3.3201876769555767,0.4083333333333333,3.08311774508059,0.5685258390442841,0.0,,0.9962062775202554,2.270034827728956,0.6181475222110748,0.0431640625,0.7592469881418934,0.027202491914608003
nbaron99/so100_pick_and_place4,30,0.5291666666666667,3.190846937195521,0.4041666666666667,3.0937695826082976,0.543828792947564,1.0,4.014175695411026,0.9159883610310681,2.3440426940390506,0.5874203890562057,0.03424479166666667,0.7792942711233434,0.026257599884008682
nbaron99/so100_pick_and_place4,34,0.525,3.368638890313444,0.4,3.136091099061325,0.564569321229968,1.0,4.049581703271386,0.9591994706779077,2.2616121108715292,0.6036916673183441,0.047734375,0.7467466507794114,0.02581047757935868
nbaron99/so100_pick_and_place4,38,0.5291666666666667,3.3949093166772317,0.4041666666666667,3.108855185732772,0.5355290630403107,1.0,4.594253331266387,0.8649465132114204,2.2505653833229395,0.5480271279811859,0.04475260416666667,0.7610193281822353,0.027203727327223235
nbaron99/so100_pick_and_place4,43,0.5291666666666667,3.5079595023817003,0.8958333333333334,3.117798095746262,0.570070217496926,0.0,,0.9763230813725073,2.3884450039045024,0.6086988151073456,0.035703125,0.7761552054054548,0.029784175093350296
nbaron99/so100_pick_and_place4,47,0.5291666666666667,3.0970435808056886,0.4,3.1175643074172297,0.5660685264144597,0.0,,0.9208245834002665,2.2065965490748782,0.586859405040741,0.028919270833333333,0.8007343369397102,0.03873679635960755
nbaron99/so100_pick_and_place4,51,0.4083333333333333,3.97764527930653,0.4,3.13197624721571,0.5363103677379398,1.0,4.08561677997487,0.9138965108840467,2.1683441937205763,0.5864028334617615,0.038046875,0.7724662708811239,0.03973041511331061
nbaron99/so100_pick_and_place4,55,0.5291666666666667,3.3460888674095495,0.4041666666666667,3.1131854755827897,0.5364237245959713,0.0,,0.9111301688774649,2.361197967790624,0.5887284427881241,0.026002604166666665,0.8037621285484712,0.026803206513635915
nbaron99/so100_pick_and_place4,60,0.5291666666666667,3.0949531741403447,0.4041666666666667,3.102738340741259,0.5369095318105499,1.0,3.979382452678209,0.8978168835331882,2.228057982470729,0.5698498487472534,0.042916666666666665,0.76405786651501,0.030880454180684573
nbaron99/so100_pick_and_place4,64,0.5291666666666667,3.3071865189246004,0.4,3.1702120377037506,0.5439895027887204,1.0,4.594253331266387,0.960618613261955,2.3253767510145362,0.6054281890392303,0.039010416666666665,0.7693968527073755,0.03079493055768746
nbaron99/so100_pick_and_place4,68,0.5291666666666667,3.355949405682709,0.4,3.127767273486563,0.5974732307567266,0.0,,0.9518149993018209,2.285612690812591,0.5963891595602036,0.032174479166666665,0.7856694137348895,0.039359783791080995
nbaron99/so100_pick_and_place4,73,0.5291666666666667,3.36389156074555,0.3958333333333333,3.1535806187646713,0.5426676887307987,1.0,4.594253331266387,1.0018340859366006,2.240968849575078,0.6182518303394318,0.0475390625,0.7432789090854915,0.03270736677944912
nbaron99/so100_pick_and_place4,77,0.5291666666666667,3.1767009273620657,0.4,3.1302198573145854,0.5371900024641433,1.0,4.594253331266387,0.935796133470117,2.3393126415522696,0.6002852618694305,0.0333203125,0.7853584281255261,0.03510556385746088
nbaron99/so100_pick_and_place4,81,0.5291666666666667,3.4162128386806163,0.4,3.1438841745432162,0.5403919217885971,0.0,,1.00475399583751,2.3377704754697057,0.6233132928609848,0.036015625,0.7711224462011816,0.02870977522167429
nbaron99/so100_pick_and_place4,86,0.5291666666666667,3.3856541257429837,0.4,3.1510794667357973,0.55474366185955,0.0,,0.9634957666808442,2.2923611097873517,0.5877119451761246,0.0533203125,0.7515298276804552,0.02675029996830925
nbaron99/so100_pick_and_place4,90,0.4041666666666667,3.9650283653073415,0.4041666666666667,3.1791417961668276,0.5366655814534168,1.0,4.1149090982372485,0.9032475576198647,2.3815128495647326,0.57328000664711,0.023411458333333333,0.8107683572169915,0.03270331627329413
nbaron99/so100_pick_and_place4,94,0.5291666666666667,3.5300474515532017,0.4041666666666667,3.1498191281296135,0.5329152680179362,0.0,,0.8885886379645593,2.362879095376287,0.5739346146583557,0.030052083333333333,0.8004611937376271,0.037655841911603656
nbaron99/so100_pick_and_place4,99,0.5291666666666667,3.3716514235816426,0.4,3.141191752770499,0.5691771992392868,0.0,,0.9999516800608066,2.4018187665276614,0.632933184504509,0.037447916666666664,0.7675147374607921,0.032477512744275815
pandaRQ/pick_med_1,0,0.5208333333333334,2.1261838369118786,0.2125,3.212503552945752,2.1410354439176102,0.0,,0.5772660590059441,1.0045519966333987,0.37399977445602417,0.04932291666666667,0.19984823247162364,0.04521725675253072
pandaRQ/pick_med_1,4,0.19166666666666668,2.8975347179850264,0.2625,3.3745765000532835,2.255101051544972,2.0,-7.9948647307632825,0.9999422838215344,0.8824967608989948,0.6028572916984558,0.31220052083333333,0.2747875710038019,0.03054216203285163
pandaRQ/pick_med_1,8,0.19583333333333333,2.8368154448315246,0.25,3.454469371793991,2.309077201281001,0.0,,0.9778946164175072,0.9067739661126097,0.582346498966217,0.2518619791666667,0.26745125489484367,0.031013635080501954
pandaRQ/pick_med_1,12,0.18333333333333332,2.3434458387277006,0.5166666666666667,3.1928098846799915,2.106527436556631,0.0,,0.4715701403612269,1.0396577070384407,0.3066110610961914,0.023697916666666666,0.2426410409674008,0.08299317080958345
pandaRQ/pick_med_1,17,0.17916666666666667,2.258069345386029,0.4791666666666667,3.210646402885443,2.139967666903284,0.0,,0.7279622580694546,0.9767779311732232,0.4757612943649292,0.16294270833333332,0.23969405312075578,0.034215119091230296
pandaRQ/pick_med_1,21,0.1875,2.293228969987465,0.20833333333333334,3.1624720002627518,2.0939462501787975,0.0,,0.7477142982966013,0.8921542453429212,0.4876406788825989,0.1367578125,0.2313126713746262,0.12372341768698465
pandaRQ/pick_med_1,25,0.18333333333333332,2.465572032955247,0.44583333333333336,3.2381136732700684,2.007395611418129,0.0,,0.9609650593895853,0.8865787772451763,0.6052425503730774,0.2998828125,0.2624590578207397,0.03902758498535791
pandaRQ/pick_med_1,30,0.5166666666666667,2.380963817728022,0.2125,3.1474362559168654,2.1717705718627447,0.0,,0.4318117496412619,1.0397274697907672,0.2706230878829956,0.0016536458333333334,0.29354594274042095,0.10284775613985644
pandaRQ/pick_med_1,34,0.35,2.2893316828715,0.4791666666666667,3.1930469415913434,2.0677635263963126,0.0,,0.71724414558517,0.9012076293394818,0.4491259455680847,0.10959635416666667,0.20097054029427394,0.03866243683972258
pandaRQ/pick_med_1,38,0.5,2.233805581677658,0.2125,3.2169149449401515,2.1496798592391295,1.0,-4.844000375080682,0.4982355119429657,1.0580092854452323,0.3391547203063965,0.017578125,0.2661893692856036,0.05311910406291306
pandaRQ/pick_med_1,43,0.35,2.337896745428384,0.5041666666666667,3.2181567105269435,2.1736760347482806,0.0,,0.33448997352864385,1.1069427924217359,0.173516184091568,0.005481770833333333,0.3511364652799173,0.06313672475462309
pandaRQ/pick_med_1,47,0.36666666666666664,2.5620431110865116,0.49166666666666664,3.218824977944671,2.1079890265034873,1.0,-4.825216927109807,0.5384536116463731,0.9073249207248333,0.3230508863925934,0.043658854166666664,0.2097391082986946,0.04374799057938929
pandaRQ/pick_med_1,51,0.3416666666666667,2.654549780551101,0.5,3.171460816887557,2.0380520196287515,0.0,,0.526571664224212,0.9448324752031381,0.2969440817832947,0.061223958333333335,0.22310545321228922,0.04160684717921075
pandaRQ/pick_med_1,55,0.18333333333333332,2.2288305307096294,0.20833333333333334,3.19300239447995,2.078304359084082,0.0,,0.583310261553422,0.9270165981911068,0.3702140152454376,0.09236979166666667,0.20557534034890698,0.16201394164160265
pandaRQ/pick_med_1,60,0.14166666666666666,2.258161187201038,0.2125,3.1657706658422127,2.0851588659429243,0.0,,0.518430550102266,0.9659010324757562,0.31915444135665894,0.0566015625,0.20350205451169612,0.11320906252490799
pandaRQ/pick_med_1,64,0.5125,2.124536759089354,0.2125,3.083195161505368,2.075373602848748,0.0,,0.43852336091137656,1.066722718336754,0.28067106008529663,0.0087109375,0.2786898574653983,0.07641071994000505
pandaRQ/pick_med_1,68,0.4708333333333333,2.4149864248998743,0.5125,3.137097460799396,2.0795674251648664,1.0,-4.763641690726175,0.4047809366514091,1.0366471617770452,0.22941911220550537,0.002955729166666667,0.3188026468582382,0.05618273569045875
pandaRQ/pick_med_1,73,0.4,2.0493349179272893,0.21666666666666667,3.115934521800253,2.03064155951083,1.0,-4.763641690726175,0.7187676282589817,0.9782989253693369,0.45572933554649353,0.0693359375,0.19037381892470584,0.03681852024573999
pandaRQ/pick_med_1,77,0.44166666666666665,1.864738299572631,0.2125,3.1536949946934265,2.104274542525725,1.0,-4.64797069138703,0.6606445320633252,0.9670016719982863,0.418046772480011,0.07274739583333334,0.19400985401705842,0.04623123983107719
pandaRQ/pick_med_1,81,0.5833333333333334,1.9691236245141994,0.21666666666666667,3.214110784435308,2.0765113464525524,0.0,,0.6592879077351729,0.9679170521165155,0.40998178720474243,0.0394140625,0.19358133838687516,0.0532650123519381
pandaRQ/pick_med_1,86,0.19166666666666668,2.3205243395069646,0.20833333333333334,3.159292224787563,2.081238221104551,0.0,,0.5391118239397498,1.006276836169496,0.366174578666687,0.074375,0.2044598173997632,0.11802961261924964
pandaRQ/pick_med_1,90,0.2,1.7394015736521466,0.21666666666666667,3.2163808910463754,2.1428529350001524,0.0,,0.45284570732764085,1.0634268370279216,0.3201221227645874,0.0,,0.20360611897296016
pandaRQ/pick_med_1,94,0.5583333333333333,1.9908168489230995,0.2125,3.093950184588196,2.122542343895036,1.0,-4.513988458001265,0.5507902667634723,1.0027502106505088,0.3328666090965271,0.03802083333333333,0.21768355591219116,0.05073961093069402
pandaRQ/pick_med_1,99,0.17916666666666667,1.8874211181503058,0.2125,3.158535837599139,2.09044928308249,0.0,,0.589459112479924,1.0554869095878476,0.3992806673049927,0.0536328125,0.20094144798926494,0.13667895619413775
paszea/so100_lego,0,0.5083333333333333,4.301968140502319,0.22083333333333333,2.8114049586948706,2.20889950182552,1.0,0.0,1.1361905876179486,2.2618132530213666,0.8664636742323637,0.42627604166666666,0.23544824370793754,0.0982026467512247
paszea/so100_lego,2,0.5083333333333333,4.7858672720346505,0.22083333333333333,2.7149736143211807,2.5505697362236535,1.0,-1.0544045035218375,1.1459769384831084,2.2773699146717608,0.8636960424482822,0.431484375,0.23553513126671247,0.07925222981325285
paszea/so100_lego,4,0.5083333333333333,4.4136454536946585,0.22083333333333333,2.817379567228069,2.439949301867224,0.0,,1.1601552466017018,2.2527393671295073,0.8701911196112633,0.44723958333333336,0.23798672996497086,0.08367890694484313
paszea/so100_lego,6,0.5083333333333333,3.4889609813497118,0.22083333333333333,2.8276995614157188,2.005623808944195,0.0,,1.1722761479142971,2.2351772291434537,0.8708146438002586,0.449765625,0.23812839332821187,0.0957020788577771
paszea/so100_lego,8,0.5083333333333333,4.587882480359059,0.22083333333333333,2.844986108582029,2.190105010181755,1.0,-0.8615257345672518,1.1810746070322802,2.1373181298399992,0.876186054199934,0.45861979166666667,0.2403661271994087,0.10453517524747613
paszea/so100_lego,10,0.5083333333333333,5.7790372220093715,0.22083333333333333,2.798703476853976,2.525291147392242,1.0,-2.2906100426385336,1.183667755626261,2.111104680632865,0.8701356258243322,0.45380208333333333,0.23994168767200644,0.08165392721440447
paszea/so100_lego,12,0.5125,6.703006551001175,0.22083333333333333,2.7225546807286487,3.221963934471807,2.0,-0.90459503373269,1.1667074812076392,2.098328548514414,0.8691592290997505,0.44359375,0.24046627394976228,0.08441021636349227
paszea/so100_lego,14,0.5125,6.570612774836118,0.22083333333333333,2.738145439663115,3.1232115017076403,0.0,,1.1684892921261096,2.0549686797373767,0.8701048977673054,0.44623697916666666,0.24122032986157954,0.07817258438137031
paszea/so100_lego,17,0.5083333333333333,5.978669020200098,0.6458333333333334,2.6568475082728087,3.6129546701445117,2.0,-2.060111023723124,1.1721147540275965,2.0159870069106947,0.8677635863423347,0.446640625,0.24194388070129724,0.08262767235231844
paszea/so100_lego,19,0.5083333333333333,4.402953924919272,0.22083333333333333,2.8091137718642383,8.731458483383715,2.0,-0.9765380357615641,1.184344353213451,2.265198392057356,0.8585678990930319,0.4385677083333333,0.23807123927235757,0.09237940547855697
paszea/so100_lego,21,0.5125,5.463292165112485,0.22083333333333333,2.6314790215326322,2.783262451789973,1.0,-0.9877603996398108,1.1879668177339822,2.031708924493677,0.8820522837340832,0.4773828125,0.25261442081827046,0.09638923933814993
paszea/so100_lego,23,0.5125,6.023650056860748,0.22083333333333333,2.651190825613416,3.0335295533961,2.0,-0.9934688562825755,1.1665125129900107,2.1371864181867197,0.8761435579508543,0.4598697916666667,0.2460077606900223,0.09112877629935036
paszea/so100_lego,25,0.5083333333333333,5.119443406788268,0.22083333333333333,2.6553167978318375,2.8659681569003297,2.0,-1.877877447285357,1.1911963932216332,2.109595746998084,0.8750419653952122,0.465,0.24664072224471736,0.08133560978644362
paszea/so100_lego,27,0.5083333333333333,5.123368191833583,0.22083333333333333,2.63639488271404,3.32464065319609,2.0,-1.9251837083231607,1.1858704570247949,2.05504369415543,0.8674571439623833,0.4737109375,0.2507374590557695,0.08407197409244775
paszea/so100_lego,29,0.5125,5.107906523315695,0.6666666666666666,2.61033363994026,4.674614585277809,4.0,-2.0095538130211423,1.199805367705435,2.0021568815788875,0.8597900122404099,0.46640625,0.24710196729813644,0.09233970274016214
paszea/so100_lego,31,0.5125,4.6752721375404755,0.7875,2.7718695953704,1.8946249931852264,2.0,-0.9391909457355752,1.1755693872483195,2.1227088880346967,0.8707193471491337,0.45544270833333333,0.24259014213596541,0.08754386594854752
paszea/so100_lego,34,0.5125,4.43181845951883,0.7625,2.712991364140854,1.9755340369481196,2.0,-0.8769077414306423,1.1898599078625947,2.172519779198643,0.8616179153323174,0.45447916666666666,0.2407067274542391,0.08805718218304265
paszea/so100_lego,36,0.5083333333333333,4.538962066954453,0.7416666666666667,2.7080526112421475,2.3665953668533914,0.0,,1.1798522094455106,2.180668623447894,0.8651278261095285,0.46033854166666666,0.2425284681912979,0.07473364195013517
paszea/so100_lego,38,0.5083333333333333,4.600268170718732,0.6708333333333333,2.712549461747927,2.2658200952270713,2.0,1.8039951162005963,1.1821009809098573,2.1050535653951497,0.8674258347600698,0.46341145833333336,0.2435664900464495,0.08033064207734976
paszea/so100_lego,40,0.5083333333333333,4.574173808783113,0.22083333333333333,2.6725580871187566,2.3327481881649144,2.0,-0.8425242607404186,1.1427880931473051,2.1484827712891974,0.8525006920099258,0.415703125,0.23319210716623193,0.08207480569534527
paszea/so100_lego,42,0.5083333333333333,5.193420962516776,0.65,2.6531682112965953,3.64684731264487,0.0,,1.169357470702842,2.089452330143835,0.877610582858324,0.448515625,0.2422683542999934,0.09196545107672333
paszea/so100_lego,44,0.5125,6.188923209670291,0.65,2.639647158619628,3.4425423705887312,2.0,-2.0989059332035396,1.1673820734070741,2.14682843326308,0.8815702684223652,0.46010416666666665,0.24640060322280874,0.09192523893041385
paszea/so100_lego,46,0.5083333333333333,5.786203889847822,0.6791666666666667,2.628874658132739,4.232033149895242,0.0,,1.1516243801097137,2.13317706028087,0.8780428878962994,0.4227473958333333,0.23640032047990023,0.11221007484375488
paszea/so100_lego,49,0.5125,5.644703512616076,0.6625,2.646006134686409,3.2148234814689207,1.0,-2.0095538130211423,1.1943127590977132,2.0368044803735588,0.8795837927609682,0.46889322916666665,0.24516590641934258,0.0986456258865804
paszea/so100_lego_2cam,0,0.30833333333333335,8.26960632564545,0.1,3.31103912823778,14.094538162056915,1.0,0.0,1.2592594958248893,2.6521059949547614,0.8892929013818502,0.4936979166666667,0.24581104410056848,0.033204052903352745
paszea/so100_lego_2cam,1,0.175,7.781812159607308,0.1,3.2856847352272323,15.563055579485962,1.0,0.0,1.251839564138363,2.27724869796911,0.89222720451653,0.43645833333333334,0.25242582958029175,0.03503589863841975
paszea/so100_lego_2cam,3,0.30833333333333335,10.474479880132856,0.1,3.1439392003557414,15.351792812558791,2.0,13.061551083328112,1.2527655917737104,2.4318312991208155,0.8781244587153196,0.4429296875,0.2515247421821946,0.02816593131882689
paszea/so100_lego_2cam,5,0.3625,9.98081757256888,0.1,3.407032418729048,14.566068269641137,0.0,,1.280114634185386,2.573185998666902,0.8909327145665884,0.49766927083333334,0.24779867012143314,0.04252325140037626
paszea/so100_lego_2cam,6,0.3625,7.8812285032686615,0.1,3.333423288817607,17.23984928825275,0.0,,1.2227215792236106,2.112103279975647,0.8839114410802722,0.40860677083333335,0.24742405359744502,0.02793846070875064
paszea/so100_lego_2cam,8,0.22083333333333333,7.67255044928189,0.1,3.39688534593604,17.78824149704869,1.0,0.0,1.2696699602526207,2.4540245144584723,0.8926210086792707,0.49190104166666665,0.2448958028526487,0.04649647538405332
paszea/so100_lego_2cam,10,0.35833333333333334,9.53603554669493,0.1,3.445920070370983,20.65864950584011,2.0,0.8363753254224093,1.2782710041271788,2.5457329219727667,0.8852155171334743,0.5027734375,0.2503581565252104,0.02681918655767087
paszea/so100_lego_2cam,11,0.3375,7.219770977107241,0.10416666666666667,3.8305878402666407,23.69387808024413,2.0,0.8363753254224093,1.2448873343677893,2.1570664654464395,0.8486553467810154,0.39764322916666667,0.26675130134031233,0.03883259928754736
paszea/so100_lego_2cam,13,0.3625,10.221646665751333,0.1,3.6249965181200716,15.749125388211265,2.0,12.78670144918675,1.2618461679937851,2.6730898574190087,0.8860691264271736,0.4922916666666667,0.24516838658042303,0.036891385861155354
paszea/so100_lego_2cam,15,0.3458333333333333,12.551757293039746,0.1,3.3144807775188365,16.971937026748503,0.0,,1.2567831003266123,2.6093151319434047,0.8639202080667019,0.4931640625,0.2455436706850601,0.02593859558099444
paszea/so100_lego_2cam,16,0.2708333333333333,10.250475939057523,0.1,3.368952703690242,14.832436703716274,1.0,2.9609361341637452,1.2573940308971332,2.5998277632482076,0.8862482737749815,0.49583333333333335,0.2468860975352484,0.03458646226568664
paszea/so100_lego_2cam,18,0.3625,8.259486180388643,0.1,3.399823861857921,15.030314694498669,3.0,13.029194807943739,1.268602156577115,2.522168754839996,0.8952881600707769,0.498125,0.24803974195422515,0.03550566421496292
paszea/so100_lego_2cam,20,0.3416666666666667,10.408720213493229,0.1,3.3660105712193147,14.752698727467422,2.0,13.943230920553674,1.2606198181672528,2.597972406463096,0.876806166023016,0.49397135416666665,0.24593162215754527,0.032699856949724465
paszea/so100_lego_2cam,22,0.30833333333333335,6.492456599428963,0.1,3.4276663613452176,16.794960147596676,2.0,0.9877603996398108,1.2166337738496091,2.3041749942691507,0.8828536029905081,0.42010416666666667,0.2491339752481359,0.047023996904825734
paszea/so100_lego_2cam,23,0.3375,11.692136843361856,0.1,3.5518422026918337,15.29074940050435,2.0,2.030914236853107,1.260832301770666,2.654741183576116,0.8879764005541801,0.49895833333333334,0.24843423799582465,0.038970702612170706
paszea/so100_lego_2cam,25,0.30833333333333335,11.801328557239508,0.1,3.6319575865074287,15.428913572887101,0.0,,1.2639531416420793,2.679332103963886,0.8857565205544233,0.49145833333333333,0.2447204332734422,0.04179195260204812
paszea/so100_lego_2cam,27,0.36666666666666664,4.5732151530623915,0.1,4.0460885690856925,20.361371249893025,1.0,2.060111023723124,1.241010021881087,2.323968339749648,0.877438385039568,0.42466145833333335,0.26079451466410836,0.03814926328759505
paszea/so100_lego_2cam,28,0.3625,10.476887877585208,0.1,3.4574869924793545,14.617474921635235,0.0,,1.2580958843977075,2.5375694172737733,0.8882449809461832,0.49755208333333334,0.2477387768831627,0.0390019429368971
paszea/so100_lego_2cam,30,0.36666666666666664,7.765779674545505,0.1,3.4122140918203456,15.56738662682845,1.0,7.001267557495339,1.2784642386383207,2.6147511781376016,0.8883035145699978,0.4962109375,0.24711093514957258,0.04102960246543764
paszea/so100_lego_2cam,32,0.3416666666666667,6.413532412810067,0.1,3.6202879103328187,13.698525627839194,1.0,2.027322700500193,1.2562273496644893,2.661307996406363,0.8879827875643969,0.4898177083333333,0.24387016720162674,0.03762555735175119
paszea/so100_lego_2cam,33,0.30833333333333335,7.213790597618507,0.1,3.216467586701975,13.44723821911234,2.0,5.194428907734803,1.2655769547285307,2.6774715260880586,0.8855571122840047,0.489140625,0.24353311115254442,0.038557629482001386
paszea/so100_lego_2cam,35,0.30416666666666664,11.27796472167561,0.1,3.781500011766605,12.849100385423824,0.0,,1.275030773166693,2.527637069413585,0.8902000803500414,0.49497395833333335,0.24644036671800942,0.039565670187181635
paszea/so100_lego_2cam,37,0.3625,7.692228819012992,0.2125,3.103382449564504,12.80203975409311,1.0,6.132222497679308,1.2631073971347255,2.596000793883542,0.8859614850953221,0.49854166666666666,0.24826922841551455,0.044335984200621174
paszea/so100_lego_2cam,39,0.3,7.5630960359926585,0.1,3.1998054391895834,16.548004311319442,1.0,-3.9328962722305363,1.2420234935561267,2.419630457688582,0.8860353762283921,0.41162760416666666,0.2445236302474473,0.031232064241652292
paszea/so100_whale_2,0,0.4875,3.193622396132717,0.6,3.4302747750335505,18.432204999062,4.0,-4.794232066630599,1.3363642825945181,1.7813331736007132,0.8728412911295891,0.4255598958333333,0.24959631873927263,0.15581194041882004
paszea/so100_whale_2,2,0.49166666666666664,3.676250021700503,0.5,2.8355842781544456,8.975278086034606,6.0,2.9814612199821937,1.3006847030503415,1.7332055420683181,0.8765819817781448,0.4505078125,0.2559392663899034,0.14344460635938583
paszea/so100_whale_2,4,0.49166666666666664,2.9259644374872087,0.5,2.8536415531620105,7.685775168650255,6.0,4.112228844718459,1.24955941819179,1.7075106669584554,0.8769939057528973,0.4300390625,0.255988602199823,0.15008000084427736
paszea/so100_whale_2,6,0.49166666666666664,3.494636098163146,0.8958333333333334,2.9588225963539037,6.770056081655148,9.0,-16.955313052025204,1.3015383897887776,1.7021902935944173,0.8834902010858059,0.4471744791666667,0.25435256458442806,0.14639696887223985
paszea/so100_whale_2,8,0.49166666666666664,2.759383234557292,0.7833333333333333,2.7726520464045943,9.134319904622268,5.0,1.952509049399609,1.2592937448905812,1.634071447164123,0.8807612229138613,0.42266927083333333,0.25000544586558265,0.15907772081047283
paszea/so100_whale_2,10,0.2791666666666667,3.5100031217970873,0.6083333333333333,3.3466364854236303,11.751020518516594,3.0,-2.030914236853107,1.2919950002579108,1.6765073461901208,0.8659785315394402,0.41669270833333333,0.2487566807409265,0.13636943457847944
paszea/so100_whale_2,12,0.275,2.8437321411634726,0.7708333333333334,2.9312716954990288,9.905568838991059,8.0,1.8855997707796774,1.2236842748520336,1.7303779656430884,0.866357933729887,0.41729166666666667,0.24338413927226313,0.1487394347953684
paszea/so100_whale_2,14,0.49166666666666664,3.0820805621263476,0.7166666666666667,2.9612581244653495,10.781790657181913,4.0,0.0,1.2078166285797054,1.7006600745299374,0.8611403331160545,0.41098958333333335,0.24471353679235228,0.15481534793632482
paszea/so100_whale_2,17,0.2833333333333333,3.7411120164967433,0.6083333333333333,3.3705789987439423,10.10693292208777,6.0,-0.9821171632241885,1.3007455636343435,1.6609964915283144,0.8702038116753101,0.4041015625,0.2501682201159037,0.1386677489632667
paszea/so100_whale_2,19,0.49166666666666664,2.970638186682184,0.49583333333333335,3.5592892421717903,15.278476072692698,9.0,-16.086085070620726,1.3019103844757083,1.7660326870617904,0.8661927059292793,0.3945703125,0.24575055537398635,0.13822976253578456
paszea/so100_whale_2,21,0.2791666666666667,3.455363903051004,0.65,3.1637858705566684,9.581183301875383,8.0,1.8717449652887552,1.3234084566425768,1.6146546921349985,0.8737353608012199,0.4153645833333333,0.25376647735470415,0.15644270661828033
paszea/so100_whale_2,23,0.2791666666666667,3.8232034634837784,0.5958333333333333,3.2409510110659263,12.394532051176524,5.0,0.8951737102110684,1.3143985988945113,1.8049050879146054,0.8734664432704449,0.4555208333333333,0.25221165060991424,0.15719754980220116
paszea/so100_whale_2,25,0.4875,3.2922465738904902,0.5,3.4048755899741616,11.601953916967336,3.0,-17.831857628541485,1.331433965665264,1.780180713834514,0.8817522972822189,0.448125,0.2526456994800511,0.152894877245482
paszea/so100_whale_2,27,0.2791666666666667,3.4940292047009813,0.8958333333333334,2.754725958697396,7.529970517445655,4.0,3.814074834290352,1.2947947586707853,1.7420455817414686,0.8670324757695198,0.4639713541666667,0.2581420752964291,0.15468543604133708
paszea/so100_whale_2,29,0.2791666666666667,2.5835969500655227,0.5,2.8133315087520576,5.693922689061866,2.0,-19.142268191466272,1.3202425645704843,1.6690140657717865,0.8906789384782314,0.45717447916666665,0.2574729825756426,0.15360778208766626
paszea/so100_whale_2,31,0.49166666666666664,3.756996045312747,0.5041666666666667,2.5966708072266567,6.0131719193907305,4.0,1.8391408234083713,1.2706371217766828,1.6738495278498668,0.8847201988101006,0.4344401041666667,0.23983103081361412,0.15228504043820307
paszea/so100_whale_2,34,0.2791666666666667,3.084863773992671,0.8958333333333334,2.812188374972747,7.915169092752576,5.0,5.158551780606047,1.311640828386144,1.7769998317494926,0.8750714249908924,0.4577734375,0.25354622653219755,0.13900645487654886
paszea/so100_whale_2,36,0.49166666666666664,2.453257285129048,0.5,2.837528848599854,7.279862015551475,4.0,-13.931689241802985,1.319291740714795,1.6292182099675863,0.8842820674180984,0.44364583333333335,0.2544687548199677,0.14051622183023416
paszea/so100_whale_2,38,0.49166666666666664,2.7656934293988047,0.7666666666666667,2.99054417147408,7.162243032385753,5.0,0.0,1.3114314565800866,1.6633374272876633,0.878505252301693,0.4188151041666667,0.2507837789847979,0.13513143216913973
paszea/so100_whale_2,40,0.4875,3.441495683013264,0.5,2.9098993388866705,7.912738822191795,9.0,-0.6902771978650719,1.3252556027832385,1.5959078352464515,0.8854805696755648,0.437734375,0.24977802537044932,0.13557413248256805
paszea/so100_whale_2,42,0.2791666666666667,3.3198955062586872,0.5,2.567983702340668,6.51093076738685,8.0,3.680622173030457,1.3122810618128804,1.7380672209527255,0.8718308806419373,0.47973958333333333,0.260249365298631,0.16588500383739968
paszea/so100_whale_2,44,0.275,3.5502440165808635,0.65,3.175684060323119,8.16144405812157,4.0,1.8840502310918055,1.3245233573565245,1.7571708086506779,0.8705620802938938,0.42260416666666667,0.25293838429987736,0.14638997741809728
paszea/so100_whale_2,46,0.49166666666666664,2.5518755048463087,0.5,2.8279704600011644,5.957589694051788,1.0,2.254574965935035,1.3188153539397802,1.6186528785476162,0.8811975307762623,0.44787760416666667,0.25710693121408,0.13612866018151232
paszea/so100_whale_2,49,0.49166666666666664,3.860690800967866,0.475,2.8542083058211927,6.47992425750465,6.0,1.7534048600715408,1.3203030651838645,1.7103191207611081,0.8834814671427011,0.465078125,0.25549217358382176,0.15619184405109524
paszea/so100_whale_3,0,0.44166666666666665,6.275612622387198,0.1,2.9504351109207994,5.269487556061173,1.0,-3.7826454465963053,1.258578914156354,1.788815538875057,0.8673877324908972,0.4279296875,0.23711722928908485,0.06868173703501862
paszea/so100_whale_3,1,0.44166666666666665,6.776491918719753,0.1375,3.021054509911651,4.059832138033317,4.0,-3.0864892637810755,1.2684616890003322,1.778616431195904,0.8722574859857559,0.4401171875,0.23785931910855548,0.06503912105923627
paszea/so100_whale_3,2,0.44166666666666665,6.165489260279657,0.11666666666666667,2.976705312691402,4.266923051542138,3.0,-10.732664556655791,1.261916705704504,1.7599812744373045,0.8586588427424431,0.4387109375,0.23864373700656938,0.07031188124705788
paszea/so100_whale_3,4,0.44166666666666665,4.853452917960629,0.18333333333333332,2.6998072299946734,8.652011788985162,1.0,0.0,1.2698993661568012,2.0540286841623603,0.8551442101597786,0.4405208333333333,0.24951309992470797,0.09007468851816267
paszea/so100_whale_3,5,0.44166666666666665,8.341970640583678,0.13333333333333333,3.0279601717658773,4.148288758222222,2.0,-1.8840502310918055,1.2578781763232523,1.8643529540407255,0.8709084540605545,0.4296744791666667,0.23730388178366246,0.05845839776784003
paszea/so100_whale_3,7,0.44166666666666665,6.429362964255709,0.10416666666666667,3.0035700935753638,4.889546876539385,1.0,0.0,1.265112080609372,1.7508380377722497,0.8661563582718372,0.42516927083333333,0.2354073843804775,0.07590981495521669
paszea/so100_whale_3,8,0.44166666666666665,6.218309544073213,0.12916666666666668,3.049308080775581,4.1956502702154745,1.0,-1.9219559589314343,1.2518151821452785,1.7639160561479068,0.8636931125074625,0.4275260416666667,0.23509689797518288,0.06309100548698256
paszea/so100_whale_3,10,0.4375,7.639968227305976,0.125,2.9236231315737604,5.088052520483553,0.0,,1.2297283847192801,1.8212291392621196,0.8697848357260227,0.4258723958333333,0.23956421494611788,0.05840186767933119
paszea/so100_whale_3,11,0.44166666666666665,6.0970152634455514,0.1,2.8959881110426617,6.907376670030063,1.0,-5.013113755035803,1.2007791744933671,1.8284930773273596,0.8552099987864494,0.40498697916666665,0.23486668737439662,0.04511340289386714
paszea/so100_whale_3,13,0.44166666666666665,5.310405977430639,0.1,2.725407342619881,7.11617340635771,5.0,-10.10503636503796,1.230707819517394,1.8371046528591102,0.8630835711956024,0.4115755208333333,0.23893862123639115,0.05802167329614814
paszea/so100_whale_3,14,0.44166666666666665,6.000376265448226,0.1,2.9064538665775648,5.823214569306829,2.0,0.7957235527392754,1.241884173312206,1.8366198425268567,0.8690559267997742,0.42006510416666665,0.23849100024784772,0.050174650153397095
paszea/so100_whale_3,16,0.4375,5.431850781521063,0.1,2.841680645697528,6.642328759027753,1.0,-10.007979801441337,1.226414618865637,1.781963691451234,0.8582910820841789,0.39748697916666664,0.23324053759666488,0.045523778257953645
paszea/so100_whale_3,17,0.4375,5.680002550864143,0.1,2.9546707146373596,6.144534693401567,0.0,,1.2339948144818778,1.8451011318467447,0.8650209624320269,0.414921875,0.2369576104120103,0.05031987426799535
paszea/so100_whale_3,19,0.44166666666666665,4.3259751259648835,0.1,2.8309908718376007,6.9965105644606185,0.0,,1.2238454319915548,1.8362279262087409,0.8555053398013115,0.41294270833333335,0.23626934556046547,0.04423170939929636
paszea/so100_whale_3,20,0.44166666666666665,4.9878251814796375,0.125,2.884276353130953,3.521676123707808,2.0,0.0,1.2128199070884336,1.763521205342637,0.8273929171264172,0.43296875,0.23576434449848424,0.05189701325883762
paszea/so100_whale_3,22,0.44166666666666665,5.643505415370598,0.1375,2.8961364104111644,3.2256004359868817,1.0,0.0,1.2326304147211424,1.7861584943840625,0.833273408934474,0.4383723958333333,0.23646138969003952,0.06279249753210564
paszea/so100_whale_3,23,0.44166666666666665,5.7812475722637275,0.1375,2.915992455186431,3.6222840842218442,1.0,0.0,1.2603460413961818,1.7512437124174858,0.8555814698338509,0.4431510416666667,0.23932183986331168,0.05683027908741442
paszea/so100_whale_3,25,0.44166666666666665,5.560936469183121,0.1375,2.8308678087381143,2.9344071982498785,1.0,0.0,1.2474952124358112,1.7478626151762728,0.8437378816306591,0.4398046875,0.23690243528097094,0.06513190023290079
paszea/so100_whale_3,26,0.44166666666666665,5.1466377597982484,0.1125,2.8592748987739807,3.4777118430121945,2.0,0.0,1.230126200532102,1.8072937946297436,0.8369770087301731,0.4332552083333333,0.23665819719770648,0.05263042431221454
paszea/so100_whale_3,28,0.44166666666666665,5.286440135914064,0.13333333333333333,2.9004374206288093,3.4010828931888417,1.0,0.0,1.227370214103858,1.6966891937947532,0.8281366415321827,0.43755208333333334,0.23672814403943737,0.06546894213650352
paszea/so100_whale_3,29,0.44166666666666665,5.5459846410027005,0.1375,2.875862335176624,3.4784045501125327,1.0,0.0,1.2584899667771285,1.6885842495887189,0.8505969867110252,0.44188802083333334,0.23790920488530126,0.06809447978943482
paszea/so100_whale_3,31,0.4666666666666667,5.410709721130254,0.125,2.989175239671268,6.719952790402826,0.0,,1.229711829201855,1.793195647378727,0.8561649024486542,0.4153125,0.23687733040330863,0.04617749531884589
paszea/so100_whale_3,32,0.44583333333333336,4.696584005927798,0.1,2.625046955630963,6.771176037251363,0.0,,1.2313042314398295,1.9142415649861046,0.8656400628387928,0.41846354166666666,0.24463369397298418,0.048941338587384045
paszea/so100_whale_3,34,0.44166666666666665,5.03760876646401,0.1,2.9889546357379078,7.218438134597254,1.0,0.0,1.2262716589469003,1.8011167499011902,0.8581246379762888,0.42899739583333335,0.2418932498790691,0.03246499246728928
paszea/so100_whale_4,0,0.4375,10.08760623988508,0.11666666666666667,3.3225993075344427,5.18605086292226,1.0,0.0,1.2613147047131226,1.8036825232209184,0.8665820080786943,0.4458463541666667,0.245422704607105,0.06390065831670634
paszea/so100_whale_4,2,0.44166666666666665,8.63864496221201,0.1,3.0557243855685954,6.107341645418201,2.0,-2.136910853757257,1.2480648469862148,1.8149421860073691,0.8457775264978409,0.42235677083333334,0.23646545998467838,0.08373479440051272
paszea/so100_whale_4,5,0.4375,8.787281283209287,0.125,3.263670882867421,5.027556873480047,1.0,0.0,1.2118372095948768,1.8015314265100966,0.8315166085958481,0.43658854166666666,0.24163048890208855,0.05189771909158168
paszea/so100_whale_4,7,0.44166666666666665,7.865861099492024,0.1375,3.2694000953060867,4.271590432588814,1.0,0.0,1.215850188263002,1.8718578487392552,0.8408785872161388,0.4546875,0.24532667615637896,0.06698099935645198
paszea/so100_whale_4,10,0.44166666666666665,9.109245910864642,0.1375,3.28867452951858,5.973280391593374,1.0,0.0,1.1963176659894388,1.9449382595513813,0.8413137421011925,0.4130989583333333,0.23712491661736465,0.045555287637237124
paszea/so100_whale_4,12,0.425,9.207537178028206,0.13333333333333333,3.264703603675198,5.901145590105262,0.0,,1.190320972502196,1.8615854327562908,0.8377597779035568,0.41376302083333333,0.2416137931924395,0.05015889270277074
paszea/so100_whale_4,15,0.4375,9.208835127953176,0.14166666666666666,3.349129508441335,4.99325452923947,0.0,,1.1936117053336373,1.8830894917655712,0.8371420986950397,0.4307682291666667,0.24089620160375125,0.056829602795883796
paszea/so100_whale_4,17,0.44166666666666665,7.245655640140316,0.12083333333333333,3.2821303663737362,5.673655389190643,0.0,,1.2080809388840654,1.8428246829515216,0.8451699428260326,0.42520833333333335,0.24482830018101714,0.05061313605925718
paszea/so100_whale_4,20,0.4375,8.217841448859925,0.1,3.2345236421585337,5.521576770341074,2.0,0.0,1.2297682924559032,1.8435537200933254,0.8537938632071018,0.4169791666666667,0.23821242331849435,0.042633763934199605
paszea/so100_whale_4,23,0.44166666666666665,8.205512375246265,0.1,3.1715153634379,5.446715512507219,3.0,0.0,1.2063309954416557,1.8810946579899692,0.8362651281058788,0.41151041666666666,0.23532149153303508,0.05930373703055362
paszea/so100_whale_4,25,0.44166666666666665,8.813410540528924,0.1,3.1954208677908373,6.56030194810419,1.0,0.0,1.24137810834716,1.779071695308978,0.8473432548344135,0.4158072916666667,0.23883163313036065,0.06980822526868663
paszea/so100_whale_4,28,0.44166666666666665,6.678099886484364,0.14583333333333334,3.024851986580906,7.25755881688978,3.0,-2.1437608652234132,1.2046970984460041,1.799154829704727,0.8316610157489777,0.40946614583333335,0.23798905590371686,0.04096171206538066
paszea/so100_whale_4,30,0.4375,6.723973548667993,0.1,3.106250728890787,6.573318775271745,2.0,0.0,1.208211155070579,1.7609022063103175,0.8170303478837013,0.42462239583333333,0.23577779861994355,0.0674946103634281
paszea/so100_whale_4,33,0.44166666666666665,5.703116165232469,0.11666666666666667,3.046241484832592,7.7219389887843946,1.0,0.0,1.2159462718108318,1.8077713894535097,0.813011147081852,0.41303385416666666,0.23385996552842586,0.08438992378672158
paszea/so100_whale_4,35,0.44166666666666665,7.554742519713757,0.11666666666666667,3.0903104542703006,6.410465265712048,2.0,-1.8476102659945894,1.2470298281578487,1.7960944766238587,0.8323270231485367,0.4164453125,0.2352350627693556,0.09875283093147427
paszea/so100_whale_4,38,0.44166666666666665,7.257714121456013,0.1,3.168551264470257,7.420030052775314,0.0,,1.196238936233986,1.891267568527913,0.8155823945999146,0.41205729166666666,0.23502610071615995,0.05411487123489563
paszea/so100_whale_4,41,0.44166666666666665,4.6358872932717965,0.2625,2.850711150377543,10.242537295383721,1.0,1.005086005254185,1.2080554746570815,1.914407110728456,0.8490005917847157,0.3787760416666667,0.23306647527295898,0.05042077596138676
paszea/so100_whale_4,43,0.4375,7.906565163577074,0.1,3.308890788205572,5.541001347801642,0.0,,1.213446408028435,1.9556810068174664,0.8385557904839516,0.43036458333333333,0.24151052455949976,0.06432263723146059
paszea/so100_whale_4,46,0.4375,8.674660144241331,0.1,3.264998051270483,6.05523927832749,2.0,-1.2319774026397283,1.209229065683626,1.9048995051196786,0.8402171730995178,0.42602864583333333,0.24022943689008508,0.05683476477982887
paszea/so100_whale_4,48,0.44166666666666665,5.425649768890533,0.25416666666666665,2.859409437211824,8.90310041641356,2.0,0.0,1.2294262422636382,1.904768456973883,0.843003123998642,0.3873567708333333,0.2376335282744288,0.06684584777462589
paszea/so100_whale_4,51,0.44166666666666665,8.517060517750053,0.10416666666666667,3.1575449409532355,5.468067456804457,3.0,0.0,1.1997852482246838,1.865403005955569,0.8140359297394753,0.42529947916666666,0.23590958100454532,0.06871130890959931
paszea/so100_whale_4,53,0.44166666666666665,7.587345266816176,0.1,3.284853362911288,5.183737124241168,1.0,-1.909152432996379,1.179924774931501,1.8591219894962092,0.8090972602367401,0.4230729166666667,0.2395794111147797,0.0537880928064731
paszea/so100_whale_4,56,0.44166666666666665,7.917331235856659,0.12083333333333333,3.3131688209847687,5.732190382883876,2.0,-2.0750263614174003,1.168321373445792,1.8509510296966267,0.8073521256446838,0.41649739583333334,0.23272307408357448,0.05609676769760232
paszea/so100_whale_4,59,0.44166666666666665,9.003617923160165,0.1375,3.3714750699883074,5.519228441511559,1.0,-2.121096396661457,1.1707720665462003,1.8120767378040994,0.8111677765846252,0.4133072916666667,0.23162901521129167,0.05463696943547351
pierfabre/chicken,0,0.48333333333333334,2.978649591235974,0.325,3.1928626228075827,0.24882478556585738,0.0,,0.3467097777380175,2.2818566133685274,0.35793277621269226,0.0,,0.041911418903985836
pierfabre/chicken,2,0.7333333333333333,8.015114124733293,0.5875,3.5936401417262127,0.21138779161916577,1.0,0.0,0.5850565172386202,2.791579759212962,0.5602750778198242,0.0,,0.04335732906392386
pierfabre/chicken,5,0.5375,4.585960075007219,0.5208333333333334,3.5726575362518034,0.2890802735883518,0.0,,0.4763518761741598,2.6585481917747877,0.4455726444721222,0.00022135416666666666,0.7386167856263843,0.040871840574580015
pierfabre/chicken,8,0.5375,2.9504989634825414,0.42083333333333334,3.3090590971181486,0.2685664636605182,1.0,0.0,0.388899268070582,2.25941454216219,0.3748367726802826,0.0,,0.058078251854624445
pierfabre/chicken,11,0.5375,3.0460530440863622,0.3458333333333333,3.1831371657519956,0.2448469705279916,1.0,0.0,0.5255932774701694,2.5910848218267137,0.484366238117218,0.0,,0.03884090102875047
pierfabre/chicken,13,0.5375,9.484637326289244,0.5291666666666667,3.490758112979656,0.281274294510944,0.0,,0.6149477309395712,3.5382918497507294,0.550590455532074,0.0,,0.11480448076226919
pierfabre/chicken,16,0.5416666666666666,6.1584780795309415,0.5375,3.552361290221929,0.26420287716248336,0.0,,0.5217794729434126,2.493939593292208,0.48646053671836853,0.0,,0.03725311814414534
pierfabre/chicken,19,0.6333333333333333,8.96584111009618,0.5666666666666667,3.677254522260714,0.2180381567402909,0.0,,0.44725235601432733,2.7999920500931794,0.4519665837287903,0.0,,0.040689522719003314
pierfabre/chicken,22,0.5416666666666666,2.5380034602289747,0.45416666666666666,3.4076467580148404,0.2346927456191908,1.0,0.0,0.6497217363498489,2.881741399267841,0.5731752961874008,0.0,,0.03608782208762427
pierfabre/chicken,25,0.5416666666666666,3.082566335786651,0.4375,3.454486473460619,0.32868993312331163,0.0,,0.6197738089346222,2.6483023511474513,0.5535006672143936,0.0,,0.03820525324552198
pierfabre/chicken,27,0.5375,2.9598457823284163,0.4083333333333333,3.3276706756298906,0.24175382536464748,0.0,,0.5824775569308142,2.2809401025458316,0.5365471541881561,0.0,,0.04078598842308438
pierfabre/chicken,30,0.6083333333333333,8.121671468833881,0.5916666666666667,3.613687197287796,0.21875263909426598,2.0,13.600542516658749,0.5103402548119466,2.7055654961559332,0.4700857102870941,0.00029947916666666664,0.7291249772603237,0.0455276592943611
pierfabre/chicken,33,0.5416666666666666,8.632262430428945,0.5625,3.5190632274341676,0.26905363875720995,1.0,0.9877603996398108,0.5895032989301419,3.046316780731348,0.5225051641464233,0.00013020833333333333,0.7309623430962343,0.04776540769431303
pierfabre/chicken,36,0.6125,8.467797181068107,0.5708333333333333,3.6884371056849563,0.20403709747280918,0.0,,0.5531276774300018,2.5679685775981023,0.5455101430416107,0.000390625,0.725801952580195,0.040225246054202066
pierfabre/chicken,38,0.5375,2.180018790032767,0.4,3.4192815800567864,0.25763107822206716,0.0,,0.5009516200249664,2.588063481387391,0.4691799283027649,0.0,,0.08731568289454081
pierfabre/chicken,41,0.5416666666666666,7.095825911783036,0.5208333333333334,3.624528938161411,0.23995624184152967,0.0,,0.7419454151379592,3.221610257811985,0.6593231558799744,0.0,,0.03728644165586188
pierfabre/chicken,44,0.5375,2.9675220323193114,0.42916666666666664,3.2610793538541176,0.2557249023781176,1.0,0.0,0.4893450810541399,2.5257173025793356,0.4391385465860367,0.0,,0.05760481823182612
pierfabre/chicken,47,0.5416666666666666,10.642561293926605,0.5333333333333333,3.5843805296569133,0.32889777435717266,1.0,0.0,0.46389573349929447,1.9849528552474003,0.48623156547546387,0.0030338541666666665,0.7560292348303913,0.03998295569338438
pierfabre/chicken,50,0.5375,8.489926480242836,0.5333333333333333,3.6855917054207707,0.24199405315728875,1.0,0.5070290609147747,0.5773570389679816,3.6819963617702802,0.542067363858223,0.0,,0.0369151223242048
pierfabre/chicken,52,0.5416666666666666,8.140889299933487,0.5375,3.61497646893505,0.2232419808887515,0.0,,0.5435959056715293,3.794040289084653,0.5350951254367828,0.0,,0.04319112690763016
pierfabre/chicken,55,0.5375,2.486632456487255,0.45,3.204950571883997,0.26277035464608234,0.0,,0.6095784550162907,3.01477293066636,0.5485691428184509,0.0,,0.04060578150321827
pierfabre/chicken,58,0.6291666666666667,2.445441106276393,0.44166666666666665,3.265081131404726,0.24677494917802295,0.0,,0.6428053804815635,2.7385465295768445,0.5586747527122498,0.0,,0.06731358996439823
pierfabre/chicken,61,0.5333333333333333,3.0739624922807125,0.38333333333333336,3.1324997335812688,0.2529145319807453,0.0,,0.41793739048749884,2.627305955604564,0.40272772312164307,0.0,,0.04549744691602729
pierfabre/chicken,64,0.5416666666666666,2.7476875915924537,0.4375,3.232917510360245,0.25427923665930086,0.0,,0.529438935536165,2.7886363259026625,0.5067747235298157,0.0,,0.04276895463599058
pierfabre/cow2,0,0.5375,2.6815302895791695,0.48333333333333334,3.4231342273263627,0.20710559321098548,1.0,0.0,0.6259398905404446,2.5847911135302724,0.5610981285572052,0.0,,0.03883174432835397
pierfabre/cow2,1,0.5375,2.7627208846260527,0.5208333333333334,3.493183493330625,0.227639694651807,1.0,0.0,0.583665272516021,2.1423563445297513,0.5218297839164734,0.0,,0.03844434655712765
pierfabre/cow2,3,0.5375,2.843051237963534,0.48333333333333334,3.412654479354901,0.22109183927462586,1.0,0.0,0.6301257897096312,2.239078370775353,0.5569332391023636,0.0,,0.03781563245499024
pierfabre/cow2,5,0.5375,3.1091548719035402,0.49166666666666664,3.3997022928635054,0.21535902525648967,1.0,0.0,0.5884319552523173,2.043886555675901,0.5165802836418152,0.0,,0.03877952454884505
pierfabre/cow2,6,0.5375,3.1154115098381583,0.4666666666666667,3.3463580051349613,0.21709932683940267,1.0,0.0,0.605279423544358,2.265728614247015,0.5403246134519577,0.0,,0.04015436395318481
pierfabre/cow2,8,0.5333333333333333,2.3750079267466315,0.325,3.174795208317378,0.21302007440018508,1.0,0.0,0.5170018511598738,2.3796834448427373,0.4631112813949585,0.0,,0.05627713915023529
pierfabre/cow2,10,0.5333333333333333,2.8329916511912216,0.475,3.358963289399755,0.2227181653177494,1.0,0.0,0.6275151175156051,2.421439430359377,0.5609411895275116,0.0,,0.0394816419290948
pierfabre/cow2,11,0.5375,4.096093669147696,0.43333333333333335,3.3441658681643665,0.23476237192636853,1.0,0.0,0.5522657314558392,2.276070640619352,0.5052622556686401,0.0,,0.06808338876011982
pierfabre/cow2,13,0.5375,2.494511577056099,0.475,3.4013596839829185,0.21834124514788178,2.0,0.0,0.6130334907475041,2.4004429756947343,0.5417908728122711,0.0,,0.0377535478566418
pierfabre/cow2,15,0.5375,2.913352948877401,0.4666666666666667,3.5036682257343634,0.20198829633705173,1.0,0.0,0.5915915747559615,2.4053041890422673,0.5321096777915955,0.0,,0.039156370955324114
pierfabre/cow2,16,0.5375,4.6571853494677615,0.5291666666666667,3.48510431414491,0.25585651766804185,2.0,0.0,0.646004807320483,2.1875696497115737,0.5629717111587524,0.0,,0.03649806527332067
pierfabre/cow2,18,0.5375,2.990801355661138,0.5166666666666667,3.457336242058263,0.2560973218213032,1.0,0.0,0.5979865379509878,2.0549761765347676,0.525729775428772,0.0,,0.0367571036245786
pierfabre/cow2,20,0.5375,2.6096376988081977,0.49166666666666664,3.4577032175622526,0.24636396591528656,1.0,0.0,0.6174758183210806,2.346577630501134,0.5532591938972473,0.0,,0.04161694228881351
pierfabre/cow2,22,0.5375,2.825359076845713,0.5166666666666667,3.456486001414707,0.2586199194836663,1.0,0.0,0.6838476155537697,2.316763862477763,0.5897927284240723,0.0,,0.04624745409388377
pierfabre/cow2,23,0.5375,2.5956473038516448,0.2875,3.1561252371170494,0.26123630015434623,1.0,0.0,0.4773639280666248,1.9826232184490242,0.4640848636627197,0.0,,0.03985461222439527
pierfabre/cow2,25,0.5375,2.888369819491083,0.5083333333333333,3.4845650854173478,0.22013640641615956,1.0,0.0,0.6516929745392355,2.2301016100048736,0.5671073943376541,0.0,,0.036563651282931875
pierfabre/cow2,27,0.5375,3.2973009961925452,0.5083333333333333,3.4350086764030996,0.2519696276157692,1.0,0.0,0.6859795899067413,2.47855873672256,0.5876388549804688,0.0,,0.04193168593330652
pierfabre/cow2,28,0.4666666666666667,3.5431824869602737,0.31666666666666665,3.255905239825662,0.1166945442122279,0.0,,0.5119771596606215,2.4082448251079325,0.4819331467151642,0.0,,0.0443681518219242
pierfabre/cow2,30,0.5375,3.1526688178441686,0.5208333333333334,3.460219887224221,0.23210220631107553,1.0,0.0,0.6117646352394859,2.051598600828807,0.5352053344249725,0.0,,0.053493629293898566
pierfabre/cow2,32,0.5375,2.5127209496635907,0.48333333333333334,3.511913044257504,0.3498632885097324,1.0,0.0,0.7070320040408908,2.7029446489864846,0.6295596063137054,0.0,,0.03740021256837121
pierfabre/cow2,33,0.5375,3.033084105254424,0.5166666666666667,3.4716922206362977,0.2488228947898597,1.0,0.0,0.6676629153343883,2.2431308917005044,0.5808263421058655,9.114583333333334e-05,0.7375971309025703,0.04384700772848155
pierfabre/cow2,35,0.5375,3.0186018013270686,0.5166666666666667,3.4287201408568344,0.26021395638748474,1.0,0.0,0.6254049510860553,2.3146369017913053,0.5659071058034897,0.0,,0.041864201544217786
pierfabre/cow2,37,0.5375,2.2060156952520247,0.475,3.48171056739007,0.285096959139831,0.0,,0.757577255986056,3.272025644900311,0.6653437316417694,0.0,,0.04873985083970619
pierfabre/cow2,39,0.5416666666666666,3.353781833520582,0.5208333333333334,3.584107734369905,0.2615038982582103,1.0,0.8069294551023773,0.5638567791942659,1.9197451136204613,0.5080180764198303,0.0,,0.03961448401218478
pierfabre/horse,0,0.5375,2.758068063688933,0.4666666666666667,3.5053753279322883,0.22650018713138834,0.0,,0.44656977206211834,1.8126924036933971,0.4371170997619629,0.0,,0.04967978456493641
pierfabre/horse,1,0.5416666666666666,2.6408517682045476,0.4375,3.4503045520120232,0.22916136369547205,0.0,,0.4568210119280826,1.7995715239146324,0.4380590319633484,0.0,,0.056617754912225225
pierfabre/horse,3,0.5375,2.980299686530058,0.4708333333333333,3.466516299316048,0.2233116397128205,0.0,,0.46468257237314486,1.968222587001776,0.4504091143608093,0.0,,0.042862297068457095
pierfabre/horse,5,0.5416666666666666,3.0339634133439524,0.4708333333333333,3.543824187640978,0.22745794552946247,0.0,,0.501837093240191,1.9902406943368258,0.47622591257095337,0.0,,0.04177309591540741
pierfabre/horse,7,0.5375,2.6661754655305203,0.44166666666666665,3.4518071873972422,0.22576526539942185,1.0,1.074169998372625,0.523237883924888,2.144397256169289,0.493482768535614,0.0,,0.04270406566162786
pierfabre/horse,8,0.5375,3.4571124359107213,0.4125,3.343869848111342,0.25618015937018324,1.0,0.996347896504929,0.46714561234164087,1.8956396807212554,0.45038798451423645,0.0,,0.04124895635715753
pierfabre/horse,10,0.5416666666666666,2.4537132467982268,0.36666666666666664,3.270545274465075,0.2565369493966489,0.0,,0.48290690712651924,2.1312409461096684,0.4753241539001465,0.0,,0.044409993736991935
pierfabre/horse,12,0.5375,2.321748558540446,0.4625,3.4819749517132825,0.2408622226422479,0.0,,0.5408930619644602,2.2731958712482947,0.5216134488582611,0.0,,0.0460120779541412
pierfabre/horse,14,0.75,2.3699678408187004,0.29583333333333334,3.214789925642083,0.21103917278869505,0.0,,0.430277842629596,2.3358575268317803,0.4384123384952545,0.0,,0.04713071645960923
pierfabre/horse,16,0.5375,2.735507722420662,0.425,3.357785515858306,0.22064330729977805,0.0,,0.5650033222716053,2.1140182918738533,0.4900868535041809,0.0,,0.051361228638786165
pierfabre/horse,17,0.5375,2.784647192711941,0.4708333333333333,3.4897029795444556,0.2417136096017494,0.0,,0.47759480025707524,1.9281963789422316,0.4585261046886444,0.0002734375,0.7338115162382943,0.04134279635812481
pierfabre/horse,19,0.5416666666666666,2.682105741937859,0.42916666666666664,3.41430759909708,0.22651077796339764,0.0,,0.3149280493452857,1.5319629705977706,0.35270023345947266,0.0,,0.05610306926350453
pierfabre/horse,21,0.5375,3.2751795139722826,0.3958333333333333,3.240972111071445,0.22242651853463904,0.0,,0.4581622806131469,2.125060111474698,0.4534798860549927,0.0,,0.06992798519555753
pierfabre/horse,23,0.5416666666666666,2.847510777891469,0.4083333333333333,3.349717031300438,0.22523240708259992,1.0,0.0,0.6200292124517809,2.66738175970798,0.5577528774738312,0.0,,0.03959691583712
pierfabre/horse,24,0.5416666666666666,2.323646770144033,0.32916666666666666,3.3423796241960337,0.23318591212406303,0.0,,0.529963667477718,2.235264470569124,0.48667794466018677,0.0,,0.045868446684464596
pierfabre/horse,26,0.5375,3.0982134104666486,0.39166666666666666,3.339164790897805,0.21838049258306086,0.0,,0.45994554726101167,1.9697470607710228,0.4418596029281616,0.0,,0.04078053761201068
pierfabre/horse,28,0.5416666666666666,3.5579659800716685,0.44166666666666665,3.4269273590337312,0.2137606629163269,0.0,,0.5678870188503758,2.279519826207966,0.5208394676446915,0.0,,0.04279367441633841
pierfabre/horse,30,0.5416666666666666,2.808939586682378,0.4083333333333333,3.3632123288797264,0.24651501426356046,1.0,0.0,0.6236064871133186,2.6223414767256656,0.5402710437774658,0.0,,0.044553622091377885
pierfabre/horse,32,0.5416666666666666,7.885854101470994,0.5208333333333334,3.515990124217298,0.24055943223853718,1.0,0.0,0.6032537652858592,2.5973681083439377,0.5521363019943237,0.0,,0.046848782346761715
pierfabre/horse,33,0.5416666666666666,3.364836411984802,0.4666666666666667,3.4213735725375325,0.233782343580062,0.0,,0.6067459768329508,2.4250956102712635,0.5470117330551147,0.0,,0.04122840206254922
pierfabre/horse,35,0.5416666666666666,2.904199673973588,0.4041666666666667,3.338137158923417,0.16287983643129497,2.0,0.0,0.4882653574042566,2.220443388521272,0.4713580906391144,0.0,,0.047819225485801045
pierfabre/horse,37,0.5416666666666666,2.784771431551194,0.44583333333333336,3.468206257815453,0.23100129357706867,0.0,,0.49570558404811454,1.956527275214455,0.46234917640686035,0.0,,0.04577106080570789
pierfabre/horse,39,0.5416666666666666,2.9367507676789892,0.4791666666666667,3.5088652124771493,0.22659275247510163,0.0,,0.5407892464409295,2.1726551584648846,0.4897695779800415,0.0,,0.046735820246170914
pierfabre/horse,41,0.5375,2.584072970894672,0.44583333333333336,3.411614637170214,0.2843923213158777,0.0,,0.6197418243218357,2.657056787647697,0.5650655031204224,0.0,,0.041653813798322746
pierfabre/pig2,0,0.5416666666666666,2.8667926892644657,0.49583333333333335,3.404928201661074,0.24223393835331503,1.0,0.0,0.522167128173068,2.1376920748977155,0.48013728857040405,0.0,,0.09925720893475594
pierfabre/pig2,2,0.5416666666666666,2.9465104631776464,0.5041666666666667,3.458523770408575,0.21546054750711077,1.0,0.0,0.48461159503828644,2.157874048639535,0.4545489549636841,0.0,,0.11302556665455375
pierfabre/pig2,4,0.5416666666666666,2.925228331240499,0.5083333333333333,3.4791237905143944,0.24099993627520794,1.0,0.0,0.5822695176645797,2.3376464967809016,0.5284751951694489,0.0,,0.04238196167617115
pierfabre/pig2,6,0.5416666666666666,5.724413114713936,0.5125,3.462624069622262,0.21416885056215532,1.0,0.0,0.6463167978023631,2.5959592944747527,0.5640542507171631,0.0,,0.10491892999287819
pierfabre/pig2,8,0.5416666666666666,3.0976735815864953,0.4708333333333333,3.3329509520380265,0.22788809504163657,0.0,,0.6405294315254407,2.991813004157785,0.5541046261787415,0.0,,0.09348866134745112
pierfabre/pig2,10,0.5416666666666666,6.5105340124204005,0.4125,3.2113636468894478,0.3017163216120312,1.0,0.0,0.3321943599595977,1.8282772748243334,0.3244251012802124,0.0,,0.04722696458956192
pierfabre/pig2,12,0.5416666666666666,2.525071730767813,0.26666666666666666,3.105226373321496,0.22426193687004947,0.0,,0.43895039030794797,2.642972351454549,0.4069376289844513,0.0,,0.049663571746213074
pierfabre/pig2,14,0.5375,4.2366107466271785,0.475,3.378638162392811,0.2605674993062719,1.0,0.0,0.5166774528626464,2.9259981168208107,0.4554941654205322,0.0,,0.03727255526233961
pierfabre/pig2,17,0.5416666666666666,3.2139924818700374,0.48333333333333334,3.3944188018063226,0.23551654825374027,1.0,-5.057248532559129,0.6337343891362979,2.7608915517105683,0.5539263933897018,0.0,,0.0416845029753492
pierfabre/pig2,19,0.5416666666666666,11.704372806591538,0.5375,3.5602273092459225,0.21801644411665724,1.0,0.0,0.6592464975759059,2.8565022686113126,0.5725725889205933,0.0,,0.0679453759506074
pierfabre/pig2,21,0.5416666666666666,2.9739763643095984,0.375,3.2650854811067065,0.2452026453798012,1.0,0.0,0.4007257514543055,2.3626703399099136,0.38928908109664917,0.0,,0.0410864295868574
pierfabre/pig2,23,0.5416666666666666,3.300758850863237,0.3375,3.157176932061818,0.3290457292942448,0.0,,0.45916069081386673,2.693570067313869,0.4401697367429733,0.0,,0.07317578372103249
pierfabre/pig2,25,0.5375,2.8457521873549063,0.3541666666666667,3.3676552228200958,0.30054543357476,0.0,,0.5220323882978359,2.664600638395567,0.46978528797626495,0.0,,0.03891682050909532
pierfabre/pig2,27,0.5416666666666666,3.6360666356394753,0.5333333333333333,3.5281099574512007,0.21600727256704888,1.0,0.0,0.6091287504931368,2.2659427863218244,0.5334751009941101,0.0,,0.03979616215457942
pierfabre/pig2,29,0.5416666666666666,4.173640302553235,0.5333333333333333,3.5299448022728237,0.22204570907194265,1.0,0.0,0.6105788739251264,2.444546576616149,0.5306715965270996,0.0,,0.044592035373087584
pierfabre/pig2,31,0.5375,3.1895046610984363,0.8833333333333333,3.5048055859913325,0.2855483416729192,0.0,,0.34852663558796054,2.0784279716188534,0.33970823884010315,0.0,,0.04766117064312579
pierfabre/pig2,34,0.5375,2.9996672283148063,0.37083333333333335,3.2260117131246764,0.24342441534793813,1.0,0.0,0.5041857251069766,2.0966251421297284,0.45414483547210693,0.0,,0.039238873147150154
pierfabre/pig2,36,0.6208333333333333,3.7042588447988267,0.5,3.360646722312678,0.21140865931455932,0.0,,0.477779666716897,2.038700989942553,0.44607558846473694,0.0,,0.12342240390533536
pierfabre/pig2,38,0.5375,4.169801617286058,0.5166666666666667,3.4661999963132915,0.23066433113041274,1.0,0.0,0.5899863680533727,2.297937838964653,0.5144776999950409,0.0,,0.09852022140498427
pierfabre/pig2,40,0.5375,3.0797918603263255,0.5125,3.487411797075252,0.20730980010733138,1.0,0.0,0.6122174076658572,2.5843153927147196,0.5294435918331146,0.0,,0.10692811810254094
pierfabre/pig2,42,0.7083333333333334,2.6182734046783667,0.42083333333333334,3.329526274031556,0.2575710399186782,0.0,,0.4275203100772505,2.4703623776489985,0.4142269045114517,0.0,,0.05120718258724789
pierfabre/pig2,44,0.5416666666666666,3.4251936328942434,0.4375,3.2627134005838756,0.23462492357079068,0.0,,0.40068466476501213,2.1204921879917573,0.3809952139854431,0.0,,0.0634788535776233
pierfabre/pig2,46,0.8958333333333334,2.588319525020168,0.4083333333333333,3.108436278612326,0.22937717809722394,0.0,,0.49561605189994773,2.507175291314495,0.4536816477775574,0.0,,0.04023796863045464
pierfabre/pig2,49,0.675,10.556451146284425,0.5375,3.588847916625178,0.21302188849903117,1.0,0.0,0.699785372654978,2.8355247682003197,0.5898749828338623,0.00010416666666666667,0.8614016736401673,0.0798435819828957
pierfabre/pig3,0,0.5333333333333333,2.456583800769126,0.43333333333333335,3.2903051679102195,0.19935636496100215,0.0,,0.4131156828043609,1.684285855326053,0.41761425137519836,0.0,,0.04061543419898148
pierfabre/pig3,2,0.4166666666666667,3.089654982232781,0.3333333333333333,3.2549087731167825,0.1973563302390979,0.0,,0.4051516580367186,2.609000151908822,0.4048568308353424,0.0,,0.052703381066435115
pierfabre/pig3,4,0.65,5.077359123414646,0.5375,3.517446380779465,0.20660998728039742,1.0,0.0,0.6067363797519365,2.3704503858254378,0.5248399525880814,0.0,,0.06093419330646305
pierfabre/pig3,6,0.5375,3.8183173452726353,0.5166666666666667,3.565745447574551,0.09029481090750013,0.0,,0.6215340229961467,2.794260997485904,0.531964585185051,0.0,,0.07931347038140484
pierfabre/pig3,8,0.5375,5.83430879352841,0.5291666666666667,3.5398795053580363,0.2083541398590366,1.0,0.0,0.7020743399894467,3.120806027550146,0.5933138430118561,0.0,,0.07964519453519671
pierfabre/pig3,10,0.8625,8.637049834036004,0.5333333333333333,3.654927286751401,0.1630821674582744,0.0,,0.5649768395426351,2.7150488236160526,0.5415695905685425,0.0,,0.08346243978919993
pierfabre/pig3,12,0.5375,5.844314051002656,0.5125,3.682806803194587,0.13535104639676535,1.0,0.0,0.29195901423649756,1.3967657855408822,0.3317719101905823,0.0,,0.0429436080842716
pierfabre/pig3,14,0.5416666666666666,3.094922471074958,0.4083333333333333,3.2639661391366386,0.20136035821246906,1.0,0.0,0.43461979491169367,2.349117295383694,0.4477938115596771,0.0,,0.04456213776970573
pierfabre/pig3,17,0.5375,3.0351736432160923,0.4375,3.371165268023668,0.21859522604088974,1.0,0.0,0.3647900889747874,1.7418666569070305,0.3875758647918701,0.0,,0.045140948610054014
pierfabre/pig3,19,0.5333333333333333,3.1151794189816835,0.4708333333333333,3.2899740398901707,0.15297024938904702,1.0,0.0,0.3682516127127008,2.0208769197789263,0.37977373600006104,0.0,,0.04279523946327274
pierfabre/pig3,21,0.5375,4.850280269410867,0.5208333333333334,3.604145619209946,0.2979637212066092,1.0,0.0,0.5905334073415272,2.363187653858557,0.5443746745586395,0.0,,0.05941779229031785
pierfabre/pig3,23,0.5875,7.511652430605943,0.5333333333333333,3.6939645042260287,0.28792690260753273,1.0,-12.094757077012105,0.4791354619527152,2.4727652365811106,0.47862210869789124,0.0,,0.04240207612143885
pierfabre/pig3,25,0.5375,3.1471031838518018,0.48333333333333334,3.4516981628793055,0.28372128509498457,0.0,,0.626160428551051,2.6477817653216724,0.5633663088083267,0.0,,0.0577255991660956
pierfabre/pig3,27,0.5375,2.8646269698227322,0.475,3.353230900653236,0.2494192717885362,2.0,-17.690889620033303,0.4920726364094043,2.1251973451221953,0.4685795307159424,0.0,,0.06678187026688198
pierfabre/pig3,29,0.5375,3.0280631268958444,0.5208333333333334,3.5888363413154196,0.24251751383063339,0.0,,0.5383663993209281,2.3326650637920774,0.5125387012958527,0.0,,0.0670539920113052
pierfabre/pig3,31,0.5333333333333333,3.084398254089703,0.48333333333333334,3.336751722032203,0.24029164203887976,0.0,,0.5227125468411749,1.9950706855986102,0.49150311946868896,0.0,,0.07026699605346415
pierfabre/pig3,34,0.5375,7.858346586583141,0.5166666666666667,3.5144957133319834,0.19575548795641023,0.0,,0.6096144004621453,2.6334849171567876,0.5432850271463394,0.0,,0.05218013467360174
pierfabre/pig3,36,0.5375,2.9020722049244103,0.475,3.5065525278201575,0.1150307223889435,0.0,,0.5313547685697351,2.342822691611932,0.5083423852920532,0.0,,0.042374493958217484
pierfabre/pig3,38,0.5375,6.717554845420722,0.5333333333333333,3.653029671771464,0.18315429326802868,0.0,,0.6323709409975354,2.579871659886478,0.5764829963445663,0.0,,0.04554700255921391
pierfabre/pig3,40,0.5333333333333333,3.075963846402659,0.38333333333333336,3.215205111707426,0.19921272893604708,1.0,0.0,0.4542419465977088,2.0880622866207306,0.464622437953949,0.0,,0.05708382294858654
pierfabre/pig3,42,0.5375,8.637674812550438,0.5333333333333333,3.566059913325432,0.18055023556265898,0.0,,0.4613891231227115,2.704534486707603,0.4950180947780609,0.0,,0.07116659917900112
pierfabre/pig3,44,0.5333333333333333,2.830814643755648,0.36666666666666664,3.3776474306034814,0.21714267215603428,1.0,0.0,0.5609100461558052,2.3413135541154055,0.5034709572792053,0.0,,0.03919515356450634
pierfabre/pig3,46,0.5333333333333333,2.7317443117893414,0.4041666666666667,3.303366032575434,0.2321944140321473,0.0,,0.5777321252747092,2.04033004919606,0.505520761013031,0.0,,0.03980130623264674
pierfabre/pig3,49,0.5375,2.589386833109887,0.32916666666666666,2.9477266472134938,0.22171516122691462,1.0,0.0,0.522710643915508,2.0724037368940342,0.5097402334213257,0.0,,0.06885375046054773
pierfabre/rabbit,0,0.6416666666666667,11.555644071878847,0.6125,3.5630668528500538,0.21269904382174265,0.0,,0.53192409564054,2.9017698837031696,0.4827195554971695,0.0,,0.12499720201078098
pierfabre/rabbit,1,0.5458333333333333,3.0490680465334843,0.2708333333333333,3.03604061193533,0.14552778037353564,0.0,,0.4265297125808407,2.0503517403350173,0.4401457905769348,0.0,,0.06140305256769557
pierfabre/rabbit,2,0.6041666666666666,8.504983747769737,0.5791666666666667,3.5518503328841993,0.2273564501983846,0.0,,0.5252612100928985,2.8744235811784717,0.5205188989639282,0.0,,0.042747908687037005
pierfabre/rabbit,3,0.7625,8.312542455306955,0.55,3.6453734624236964,0.2534326427523059,1.0,0.0,0.3953996511378642,1.7539964654812048,0.44693052768707275,0.0,,0.04780684624294663
pierfabre/rabbit,5,0.5416666666666666,6.569880240714938,0.625,3.673353231312514,0.2274727781589501,1.0,0.9469514467734683,0.5339232738485169,2.3434967934173794,0.5064551830291748,0.005598958333333333,0.7044857448671792,0.0534082654015232
pierfabre/rabbit,6,0.5375,2.733618609772271,0.4083333333333333,3.2853413876489235,0.28058364478165937,0.0,,0.45235128803035063,2.2373299483611375,0.4370778501033783,0.0,,0.04218238878367118
pierfabre/rabbit,7,0.6416666666666667,12.058224943714544,0.6166666666666667,3.605215161077091,0.08293279510584614,1.0,0.9469514467734683,0.648450507234199,4.529154697344733,0.5848722606897354,0.0,,0.042581505761745325
pierfabre/rabbit,9,0.5416666666666666,5.975824127873615,0.525,3.4577529834495593,0.2996919193477558,0.0,,0.502154612146162,2.5736659687602055,0.45668187737464905,0.0001953125,0.7394700139470011,0.04036131930959149
pierfabre/rabbit,10,0.6291666666666667,9.75705850774502,0.5708333333333333,3.628876722766517,0.21032699257677698,1.0,1.342624026537763,0.5377297268221483,3.0857812228835,0.48130694031715393,0.004153645833333333,0.7078212510329087,0.11615626157721572
pierfabre/rabbit,11,0.6458333333333334,7.052648616248602,0.6125,3.6883978660478225,0.1871432676352656,1.0,0.9495668564358226,0.46497430455625155,3.07053029054482,0.48392991721630096,0.0,,0.044822739314701536
pierfabre/rabbit,13,0.6666666666666666,7.844982694597838,0.6208333333333333,3.7050039789505105,0.19865805846882564,1.0,0.7117122060356991,0.5050841904822503,2.5684719944685304,0.5336768627166748,0.0,,0.039299527792901655
pierfabre/rabbit,14,0.5416666666666666,8.075601297818237,0.5375,3.5433856095104264,0.2981954436086677,0.0,,0.46973694122325294,2.5582097837492452,0.44970062375068665,0.0,,0.03957530076295328
pierfabre/rabbit,15,0.725,7.380572430499233,0.6,3.64308838110281,0.2445862641796164,0.0,,0.43618695277457314,2.3573641754753356,0.44583165645599365,0.0010286458333333332,0.7287749589534454,0.04714823712124089
pierfabre/rabbit,16,0.5416666666666666,2.6579265279217865,0.32916666666666666,3.2072250189986926,0.20427125108129643,0.0,,0.4157303507188364,2.0862056796093618,0.4239881634712219,0.0,,0.04645972114511775
pierfabre/rabbit,18,0.7333333333333333,9.633703989207948,0.5875,3.557925209865921,0.2355386621896652,1.0,0.8882354952397691,0.4645414154051934,2.457925015403441,0.44566960632801056,0.0,,0.10677579514628471
pierfabre/rabbit,19,0.6458333333333334,2.31198452778907,0.3375,3.0329200896910553,0.2280567547710726,1.0,1.0139787227852963,0.40115318400035793,2.1342657460996484,0.4024367332458496,0.0,,0.05371107042652895
pierfabre/rabbit,20,0.5458333333333333,9.481866611807266,0.6,3.6859108816404493,0.3010184576310058,1.0,1.072829275791534,0.42002645701808844,1.94067423671355,0.39892342686653137,0.008359375,0.5904860595158956,0.046112062038320856
pierfabre/rabbit,22,0.4625,2.5118707882296256,0.8708333333333333,3.1307790170156324,0.25298858718305006,0.0,,0.4701993552779636,2.7552611164311265,0.44269996881484985,0.0,,0.045426777323893275
pierfabre/rabbit,23,0.625,3.9701377487016076,0.48333333333333334,3.3447848186552385,0.3032061401987348,0.0,,0.4567254559732576,3.1339730957374603,0.42579469084739685,0.0,,0.04442117017132587
pierfabre/rabbit,24,0.5416666666666666,6.795951632530893,0.5916666666666667,3.590797888799005,0.20401153014726786,1.0,0.0,0.583411374526225,3.3423548610369633,0.5657800287008286,0.0,,0.03840082177371324
pierfabre/rabbit,26,0.65,8.636113122613393,0.6,3.658459377268111,0.21284505550495164,0.0,,0.5371579831470449,3.0128974806889004,0.5231842696666718,0.0,,0.04171486525298425
pierfabre/rabbit,27,0.6333333333333333,12.011251608693927,0.6166666666666667,3.5912337783066777,0.23645970887744233,1.0,0.0,0.5958250834844617,3.572173543012077,0.55539470911026,0.0,,0.14606195643514647
pierfabre/rabbit,28,0.5375,3.6070826074249176,0.25416666666666665,3.2381272389840428,0.12854370578004864,1.0,0.0,0.4956734738434375,3.1619222842200156,0.4732483923435211,0.0,,0.03862194022181187
pierfabre/rabbit,30,0.5375,3.6166822229001143,0.43333333333333335,3.337351109142698,0.32135805673510076,1.0,0.0,0.5932269183493353,2.261866172017382,0.5432833582162857,0.0001171875,0.7261738726173873,0.03969535240940653
pierfabre/sheep,0,0.525,4.915979691531867,0.4083333333333333,3.0832349841239814,0.3168275782674372,0.0,,0.6118593588412908,2.4040373106488326,0.5565823912620544,0.0,,0.042180069185440094
pierfabre/sheep,2,0.5375,2.77939153461975,0.4583333333333333,3.3550462405180563,0.31796533346825806,0.0,,0.5921182026534729,2.5613195237982502,0.5184884965419769,0.0023046875,0.7122189915608821,0.050238987377499336
pierfabre/sheep,5,0.5416666666666666,2.366198453305144,0.44166666666666665,3.430116923133201,0.2531600329123753,0.0,,0.6479080672857755,2.808229918283361,0.5747873485088348,0.0,,0.046435075023538365
pierfabre/sheep,7,0.5416666666666666,10.881051315232028,0.5333333333333333,3.6229086494208858,0.25500372889700307,3.0,1.116010391407272,0.6550020217681467,2.765015891149877,0.573938861489296,0.0,,0.03861658759503834
pierfabre/sheep,10,0.5416666666666666,10.312209183891317,0.5333333333333333,3.5325467177187697,0.2686957140854261,0.0,,0.6822649518320936,2.8473073778390607,0.6068158745765686,0.0006380208333333333,0.7194944923576124,0.051675072646530804
pierfabre/sheep,12,0.5416666666666666,9.091240977350783,0.5333333333333333,3.52189651335559,0.2737947128979778,0.0,,0.6397244415301484,2.752590190232615,0.5739240944385529,0.0036197916666666666,0.7014689503627223,0.04482667019827122
pierfabre/sheep,15,0.5416666666666666,3.427711899193943,0.4875,3.478722250795833,0.3516054558131998,0.0,,0.5738005013076903,2.5835989993594697,0.5309096574783325,0.0,,0.04389682046800659
pierfabre/sheep,17,0.5375,4.089162728436575,0.5041666666666667,3.5552999611250864,0.3283640542064737,0.0,,0.6059947320393321,2.564512571128343,0.5469664931297302,0.0,,0.04288084036741944
pierfabre/sheep,20,0.5416666666666666,3.3585262611447866,0.5083333333333333,3.44105699593677,0.29535141598899234,0.0,,0.6220845015737334,2.6301627138080264,0.5673224329948425,0.0,,0.042740808495360626
pierfabre/sheep,23,0.5416666666666666,8.361426642175088,0.5208333333333334,3.51939443325921,0.2822189259063252,0.0,,0.7151986257566251,2.959680185891777,0.6196240186691284,0.0,,0.03896369823105134
pierfabre/sheep,25,0.5416666666666666,10.228540543545295,0.525,3.559510845340348,0.2735311577198092,1.0,0.0,0.6643365598739464,3.0674954207315284,0.5992495715618134,0.0036848958333333334,0.6925499356860888,0.04606089614876208
pierfabre/sheep,28,0.5416666666666666,3.3918388523347773,0.48333333333333334,3.499557351092845,0.34857939092728585,0.0,,0.4309730832762041,2.2666572854046247,0.4266318380832672,0.0008203125,0.7245135153084944,0.04255163762477595
pierfabre/sheep,30,0.5333333333333333,5.254084085825034,0.5041666666666667,3.515658861291137,0.2734899042559489,0.0,,0.5818726305744144,2.258312505444199,0.5257886946201324,0.00010416666666666667,0.7421548117154811,0.04220942704097467
pierfabre/sheep,33,0.5416666666666666,3.796943513168191,0.4583333333333333,3.373628544815638,0.3271781113889954,1.0,0.9240453527727084,0.5377506695055776,2.96429292366348,0.491454154253006,0.0,,0.041503919742685365
pierfabre/sheep,35,0.5416666666666666,5.718080405665017,0.5166666666666667,3.6307460911112117,0.3222043338675771,0.0,,0.6004456495458111,2.37503081116814,0.5496470481157303,0.0,,0.049933395464378
pierfabre/sheep,38,0.5375,2.956918537336398,0.37916666666666665,3.2901354581285207,0.31961537517285443,0.0,,0.2386939448999634,1.8281210790163844,0.28402602672576904,0.0,,0.062093401765554335
pierfabre/sheep,41,0.5375,2.925589959537945,0.44583333333333336,3.4588320319699437,0.28952064644882364,1.0,0.0,0.721496950070889,3.1421740395407753,0.6219029128551483,0.0,,0.03927498670697769
pierfabre/sheep,43,0.5375,3.779734236202585,0.5,3.4814733036998184,0.2556790793375997,1.0,0.0,0.6870639560264488,3.1317580822586124,0.6112958788871765,0.0,,0.04030309325277131
pierfabre/sheep,46,0.5375,3.0336092354834885,0.3333333333333333,3.181606939179087,0.2684319932070859,0.0,,0.5989109058851009,2.524308052010983,0.5495554804801941,0.0,,0.05399691629713002
pierfabre/sheep,48,0.5375,8.996318568454889,0.5291666666666667,3.549601616950736,0.25123106843559867,4.0,-4.08561677997487,0.7266561974700978,3.103097533472346,0.6207019239664078,0.0,,0.047840159860797135
pierfabre/sheep,51,0.5333333333333333,3.909605133494095,0.4791666666666667,3.459948741156245,0.24247945157801631,1.0,0.0,0.6232067899994286,3.040427357645981,0.5538913905620575,0.0,,0.043927633872612205
pierfabre/sheep,53,0.5375,10.120234400613084,0.5333333333333333,3.5296132049680375,0.24871698706701167,1.0,0.0,0.6500474007991639,2.9731072130670273,0.5766977369785309,0.0,,0.041640139544939524
pierfabre/sheep,56,0.5375,3.506303472170433,0.5041666666666667,3.4741944937192453,0.25605500235697304,1.0,0.0,0.6820240164195102,2.8827668826600537,0.5978383123874664,0.0,,0.06222230408326954
pierfabre/sheep,59,0.5375,3.125181241604217,0.5125,3.5241055661627874,0.28401251745107847,1.0,0.0,0.5560333900546729,2.347028516909607,0.49916625022888184,0.0,,0.047408557895833404
pietroom/actualeasytask,0,0.5791666666666667,4.05980674062298,0.5875,2.59646139957631,2.95670228342447,4.0,0.0,1.226255666539055,3.0844762088557247,0.8349446803331375,0.5445442708333333,0.27888703589185987,0.1980962140977085
pietroom/actualeasytask,2,0.5833333333333334,5.0541121747726825,0.5875,2.540632022683643,2.4546815735807987,5.0,0.0,1.2479567986608908,3.0591284325780115,0.8489545956254005,0.5272916666666667,0.2719069107915405,0.16106392322925603
pietroom/actualeasytask,5,0.5791666666666667,4.413566436627131,0.5833333333333334,2.5073191773572425,1.9132437235922082,4.0,0.0,1.2805287846267472,3.0532750736947474,0.8513292372226715,0.556796875,0.2833809746619364,0.1964248188297823
pietroom/actualeasytask,7,0.5791666666666667,4.924230761271915,0.5875,2.554476525071913,2.540665074990353,4.0,0.0,1.2542587189060073,2.917239001772783,0.8484967164695263,0.5248567708333334,0.27151136134449244,0.1720574841444372
pietroom/actualeasytask,10,0.5791666666666667,3.7498135462588698,0.5833333333333334,2.5310080387150515,2.136076830565987,7.0,0.9877603996398108,1.1995753517364471,3.3100569441112673,0.8217585384845734,0.5605729166666666,0.28590617476501123,0.1892710928206071
pietroom/actualeasytask,12,0.5791666666666667,4.579584374065641,0.5875,2.5391487330198106,2.1524778646793274,5.0,0.0,1.2739443571644935,3.2277240783380514,0.8469050042331219,0.5424609375,0.2780811328415978,0.20041845707777725
pietroom/actualeasytask,15,0.5833333333333334,4.407349660834126,0.5875,2.5242840326744953,2.1690890499322877,2.0,0.0,1.2953350492271898,3.3584129766973483,0.8383937031030655,0.54546875,0.27914617663991126,0.2056684841925514
pietroom/actualeasytask,17,0.5791666666666667,4.099165565678878,0.5875,2.589151812518682,2.7333881992272278,4.0,0.0,1.17424111836268,3.2664219605530587,0.826944001019001,0.5212369791666667,0.27037330587623043,0.2281373790901229
pietroom/actualeasytask,20,0.5791666666666667,5.671841844883388,0.5875,2.5449042112549054,2.5246966489403544,3.0,0.0,1.2018448773050885,3.4734234892607927,0.8411090970039368,0.5586067708333333,0.2849400570877448,0.12940475865674514
pietroom/actualeasytask,23,0.5791666666666667,6.657265394205453,0.5875,2.5901052023306748,3.0029332501095527,5.0,0.0,1.2320828410517575,3.619402332200221,0.844085305929184,0.5585286458333333,0.2847895098520714,0.12866816162388348
pietroom/actualeasytask,25,0.5791666666666667,6.358029381343486,0.5875,2.574396316136987,2.34294025667187,4.0,0.0,1.276280610792795,3.8411692218365827,0.8464672416448593,0.5453255208333333,0.2806438325604555,0.13565577468055817
pietroom/actualeasytask,28,0.5791666666666667,5.787940678479512,0.5875,2.628547956148796,3.2118866530110526,6.0,0.0,1.2542132432913125,3.7570700695336727,0.8469779938459396,0.541796875,0.27864268627090166,0.15514182141668192
pietroom/actualeasytask,30,0.5833333333333334,6.516229411706746,0.5916666666666667,2.582811936651037,3.115220532042816,3.0,0.0,1.2779441989360598,3.9448930346862583,0.8504261858761311,0.5493229166666667,0.28195558593472614,0.13397943996799902
pietroom/actualeasytask,33,0.5791666666666667,5.7448898593011135,0.5875,2.6345017641686987,3.1884880071916655,4.0,1.0658450275615792,1.2309135313940422,3.728231907698214,0.8364302814006805,0.5464973958333333,0.2801113221332641,0.17441121879977683
pietroom/actualeasytask,35,0.5791666666666667,5.707514280004867,0.5875,2.625834014921978,3.192589301846154,5.0,0.8107352192623694,1.1849310122678056,4.244158971731882,0.8212915398180485,0.5357552083333333,0.27869204203340003,0.1408265533586657
pietroom/actualeasytask,38,0.5791666666666667,5.621578735620397,0.5875,2.6321798835638077,3.3721517836588086,3.0,0.0,1.221145925728914,3.6234433336075673,0.8494626730680466,0.5423307291666667,0.2795232429987818,0.14294305885820863
pietroom/actualeasytask,41,0.5791666666666667,6.007533862168236,0.5875,2.5983418750642855,2.57674389603498,5.0,1.0266961800578684,1.2754201357709496,3.784595659503776,0.8562237173318863,0.5429557291666667,0.2771204189900102,0.1475527779879113
pietroom/actualeasytask,43,0.5791666666666667,5.7888504052485175,0.5875,2.5630320604236663,2.445132128106108,6.0,0.0,1.2648447812804868,3.411282949613881,0.8395373746752739,0.5523046875,0.2813403838734825,0.12788931242831608
pietroom/actualeasytask,46,0.5791666666666667,5.245408612962305,0.5875,2.6053326326032304,2.6530113634676282,7.0,0.9093804491991477,1.289167925667975,3.607833442881578,0.8478934019804001,0.5449479166666666,0.2798856460522175,0.13990108495977818
pietroom/actualeasytask,48,0.5791666666666667,5.498435712655988,0.5875,2.5611550487190775,2.235064816805594,6.0,0.9300445967184316,1.2870958527212921,3.43191308477144,0.8429924435913563,0.5536848958333334,0.2830204515459367,0.1227360054110361
pietroom/actualeasytask,51,0.5791666666666667,4.32849132096498,0.5875,2.6482060109074177,3.0820900430846563,4.0,0.0,1.2713079620221874,3.455478462225495,0.8508166596293449,0.5355989583333334,0.27666807106399677,0.13647253783765517
pietroom/actualeasytask,53,0.5791666666666667,5.269377895886013,0.5875,2.53458088457208,2.10973611600677,4.0,0.0,1.2507098425557428,3.561402624078887,0.8394117616117001,0.5583333333333333,0.28443061887216636,0.12930147995499966
pietroom/actualeasytask,56,0.5791666666666667,5.245511167020971,0.5875,2.6614408602771182,3.1413110397569666,6.0,0.0,1.2697728082764772,3.4947097580378688,0.8489081338047981,0.5404947916666667,0.28141991293119867,0.15067210688903016
pietroom/actualeasytask,59,0.5791666666666667,4.70979879153983,0.5875,2.5979821477901432,2.6218212470567015,5.0,0.7742201649280673,1.2121473173410315,4.349167588339147,0.8060401491820812,0.5354947916666667,0.27462159865070235,0.12695533486343497
pietroom/holdthis,0,0.5791666666666667,3.8864306480519084,0.5916666666666667,3.103425995414249,4.861274147445599,7.0,0.0,1.1579794487815882,2.247522169094005,0.8389879390597343,0.39717447916666665,0.27012913333032473,0.11188567134925513
pietroom/holdthis,3,0.5791666666666667,5.104052426201784,0.5875,3.268256252344643,4.149088897266645,4.0,0.0,1.2077199154830245,2.5402774627025515,0.8442814201116562,0.5243098958333333,0.2765899545221837,0.11221773273936302
pietroom/holdthis,7,0.5833333333333334,3.290411201588079,0.5958333333333333,3.0583220325479936,3.243013100712586,7.0,0.0,1.1906988077326526,2.1968533520643114,0.8390658646821976,0.494921875,0.26939706463504975,0.10726331063753869
pietroom/holdthis,11,0.5833333333333334,4.378688753181237,0.5916666666666667,2.9569935477573,3.4572373131962864,5.0,0.9443504035796337,1.1800262546689122,2.377715955916279,0.830927886068821,0.47022135416666666,0.265977191305719,0.16022547420583094
pietroom/holdthis,15,0.5833333333333334,5.366429541184728,0.5875,3.01333489840699,3.427486863063671,5.0,5.278646063418904,1.1630640898335762,2.1248413355419706,0.825449526309967,0.46151041666666665,0.2643047267916057,0.1634473983537101
pietroom/holdthis,19,0.5833333333333334,4.832319986856371,0.5875,3.155273794792788,3.375087876723411,11.0,1.0609116902642342,1.1577884795523414,2.3815524071562937,0.8290141075849533,0.47674479166666667,0.27240477554713616,0.15906248600411071
pietroom/holdthis,23,0.5791666666666667,2.2285185038234863,0.5916666666666667,2.9485611721195246,3.6531193742046675,3.0,-12.925999124705953,1.0868239853696018,1.859984943581495,0.8433226123452187,0.44795572916666665,0.28786423583522747,0.1712105308345768
pietroom/holdthis,27,0.5833333333333334,2.7606647912385776,0.5916666666666667,3.0305259404200604,3.692394040968368,7.0,0.0,1.1421540688815928,1.7529960566523375,0.8392243161797523,0.39276041666666667,0.2780745592157572,0.15986176203734578
pietroom/holdthis,30,0.5833333333333334,2.6988954070711966,0.5916666666666667,3.03924453214861,3.617365577021556,11.0,-19.112973733673314,1.0877949727308613,1.740478841872184,0.8213615901768208,0.37204427083333336,0.2827841539845015,0.19023732557941456
pietroom/holdthis,34,0.5791666666666667,2.7313471409754575,0.5916666666666667,3.003868135411848,3.4272121973382927,8.0,0.0,1.0113148135358574,1.758554579641126,0.8547690436244011,0.42325520833333335,0.2821605898569868,0.18674223529819542
pietroom/holdthis,38,0.5791666666666667,3.0397515061583107,0.5916666666666667,2.9866545547991974,4.066936158766979,9.0,-19.02560603756868,1.1207281184897204,1.810585146004521,0.8387878648936749,0.44524739583333334,0.28304255497482134,0.17927657387818455
pietroom/holdthis,42,0.5833333333333334,4.351318484043397,0.5916666666666667,2.603376355856386,2.0405201772691153,4.0,0.0,1.1345104213473556,2.4847545958892083,0.8074650838971138,0.40671875,0.2706050469606199,0.1439720638351669
pietroom/holdthis,46,0.5833333333333334,4.012397059833223,0.5916666666666667,2.618702333649552,2.4148936494388487,7.0,0.0,1.1004326535500264,1.8505968989626902,0.8068083375692368,0.3328515625,0.251825623363527,0.1208469448847465
pietroom/holdthis,50,0.8208333333333333,2.4374776163489384,0.6041666666666666,2.678554397278803,2.241775355615279,6.0,0.0,1.117884723121389,1.9993004246639663,0.8148242346942425,0.35115885416666665,0.2539602652417753,0.17055823896208122
pietroom/holdthis,54,0.5833333333333334,3.0090254198222754,0.5958333333333333,2.6516907027668406,2.0159276528258894,9.0,-16.927513064147035,1.159794981232821,1.767972654074086,0.8097446411848068,0.3790104166666667,0.2644122049007505,0.15478687456343423
pietroom/holdthis,58,0.5916666666666667,2.222751989454165,0.6,2.742937393127102,2.2249755230414356,4.0,-11.949757221493854,1.0876892589585843,1.9060974201112355,0.8283430971205235,0.34234375,0.2545856098264295,0.1716857877554921
pietroom/holdthis,61,0.5791666666666667,3.6677649943313693,0.5916666666666667,2.5255312069775573,2.0892254063424534,4.0,1.0609116902642342,1.1396358488586742,1.9273049404099056,0.8250482231378555,0.3495182291666667,0.25747080069026823,0.12181769037837153
pietroom/holdthis,65,0.5791666666666667,4.228061559111399,0.5916666666666667,2.736428165373316,2.2266162751418133,1.0,0.0,1.0944719378680965,2.020620809229013,0.785507321357727,0.3538541666666667,0.2594972120367097,0.13012518286448066
pietroom/holdthis,69,0.5791666666666667,3.196480294366324,0.6,2.7243776578034913,2.081348807723633,4.0,0.0,1.037888143511909,1.7913078520354957,0.815008107572794,0.348359375,0.25851716381987067,0.19593115325337757
pietroom/holdthis,73,0.5833333333333334,3.1691242359097616,0.5916666666666667,2.70157379381293,2.108637000160993,7.0,-19.08285409130353,1.1352299110378672,2.29312363416752,0.8271276950836182,0.44860677083333333,0.2586651610884126,0.15517404340390395
pietroom/holdthis,77,0.5875,3.3783853476589787,0.6,2.7357682646742045,2.054735837900458,6.0,-15.285226834555033,1.1458352281519368,1.962795328213271,0.8256165124475956,0.37158854166666666,0.25583931107345387,0.11254125074179801
pietroom/holdthis,81,0.5833333333333334,2.4291720098689744,0.6,2.3629659212707357,2.016597788871154,3.0,0.0,0.9273756204397261,1.6600754148930525,0.8268445692956448,0.3240625,0.25240458005000477,0.287004265489515
pietroom/holdthis,85,0.5791666666666667,3.4836990489836444,0.1,2.6875203896824114,1.7480131679212876,5.0,0.0,1.197993342932711,2.3263947554141513,0.8273162469267845,0.5136588541666667,0.27707624409080267,0.11880529527651186
pietroom/holdthis,89,0.5708333333333333,2.620023466626548,0.1,2.6825295188352256,1.8574620506064756,6.0,2.045408488887233,1.1919114256165095,2.6306741777925953,0.816193126142025,0.5042578125,0.2681931983275699,0.11229544444532698
pranavsaroha/so100_carrot_2,0,0.4,3.487796217064314,0.4875,2.6266144662234847,2.553043391634229,0.0,,0.6556312671288764,1.360779175558019,0.5039870738983154,0.35828125,0.21534842261421425,0.11374021622979172
pranavsaroha/so100_carrot_2,2,0.3958333333333333,3.6355189425650902,0.48333333333333334,2.6563752473410176,2.8648246711394,1.0,1.8626209493066739,0.6196723123898158,1.436813902880535,0.47586339712142944,0.3545963541666667,0.2087728292972146,0.12569440955463945
pranavsaroha/so100_carrot_2,5,0.30833333333333335,3.3526936429074805,0.475,3.1005766163002986,3.59752394336064,1.0,4.911788172505993,0.6110456130726872,1.6579873888270547,0.44906413555145264,0.36796875,0.22045619427491875,0.02275007544739286
pranavsaroha/so100_carrot_2,8,0.36666666666666664,3.0995088110282842,0.4791666666666667,2.842404822970595,3.0749885433796327,0.0,,0.5736898417755943,1.543907934653693,0.4378754794597626,0.3301822916666667,0.21518911942489818,0.11710014562899464
pranavsaroha/so100_carrot_2,10,0.39166666666666666,3.9705797235518707,0.48333333333333334,2.653907228758666,3.0741004782370744,0.0,,0.6048189431265804,1.5003358679995775,0.4740886390209198,0.36756510416666666,0.21472977061038892,0.12729139074984147
pranavsaroha/so100_carrot_2,13,0.375,3.5773952004635263,0.475,2.769265919176036,2.97586299658479,0.0,,0.5749131017816418,1.4634220687069786,0.45482033491134644,0.36046875,0.22083296304558497,0.1327277515524669
pranavsaroha/so100_carrot_2,16,0.30833333333333335,3.4731079380511667,0.4791666666666667,3.168620611527261,3.583535069301905,0.0,,0.6583538086172921,1.4399745995249686,0.47316622734069824,0.3077083333333333,0.21564777778092536,0.037390458829418056
pranavsaroha/so100_carrot_2,18,0.4,3.821079871974862,0.48333333333333334,2.5970445216916986,2.9621110078159147,0.0,,0.6201516729183173,1.4993860864678439,0.48519718647003174,0.38190104166666666,0.21743655731133385,0.09113500609316388
pranavsaroha/so100_carrot_2,21,0.325,3.8123944255874145,0.4791666666666667,2.686781597847528,3.1969302776594546,0.0,,0.6274085167238945,1.458410687343398,0.5050045251846313,0.3919140625,0.22003622355849128,0.15518817175978503
pranavsaroha/so100_carrot_2,24,0.3416666666666667,3.7886123194008605,0.4791666666666667,2.7757244409761355,3.221792167150684,0.0,,0.6594811879071688,1.4336016926201192,0.5232913494110107,0.393046875,0.2244656352372612,0.12203974696353527
pranavsaroha/so100_carrot_2,26,0.38333333333333336,3.706430775724953,0.4791666666666667,2.7416962565655028,3.1675905207420003,0.0,,0.6669674265707919,1.4133173948366524,0.5384747385978699,0.41553385416666666,0.22876958760919955,0.13006290438254747
pranavsaroha/so100_carrot_2,29,0.30833333333333335,3.515488077445136,0.4791666666666667,3.0043263812919325,3.4288679634673924,0.0,,0.7311503427388576,1.3868955115900508,0.5468360781669617,0.3697265625,0.21770289276870447,0.02108501531870124
pranavsaroha/so100_carrot_2,32,0.3375,3.132162665716564,0.48333333333333334,2.7357922112067903,3.230015170987286,1.0,-8.246320814468532,0.6856872872573886,1.426766808951269,0.5230359435081482,0.39979166666666666,0.22629395867355948,0.02225985006618961
pranavsaroha/so100_carrot_2,35,0.375,3.0066031802975615,0.48333333333333334,2.7475886101791924,3.129955522300335,1.0,-13.190610712206848,0.6372682927562653,1.4771791785024466,0.47407838702201843,0.35515625,0.2217869281069814,0.01884169276799357
pranavsaroha/so100_carrot_2,37,0.37916666666666665,2.8144534726559955,0.48333333333333334,2.7321539890838666,3.1523824724320133,1.0,-12.33908727832619,0.6063570382548089,1.58341835264964,0.4489383101463318,0.34045572916666667,0.21224896317617178,0.02093409121701584
pranavsaroha/so100_carrot_2,40,0.32916666666666666,3.1749726258328783,0.48333333333333334,2.7750156669328336,2.856635804466638,0.0,,0.6656280270087243,1.3646032425248524,0.4853413999080658,0.3140234375,0.2183090002486137,0.02257860341345176
pranavsaroha/so100_carrot_2,43,0.30833333333333335,3.5958232019171463,0.475,3.013150341130709,2.986507809821985,0.0,,0.5945223945140722,1.4219967319740716,0.436595618724823,0.2972265625,0.21705321067890498,0.030345148987015912
pranavsaroha/so100_carrot_2,45,0.3333333333333333,2.9925565156710907,0.4791666666666667,2.7487834549005106,2.801516470396934,1.0,-11.88865803962797,0.6338006164655524,1.3238839843714885,0.47047972679138184,0.33283854166666665,0.21647571791155737,0.021656260358982535
pranavsaroha/so100_carrot_2,48,0.3333333333333333,3.188701973523149,0.49166666666666664,2.878266038470881,2.8816206216979348,0.0,,0.6769522069766425,1.3555422357977602,0.4929497241973877,0.2794921875,0.2015539552078064,0.029647116979597373
pranavsaroha/so100_carrot_2,51,0.32916666666666666,3.899512690587465,0.475,2.9512205557029456,2.8999363406829843,0.0,,0.6057316119700341,1.320018387733479,0.4470442235469818,0.29858072916666667,0.21678095957875446,0.035008137828197755
pranavsaroha/so100_carrot_2,53,0.325,3.3018567237040193,0.4791666666666667,2.9176216181026735,2.7938432404172047,0.0,,0.6038066816873436,1.36808074688367,0.45212775468826294,0.3187760416666667,0.21737309180102948,0.021980492121660093
pranavsaroha/so100_carrot_2,56,0.175,2.8096383364473208,0.4708333333333333,3.2179384020072783,3.5969730590765496,0.0,,0.6148253451241448,1.308107213,0.46610820293426514,0.2744270833333333,0.21342922326928407,0.12339166707486598
pranavsaroha/so100_carrot_2,59,0.325,2.4358961962982186,0.4708333333333333,3.176085273900559,3.3561455664503272,0.0,,0.5154577642986684,1.4291626523176304,0.3854410946369171,0.29703125,0.2184483025523526,0.03712243863007627
pranavsaroha/so100_carrot_2,62,0.31666666666666665,2.2058456073358794,0.48333333333333334,2.8448808344997785,2.4318962631854557,0.0,,0.590161782289684,1.4797928565675948,0.4425460398197174,0.3096744791666667,0.20701876115934575,0.024043696322476847
pranavsaroha/so100_carrot_5,0,0.325,2.237704596948816,0.6,3.188419071402225,3.48002083040225,2.0,-8.194263334630207,0.567149254081681,1.2317497399585249,0.42670732736587524,0.23266927083333333,0.1902553942675787,0.048495710983433936
pranavsaroha/so100_carrot_5,2,0.32916666666666666,2.1817397077712917,0.6,3.184840159259322,3.502116344776304,0.0,,0.5544294545771723,1.3172036460248684,0.41643232107162476,0.2575390625,0.19246734999146425,0.04779340062306688
pranavsaroha/so100_carrot_5,5,0.325,2.2115984112143576,0.6,3.1918430852387627,3.5707060113181086,0.0,,0.6322534134038946,1.1916986417991824,0.4755464196205139,0.2677734375,0.19351866263414197,0.04977128875341661
pranavsaroha/so100_carrot_5,7,0.30833333333333335,2.179185746583307,0.525,3.20403817477359,3.5857248073231403,0.0,,0.6034014000189343,1.2275937817829363,0.4449326992034912,0.278203125,0.19523295330594065,0.043665915415775566
pranavsaroha/so100_carrot_5,10,0.29583333333333334,2.1400363738756987,0.5166666666666667,3.183583952471033,3.5346010467022415,0.0,,0.6050919114393735,1.2258245074351015,0.45464831590652466,0.2727864583333333,0.1930659769724688,0.04675388070448526
pranavsaroha/so100_carrot_5,13,0.22083333333333333,2.2043513657563745,0.4708333333333333,3.481650454592191,4.673211819423085,0.0,,0.6205358955316604,1.1425118384408308,0.48455435037612915,0.245703125,0.21339111693529608,0.055261464472007416
pranavsaroha/so100_carrot_5,15,0.2375,2.3594525137808344,0.475,3.4363494048067875,4.4830915593172636,0.0,,0.4557947080139092,1.4607983787919991,0.3686653971672058,0.2087109375,0.19915132901114635,0.06685165349261796
pranavsaroha/so100_carrot_5,18,0.1875,2.2825409866365813,0.475,3.3939005202203405,4.166611594013661,0.0,,0.5227751434611815,1.313113848338875,0.4171866178512573,0.23967447916666668,0.19920745995986153,0.13903075035847806
pranavsaroha/so100_carrot_5,20,0.30416666666666664,2.266230916983891,0.5041666666666667,3.20150856854742,3.535235303590016,0.0,,0.4955199910432891,1.32371207758055,0.37838801741600037,0.21205729166666668,0.18088359897378292,0.06494700155024263
pranavsaroha/so100_carrot_5,23,0.4583333333333333,1.9048859112727379,0.6458333333333334,3.240432502310102,3.6719045049739147,1.0,-14.036243467926482,0.5269976502911068,1.5235545132417234,0.3902670741081238,0.22661458333333334,0.189304098802853,0.029535236372200936
pranavsaroha/so100_carrot_5,26,0.4583333333333333,2.0325746578257577,0.65,3.2314709299194866,3.8579833961287764,1.0,-14.036243467926482,0.5938032683895043,1.3556413095507849,0.4255146086215973,0.22717447916666667,0.19496919900629112,0.03955311399877627
pranavsaroha/so100_carrot_5,28,0.16666666666666666,2.4754211101200503,0.4708333333333333,3.2414700832320635,4.141111479495554,0.0,,0.5510269505387225,1.428848854080574,0.4112141728401184,0.2309765625,0.19490610127650562,0.09887609299918206
pranavsaroha/so100_carrot_5,31,0.4583333333333333,1.9102879934748977,0.5916666666666667,3.1757883606405635,4.029176692976718,0.0,,0.5592558215489316,1.3155194092926126,0.4044671058654785,0.1801953125,0.19888036992055377,0.04265075891544073
pranavsaroha/so100_carrot_5,33,0.4583333333333333,2.077799996283537,0.65,3.22113918807973,3.735035872142504,0.0,,0.5643330403872858,1.3650498293852953,0.41125786304473877,0.167421875,0.20149414492776258,0.027534497492315853
pranavsaroha/so100_carrot_5,36,0.4583333333333333,1.9709319518754485,0.6458333333333334,3.2817950044349673,3.9236034423561272,0.0,,0.5914453586864724,1.204121783233812,0.4502279758453369,0.19420572916666667,0.1880693525514877,0.03338910291627405
pranavsaroha/so100_carrot_5,39,0.325,2.4378644061178334,0.4708333333333333,3.232991170980566,4.236575190639958,0.0,,0.552401808902671,1.2836202614165568,0.40664029121398926,0.19526041666666666,0.2023289892646407,0.03547436433145224
pranavsaroha/so100_carrot_5,41,0.45416666666666666,2.201751249738115,0.6416666666666667,3.269255241627211,4.083954379469164,0.0,,0.5266394639228865,1.359178282507691,0.3951369524002075,0.18552083333333333,0.1861290375629318,0.0389240630231455
pranavsaroha/so100_carrot_5,44,0.29583333333333334,2.7703436684986777,0.4708333333333333,3.3252042280481335,4.730546676252097,0.0,,0.4922635691578394,1.3158058952794829,0.38874904811382294,0.15856770833333333,0.20340232162944222,0.0988367329740082
pranavsaroha/so100_carrot_5,46,0.31666666666666665,2.2160013209317926,0.6125,3.1535702646415618,4.330881372353712,0.0,,0.634967748658094,1.3062061713992286,0.4562579095363617,0.25453125,0.19218073224753912,0.032350677743876996
pranavsaroha/so100_carrot_5,49,0.15416666666666667,2.7645582393740997,0.4708333333333333,3.2710356697383967,4.120916948922783,0.0,,0.5772214488016465,1.1450448192582088,0.4417160153388977,0.22328125,0.19737202967422182,0.13504739809209534
pranavsaroha/so100_carrot_5,52,0.325,2.3746482880408015,0.48333333333333334,3.224892053206163,4.31435163275017,0.0,,0.6681110847279305,1.0828463698495596,0.4841856360435486,0.23985677083333334,0.206847333371341,0.04285233941979459
pranavsaroha/so100_carrot_5,54,0.325,2.145264923213496,0.6416666666666667,3.2180329531120306,3.721373217033946,0.0,,0.5585645446263792,1.3428422903658013,0.4192984402179718,0.21759114583333333,0.19006221692974515,0.051969396534192684
pranavsaroha/so100_carrot_5,57,0.275,2.1214338378267077,0.6166666666666667,3.142106003776408,3.6731313756496498,0.0,,0.5714322857801925,1.2479571740795472,0.4226410686969757,0.23173177083333332,0.1908146805805971,0.039828531117045755
pranavsaroha/so100_carrot_5,60,0.30833333333333335,3.255652198617122,0.4666666666666667,3.068988550910155,3.4323637929653086,0.0,,0.4688451815677692,1.359626377943004,0.34922313690185547,0.19494791666666667,0.20841274703016063,0.08858035282954144
pranavsaroha/so100_legos4,0,0.36666666666666664,2.187464290346264,0.4375,3.253086141918695,2.41044221027349,0.0,,0.6776093386348448,1.1887645514116179,0.5282479226589203,0.4144791666666667,0.24838272268320818,0.09468968747851089
pranavsaroha/so100_legos4,2,0.1125,2.022852923978082,0.43333333333333335,3.248273257343965,2.3873458698779846,0.0,,0.6030603682378413,1.1607092060875408,0.49871647357940674,0.435703125,0.25415290284939457,0.13115945481822716
pranavsaroha/so100_legos4,4,0.19166666666666668,2.114681835157516,0.42916666666666664,3.3753405674374664,2.64570610658099,0.0,,0.6478009171729553,1.171069076683371,0.5284881591796875,0.46651041666666665,0.2645612019864317,0.1352800860492225
pranavsaroha/so100_legos4,7,0.3541666666666667,3.0092258147467867,0.44166666666666665,2.954155780255527,1.9376981911466227,2.0,-19.125226020787096,0.7151739232778878,1.1465131473395507,0.5357114672660828,0.4117838541666667,0.24547128185621908,0.18456956060400387
pranavsaroha/so100_legos4,9,0.3416666666666667,2.6090993529832427,0.8958333333333334,2.9784457632634855,1.9971903196673682,0.0,,0.7162520569656129,1.1565322350848493,0.5383610129356384,0.43302083333333335,0.25368474106789674,0.18749023929840208
pranavsaroha/so100_legos4,12,0.1125,1.740169968866843,0.42916666666666664,3.1778368993202806,2.3887953155360737,0.0,,0.5804552501751425,1.163480543476589,0.44198834896087646,0.4498567708333333,0.2625386465236264,0.12080501605494517
pranavsaroha/so100_legos4,14,0.10833333333333334,2.3295555535368564,0.4083333333333333,3.5072535262323026,2.829186164901823,2.0,-2.9249779491563714,0.6122921559236534,1.1791291290418089,0.5001681447029114,0.44526041666666666,0.27109253523008636,0.10078652725506766
pranavsaroha/so100_legos4,17,0.1125,1.7509977089957962,0.8958333333333334,3.22848107208414,2.3585964455320743,0.0,,0.5957070798450051,1.1449254362991592,0.4532473087310791,0.4577864583333333,0.26179618082720896,0.086214930663853
pranavsaroha/so100_legos4,19,0.29583333333333334,1.7659976789569092,0.4375,3.2267585178073186,2.322787313672587,0.0,,0.6487703307375162,1.1343327897493696,0.4930964410305023,0.4436979166666667,0.26128231209489394,0.07774558411931518
pranavsaroha/so100_legos4,22,0.42083333333333334,1.5826897935798019,0.43333333333333335,2.8522376017813142,1.0400802986414042,0.0,,0.5863056503793327,1.1326804416937635,0.4577455520629883,0.4680078125,0.2776301901534705,0.2187965558908098
pranavsaroha/so100_legos4,24,0.1125,1.8865201199134587,0.4375,3.167634074912309,2.3876297946958247,0.0,,0.6018129198594446,1.1535365682627512,0.4649534225463867,0.4356640625,0.25732611485661394,0.10295543458362724
pranavsaroha/so100_legos4,27,0.26666666666666666,2.2856640266787434,0.44166666666666665,3.1621839161953025,2.143665672077088,0.0,,0.639969673104818,1.1987364859659022,0.5042625665664673,0.4237890625,0.2622646901494112,0.09081854310319813
pranavsaroha/so100_legos4,29,0.29583333333333334,2.529739828963685,0.44583333333333336,3.041631689448319,2.052306811642415,1.0,-10.804394597539243,0.6478247796305446,1.1471055680966527,0.5064585208892822,0.4251171875,0.26254784790322727,0.07135623536463724
pranavsaroha/so100_legos4,32,0.1125,1.7947548126942456,0.8958333333333334,3.293135948925554,2.3901321578012555,0.0,,0.6070163281793567,1.1242146657654166,0.47769951820373535,0.45140625,0.27048360225604456,0.09383479483992642
pranavsaroha/so100_legos4,34,0.19166666666666668,2.148796933553765,0.43333333333333335,3.2705081310921416,2.498276073028604,0.0,,0.6310740904034424,1.1310374635270115,0.49215948581695557,0.45123697916666666,0.2627532962392598,0.11871122606598372
pranavsaroha/so100_legos4,37,0.1125,1.8027885197525224,0.43333333333333335,3.1889952267666044,2.2981679220245703,0.0,,0.6256756807352525,1.1438577733891009,0.4857748746871948,0.4461328125,0.258436555919831,0.09318593631893178
pranavsaroha/so100_legos4,39,0.10833333333333334,1.8262504853009232,0.43333333333333335,3.327855070837155,2.3865047700127477,0.0,,0.5998584049784996,1.133473119549046,0.4690445363521576,0.444375,0.2654335291013698,0.09593359777340611
pranavsaroha/so100_legos4,42,0.1125,1.861450331508259,0.43333333333333335,3.2424614497751616,2.7523289586430595,0.0,,0.6195701608902267,1.1175802017191683,0.48531943559646606,0.46634114583333336,0.2661944196028288,0.10577365968722631
pranavsaroha/so100_legos4,44,0.42083333333333334,1.7928214934414144,0.8666666666666667,3.534923510417835,2.3923757484047647,0.0,,0.7085767134835753,1.121028167567022,0.5287215113639832,0.45145833333333335,0.2630225781164018,0.14658136937967967
pranavsaroha/so100_legos4,47,0.42083333333333334,1.9616761598256793,0.8958333333333334,3.464002969921814,2.2006366048469164,0.0,,0.6370347729756684,1.1834357616675029,0.5139902830123901,0.4534635416666667,0.2604569471132879,0.09413197327879345
pranavsaroha/so100_legos4,49,0.10833333333333334,1.6835236754135008,0.8958333333333334,3.678145587913235,2.338481040127288,0.0,,0.6898664310215015,1.182409744422786,0.5192511677742004,0.4565234375,0.26512346264651243,0.09328299307530367
pranavsaroha/so100_legos4,52,0.1125,2.334200221434184,0.4125,3.445203073798021,2.8447720643813423,0.0,,0.6123768576829547,1.1781691725402244,0.4557984173297882,0.4276041666666667,0.27546937350613343,0.08902034844435784
pranavsaroha/so100_legos4,54,0.1125,1.6913238946578868,0.8916666666666667,3.2807992582376935,2.9887275742962265,0.0,,0.6989246093241152,1.1916501137841042,0.5708608031272888,0.4909895833333333,0.26248017689774716,0.10914659971683488
pranavsaroha/so100_legos4,57,0.10833333333333334,1.6462622015471595,0.8916666666666667,3.3583032269707846,3.0385055102954412,0.0,,0.7373521001122733,1.0953190119171883,0.5727459490299225,0.48364583333333333,0.2709532819009495,0.13819544077409862
pranavsaroha/so100_onelego2,0,0.4166666666666667,2.0545960471933755,0.4625,3.3869841881842686,3.512397217243711,0.0,,0.6822173010479673,1.1493583850434645,0.5681288242340088,0.43528645833333335,0.25682128521847314,0.10355116122275884
pranavsaroha/so100_onelego2,1,0.2916666666666667,1.9978875316919793,0.44583333333333336,3.4542794656422204,3.538021116291841,0.0,,0.7168063527941063,1.1731380922511252,0.5875394940376282,0.444453125,0.2535398882033472,0.07429912218353142
pranavsaroha/so100_onelego2,2,0.2833333333333333,2.017252868486366,0.43333333333333335,3.5300250330412517,3.297675199044291,0.0,,0.6469255879183737,1.1767608642893086,0.5489319562911987,0.43123697916666665,0.25372761921919446,0.09245992629844134
pranavsaroha/so100_onelego2,3,0.42083333333333334,2.198822997363685,0.45416666666666666,3.3832403363521766,3.42455490848995,0.0,,0.7162676500686822,1.161151961623845,0.5857621431350708,0.4423697916666667,0.25415719084222166,0.05857137234566471
pranavsaroha/so100_onelego2,5,0.42083333333333334,2.1299884295337628,0.4583333333333333,3.4028335893879773,3.7087400280777643,0.0,,0.670256891670948,1.165016744010747,0.5462823808193207,0.4348046875,0.2535636524428803,0.08242207634755916
pranavsaroha/so100_onelego2,6,0.2916666666666667,2.0832074129628437,0.4375,3.5198982312329234,3.273738763639996,0.0,,0.6387852188255341,1.1763381354473474,0.5421209335327148,0.4219921875,0.2567929178203637,0.10427932091422601
pranavsaroha/so100_onelego2,7,0.2833333333333333,1.9843383124477874,0.4375,3.485726358426326,3.22206092712198,0.0,,0.6676059248901793,1.1552047561555565,0.5565619468688965,0.428984375,0.2544725780515193,0.08432938786836441
pranavsaroha/so100_onelego2,8,0.20416666666666666,2.3875556720415068,0.42916666666666664,3.5447882964830666,3.2057995764107172,0.0,,0.6229314177199256,1.1892394927123282,0.5131576657295227,0.4017578125,0.2569131224535874,0.08407243783164653
pranavsaroha/so100_onelego2,10,0.29583333333333334,1.9671365101724636,0.4583333333333333,3.411889462590418,3.4445169056830216,0.0,,0.659075392382065,1.189673109295101,0.5283041000366211,0.4303385416666667,0.2535956044790763,0.07054969879785601
pranavsaroha/so100_onelego2,11,0.425,2.0938968625463867,0.6541666666666667,3.4182705734794303,3.5030446320791535,0.0,,0.7036667623927857,1.1572497112567224,0.5493299961090088,0.43850260416666664,0.25700082360072674,0.10109018580510894
pranavsaroha/so100_onelego2,12,0.425,2.089543661632468,0.6458333333333334,3.399907773510807,3.4287792625934874,0.0,,0.7004969747889092,1.1747363685892973,0.5413256883621216,0.44104166666666667,0.2543863138213664,0.09048539888762118
pranavsaroha/so100_onelego2,13,0.42083333333333334,2.0182233296956524,0.65,3.428429623687875,3.42198612321344,0.0,,0.690881352136032,1.151978229193789,0.5371120870113373,0.4266536458333333,0.2559291143132703,0.07833817235860487
pranavsaroha/so100_onelego2,15,0.425,2.13705484329416,0.5708333333333333,3.3805348416779752,3.450860939899824,0.0,,0.6784993402276733,1.170344649791265,0.5467879772186279,0.4322265625,0.2521801879473455,0.08977864000534129
pranavsaroha/so100_onelego2,16,0.425,2.133263639264135,0.6458333333333334,3.3973609841359127,3.4416208025114803,0.0,,0.6891295669232621,1.1757232507133808,0.5310496091842651,0.423671875,0.2524607854710463,0.1032615311148999
pranavsaroha/so100_onelego2,17,0.425,2.1636548388818713,0.5875,3.3856074016187723,3.504000145983242,0.0,,0.6868538900750677,1.164266003004492,0.5396105051040649,0.434453125,0.2556798103548899,0.09894829090666701
pranavsaroha/so100_onelego2,18,0.425,2.055216326128676,0.65,3.423473045068575,3.4268503479465022,0.0,,0.7334808958330534,1.1703377550921905,0.5818855166435242,0.4454166666666667,0.2519758523783616,0.0898317492177162
pranavsaroha/so100_onelego2,20,0.4166666666666667,1.9961513022077986,0.44583333333333336,3.4157642296104456,3.4995883964836145,0.0,,0.6817848951839837,1.1503728084868137,0.5470465123653412,0.43225260416666667,0.25196056053358656,0.06830326352174552
pranavsaroha/so100_onelego2,21,0.4166666666666667,2.0236390814043417,0.43333333333333335,3.545381208728356,3.291379509148713,0.0,,0.6657507680451752,1.1680375404544385,0.5555524528026581,0.42734375,0.2524708120112493,0.09035174749603246
pranavsaroha/so100_onelego2,22,0.2916666666666667,1.957262836283047,0.44166666666666665,3.4434068798121036,3.054655748833552,0.0,,0.6646562468871575,1.1552209339842547,0.553378701210022,0.4244921875,0.2515464332985653,0.07230211806776224
pranavsaroha/so100_onelego2,23,0.15833333333333333,2.5833338521398814,0.42083333333333334,3.609860516739154,3.6779320429653057,0.0,,0.6554213850460223,1.1911620603222035,0.5031508803367615,0.41734375,0.26500033679580304,0.05629300073234288
pranavsaroha/so100_onelego2,25,0.125,2.6688229393911116,0.425,3.5588310615760164,3.337942883311701,0.0,,0.6163633772528337,1.131642355629886,0.4420825242996216,0.3733854166666667,0.26059638459639395,0.05114173874485794
pranavsaroha/so100_onelego2,26,0.25,2.2744193943879774,0.43333333333333335,3.4418407166607743,3.1704272705162446,0.0,,0.6763172996853523,1.1739412711997772,0.516639918088913,0.41446614583333335,0.2584216670441396,0.05822631139067262
pranavsaroha/so100_onelego2,27,0.4166666666666667,1.9245088108915003,0.44166666666666665,3.446720512800199,3.3853038679152987,0.0,,0.6710532743358373,1.151833187869551,0.563575953245163,0.42682291666666666,0.25119230268481907,0.07590535346723293
pranavsaroha/so100_onelego2,29,0.4125,2.0296209564597905,0.42916666666666664,3.560801355793079,3.343257963304139,0.0,,0.6429388954024255,1.1709798238328117,0.53777676820755,0.42889322916666667,0.2562060641827971,0.08560826083493978
pranavsaroha/so100_onelego3,0,0.38333333333333336,2.1830808726524684,0.4625,3.4119622383826242,3.767079153372742,0.0,,0.6649977251809205,1.1524831730925846,0.5073630809783936,0.42625,0.24846432164811835,0.05099613190521408
pranavsaroha/so100_onelego3,1,0.2916666666666667,2.0955769484057862,0.44583333333333336,3.472983248463846,3.8220686480478188,0.0,,0.5706416292351415,1.1485265833421436,0.43788713216781616,0.39743489583333336,0.2573315657292251,0.09994924902153435
pranavsaroha/so100_onelego3,3,0.125,2.155812543444467,0.45,3.4520086216311254,4.119831111605788,0.0,,0.6485529123071965,1.1549651389759465,0.5068261325359344,0.43109375,0.2581199957739423,0.07513495919386448
pranavsaroha/so100_onelego3,5,0.125,2.363620448435213,0.4375,3.533161475756656,4.217292020225951,0.0,,0.5922330620273455,1.1553479880018247,0.48074835538864136,0.41565104166666667,0.2616511114041312,0.11284887684427848
pranavsaroha/so100_onelego3,6,0.25416666666666665,2.32524648585048,0.42916666666666664,3.583912585272426,4.126193642934214,0.0,,0.5116161768556426,1.1346835815946004,0.33461809158325195,0.31481770833333333,0.28437830857680013,0.02618627507284449
pranavsaroha/so100_onelego3,8,0.19583333333333333,2.610764466106452,0.42083333333333334,3.64094029982252,4.896318400603906,0.0,,0.5027620136328086,1.163647756361441,0.3592104911804199,0.33967447916666665,0.27138238591080727,0.04881290538834677
pranavsaroha/so100_onelego3,10,0.42083333333333334,2.1537620486903055,0.4791666666666667,3.392764978914034,4.134495123766838,0.0,,0.6680031730621243,1.187502359871063,0.5121903121471405,0.42828125,0.2552325424605034,0.08503337702440261
pranavsaroha/so100_onelego3,11,0.425,1.9864150100819584,0.5916666666666667,3.3451041091808187,4.055005301249509,0.0,,0.6961244649473561,1.1681220258159417,0.5090497732162476,0.43109375,0.25575105284948,0.04866677836052992
pranavsaroha/so100_onelego3,13,0.425,2.41100582034992,0.49166666666666664,3.375438548030104,4.351194527073057,0.0,,0.6311353659589268,1.176120023947932,0.47451192140579224,0.4095052083333333,0.2517518010257365,0.09887829759919807
pranavsaroha/so100_onelego3,15,0.42083333333333334,1.9929000079651216,0.5708333333333333,3.3676701704623815,4.370096277765802,0.0,,0.6531840642388475,1.1725538238388433,0.47735804319381714,0.42657552083333333,0.25660843545602685,0.06070834121859276
pranavsaroha/so100_onelego3,16,0.425,2.2886046265639366,0.4875,3.375944644249424,4.232329846302975,0.0,,0.6551085883319541,1.1746326253311499,0.49249929189682007,0.4208984375,0.2520294990405369,0.06725307085696676
pranavsaroha/so100_onelego3,18,0.42083333333333334,1.954851794413873,0.6,3.3658598953020644,4.313650260660096,0.0,,0.6907768077227026,1.164184767953751,0.5016002655029297,0.43483072916666665,0.2604148016545959,0.08786201691508745
pranavsaroha/so100_onelego3,20,0.3875,2.2845602069653426,0.4666666666666667,3.3984244787771085,4.233339074973841,0.0,,0.6994390731887966,1.1577326924281337,0.5416896343231201,0.433203125,0.25297345290780515,0.06541389478394632
pranavsaroha/so100_onelego3,22,0.38333333333333336,2.205553349567955,0.4625,3.429331646606692,4.210981951775388,0.0,,0.6759202309807305,1.163835797896837,0.5287588238716125,0.4265625,0.2515151399042613,0.06569625708893095
pranavsaroha/so100_onelego3,23,0.4,2.277610071136993,0.475,3.391911294666633,4.150898728824283,0.0,,0.6821222122777021,1.1504248212345909,0.5012070536613464,0.42673177083333336,0.250938910703997,0.05897563569741026
pranavsaroha/so100_onelego3,25,0.4083333333333333,2.4298723060828893,0.4791666666666667,3.3516865680674046,4.303312937438938,0.0,,0.6722237245725607,1.155859468420035,0.5123030543327332,0.42083333333333334,0.25212286134471185,0.051155352279926875
pranavsaroha/so100_onelego3,27,0.37916666666666665,2.1416728226211657,0.45416666666666666,3.3899089617933607,4.227728849957738,0.0,,0.6837464604823666,1.1681635121021772,0.5341746509075165,0.4274088541666667,0.25189215027070777,0.0759831232202739
pranavsaroha/so100_onelego3,28,0.38333333333333336,2.1833311937067097,0.475,3.3940880450065887,4.329374419867511,0.0,,0.6926451744664575,1.1624330260097706,0.5341675579547882,0.430390625,0.250444498959861,0.06297679122497656
pranavsaroha/so100_onelego3,30,0.42083333333333334,2.0858547596126606,0.6458333333333334,3.2789479999661144,3.8503530319751893,0.0,,0.6624652993747149,1.1360549308650616,0.5008850693702698,0.42450520833333333,0.2540909906443607,0.1014037113336893
pranavsaroha/so100_onelego3,32,0.10416666666666667,1.6905996190692896,0.6666666666666666,3.478718964707552,4.097607152049671,0.0,,0.730067635342529,1.158964824039221,0.5398733019828796,0.4563671875,0.25978776156894995,0.15241279765786966
pranavsaroha/so100_onelego3,33,0.5458333333333333,1.7522370396908706,0.6583333333333333,3.4536775203842556,3.9953262656729396,0.0,,0.7188924728043784,1.1554610243424497,0.5211108922958374,0.4569140625,0.261647272381706,0.13637300903085314
pranavsaroha/so100_onelego3,35,0.5291666666666667,1.740601354511525,0.6583333333333333,3.4483932344175594,4.022948753075745,0.0,,0.7166508968669502,1.1489240421683458,0.5226933360099792,0.45625,0.2614700951452971,0.1347556932407869
pranavsaroha/so100_onelego3,37,0.5125,1.8550477506976013,0.6458333333333334,3.4028328996014836,4.015835848588144,0.0,,0.7100296696386564,1.1676053309572894,0.5502356886863708,0.43041666666666667,0.2575178624228898,0.09940374821912408
pranavsaroha/so100_onelego3,39,0.15833333333333333,1.7946981592263442,0.6458333333333334,3.4046804282083425,4.477226721280956,0.0,,0.6824673285193803,1.1705241031289153,0.5137839317321777,0.42854166666666665,0.2573393382734331,0.081319564293236
roboticshack/left-arm-grasp-lego-brick,0,0.4166666666666667,3.9651987847419896,0.8958333333333334,3.4316983887368075,0.3334366238376832,1.0,0.0,0.8363324021211299,1.3468740975705944,0.5861964374780655,0.20559895833333333,0.17635864020711162,0.04582186184493415
roboticshack/left-arm-grasp-lego-brick,4,0.4166666666666667,2.715961960515621,0.8958333333333334,3.282077543934022,0.2911987801610096,1.0,0.0,0.6470843794292612,1.4815187381396968,0.3980181813240051,0.10509114583333333,0.22763766550939907,0.030211354721129315
roboticshack/left-arm-grasp-lego-brick,8,0.4166666666666667,4.209005834378945,0.8958333333333334,3.425194673665587,0.3671819931734143,2.0,0.0,0.8800821876798194,1.43025439580183,0.6410463377833366,0.2860286458333333,0.16237288606930936,0.04301741759157685
roboticshack/left-arm-grasp-lego-brick,12,0.4166666666666667,3.316036431338638,0.8958333333333334,3.47311177956803,0.26714992212474903,2.0,0.0,0.7684004575560395,1.359354471702934,0.5264666974544525,0.21256510416666666,0.18304318017261817,0.05209651254115247
roboticshack/left-arm-grasp-lego-brick,17,0.4166666666666667,4.91244104587967,0.8958333333333334,3.280917927541052,0.3007263629840212,2.0,0.0,0.6952535521401412,1.4050588014197856,0.45163077116012573,0.08009114583333334,0.2234789866463867,0.06999553905954534
roboticshack/left-arm-grasp-lego-brick,21,0.4166666666666667,3.759537325107709,0.8958333333333334,3.2587146561803997,0.26923761898524073,0.0,,0.5754052641916116,1.7687994050202733,0.32936614751815796,0.06388020833333333,0.22185454750139444,0.07211872103343367
roboticshack/left-arm-grasp-lego-brick,25,0.4166666666666667,3.7825746330964733,0.8958333333333334,3.3640244813168825,0.26509268937346225,1.0,0.0,0.6447148381266918,1.458478829295215,0.3443733751773834,0.039752604166666664,0.23188660032590205,0.05978429121659649
roboticshack/left-arm-grasp-lego-brick,29,0.4166666666666667,3.9957001709638322,0.8958333333333334,3.427827232040188,0.37616381201396226,1.0,0.0,0.8996399896937739,1.2963879798963571,0.650221511721611,0.17799479166666668,0.1851857746707355,0.05765098535066802
roboticshack/left-arm-grasp-lego-brick,34,0.4166666666666667,3.9984151656165574,0.8958333333333334,3.378973630032318,0.2660084802709568,1.0,0.0,0.5482787283632511,1.7544990250699146,0.338131308555603,0.0367578125,0.22609111942101418,0.042312784908619616
roboticshack/left-arm-grasp-lego-brick,38,0.4166666666666667,4.644310522622475,0.8958333333333334,3.25669158889977,0.2791988700906378,1.0,-0.9877603996398108,0.7247850416214364,1.3205308877045847,0.44757911562919617,0.06194010416666667,0.23011496820804925,0.03668833772827016
roboticshack/left-arm-grasp-lego-brick,42,0.4166666666666667,4.746487984554187,0.8958333333333334,3.4604617210648243,0.2641302609120655,2.0,0.0,0.6192610885329999,1.360295975248571,0.4003770351409912,0.140625,0.21245350999535098,0.2157936934099361
roboticshack/left-arm-grasp-lego-brick,46,0.4166666666666667,3.8567268527670704,0.8958333333333334,3.4281060084311274,0.35222932092560616,1.0,0.0,0.9502442485134823,1.3454224425097854,0.6231886893510818,0.27782552083333334,0.2032238967295697,0.035748853462698085
roboticshack/left-arm-grasp-lego-brick,52,0.4166666666666667,5.086030578346401,0.8958333333333334,3.3372057878409818,0.2581578696617005,1.0,0.0,0.716797356857953,1.4690426368305427,0.4579097777605057,0.09263020833333334,0.2275282517941521,0.08428498935931894
roboticshack/left-arm-grasp-lego-brick,56,0.4166666666666667,4.348046078590686,0.8958333333333334,3.2158171324269644,0.26334195390821186,1.0,0.0,0.7695500378420682,1.6082271683364027,0.47501346468925476,0.11643229166666667,0.22463313085069847,0.13716207944446468
roboticshack/left-arm-grasp-lego-brick,60,0.4083333333333333,5.4078318832630075,0.8958333333333334,3.5018918433351867,0.27351856127739405,2.0,0.8487642715535912,0.3940494717184757,1.6366979946955458,0.273600697517395,0.0029296875,0.19456996745699673,0.3297446132744984
roboticshack/left-arm-grasp-lego-brick,64,0.4125,3.2008409638804203,0.8958333333333334,3.3822246133217817,0.2691161526774018,1.0,-1.9219559589314343,0.7334223600522838,1.451299813680564,0.4916389361023903,0.16623697916666666,0.20151259474200123,0.04714024167121303
roboticshack/left-arm-grasp-lego-brick,69,0.4125,3.9274169050049914,0.8958333333333334,3.511765649887978,0.404281298483685,0.0,,0.8566466037008722,1.478528964043469,0.6184340268373489,0.21236979166666667,0.1774315113299077,0.031274134248629605
roboticshack/left-arm-grasp-lego-brick,73,0.4166666666666667,3.73153993820042,0.8958333333333334,3.30694341846933,0.276397384286237,1.0,0.0,0.8038137907479107,1.3427700314486508,0.5345384627580643,0.20627604166666666,0.20537298500516868,0.12723496197726064
roboticshack/left-arm-grasp-lego-brick,77,0.4166666666666667,4.697453117571885,0.8958333333333334,3.4538669190431266,0.2824500749552292,0.0,,0.7813697126378917,1.332637725455133,0.5050249099731445,0.15776041666666665,0.21004867867241492,0.1266581603773638
roboticshack/left-arm-grasp-lego-brick,81,0.4125,4.755338946237754,0.8958333333333334,3.4177055517336976,0.4201128095541249,1.0,0.0,0.7204767172943954,1.3312841034432066,0.4571789801120758,0.11451822916666667,0.21430015627936186,0.2089993253639811
roboticshack/left-arm-grasp-lego-brick,86,0.4125,4.411899974467476,0.8958333333333334,3.391673024648218,0.41095004165354737,0.0,,0.7859096772503825,1.3896179610302986,0.5327534079551697,0.14091145833333332,0.202206260453485,0.031312941298533396
roboticshack/left-arm-grasp-lego-brick,90,0.4166666666666667,3.685024771289184,0.8958333333333334,3.458887054711882,0.3730008857574955,0.0,,0.7623633069521925,1.382643114348266,0.5093071311712265,0.111953125,0.2194647777385224,0.02911960717342767
roboticshack/left-arm-grasp-lego-brick,94,0.4125,3.4770364110140046,0.8958333333333334,3.4360152526787773,0.41202683243250937,0.0,,0.9284235292730162,1.2689195646848277,0.6229778975248337,0.27143229166666666,0.2082275399151458,0.026464766914974177
roboticshack/left-arm-grasp-lego-brick,99,0.4125,5.160113236827053,0.8958333333333334,3.330164947416067,0.48719686164824355,1.0,0.0,0.7770971005917815,1.3144166106998838,0.5992865189909935,0.23361979166666666,0.1460619970719226,0.08720617511691846
roboticshack/team-7-left-arm-grasp-motor,0,0.4166666666666667,5.918296219509892,0.8958333333333334,3.314915028034319,0.30769301084275846,1.0,1.023030188667832,0.5817555726535427,1.3334172855068072,0.3953520953655243,0.07518229166666666,0.19913970141726076,0.2138320891003796
roboticshack/team-7-left-arm-grasp-motor,4,0.4166666666666667,5.148837759208243,0.8958333333333334,3.3416570062270545,0.32030236588766275,1.0,0.9469514467734683,0.5884135809010159,1.489120378426907,0.4460674226284027,0.09063802083333333,0.2034617254891118,0.21195909152290526
roboticshack/team-7-left-arm-grasp-motor,8,0.4166666666666667,5.283748858039548,0.8958333333333334,3.563934564870623,0.27535602638183077,0.0,,0.6603422320540897,1.4046039875415701,0.44407591223716736,0.07368489583333333,0.21233256019773739,0.11580151846255296
roboticshack/team-7-left-arm-grasp-motor,12,0.4166666666666667,4.150276296907763,0.8958333333333334,3.3084559508989564,0.2780648867146009,2.0,0.0,0.7526988119112993,1.3495398638049796,0.5082950666546822,0.15713541666666667,0.21640827500509663,0.033788424881539804
roboticshack/team-7-left-arm-grasp-motor,17,0.4166666666666667,4.8514550551979125,0.8958333333333334,3.375436983262675,0.25810946161848386,1.0,0.0,0.7151737358740845,1.3015492000568027,0.4230096787214279,0.10049479166666667,0.2241448290742393,0.05657274454232975
roboticshack/team-7-left-arm-grasp-motor,21,0.4166666666666667,5.207119690006425,0.8958333333333334,3.303904344837487,0.2508627013400764,1.0,0.0,0.8171943830006506,1.375407017612972,0.5276305973529816,0.16940104166666667,0.1972769578599018,0.05651484023365236
roboticshack/team-7-left-arm-grasp-motor,25,0.4125,5.2960228736470825,0.8958333333333334,3.540585543325806,0.2532770563239874,1.0,0.0,0.8411520780007286,1.2905167127439137,0.5202979445457458,0.19880208333333332,0.20835438903035636,0.12412279755393628
roboticshack/team-7-left-arm-grasp-motor,29,0.4125,4.865558284996271,0.8958333333333334,3.3911238721837416,0.34147869099182165,0.0,,0.9016736008092926,1.3070229634471358,0.5989125221967697,0.2640234375,0.19672411576650833,0.05756989033604425
roboticshack/team-7-left-arm-grasp-motor,34,0.4166666666666667,5.408696638341719,0.8958333333333334,3.2965925169460126,0.31543387703288883,1.0,0.0,0.5041590930456792,1.3178769863962188,0.3631032854318619,0.03819010416666667,0.20526200913854323,0.2788866900062213
roboticshack/team-7-left-arm-grasp-motor,38,0.4125,4.875208022289181,0.8958333333333334,3.707815421339702,0.26700500415975625,2.0,0.0,0.8295351255454555,1.1986584132923799,0.5177491307258606,0.15993489583333334,0.2291335747573695,0.03631330447614924
roboticshack/team-7-left-arm-grasp-motor,42,0.4125,5.0139145872789195,0.8958333333333334,3.469750571046033,0.25888156650564437,1.0,0.8425242607404186,0.7397406360663159,1.4176568464760388,0.4890577644109726,0.127890625,0.21411203097137413,0.06406948911022174
roboticshack/team-7-left-arm-grasp-motor,46,0.4125,4.137767179006997,0.8958333333333334,3.442020114949474,0.2692721876722481,2.0,0.0,0.5777142694726777,1.705769605504763,0.4040408432483673,0.04838541666666667,0.21224063306475222,0.07985902583623229
roboticshack/team-7-left-arm-grasp-motor,51,0.4166666666666667,4.381622293681591,0.8958333333333334,3.5458754818366294,0.26432710528427583,0.0,,0.7234102821759563,1.190623259247966,0.4237019419670105,0.11639322916666667,0.23039560086705754,0.09457747745837222
roboticshack/team-7-left-arm-grasp-motor,55,0.4166666666666667,5.413150472750953,0.8958333333333334,3.4866308679810087,0.27226758399198703,1.0,-0.996347896504929,0.8162607871129837,1.2757639311020315,0.5198284983634949,0.15622395833333333,0.2203976115963539,0.08594333697187631
roboticshack/team-7-left-arm-grasp-motor,59,0.4166666666666667,4.715041356247505,0.8958333333333334,3.4225474703715872,0.26001167183554025,0.0,,0.7908482576089325,1.292383432680913,0.5333644449710846,0.13544270833333333,0.20228810198231914,0.14783043351887706
roboticshack/team-7-left-arm-grasp-motor,64,0.4166666666666667,5.366560318883355,0.8958333333333334,3.419647651554697,0.2564769561218839,0.0,,0.8694120757828417,1.2597155482351592,0.5974681973457336,0.21506510416666666,0.17906541326889525,0.1117210354061229
roboticshack/team-7-left-arm-grasp-motor,69,0.4166666666666667,4.421466504440423,0.8958333333333334,3.625757912353707,0.2563759552000836,1.0,0.0,0.701026677953162,1.2231712849463978,0.3647730350494385,0.068515625,0.23956638661342314,0.15774143850652997
roboticshack/team-7-left-arm-grasp-motor,73,0.4166666666666667,6.371156526808671,0.8958333333333334,3.360005913906811,0.259684097719761,0.0,,0.8171747721898825,1.3615833393352685,0.5397713780403137,0.1610546875,0.20744430924794777,0.04881953626435867
roboticshack/team-7-left-arm-grasp-motor,77,0.4166666666666667,4.911838218244092,0.8958333333333334,3.292617695969176,0.2617812798240331,0.0,,0.7765992509853422,1.369445722075387,0.5380335077643394,0.19505208333333332,0.17816000134069973,0.06474432472744503
roboticshack/team-7-left-arm-grasp-motor,81,0.4166666666666667,4.616835817330647,0.8958333333333334,3.384467832296377,0.2581876054880823,1.0,0.8615257345672518,0.8906624831455605,1.2720125681833943,0.5999027416110039,0.25895833333333335,0.2060745194006941,0.04163309627827858
roboticshack/team-7-left-arm-grasp-motor,86,0.4166666666666667,3.931336865874893,0.8958333333333334,3.330630295242397,0.2680630407436764,0.0,,0.8168320041804826,1.2893752789674333,0.5332425981760025,0.1984375,0.20207969558198532,0.05204460530106327
roboticshack/team-7-left-arm-grasp-motor,90,0.4125,4.303993065788532,0.8958333333333334,3.352418380635075,0.30910609323219074,0.0,,0.9240602755779358,1.23663501040832,0.6358898803591728,0.31201822916666666,0.19829629255841946,0.06580859910420053
roboticshack/team-7-left-arm-grasp-motor,94,0.4125,4.652511546645692,0.8958333333333334,3.2846483829446025,0.30871916961569434,1.0,0.0,0.8013876107680183,1.4504960049751814,0.5417898297309875,0.1873828125,0.20331686848678376,0.04575750976589388
roboticshack/team-7-left-arm-grasp-motor,99,0.4125,5.076526112297173,0.8958333333333334,3.390262361667955,0.2582681135666939,1.0,0.0,0.6639320887671597,1.5844436639793054,0.4249916970729828,0.036458333333333336,0.21320681410639566,0.09941823383220043
roboticshack/team-7-right-arm-grasp-tape,0,0.4166666666666667,4.100258775786619,0.8958333333333334,3.6125769306403503,0.273876822745207,1.0,0.0,0.8248247238095445,1.4578901499792376,0.49708564579486847,0.06571614583333334,0.20985249118536797,0.07373291481774354
roboticshack/team-7-right-arm-grasp-tape,4,0.4166666666666667,5.155476737555198,0.8958333333333334,3.632688774184477,0.3115606834079154,1.0,0.0,0.6854397501379301,1.448769731663898,0.4410674124956131,0.07123697916666667,0.23432491899089072,0.09897275302669867
roboticshack/team-7-right-arm-grasp-tape,8,0.4166666666666667,3.9622126803004885,0.8958333333333334,3.5589922904303384,0.49088882547383667,1.0,0.0,0.6981341814013878,1.6380503707814769,0.4889060705900192,0.08765625,0.2038897465921832,0.06433149156470319
roboticshack/team-7-right-arm-grasp-tape,12,0.4166666666666667,4.860825494651031,0.8958333333333334,3.6113038784425715,0.41434730406956816,2.0,0.0,0.8236404323749904,1.4679034098430077,0.5481505393981934,0.13149739583333334,0.20860924545741924,0.1209364209547618
roboticshack/team-7-right-arm-grasp-tape,17,0.4166666666666667,4.599307030165755,0.8958333333333334,3.5395015952763185,0.39775736763934527,2.0,0.0,0.7463121748044514,1.5320707167613392,0.5042859315872192,0.14432291666666666,0.1973129498738428,0.13241517488557655
roboticshack/team-7-right-arm-grasp-tape,21,0.4166666666666667,4.858819317203069,0.8958333333333334,3.4190066155945167,0.43632344358413033,3.0,0.0,0.6622184764880552,1.7105435095785928,0.4445936679840088,0.060078125,0.2087507005239647,0.1853772845290551
roboticshack/team-7-right-arm-grasp-tape,25,0.4166666666666667,5.579859907139789,0.8958333333333334,3.4775966980357707,0.2863881510541161,2.0,0.0,0.5504900766521862,1.5794322923655342,0.32229459285736084,6.510416666666667e-05,0.1924686192468619,0.29249814811031577
roboticshack/team-7-right-arm-grasp-tape,30,0.4166666666666667,5.871401585711131,0.8958333333333334,3.470965594386201,0.29311023391953656,2.0,0.0,0.8711620750862729,1.3570333929220388,0.5231658965349197,0.14751302083333334,0.2229188541570103,0.09772710058836373
roboticshack/team-7-right-arm-grasp-tape,34,0.4166666666666667,5.426738173351626,0.8958333333333334,3.751831061914277,0.3056477955958415,2.0,0.0,0.6746486036289591,1.5611793849664584,0.39903417229652405,0.038177083333333334,0.21670272337559293,0.1962856220216623
roboticshack/team-7-right-arm-grasp-tape,38,0.4166666666666667,5.794965552127016,0.8958333333333334,3.6256064754046564,0.2861818461510899,1.0,0.0,0.8279769112131491,1.3654961326125425,0.5371139198541641,0.19026041666666665,0.20770971758181214,0.07875370891787847
roboticshack/team-7-right-arm-grasp-tape,43,0.4166666666666667,5.835919501770389,0.8958333333333334,3.7027111115738753,0.3585949808276521,2.0,0.0,0.3428967924624642,1.5371747785201395,0.2223365604877472,0.019713541666666667,0.22670141441386665,0.17059278267898895
roboticshack/team-7-right-arm-grasp-tape,47,0.4166666666666667,5.263629379285613,0.8958333333333334,3.2958837279311863,0.30676360943469577,2.0,0.0,0.4893702670137257,1.519647663305597,0.30147042870521545,0.035546875,0.22760126902386316,0.19280447912202556
roboticshack/team-7-right-arm-grasp-tape,51,0.4166666666666667,3.565018744563692,0.8958333333333334,3.4487317526307546,0.4665401986681073,1.0,0.0,0.6204414523285484,1.6056382027791105,0.37237393856048584,0.05506510416666666,0.21048923996592564,0.1871783712378736
roboticshack/team-7-right-arm-grasp-tape,55,0.4166666666666667,4.636944569110002,0.8958333333333334,3.627222645665594,0.42526663700446876,2.0,0.0,0.7604085140665231,1.4839424674486592,0.49448925256729126,0.10686197916666666,0.21486913151493803,0.08329840959673128
roboticshack/team-7-right-arm-grasp-tape,60,0.4166666666666667,5.299509867586868,0.8958333333333334,3.5870407413998118,0.4138329242936612,2.0,0.0,0.5581587119808987,1.4973017182052168,0.3168928921222687,0.0887890625,0.23204914155071266,0.2138169254855065
roboticshack/team-7-right-arm-grasp-tape,64,0.4166666666666667,5.752952742377103,0.8958333333333334,3.552333707708437,0.49972768377129256,3.0,0.0,0.40973303657770366,1.7731554803115928,0.3208678662776947,0.055677083333333335,0.21747537095240144,0.12316579180470891
roboticshack/team-7-right-arm-grasp-tape,68,0.4166666666666667,5.443229663507458,0.8958333333333334,3.3860087830010976,0.46369510859410656,2.0,0.0,0.49097481531793097,1.6133223225681494,0.3646383434534073,0.0427734375,0.21592505556510827,0.08615943846484159
roboticshack/team-7-right-arm-grasp-tape,73,0.4166666666666667,5.147802467164048,0.8958333333333334,3.61952891077583,0.39224365159528274,2.0,0.0,0.7913761824371085,1.644322406959186,0.533017709851265,0.145234375,0.19721840223932274,0.13137474421638273
roboticshack/team-7-right-arm-grasp-tape,77,0.4166666666666667,4.54223010089147,0.8958333333333334,3.6084083888774616,0.27470121451240875,1.0,0.0,0.5774043135067266,1.6920163852100742,0.4047118052840233,0.026783854166666666,0.20988033513484924,0.18925719286035314
roboticshack/team-7-right-arm-grasp-tape,81,0.4166666666666667,4.196885272189439,0.8958333333333334,3.277712419555471,0.28121945823107974,3.0,0.0,0.7423387213747242,1.2783969643432154,0.4415196478366852,0.027721354166666667,0.21037829849203366,0.06834582715861723
roboticshack/team-7-right-arm-grasp-tape,86,0.4166666666666667,4.849062787729812,0.8958333333333334,3.611110718533713,0.2850979364855951,2.0,0.0,0.8523712453849035,1.3455555441584215,0.5295205265283585,0.11666666666666667,0.21506369545726237,0.05623587413289679
roboticshack/team-7-right-arm-grasp-tape,90,0.4166666666666667,6.085999806951357,0.8958333333333334,3.473559766042303,0.31256605309568375,2.0,0.0,0.5306168630617762,1.5950181174338236,0.3370552062988281,0.03235677083333333,0.2174604110015743,0.08720688277580202
roboticshack/team-7-right-arm-grasp-tape,94,0.4166666666666667,5.616104756783396,0.8958333333333334,3.5469347414394687,0.29817650278750596,2.0,0.0,0.7157251847268382,1.5051989538187063,0.4873434379696846,0.06528645833333334,0.21565140618819603,0.06715496992944327
roboticshack/team-7-right-arm-grasp-tape,99,0.4166666666666667,5.439570704396534,0.8958333333333334,3.519158869206475,0.4576445996277385,2.0,0.0,0.2794602295612884,1.87271023790957,0.25038735568523407,0.0018359375,0.18834386777055698,0.09565475157696118
roboticshack/team13-three-balls-stacking,0,0.7875,5.216771063330014,0.1,4.133090106757214,1.0719846290178776,1.0,2.9931320059790636,0.8505489081398464,1.3514363908408311,0.7870710492134094,0.5145963541666667,0.27351265716579465,0.23493937033335785
roboticshack/team13-three-balls-stacking,4,0.7875,5.238160883954833,0.1,4.260784447926373,1.064005375578233,1.0,3.144957464698024,0.8443362360011057,1.3044122870663053,0.8503273203969002,0.5119661458333333,0.26547579230967894,0.22723171650276558
roboticshack/team13-three-balls-stacking,8,0.7875,4.790269373117408,0.1125,3.5577858068940724,1.0035205528749316,2.0,3.127806121286156,0.8717937583502013,1.2770632451096189,0.7992425411939621,0.588515625,0.2966038227706969,0.25349466559932804
roboticshack/team13-three-balls-stacking,13,0.7875,5.570469371009273,0.1,3.921714893148736,0.8985267149364087,2.0,3.1603616260456704,0.8485795343016524,1.3146794678613758,0.8952641114592552,0.5085026041666667,0.2617500710063901,0.2625260283716864
roboticshack/team13-three-balls-stacking,17,0.7875,4.814208751862857,0.1,4.000887303002462,0.9329164075898851,2.0,3.0940580589171134,0.8566932452957299,1.395817141014702,0.9027913697063923,0.5104817708333333,0.2595846635990734,0.24800424510791952
roboticshack/team13-three-balls-stacking,21,0.7875,5.213523546400251,0.1,3.94596276161029,0.942008542110356,1.0,3.0940580589171134,0.8608232351207461,1.4102331260090415,0.8819516412913799,0.47444010416666665,0.24380603972489684,0.23256546154892527
roboticshack/team13-three-balls-stacking,26,0.7875,4.957421031516747,0.1,3.9523820417811883,0.9237253740328222,1.0,3.212209760109218,0.8187197251281637,1.437318494757353,0.8830104172229767,0.415390625,0.21642719111798714,0.24760151714041947
roboticshack/team13-three-balls-stacking,30,0.7875,5.623722874744647,0.1,3.9605710818263806,0.9120511419042343,1.0,3.9301755457254757,0.8561958426504626,1.3684768536579144,0.8839495554566383,0.4766666666666667,0.2458426445416508,0.23977588466216077
roboticshack/team13-three-balls-stacking,34,0.7875,5.3826639017113065,0.1,3.9585064399028584,0.887169738539074,1.0,3.0848123304975985,0.8427551336388323,1.2766688308575354,0.8910854235291481,0.5070833333333333,0.2609674700804158,0.26652343428625186
roboticshack/team13-three-balls-stacking,39,0.7916666666666666,5.36005830341742,0.1,3.9505565412366574,0.9050139207522439,1.0,3.2194948968528365,0.8032005604225787,1.5164233714751658,0.874605230987072,0.34403645833333335,0.1820020339333046,0.23719160067995673
roboticshack/team13-three-balls-stacking,43,0.7875,5.0861492997142195,0.1,3.9515836189976357,0.872495120090656,1.0,3.1959380135959066,0.8116515559918475,1.4993609019930043,0.8775921240448952,0.37145833333333333,0.19440681635248758,0.23310683572290944
roboticshack/team13-three-balls-stacking,47,0.7916666666666666,5.2422544470414865,0.1,3.9442116601467436,0.8891892851207661,1.0,3.678238721993381,0.8422084860412746,1.4533334585257809,0.873894564807415,0.4232682291666667,0.21980769381760454,0.2289350046511347
roboticshack/team13-three-balls-stacking,52,0.7916666666666666,5.402711159202719,0.1,3.9471257454552138,0.8970472397800732,1.0,3.179830119864235,0.8376697088153375,1.3562655932892176,0.8910967111587524,0.46384114583333336,0.24490054319426227,0.24896102762674036
roboticshack/team13-three-balls-stacking,56,0.7916666666666666,5.577835390366562,0.1,3.9308204897972634,0.8881961249043309,1.0,3.157944796439267,0.8323844023890428,1.4322285378219421,0.8764748275279999,0.4218359375,0.2192556700133529,0.2381293794072266
roboticshack/team13-three-balls-stacking,60,0.7875,5.139994663549178,0.1,3.8889826313997373,0.9272931614296401,1.0,3.9301755457254757,0.8129696417476485,1.4952551458357897,0.8787562847137451,0.3951822916666667,0.20555127418609942,0.2438814674417411
roboticshack/team13-three-balls-stacking,65,0.7875,5.503339926953477,0.1,4.063947148649119,0.9258980634335002,1.0,3.1411298356361073,0.8756773887277957,1.4317399397924313,0.8448106497526169,0.5236588541666667,0.2653215094722012,0.20798001924127998
roboticshack/team13-three-balls-stacking,69,0.7875,5.061930781240438,0.10833333333333334,3.8692563372463127,0.9606644135893435,1.0,3.0940580589171134,0.8681553474548417,1.3143214633656666,0.9112161099910736,0.5433072916666667,0.277636010338015,0.2586502406037202
roboticshack/team13-three-balls-stacking,73,0.7875,5.274678678012515,0.10416666666666667,3.9137897029998627,0.9344716799663241,1.0,3.1108406534907687,0.8445842015056206,1.3587319720535824,0.9011592604219913,0.5134895833333334,0.2621089156266538,0.257797879845543
roboticshack/team13-three-balls-stacking,78,0.7875,5.402734906865087,0.10416666666666667,3.865254513799133,0.9364467107533399,1.0,3.144957464698024,0.8669088442472875,1.4124788887949262,0.8818095475435257,0.48282552083333335,0.24770188163219295,0.2270126376710699
roboticshack/team13-three-balls-stacking,82,0.7875,4.847469141912691,0.10416666666666667,3.9084259747293646,0.8698553864052511,1.0,3.900493742381883,0.8570171503501289,1.392335362719473,0.8813341036438942,0.5176953125,0.26372071647997175,0.24436198666677914
roboticshack/team13-three-balls-stacking,86,0.7875,5.238116561209801,0.10416666666666667,3.935986976774719,0.9661655373511793,1.0,3.996703475318924,0.8546964700026252,1.3245431596631103,0.9036831259727478,0.49734375,0.2631488718615413,0.25062711257455084
roboticshack/team13-three-balls-stacking,91,0.7875,5.217963137349859,0.10416666666666667,3.9995102682457304,1.004051318991505,2.0,3.860732624883269,0.824145180852361,1.4472065777227163,0.872675210237503,0.40389322916666665,0.21488031158119986,0.23135439493008922
roboticshack/team13-three-balls-stacking,95,0.7875,4.67843982040285,0.1,3.9625530431317397,0.8782042590899568,2.0,3.0774553994243803,0.8487765182890582,1.36847687995419,0.8844040855765343,0.4911979166666667,0.2536120086477028,0.24543578106553982
roboticshack/team13-three-balls-stacking,100,0.7875,5.5190365857080135,0.1,3.7644888527012523,0.9859706261321174,1.0,4.332313983188513,0.848413872239454,1.3994650122217605,0.8812345266342163,0.4326041666666667,0.22957178205602238,0.2313610642453905
roboticshack/team13-two-balls-stacking,0,0.7875,2.0832650671292043,0.10416666666666667,4.216330343322451,1.292149624487117,1.0,2.880377552847605,0.8656391432926501,1.3684133966637781,0.8096046075224876,0.3265625,0.17521254162412495,0.12774394312308696
roboticshack/team13-two-balls-stacking,2,0.7875,2.358860538212335,0.1,4.171535499069601,1.2323929247380514,1.0,3.2397002961021286,0.896902582410823,1.4651394258706794,0.7919627130031586,0.2843359375,0.15992127292302438,0.07849720230827228
roboticshack/team13-two-balls-stacking,4,0.7875,2.566976356551819,0.10416666666666667,4.058436009526473,1.1566799608779774,1.0,3.247342790322918,0.7896565076217892,1.4857926011594251,0.8065336346626282,0.2319140625,0.13972912700980003,0.16280225216740452
roboticshack/team13-two-balls-stacking,6,0.7875,2.3076770738747894,0.10416666666666667,4.197842779665922,1.3335423034938234,1.0,3.2601606378748755,0.8206297822417628,1.4346672718563673,0.6713429391384125,0.34338541666666667,0.18867830531557808,0.18881814327688337
roboticshack/team13-two-balls-stacking,8,0.7875,2.330804289546478,0.10833333333333334,4.0463112518546005,1.175565829539906,1.0,3.301865674435007,0.840249414519637,1.507981429836906,0.8302745521068573,0.24145833333333333,0.1383106468929715,0.15335224028611416
roboticshack/team13-two-balls-stacking,10,0.7875,2.3090895901156094,0.10833333333333334,4.0908827022367,1.2225933461331067,1.0,3.301865674435007,0.8618966846544328,1.4446652651169156,0.8087219744920731,0.2927734375,0.15903768481637687,0.138996622157548
roboticshack/team13-two-balls-stacking,13,0.7875,2.3292501843117606,0.10416666666666667,4.148721936418664,1.1975406391195653,1.0,2.990344975165371,0.7909541175622637,1.433472938679581,0.8373552449047565,0.33080729166666667,0.173798104556068,0.21021078158550352
roboticshack/team13-two-balls-stacking,15,0.7875,2.355829821133936,0.10416666666666667,4.090030572429655,1.1932001342200886,2.0,3.0848123304975985,0.8179174084026133,1.4146673910545609,0.8222209215164185,0.33458333333333334,0.17509961988776399,0.1979554098150135
roboticshack/team13-two-balls-stacking,17,0.7875,2.25538759101692,0.10833333333333334,4.122081121255796,1.2172717037482208,3.0,3.247342790322918,0.8537059791646218,1.3733418349991595,0.8233426064252853,0.390625,0.2013323570432357,0.1918101738453907
roboticshack/team13-two-balls-stacking,19,0.7875,2.215838357091737,0.10416666666666667,4.121595655573072,1.2413509743387718,1.0,3.2939649878451007,0.8825989613230572,1.3598645866978358,0.8098067045211792,0.31958333333333333,0.1721053948710675,0.10622206383225824
roboticshack/team13-two-balls-stacking,21,0.7875,2.649635908733736,0.1,4.071469764904348,1.1744516754715215,1.0,3.1411298356361073,0.7801338959857878,1.4955614924276273,0.7928390502929688,0.20700520833333333,0.12449712102940765,0.1423345109922957
roboticshack/team13-two-balls-stacking,23,0.7875,2.9651435152717593,0.10833333333333334,3.67007889723831,0.9741551420273168,4.0,2.862405226111747,0.8317157715526656,1.3445109533599093,0.8549154251813889,0.4481510416666667,0.23225732570118146,0.23188155415245434
roboticshack/team13-two-balls-stacking,26,0.7875,3.2596778215349023,0.10833333333333334,3.5242223951332834,0.8387933727304125,4.0,3.0610297994176534,0.7697810545784655,1.4538949314798804,0.876116007566452,0.3076041666666667,0.17277851613917908,0.25243421300988683
roboticshack/team13-two-balls-stacking,28,0.7875,3.3874643481775144,0.1,3.922831011802835,0.8620539953575923,1.0,2.935673446421177,0.7855519091198853,1.3722620355238544,0.8100090026855469,0.29923177083333335,0.1863609723804948,0.20515059956699555
roboticshack/team13-two-balls-stacking,30,0.7875,3.1112245320908842,0.1,3.8111163444069405,0.9323425719998999,4.0,-1.116010391407272,0.8590351372018618,1.541513486816471,0.8252790123224258,0.222734375,0.13593630070341609,0.1325091332047054
roboticshack/team13-two-balls-stacking,32,0.7875,3.413867387072331,0.1,3.795892980654607,0.8996891101884126,1.0,3.2194948968528365,0.7775212478273257,1.4144744121884831,0.8407712057232857,0.330390625,0.18347133576259822,0.24051384898788658
roboticshack/team13-two-balls-stacking,34,0.7875,3.4155768863751352,0.1,3.83201431345477,0.8932883993510233,3.0,3.2194948968528365,0.8107816559943788,1.3170087484486406,0.8706664144992828,0.45125,0.23585717072906887,0.24837383786910844
roboticshack/team13-two-balls-stacking,36,0.7875,3.2334667276568956,0.10416666666666667,3.7986497397295147,0.9028393044727255,2.0,2.800279168037946,0.8030839381082833,1.4794129323387384,0.8668636716902256,0.3449348958333333,0.18640087602183988,0.22425646827476245
roboticshack/team13-two-balls-stacking,39,0.7875,2.9889748170992116,0.10416666666666667,3.8870450070209888,1.0128177155135598,1.0,2.862405226111747,0.8454466731725717,1.4133064767878558,0.8172082826495171,0.305859375,0.17303989412391277,0.16382950485075143
roboticshack/team13-two-balls-stacking,41,0.7875,3.0144618299766774,0.10416666666666667,3.8878781240054634,1.0106809396516863,2.0,2.792702365713282,0.8030944683830439,1.4103472876709418,0.8548926189541817,0.38838541666666665,0.2062168987831489,0.22716049083583575
roboticshack/team13-two-balls-stacking,43,0.7875,3.1510326564457185,0.10416666666666667,3.8754769205740827,0.9651622850431588,1.0,2.898576799281713,0.852631525356323,1.4212899930047,0.8403756581246853,0.3555989583333333,0.1928916255176503,0.17807503750089007
roboticshack/team13-two-balls-stacking,45,0.7875,3.407397599172732,0.1,3.70358463622949,0.911601117070904,3.0,2.935673446421177,0.7847537385819102,1.3359759660679917,0.8795090615749359,0.46272135416666665,0.2416804549162797,0.2811162804902605
roboticshack/team13-two-balls-stacking,47,0.7875,3.5914991344834117,0.1,3.8062199671456223,0.9402184167034308,3.0,2.8155566842112307,0.8029813952738325,1.3297958690322873,0.8633795566856861,0.437890625,0.23125036547115607,0.2558536309570932
roboticshack/team13-two-balls-stacking,50,0.7875,3.061542940124473,0.1,3.73881574747209,0.9392738321628321,2.0,2.792702365713282,0.8444886281186365,1.2661018138726108,0.8610600307583809,0.47899739583333334,0.24817219290105325,0.24485367665529773
roboticshack/team16-can-stacking,0,0.1,4.338151568243376,0.1,4.599354269415833,4.273543059341725,0.0,,1.0220873859750315,1.140178945186167,0.745934784412384,0.37884114583333334,0.22606955572604817,0.018307980180541764
roboticshack/team16-can-stacking,1,0.175,4.816762502483341,0.17916666666666667,3.4624927441907425,6.639452537104714,0.0,,0.7012533159463993,1.387370144003007,0.5236742496490479,0.3526692708333333,0.22443261296569067,0.019770321050866815
roboticshack/team16-can-stacking,3,0.12083333333333333,5.675085211201519,0.12083333333333333,3.376532742461973,5.984901164215857,0.0,,0.7847510577065032,1.2330967663943158,0.5884875804185867,0.3617708333333333,0.22399590023215554,0.02017225855557319
roboticshack/team16-can-stacking,5,0.24583333333333332,3.812237158795406,0.1,3.4420330794541245,6.196593574388371,0.0,,0.6961669221098596,1.2949284310982794,0.5419543758034706,0.3396875,0.21752767267273043,0.023000023075412254
roboticshack/team16-can-stacking,6,0.175,4.913491586526106,0.10833333333333334,3.4917397371365513,4.754180241265199,0.0,,0.8823989762242214,1.215640706721509,0.6531914919614792,0.37822916666666667,0.2262178371047085,0.019523662861508886
roboticshack/team16-can-stacking,8,0.15833333333333333,5.871983293960911,0.1,3.3943453795742506,5.421547465861598,0.0,,0.8214850945440684,1.2244077125538348,0.6118922382593155,0.3739453125,0.22678759604134183,0.020297897408981174
roboticshack/team16-can-stacking,10,0.15416666666666667,3.3953323805392874,0.1,3.72673310980865,3.7364413158498833,0.0,,0.7960360853830157,1.3589764808661673,0.583982590585947,0.38385416666666666,0.23107844194773564,0.018078487654276738
roboticshack/team16-can-stacking,11,0.17083333333333334,4.617607814480228,0.10416666666666667,3.502078693495836,3.8227929903115063,0.0,,0.9388090320544942,1.1452086438526838,0.6975836753845215,0.3811328125,0.2302464532490996,0.02509589081682854
roboticshack/team16-can-stacking,13,0.11666666666666667,4.254561222282037,0.12916666666666668,3.4307235371966103,3.3116333641877147,0.0,,1.0004477187097744,1.2025270324161903,0.7466922998428345,0.394609375,0.23673978694857778,0.021259717675459703
roboticshack/team16-can-stacking,15,0.275,2.7118911850706655,0.8958333333333334,3.3488841062061323,4.2571911226874555,0.0,,0.6965829391230678,1.5233869666463526,0.554539367556572,0.3160546875,0.19919889637521038,0.031720157225041026
roboticshack/team16-can-stacking,16,0.14166666666666666,3.0916733373291088,0.1,4.386046842130349,3.3208504635121447,0.0,,0.8038823389087906,1.2794914491562257,0.6124071478843689,0.3338541666666667,0.21302978478971796,0.023228841395396327
roboticshack/team16-can-stacking,18,0.12083333333333333,4.799149824221766,0.18333333333333332,3.7191201825550246,5.0122939079175355,0.0,,0.7051502595400874,1.2861595901463776,0.5371918603777885,0.32459635416666666,0.21229446439603958,0.022605887033922092
roboticshack/team16-can-stacking,20,0.1,4.768084937609429,0.1625,3.8399331684960467,4.951701902653472,0.0,,0.7286837780950088,1.1792347377428092,0.562385194003582,0.27953125,0.19157247178441317,0.02632670394317794
roboticshack/team16-can-stacking,22,0.1125,5.222759552463187,0.1,4.3688215725312505,5.042839120702646,0.0,,0.9397894216811472,1.0252420553913972,0.717872753739357,0.36484375,0.21603457183900324,0.022792938760564114
roboticshack/team16-can-stacking,23,0.17916666666666667,5.122601580321431,0.16666666666666666,4.3155504513121254,5.189569177185966,0.0,,0.7472829012298402,1.3123209412090486,0.5680266991257668,0.35856770833333335,0.22208581462633148,0.020731743203873
roboticshack/team16-can-stacking,25,0.1125,3.585069178756604,0.1875,3.5561159439909735,2.7649477234926034,0.0,,0.9663437478183242,1.1051487796969266,0.7383609563112259,0.3986328125,0.21563745176462706,0.019286461110092874
roboticshack/team16-can-stacking,27,0.10833333333333334,3.6706997595357387,0.18333333333333332,3.7955614056205738,3.3705927713960184,0.0,,1.0099097889902673,1.0772090622644979,0.7530066668987274,0.4016015625,0.2181058151575322,0.018200828499942864
roboticshack/team16-can-stacking,28,0.1,3.945863184528093,0.1,4.221383014390904,5.2467549519808285,0.0,,0.8141309963699992,1.0810188260865647,0.6338715255260468,0.2917838541666667,0.19638440995483167,0.031010016263808705
roboticshack/team16-can-stacking,30,0.10416666666666667,6.45198136037246,0.1375,4.156763645138728,5.343856771708159,0.0,,0.7763620186061629,1.1519455295242396,0.5889472812414169,0.327578125,0.2110818622124075,0.024984531520953118
roboticshack/team16-can-stacking,32,0.10833333333333334,3.8386234167465973,0.1,3.7431347141993085,3.1101086123821826,0.0,,0.9903720674263448,1.061802838284993,0.7469245716929436,0.40041666666666664,0.21653726505252982,0.018260988216200695
roboticshack/team16-can-stacking,33,0.1125,3.842902769868324,0.19166666666666668,3.6009704653394654,2.872297403334308,0.0,,1.0252668623790657,1.0793865493693737,0.7642667889595032,0.4050651041666667,0.2183058327373948,0.018462359037307183
roboticshack/team16-can-stacking,35,0.10833333333333334,5.065191805088999,0.1,4.405227155506594,4.971072658901492,0.0,,0.9489778770982219,1.0216147795245056,0.7296328842639923,0.3635546875,0.2128494936176022,0.021880446514166305
roboticshack/team16-can-stacking,37,0.17916666666666667,4.438828101377261,0.1875,3.1772860297109777,5.049593280134077,0.0,,0.9983130119870333,1.0445704986762057,0.7469851970672607,0.38359375,0.22473732200530042,0.01922762597015496
roboticshack/team16-can-stacking,39,0.11666666666666667,3.2993338705219224,0.16666666666666666,3.798814307125428,3.548885407949627,0.0,,0.9854409072463617,1.0661901318420368,0.7363837361335754,0.39805989583333334,0.21997041252074018,0.01826992370174313
roboticshack/team16-water-pouring,0,0.11666666666666667,4.013256242350082,0.12083333333333333,3.712617328207184,7.552502634807181,0.0,,0.6131873353679349,1.0912337519435256,0.5270053148269653,0.09692708333333333,0.10420287378675701,0.05658133461408416
roboticshack/team16-water-pouring,2,0.18333333333333332,5.058980609647523,0.1,3.58233931952491,6.440102430610095,0.0,,0.7675282911665346,1.0310538918515624,0.589592233300209,0.319375,0.20907145313561887,0.036406512619989506
roboticshack/team16-water-pouring,4,0.44583333333333336,2.9110577370005304,0.15416666666666667,2.359305130504587,2.3638270036715747,0.0,,0.9472046374552137,1.1973434022235754,0.7250043600797653,0.37049479166666666,0.20854315840615387,0.023312111291855866
roboticshack/team16-water-pouring,6,0.3375,4.48839243371824,0.1,2.742874841981472,3.353046895731177,0.0,,0.7285253260939781,1.3533202812958107,0.5599241517484188,0.3722005208333333,0.22427407650821923,0.0501397363113485
roboticshack/team16-water-pouring,8,0.22083333333333333,5.008499315683516,0.3125,2.788747884870826,5.410796190456547,0.0,,0.627207964874505,1.4469532287903992,0.4702143557369709,0.3512239583333333,0.21419898225255188,0.02318100305517827
roboticshack/team16-water-pouring,10,0.4583333333333333,2.353865669097211,0.1,3.1809573988121835,3.0512230705619956,0.0,,0.8636443242472186,1.1429569320304898,0.6421380192041397,0.36994791666666665,0.21786789953210878,0.01874277016970283
roboticshack/team16-water-pouring,12,0.3416666666666667,3.654528207118323,0.175,3.1540276871991955,5.641004360414342,0.0,,0.6766200591027735,1.2702702293180834,0.505612313747406,0.3567578125,0.22072393382099734,0.021198845424550843
roboticshack/team16-water-pouring,14,0.26666666666666666,5.221755513363053,0.17083333333333334,2.6832529456557834,3.8116160548233244,0.0,,0.6578630063291621,1.412975365049441,0.5054652355611324,0.36299479166666665,0.2211919478204646,0.031978099727846966
roboticshack/team16-water-pouring,17,0.42083333333333334,2.815002674379641,0.1,3.125339919424399,3.9301786303712016,0.0,,0.9991642088275118,1.0757998538759248,0.7479065507650375,0.3842578125,0.22722354858389798,0.030076557520151093
roboticshack/team16-water-pouring,19,0.25833333333333336,3.5753263390910193,0.1125,3.4545307971010915,5.506500498579701,0.0,,0.6597680428059841,1.165263914275788,0.5353683084249496,0.33315104166666665,0.2091626664294379,0.03222770550505425
roboticshack/team16-water-pouring,21,0.17916666666666667,5.85409145531939,0.1,4.499403314630531,6.903239894124978,0.0,,0.7250350968176131,1.0998017953030566,0.538057953119278,0.336015625,0.21544063736596558,0.022105396989844872
roboticshack/team16-water-pouring,23,0.10416666666666667,4.217252898029672,0.17916666666666667,3.674860827888939,6.545175311657494,0.0,,0.7991295569661139,1.113496124252299,0.5791574716567993,0.365,0.2282949790794979,0.019488658857856465
roboticshack/team16-water-pouring,25,0.17916666666666667,6.089234121494417,0.1,4.967882024507225,8.688904202372989,0.0,,0.7437747042720303,1.156197820096738,0.5551166571676731,0.31330729166666665,0.21192063459493934,0.02604545697535823
roboticshack/team16-water-pouring,27,0.18333333333333332,4.272678872861958,0.19166666666666668,3.431835447204255,6.141902578218586,0.0,,0.2980286534223494,1.8995665502085122,0.24969331920146942,0.22450520833333334,0.18230660851021077,0.047017239880912914
roboticshack/team16-water-pouring,29,0.1,4.658663073976322,0.1,4.084896044957774,4.253003338345202,0.0,,0.8726873063020467,0.7667603713154354,0.663679800927639,0.3633854166666667,0.21298282521830544,0.0238201565735287
roboticshack/team16-water-pouring,31,0.1,5.822595622923889,0.1,4.062718238246644,7.583046059076957,1.0,14.036243467926482,0.5752057537566699,1.2591405662928044,0.44638344645500183,0.2593229166666667,0.17941946131913028,0.03236656448430213
roboticshack/team16-water-pouring,34,0.1,4.179776598125605,0.1,4.184066325875424,3.7488463206453084,0.0,,0.9773063794308545,0.7300102972554219,0.7542687729001045,0.40143229166666666,0.2089976480551329,0.02685289594160043
roboticshack/team16-water-pouring,36,0.18333333333333332,3.5510640897233507,0.175,3.7803558799557653,5.905766937594488,0.0,,1.0702831783634779,0.9625666906259884,0.7793410792946815,0.35821614583333333,0.2114986641326733,0.018849170372575146
roboticshack/team16-water-pouring,38,0.1,6.071996285183101,0.1,5.019348316982594,4.464680606219976,0.0,,0.9578481661833983,0.8153769337532489,0.7025667950510979,0.3802994791666667,0.2207803110190384,0.022550296343981598
roboticshack/team16-water-pouring,40,0.32083333333333336,2.6381204214889116,0.12083333333333333,3.5870362410859093,6.2455906266885055,0.0,,0.997513048397462,0.9629302409225814,0.7671328186988831,0.3582682291666667,0.21330670147967976,0.02577498570419843
roboticshack/team16-water-pouring,42,0.1,2.9214060382918694,0.1,4.067366830668713,7.204992970418771,0.0,,1.1004970123294529,1.0248999122270652,0.7930268049240112,0.3613411458333333,0.22252897818601733,0.021908155087080224
roboticshack/team16-water-pouring,44,0.2833333333333333,3.2673389832571718,0.10833333333333334,3.6992349140182883,6.078340107424116,0.0,,0.6904578207385496,1.233096069937559,0.5473514050245285,0.33588541666666666,0.21152998972952244,0.03985754550649065
roboticshack/team16-water-pouring,46,0.3875,3.136867061682532,0.1,2.940170752252153,3.0401842918070154,0.0,,1.031977980691445,1.099724983354014,0.7637182474136353,0.3728255208333333,0.21973475611939117,0.032464852750122467
roboticshack/team16-water-pouring,49,0.1125,2.2909457891203475,0.10416666666666667,3.3874235625934777,6.7276604027336235,0.0,,0.5514033369703271,1.3780286385028633,0.4382511228322983,0.3173958333333333,0.20491896137637264,0.04913748033500584
roboticshack/team9-pick_chicken_place_plate,0,0.275,3.811151932373968,0.1,2.959968177062876,1.2505771313307685,0.0,,0.45308621279619227,3.7151352463126583,0.45770616084337234,0.0,,0.03878534900309786
roboticshack/team9-pick_chicken_place_plate,2,0.2916666666666667,3.7209833643726253,0.15833333333333333,2.5846026019472714,1.1777817640575752,1.0,-6.0332530062007095,0.2918315887168318,3.4097447749386904,0.4099641516804695,0.012213541666666666,0.2509077446003693,0.48327403450957884
roboticshack/team9-pick_chicken_place_plate,5,0.29583333333333334,3.3021751652152695,0.1,2.981122591363829,1.2934945275863101,2.0,-17.043933936315682,0.18413658410760234,3.572403780040783,0.3485012352466583,0.0,,0.664364610468553
roboticshack/team9-pick_chicken_place_plate,8,0.6333333333333333,5.20606452782595,0.8458333333333333,3.0715896540190117,1.9244390139746745,0.0,,0.6622438148459698,2.667034726863026,0.594168595969677,0.0,,0.04907057114219015
roboticshack/team9-pick_chicken_place_plate,11,0.2833333333333333,3.447881680027488,0.1,2.891623300141841,1.6577459139814792,2.0,-5.8773926066431414,0.46606991530219555,3.426521153822135,0.4315331056714058,0.0,,0.03843499245462945
roboticshack/team9-pick_chicken_place_plate,14,0.6333333333333333,5.574444008985334,0.8,2.8684408961218644,1.8551654213946323,1.0,-3.338470543764359,0.6392546354577471,2.4362777588389397,0.5995103791356087,0.0,,0.039645197024714945
roboticshack/team9-pick_chicken_place_plate,17,0.6333333333333333,5.718649811272774,0.8125,2.9712949755692737,2.0392556380516518,1.0,-3.257221940666952,0.6759804996138528,2.937845264529882,0.599946066737175,0.0,,0.03712738220232908
roboticshack/team9-pick_chicken_place_plate,20,0.6333333333333333,3.3284258299360028,0.1,2.8522048594057194,1.3786505384584162,3.0,-10.69221215528404,-0.11724413492690607,3.87473330641116,0.3146957606077194,0.0,,0.7183184594991052
roboticshack/team9-pick_chicken_place_plate,23,0.6333333333333333,5.831136892153644,0.6958333333333333,2.7414248962470826,1.9402212324746473,0.0,,0.6167443619851126,2.888088620886585,0.5493543967604637,0.0,,0.03950241545210997
roboticshack/team9-pick_chicken_place_plate,26,0.6333333333333333,3.8316456393750946,0.1,2.987234575807409,1.268996588225776,0.0,,0.41550275079037197,3.2651295585596873,0.42395254224538803,0.0,,0.03826969035575514
roboticshack/team9-pick_chicken_place_plate,29,0.30833333333333335,3.579641120438531,0.1,2.660849276810473,1.7188263754785251,2.0,-5.964487101253127,0.2603762527763304,3.2682278435693703,0.38289202749729156,0.0284765625,0.27001509490274406,0.5397414896994426
roboticshack/team9-pick_chicken_place_plate,32,0.6333333333333333,3.684199298137676,0.1,2.9856417013806658,1.509523243680724,1.0,-6.009005957494523,0.3828299531216373,3.6565621270180415,0.36335305869579315,0.0,,0.04732450831607365
roboticshack/team9-pick_chicken_place_plate,35,0.6333333333333333,5.785297041063431,0.65,2.7878092580197658,1.8232046677066738,0.0,,0.7733848441541661,2.3439885951577257,0.6743809729814529,0.0,,0.0355817772458147
roboticshack/team9-pick_chicken_place_plate,38,0.6291666666666667,5.082625369823007,0.7,2.7526322994122907,1.9891669760846746,1.0,-3.257221940666952,0.6030027921806437,3.705198655199499,0.5327375680208206,0.0,,0.03572360920467703
roboticshack/team9-pick_chicken_place_plate,41,0.6291666666666667,3.860969850797982,0.8875,2.82674282742078,1.260798848012291,1.0,-4.250654574651193,0.4257374807107248,3.6111133705362666,0.404270987957716,0.0,,0.0477202537881579
roboticshack/team9-pick_chicken_place_plate,44,0.6333333333333333,5.052188683405545,0.8708333333333333,2.96631625956527,1.7243830107861349,1.0,-5.013113755035803,0.6193105407796019,2.9879080302722074,0.5707371681928635,2.604166666666667e-05,0.405857740585774,0.045559661998328116
roboticshack/team9-pick_chicken_place_plate,47,0.6333333333333333,3.262014592898947,0.8,2.775417629226487,1.4454226974463165,0.0,,0.5126929418650119,3.2435796038008253,0.4552449509501457,0.068203125,0.24008892211885782,0.5626713235118571
roboticshack/team9-pick_chicken_place_plate,50,0.6333333333333333,6.129648271651159,0.1,2.7053540721546474,1.9653513874931767,1.0,-4.267893300290808,0.5066569919960602,3.0700657424887194,0.494782529771328,0.0,,0.040350370361364976
roboticshack/team9-pick_chicken_place_plate,53,0.2708333333333333,3.7429853995016997,0.1,2.727462793048978,0.7208878324953241,1.0,-4.325060434738461,0.44089417701596473,4.602639456578209,0.46544962748885155,0.0,,0.05921666783186396
roboticshack/team9-pick_chicken_place_plate,56,0.2916666666666667,3.1044299212310906,0.7625,2.8432758122082986,2.139288575485259,2.0,-12.93260839673951,0.3244484740202512,3.9759045645703073,0.32310911267995834,0.0,,0.037743255235932346
roboticshack/team9-pick_chicken_place_plate,59,0.625,4.258986034108794,0.1,2.780597425757219,2.1915046392298088,1.0,-9.981829287733163,0.49631304751620353,3.306800864146972,0.47178368270397186,0.0,,0.046850415306741534
roboticshack/team9-pick_chicken_place_plate,62,0.6333333333333333,4.274340475605721,0.1,3.081327902070047,1.3090195136377478,1.0,-2.862405226111747,0.40998037147545574,3.9800082012932454,0.3751119151711464,0.14830729166666667,0.28783084332215364,0.043892613117059956
roboticshack/team9-pick_chicken_place_plate,65,0.6375,3.824204675418293,0.1,2.9659250784777766,1.0685912034595904,1.0,17.818888914522773,0.444823705660985,3.1628580996949904,0.43172286450862885,0.0,,0.0631591342504372
roboticshack/team9-pick_chicken_place_plate,68,0.6291666666666667,6.0673198182413905,0.6625,2.7316792499911964,2.2961715464529546,1.0,-3.310941514611443,0.5114176235328228,3.4162305505124144,0.46754976361989975,0.0,,0.03791814456335895
roboticshack/team9-pick_cube_place_static_plate,0,0.6333333333333333,5.047463723771664,0.8958333333333334,2.789857444848342,1.61197684031884,1.0,-3.9724959407506617,0.7365646263753906,2.8095359242391433,0.6499425694346428,0.0,,0.039119285986750324
roboticshack/team9-pick_cube_place_static_plate,1,0.6333333333333333,3.5143095740675303,0.6666666666666666,2.4618023895908157,1.7290284312383606,2.0,-5.847255441273219,0.3559059175356701,2.829571903750538,0.4885401800274849,0.0,,0.4440718371626678
roboticshack/team9-pick_cube_place_static_plate,3,0.2791666666666667,5.086500087444322,0.65,2.8716608632150273,3.2454572298563362,3.0,15.216326712022976,-0.07742121487521318,2.790334952123852,0.3594481199979782,0.0,,0.5504089076711022
roboticshack/team9-pick_cube_place_static_plate,5,0.29583333333333334,4.5226166528931335,0.6666666666666666,2.3903725469738806,1.601132828530466,2.0,-4.033411072770193,0.5703683562960102,2.935486546354813,0.5200088396668434,0.0,,0.19807090530180774
roboticshack/team9-pick_cube_place_static_plate,6,0.6333333333333333,6.165518719880367,0.65,2.8281042716078026,1.7338951833754555,1.0,-4.134671373736424,0.7442506380325564,2.673552114662185,0.6563969105482101,0.0,,0.04586725494697728
roboticshack/team9-pick_cube_place_static_plate,8,0.6333333333333333,5.842109258063289,0.8958333333333334,2.72681146881353,1.3872791398214888,1.0,-10.140793146112799,0.6006128329299133,3.244279807399652,0.5753054544329643,0.0,,0.03952077585569646
roboticshack/team9-pick_cube_place_static_plate,10,0.2791666666666667,4.3367465360139485,0.1,2.95139127527895,2.329371676951695,0.0,,0.4074495747147066,3.3889600964672,0.42617055028676987,0.0,,0.040626435179114864
roboticshack/team9-pick_cube_place_static_plate,11,0.6333333333333333,4.389610141324594,0.6583333333333333,2.7591781038302927,1.595368947446895,1.0,-9.950626687951598,0.4889623883835023,3.179679317227048,0.50508713722229,0.0,,0.04143366213918229
roboticshack/team9-pick_cube_place_static_plate,13,0.6333333333333333,5.860195847929604,0.65,2.6862785874844217,1.757972366278563,0.0,,0.676516161027222,2.988467011196476,0.5987727642059326,0.0,,0.03812234269281714
roboticshack/team9-pick_cube_place_static_plate,15,0.2708333333333333,4.149980328057025,0.6958333333333333,2.519820704540026,1.754164394201958,0.0,,0.4709836838535094,3.19460206308506,0.45349739491939545,0.0,,0.054340343764157154
roboticshack/team9-pick_cube_place_static_plate,16,0.15,3.2436027044779077,0.12916666666666668,2.903089250535968,1.157888423208503,0.0,,0.30829586149453064,4.647813321196312,0.33379894495010376,0.0,,0.04417717777623855
roboticshack/team9-pick_cube_place_static_plate,18,0.6333333333333333,3.4451022381956706,0.1,2.9874179643155805,1.1371640553834017,1.0,-2.9931320059790636,0.3986257904196117,3.820513446172379,0.38729505985975266,0.228515625,0.24803633372671027,0.05605259873254922
roboticshack/team9-pick_cube_place_static_plate,20,0.6333333333333333,3.1410805441002134,0.1,2.9444184400901827,1.2448529386041736,1.0,-4.151285266421695,0.4076245855206547,3.9793522655093714,0.4128202944993973,0.0,,0.04117233934008391
roboticshack/team9-pick_cube_place_static_plate,22,0.2916666666666667,4.833602163580686,0.6666666666666666,2.415936665173035,1.821189335494181,0.0,,0.5158343175543638,3.080554179436781,0.4966198354959488,0.0,,0.08123681033709866
roboticshack/team9-pick_cube_place_static_plate,23,0.2708333333333333,4.171864113402688,0.6625,2.590505602404119,1.0825312654101058,0.0,,0.49159693053264325,3.292426440698712,0.5449975691735744,0.0,,0.040269092014639844
roboticshack/team9-pick_cube_place_static_plate,25,0.6333333333333333,5.793131474262832,0.65,2.755484191875637,1.8104183959923108,0.0,,0.7494311656107832,2.7143047715677633,0.6556814014911652,0.0,,0.04542389991491129
roboticshack/team9-pick_cube_place_static_plate,27,0.2916666666666667,4.528049540718991,0.6916666666666667,2.3775437985686225,1.562788243866566,1.0,-6.115503566285412,0.5717325494337355,3.0454934147250476,0.5129305273294449,0.0,,0.108752184443001
roboticshack/team9-pick_cube_place_static_plate,28,0.6333333333333333,4.538965213054812,0.1,2.4888655319233597,1.9857971500986968,0.0,,0.39539271535756265,2.9151489622868887,0.47789693996310234,0.0,,0.2502700796286377
roboticshack/team9-pick_cube_place_static_plate,30,0.6333333333333333,3.879260095349843,0.1,2.771617075787514,1.292998342123938,1.0,-3.231009900368207,0.4641279796219108,3.4173907091727345,0.47095831483602524,0.0,,0.037133490212236386
roboticshack/team9-pick_cube_place_static_plate,32,0.625,4.584458481479764,0.8958333333333334,2.6725555615975427,1.805817567051723,2.0,-4.873896422204766,0.6095222927063944,3.2750133386627014,0.5497519224882126,0.0,,0.04941289222017578
roboticshack/team9-pick_cube_place_static_plate,33,0.6333333333333333,4.710692870548056,0.8958333333333334,2.6939650337363106,1.2061314346673266,1.0,-3.130244862219101,0.7037413783083284,2.8444481470351364,0.6412424594163895,0.0009635416666666667,0.4884654529005993,0.047856537252496625
roboticshack/team9-pick_cube_place_static_plate,35,0.2791666666666667,5.258999572038698,0.6458333333333334,2.73802678756804,1.847946452503134,1.0,-2.91083782616775,0.4976455232720346,2.926444699729304,0.5232049822807312,1.3020833333333334e-05,0.2928870292887029,0.051089330524480406
roboticshack/team9-pick_cube_place_static_plate,37,0.6208333333333333,4.606675595426994,0.1,2.7205235390697404,1.5749527712848008,1.0,-3.1548428647919735,0.4761377725459807,3.301416181230665,0.44270792603492737,0.0,,0.037783504718376666
roboticshack/team9-pick_cube_place_static_plate,39,0.625,4.779423428222086,0.6583333333333333,2.6587505311400195,1.8163497551121832,1.0,-4.989362569642196,0.5875256878368105,3.220482601344837,0.5387033224105835,0.0,,0.04405039917995873
samanthalhy/so100_herding_1,0,0.7375,11.338001141509691,0.8083333333333333,1.9099858029372674,0.9713727661460702,2.0,0.0,1.3606858396727044,1.5619466987553745,0.8657437562942505,0.544921875,0.31790894957584115,0.0542869374179189
samanthalhy/so100_herding_1,2,0.7375,10.404336997589102,0.8333333333333334,2.082799094626921,1.320152279814538,3.0,0.0,1.353125563003349,1.4082152434315105,0.850718691945076,0.5346875,0.3259042727058568,0.058437032168549556
samanthalhy/so100_herding_1,4,0.7375,10.232245152616999,0.8416666666666667,2.0186378585339577,1.2082190951345793,2.0,0.0,1.3647927112141345,1.5308421750160248,0.8629693314433098,0.5486067708333333,0.3263363961918956,0.041786048153447775
samanthalhy/so100_herding_1,6,0.7375,11.040844029692641,0.8083333333333333,2.1638330564962684,1.2115360279210043,3.0,0.0,1.3336085361551946,1.423694739451098,0.852019414305687,0.5369791666666667,0.32345226838305413,0.06266481547454272
samanthalhy/so100_herding_1,8,0.7375,9.002212480738239,0.8083333333333333,2.2068412487815476,1.402706308557856,5.0,0.0,1.2216300791061905,1.3902977926375575,0.7605369538068771,0.4982552083333333,0.3238067944122479,0.06619477330172054
samanthalhy/so100_herding_1,10,0.7375,10.735882712062464,0.8583333333333333,2.065503030514904,1.122417999193151,1.0,0.0,1.376754600210346,1.481629431337436,0.8663881979882717,0.5573046875,0.3327383837960224,0.04429934341845018
samanthalhy/so100_herding_1,12,0.7375,12.084823614263348,0.8083333333333333,2.161615695158613,1.147820406803701,1.0,0.0,1.396371476231783,1.4856893658838202,0.8704674914479256,0.5597395833333333,0.32931326948106177,0.052075040848615424
samanthalhy/so100_herding_1,14,0.7375,10.01131937757808,0.8083333333333333,2.1815436461740676,1.1977678814734214,3.0,0.7440592028887067,1.3697236524032654,1.5392170968260999,0.8713873438537121,0.5454557291666666,0.32402152667777273,0.048588594644132795
samanthalhy/so100_herding_1,17,0.7375,8.490195684694138,0.8083333333333333,2.296251847920893,1.5989414862786826,1.0,-10.939091183192147,1.3249315581672358,1.3794974567055434,0.8585621938109398,0.5094661458333334,0.3206246197742722,0.04577314822185931
samanthalhy/so100_herding_1,19,0.7375,10.949916798897055,0.8083333333333333,2.187274346341214,1.231767543244349,1.0,0.0,1.2223153752011051,1.487260491807956,0.7684918493032455,0.5648828125,0.3268574920454062,0.050164504602199685
samanthalhy/so100_herding_1,21,0.7375,9.09157858773228,0.8125,2.157543657003607,1.398421729714819,1.0,0.6700955222245284,1.324186564442318,1.3477300668270225,0.8424132391810417,0.5234114583333334,0.32996114838245244,0.04730359396195525
samanthalhy/so100_herding_1,23,0.7416666666666667,8.69445419163587,0.8083333333333333,2.2424761807753963,1.7905510605141421,0.0,,1.1981862306071145,1.425685073389011,0.7411158680915833,0.5230859375,0.33240617175902504,0.0490228120344416
samanthalhy/so100_herding_1,25,0.7416666666666667,9.34425905889948,0.8625,2.021007006933729,1.1826909484820205,1.0,0.0,1.3604934301142755,1.4961954166322913,0.8643543794751167,0.5551692708333333,0.330833229394039,0.04503397342127287
samanthalhy/so100_herding_1,27,0.7416666666666667,8.876691446001246,0.8083333333333333,2.1825448627755057,1.380845354771355,1.0,-0.8184554616886146,1.3145508427317285,1.4085514319219774,0.8214454464614391,0.5185677083333333,0.32847478582041084,0.05199215847984984
samanthalhy/so100_herding_1,29,0.7416666666666667,11.235166810999186,0.825,2.100269022482959,1.0092422543317814,0.0,,1.386142217511212,1.5637310038063388,0.8703226018697023,0.5569661458333334,0.3227494259394662,0.061814894145315415
samanthalhy/so100_herding_1,31,0.7416666666666667,11.10366308770873,0.8833333333333333,1.9474943503032986,0.8417665693199032,0.0,,1.3841134115145222,1.6367608823724218,0.8726888224482536,0.5755729166666667,0.32729454423746274,0.03856911650859664
samanthalhy/so100_herding_1,34,0.7416666666666667,8.190426488114372,0.8083333333333333,2.2304815009642054,1.3648867897569357,0.0,,1.180248950472266,1.3658369783450046,0.7468365728855133,0.5297135416666666,0.3297852164527854,0.05083483788926039
samanthalhy/so100_herding_1,36,0.7416666666666667,11.238866557590352,0.20416666666666666,1.739251453835973,0.9257817010575234,2.0,-0.9548412538721891,1.3596644062626602,1.4594280532793524,0.8652797788381577,0.5506380208333334,0.3242197467495776,0.03928975433322348
samanthalhy/so100_herding_1,38,0.7416666666666667,8.505311313000654,0.8458333333333333,1.9315600987001378,1.1607111483567492,2.0,1.0109970523303957,1.1392488380130272,1.3770436235190278,0.7334792017936707,0.5273697916666666,0.33134197205820093,0.04548014383481969
samanthalhy/so100_herding_1,40,0.7416666666666667,7.73199813033602,0.8083333333333333,2.3926832396479725,1.3142103951012847,1.0,0.0,1.1826165309276595,1.455237013231879,0.7259185165166855,0.4909375,0.3222622906285206,0.06999266998279421
samanthalhy/so100_herding_1,42,0.7416666666666667,9.81694324624265,0.8083333333333333,2.35754614860897,1.5757818157600014,0.0,,1.2323972814033421,1.3437227200748645,0.7959745824337006,0.49092447916666665,0.3234055601049249,0.05381303638566977
samanthalhy/so100_herding_1,44,0.7416666666666667,8.85846870611001,0.8083333333333333,2.2098008722724525,1.2865223961899528,2.0,-0.7902365024291811,1.303766948461258,1.4831056264445415,0.826373815536499,0.5651041666666666,0.3218775427568787,0.04815063425052209
samanthalhy/so100_herding_1,46,0.7416666666666667,8.601078089038834,0.8125,2.136558837928478,1.1860263719671937,0.0,,1.380386898611026,1.504352996683243,0.8705497607588768,0.5645052083333333,0.32155555808626574,0.05011512693980184
samanthalhy/so100_herding_1,49,0.7708333333333334,8.496661594674762,0.8125,2.2080636083576612,1.1353639967191391,1.0,0.0,1.346017341005421,1.5147519865210073,0.8573285788297653,0.5459375,0.324048338694187,0.04830252557011837
samsam0510/cube_reorientation_2,0,0.36666666666666664,3.715666075492682,0.1,2.541023031447904,2.1891777699428316,0.0,,0.8487052595138974,0.7514775863576226,0.621780052781105,0.14252604166666666,0.1571189720247055,0.0721295368703736
samsam0510/cube_reorientation_2,7,0.11666666666666667,4.860357475853347,0.1,3.02071282257476,2.9263537728459097,0.0,,0.06476392114715371,4.16302228853667,0.10841597616672516,0.24122395833333332,0.2280221802943912,0.4984062490878925
samsam0510/cube_reorientation_2,15,0.6166666666666667,2.8310605046421307,0.7666666666666667,2.652691276469709,0.5898788109054101,2.0,1.613538932881184,0.3561449560462671,4.610627915460385,0.2400936484336853,0.0,,0.20590234491298992
samsam0510/cube_reorientation_2,23,0.20416666666666666,3.5956924088172313,0.8958333333333334,2.3678755757716776,2.2908708752686575,2.0,1.636577041616718,1.0001355394693887,0.7610251983923978,0.7952935770153999,0.4040885416666667,0.20973824632344115,0.058800064843209585
samsam0510/cube_reorientation_2,31,0.6833333333333333,3.1942898960203427,0.1,2.3859286543965643,1.0492535996174124,0.0,,0.4282304711457416,2.328786743976939,0.3276252746582031,0.3730078125,0.18722779503443515,0.025420846259836097
samsam0510/cube_reorientation_2,39,0.525,3.3842882884704752,0.8958333333333334,2.418929601665861,2.6874143852180357,1.0,5.856013585428954,0.3012387632849273,2.192568802551192,0.2506977394223213,0.3714192708333333,0.2220738616569918,0.2788090278529034
samsam0510/cube_reorientation_2,47,0.6833333333333333,5.005675520598538,0.875,2.2077691078809254,1.8931923208551338,1.0,1.613538932881184,0.8011351310280379,0.9433869797338424,0.6017386838793755,0.48606770833333335,0.2551401219699458,0.02501057684823189
samsam0510/cube_reorientation_2,55,0.4166666666666667,6.663103868179516,0.8958333333333334,2.435594434067071,1.458273988615117,0.0,,0.44917910286881046,3.666946440694551,0.26299862563610077,0.4212109375,0.22047411526822205,0.18468599057075247
samsam0510/cube_reorientation_2,62,0.20833333333333334,4.377133200041351,0.8958333333333334,2.4466770992329927,2.494183192866107,2.0,1.824089832376103,0.19948300278871897,3.7124632333641423,0.15250462852418423,0.4110286458333333,0.24728382070519328,0.043959513476922014
samsam0510/cube_reorientation_2,70,0.7791666666666667,2.890434146217052,0.5666666666666667,2.313455960138353,0.7148432440562972,1.0,1.8125526855155982,0.1934928351066092,4.957972182068765,0.12868937477469444,0.0,,0.16854956695862192
samsam0510/cube_reorientation_2,78,0.18333333333333332,4.550225258906996,0.8958333333333334,2.5000172324886,2.738638421912801,1.0,1.7788003156738483,0.03479309257770074,3.1594269120949168,0.12360704131424427,0.3699088541666667,0.25307805838535163,0.44914172262468277
samsam0510/cube_reorientation_2,86,0.42916666666666664,4.116069342956382,0.7333333333333333,2.936135542968259,2.385909243864802,1.0,1.613538932881184,0.20936714580711097,3.9457699104677837,0.15827642753720284,0.342578125,0.24706691539084202,0.07930472806032553
samsam0510/cube_reorientation_2,94,0.4375,5.54881251127934,0.8708333333333333,3.077867557674242,1.2690307315479845,2.0,1.6846843178962843,0.6904973557113248,2.6163783334279724,0.323338083922863,0.4905598958333333,0.24929142384354186,0.37840122272822135
samsam0510/cube_reorientation_2,102,0.24166666666666667,3.6418018425523857,0.725,2.7931723495335263,2.5086094053067,2.0,4.927109947649015,0.26059320350896176,2.8432675876308653,0.20753611996769905,0.4014973958333333,0.2341799007132714,0.21755804810084794
samsam0510/cube_reorientation_2,110,0.5833333333333334,3.595182614247375,0.8666666666666667,2.941590809136873,1.8592272568168922,0.0,,0.4923793949305944,1.8178983695467432,0.37022634968161583,0.41259114583333334,0.2161069974051896,0.026254327653454708
samsam0510/cube_reorientation_2,118,0.6791666666666667,2.8327663725391767,0.7208333333333333,2.7609017899399664,2.321030367076907,3.0,1.909152432996379,0.4802407601204186,1.9758726009301508,0.35193203389644623,0.4275,0.2328854847194695,0.24228797294312415
samsam0510/cube_reorientation_2,125,0.11666666666666667,3.329655240795705,0.7208333333333333,2.886935339132511,2.885971026603061,0.0,,0.334046951658054,2.2104291295005747,0.2614011690020561,0.3805859375,0.23045991894048024,0.029830502116109502
samsam0510/cube_reorientation_2,133,0.2625,5.467143629500894,0.8958333333333334,2.7666122586949706,2.0512641936635405,1.0,1.6748379905292126,0.4796644433609636,1.880465574639287,0.34484679251909256,0.39208333333333334,0.21165778860733042,0.5591705598325055
samsam0510/cube_reorientation_2,141,0.10416666666666667,3.95425878423548,0.1,3.1495365517860856,2.629062414854446,1.0,1.961417667770334,0.3637664049238622,2.396290922049418,0.27682559937238693,0.3371223958333333,0.24143201568080153,0.02417160160666504
samsam0510/cube_reorientation_2,149,0.37083333333333335,3.332198635108337,0.8666666666666667,2.8878452959147114,2.9928875803099393,1.0,1.6249763575247727,0.3050603720861566,2.814940188455846,0.22061152383685112,0.2917578125,0.21940692846097667,0.06337620633556147
samsam0510/cube_reorientation_2,157,0.5333333333333333,3.0275990195821643,0.8666666666666667,2.1478888691570455,0.7423600445730224,0.0,,0.472666942196847,2.3013052251765824,0.360417565330863,0.016158854166666667,0.031368952693704294,0.06443090572855992
samsam0510/cube_reorientation_2,165,0.3,3.0488273990488732,0.8958333333333334,2.7777915957601054,1.9257717505549026,0.0,,0.6332758840835059,1.2316187314269968,0.4782479628920555,0.427265625,0.22450808704214165,0.06827304204275611
samsam0510/cube_reorientation_2,173,0.3333333333333333,3.8705685809988317,0.8958333333333334,2.9555760602899293,1.8414047272707836,1.0,1.909152432996379,0.5210382217258175,1.7944855619752118,0.38455016538500786,0.44983072916666667,0.24106895548154456,0.07004356447231692
samsam0510/cube_reorientation_2,181,0.36666666666666664,6.889267214283165,0.8666666666666667,2.862400561467511,1.7215682033392203,2.0,1.613538932881184,0.4967366713283077,2.1707961962855866,0.3435748592019081,0.4714453125,0.24947451734118775,0.0929170024069957
samsam0510/cube_reorientation_4,0,0.12083333333333333,7.9432744464718485,0.8,2.604823374870483,2.231839352104706,2.0,-1.9305874411669919,1.0053117643408893,1.2503522917925387,0.7567259818315506,0.4859895833333333,0.2463776434246039,0.020395161402888537
samsam0510/cube_reorientation_4,4,0.11666666666666667,7.4989837353040265,0.15833333333333333,2.6682452894539197,1.6183841836098967,1.0,-1.9556813975228806,1.0566739496722222,1.1812785500508298,0.7820543497800827,0.5002083333333334,0.2556004384505061,0.021791397840105427
samsam0510/cube_reorientation_4,8,0.14166666666666666,10.618563758641983,0.15833333333333333,3.1812066411325888,3.252760492685954,1.0,-1.9749340108819808,1.0840898575467177,1.0045396923260337,0.7799319624900818,0.39233072916666667,0.2600588309708693,0.0183523526829483
samsam0510/cube_reorientation_4,12,0.12083333333333333,10.398188811574787,0.8666666666666667,2.6768752725890916,2.471823975462476,2.0,-2.2394759379518803,1.0504537764604145,1.1480325668455647,0.7943864613771439,0.4540625,0.24226483752655253,0.02123676907298983
samsam0510/cube_reorientation_4,17,0.1125,10.509317684311045,0.15833333333333333,3.089351551701726,3.0943121905241915,2.0,-2.636758426140446,1.092802124253184,1.0629843977199716,0.7832159847021103,0.40162760416666665,0.25910277531536746,0.02411723234518658
samsam0510/cube_reorientation_4,21,0.11666666666666667,9.563403524090873,0.1625,2.7735327987328406,1.7794866531091722,2.0,-1.9219559589314343,1.0803658194680081,1.0571242999570023,0.8057713955640793,0.4908203125,0.2537147696691292,0.019776757007434056
samsam0510/cube_reorientation_4,25,0.12083333333333333,8.003352585066066,0.8,2.7415573864115967,2.3713884169547277,2.0,-1.9863406958822054,1.011412645417237,1.2394451069787829,0.7541892752051353,0.423046875,0.23256206286839465,0.016770380626736525
samsam0510/cube_reorientation_4,30,0.125,7.991413993778689,0.8333333333333334,2.6553153974864796,2.807900197800267,2.0,-2.227046967413571,0.8259505781456828,1.3292335234643269,0.6369793266057968,0.3710026041666667,0.20274156744363694,0.021097619951254032
samsam0510/cube_reorientation_4,34,0.12083333333333333,10.366786660995206,0.8333333333333334,2.5879605888412383,2.4330469218814965,1.0,-1.8039951162005963,1.072759301033323,1.098104935556763,0.8138126730918884,0.4336328125,0.22882969946165654,0.022077963006365622
samsam0510/cube_reorientation_4,38,0.14583333333333334,10.587758558910606,0.1625,2.7875762720406794,3.461345134330725,2.0,-2.0025331318268798,1.0498225895761815,1.0614831509537581,0.7519841343164444,0.3715104166666667,0.24924008101891906,0.016677329819384655
samsam0510/cube_reorientation_4,43,0.11666666666666667,13.272672434105894,0.8333333333333334,2.5734127044886126,3.0699071836614737,1.0,-1.8595993387455536,1.0510518057151457,1.0575937738147765,0.7903607562184334,0.4024479166666667,0.24499351023120036,0.016010775921432498
samsam0510/cube_reorientation_4,47,0.12083333333333333,7.136903877967067,0.8041666666666667,2.6498484937373035,2.066381883521025,2.0,-2.7079174858662043,1.0488344737075264,1.2325751062648722,0.7850989252328873,0.5113411458333333,0.25835656087423414,0.018889048956148596
samsam0510/cube_reorientation_4,51,0.11666666666666667,12.952707084555035,0.7708333333333334,2.5364986481169143,2.49071284931723,1.0,-2.121096396661457,1.0738497283383377,1.1326990576663858,0.8181129544973373,0.46684895833333334,0.23789447814042677,0.023402889756330744
samsam0510/cube_reorientation_4,55,0.10416666666666667,9.50134744924259,0.7666666666666667,2.7314691369838053,3.3287490370758848,1.0,-2.8864185438646075,0.945497907454391,1.0669973491677445,0.762995183467865,0.34727864583333334,0.24273477108087088,0.1502054087391076
samsam0510/cube_reorientation_4,60,0.1125,12.201099305549445,0.15833333333333333,2.9276622943867885,3.1135341561169203,1.0,-2.3215305898327188,1.0726814973326264,1.039740581683744,0.7814727872610092,0.4034375,0.25057257248173437,0.017087992959902577
samsam0510/cube_reorientation_4,64,0.11666666666666667,10.934407016294623,0.8041666666666667,2.4971473869347887,2.5310330052424566,1.0,-1.7760442533587337,1.0410718806500223,1.0624151820940102,0.7956982254981995,0.43319010416666665,0.22479858931084273,0.026014025635558664
samsam0510/cube_reorientation_4,68,0.1125,12.159864675677575,0.15833333333333333,2.851541045655592,3.1116417071825366,1.0,-2.0825652797308862,1.0760802279599615,1.0419157273432464,0.7893590182065964,0.4068359375,0.250212954574824,0.016450848663873825
samsam0510/cube_reorientation_4,73,0.11666666666666667,9.18465837510213,0.8375,2.5000789270528356,2.531940103305964,2.0,-2.121096396661457,1.0240686232438112,1.1616560670177316,0.7849918752908707,0.4323958333333333,0.22160184217343404,0.01927662574846427
samsam0510/cube_reorientation_4,77,0.1125,10.799557113976194,0.8666666666666667,2.6729144970798595,3.2286690967548224,1.0,-1.8626209493066739,1.0264178481197646,1.1953029090188925,0.7743832021951675,0.3601953125,0.2318632640278837,0.01851818714726295
samsam0510/cube_reorientation_4,81,0.10416666666666667,11.538139295534906,0.15416666666666667,3.063238557187892,3.3472055363489144,1.0,-3.0127875041833363,1.025219585618193,1.0172721218726946,0.737289622426033,0.3759375,0.2605816931404636,0.023469602180027953
samsam0510/cube_reorientation_4,86,0.11666666666666667,7.845052426888119,0.8,2.5915812607150257,2.547666955334606,2.0,-2.1323684365540174,0.9666530943120548,1.1073556238803024,0.7442090660333633,0.38397135416666667,0.2086214404321532,0.030643075027157678
samsam0510/cube_reorientation_4,90,0.11666666666666667,6.957776887523005,0.8333333333333334,2.56782507890157,2.33039812842863,2.0,-1.9414863909143776,1.0117065312482252,1.1819626436875752,0.7405075132846832,0.45774739583333335,0.23274250494968782,0.019496942649958687
samsam0510/cube_reorientation_4,94,0.11666666666666667,9.594832755057476,0.8208333333333333,2.5402641607075913,2.527159879222474,2.0,-2.121096396661457,1.05173548435568,1.106389226584096,0.8000757470726967,0.44026041666666665,0.22387709149335214,0.024795785493424313
samsam0510/cube_reorientation_4,99,0.1125,10.952847173909136,0.15833333333333333,2.7917538678274987,3.43237917337594,2.0,-2.2394759379518803,0.9205247336599173,1.1631367068603848,0.6486845389008522,0.3592838541666667,0.2564841577217677,0.01692275767812471
samsam0510/glove_reorientation_1,0,0.12083333333333333,4.177353637194256,0.8958333333333334,2.956570598901681,2.767895300306217,2.0,-2.077174765162809,0.6425752491317273,1.5325555706904415,0.5294202715158463,0.3369921875,0.18175123703451862,0.05462043145498425
samsam0510/glove_reorientation_1,4,0.14583333333333334,5.949922108586445,0.8833333333333333,3.0698617714047987,1.9415158437055435,1.0,-2.066476985644229,1.045373511701351,1.14164183696832,0.7630918547511101,0.45255208333333335,0.24741039866208947,0.052755747936893596
samsam0510/glove_reorientation_1,8,0.14583333333333334,6.401791965937304,0.8333333333333334,2.8859478221442982,2.1211880390031332,3.0,-2.202598161765806,1.0531895921279735,1.0874745428894803,0.7824146896600723,0.40803385416666665,0.21949657008444975,0.06424552144777887
samsam0510/glove_reorientation_1,12,0.14583333333333334,3.6512545791470026,0.8958333333333334,3.215482325668851,1.4591671086381237,2.0,-2.1437608652234132,1.0064949072360143,1.3091349346387744,0.7139770239591599,0.5254817708333334,0.2654454392040577,0.03874915303790081
samsam0510/glove_reorientation_1,17,0.1375,9.064337360008736,0.5083333333333333,2.915085792229258,3.018510733007859,0.0,,0.6945409887158184,1.3955811561426075,0.6004987433552742,0.3582942708333333,0.21272327201913824,0.05421326631804963
samsam0510/glove_reorientation_1,21,0.11666666666666667,4.650305114224071,0.8958333333333334,2.8162700349552288,2.509325866725635,2.0,-2.0558887850046688,0.7977352401601895,1.2776635678796746,0.6117211878299713,0.3612239583333333,0.19833483602193436,0.0978787892718255
samsam0510/glove_reorientation_1,25,0.12083333333333333,6.045270993204311,0.8333333333333334,2.866405163628382,2.258939109650975,1.0,-1.8183029644518314,1.048783007859946,1.1075185972696302,0.7810826450586319,0.4087109375,0.22090527942590021,0.08848016039455303
samsam0510/glove_reorientation_1,30,0.12083333333333333,3.878021863171426,0.8333333333333334,2.856350288573626,2.8930530309387525,2.0,-2.045408488887233,0.7070378132529621,1.5186915389646416,0.5507777780294418,0.31752604166666665,0.17642196101954374,0.10234509548181116
samsam0510/glove_reorientation_1,34,0.12083333333333333,9.05636390114856,0.7666666666666667,2.625029572418415,2.3044098496787555,2.0,-2.1552756207914996,1.0608199285247666,1.0547831737515545,0.8078389316797256,0.3949609375,0.20539128642776477,0.05277915873744695
samsam0510/glove_reorientation_1,38,0.11666666666666667,4.879864900726864,0.8666666666666667,2.908291842785461,2.5860910322389863,1.0,-1.7899106082460747,0.7481796568310012,1.4338038943892657,0.5582865364849567,0.346953125,0.19897810970866436,0.09353485575486248
samsam0510/glove_reorientation_1,43,0.12083333333333333,3.8350486510495503,0.8958333333333334,3.2089574444798012,1.267376779510328,1.0,-2.045408488887233,0.9887461655199968,1.4866030366438239,0.661815956234932,0.5540234375,0.28211392211254144,0.057926647658777086
samsam0510/glove_reorientation_1,47,0.12083333333333333,6.939119848841592,0.8958333333333334,2.8392568478423748,1.8071147721479077,2.0,-1.6249763575247727,1.017620335471208,1.1633498913289906,0.7471388727426529,0.450078125,0.26075167098924446,0.06747320911463178
samsam0510/glove_reorientation_1,51,0.14583333333333334,3.2512310139302194,0.8666666666666667,3.003414219918332,1.9254231544306546,2.0,-2.1786800752766027,0.9028263765924893,1.2774116401123572,0.6578865051269531,0.40631510416666666,0.21058380972365895,0.07168878325705412
samsam0510/glove_reorientation_1,55,0.12083333333333333,5.932993303863247,0.8958333333333334,3.109537108512888,1.4469115955710368,1.0,-1.9414863909143776,1.027026615044,1.2140787231167522,0.771594226360321,0.4712369791666667,0.2545372650381536,0.01787707621703307
samsam0510/glove_reorientation_1,60,0.14583333333333334,4.854788646583573,0.8666666666666667,3.133886380929038,1.809201971755179,1.0,-1.9920935729664393,0.9015212728670522,1.3326374205710267,0.6296287924051285,0.430078125,0.2341530521891472,0.08743279975920838
samsam0510/glove_reorientation_1,64,0.11666666666666667,6.771432812274398,0.8708333333333333,2.945322542923583,2.137834702442557,1.0,-2.227046967413571,0.8829322541774035,1.1847625285301377,0.6548394933342934,0.3953125,0.23063213543475503,0.09536114020805378
samsam0510/glove_reorientation_1,68,0.11666666666666667,4.5174922385006075,0.6083333333333333,2.87026618998244,2.7089304659115867,1.0,-1.9749340108819808,0.7728142019679615,1.4609509653291,0.6269580721855164,0.33286458333333335,0.18540569930649073,0.08906197597222087
samsam0510/glove_reorientation_1,73,0.11666666666666667,7.4077207173141275,0.8958333333333334,2.881350066158892,2.641110179827635,2.0,-2.202598161765806,0.8969893129608981,1.07150618181636,0.7625204622745514,0.3451692708333333,0.19276677329606698,0.05558949697117439
samsam0510/glove_reorientation_1,77,0.14583333333333334,4.077861706050351,0.8958333333333334,3.3222355179362744,1.271460707865148,2.0,-2.202598161765806,0.8196670012124632,1.6555562478131245,0.5597079545259476,0.5019401041666667,0.2638121497488769,0.042645053323227655
samsam0510/glove_reorientation_1,81,0.11666666666666667,6.6406034888027134,0.8958333333333334,2.748815849674334,1.3498392016857084,1.0,-2.190573864038228,1.048234110651504,1.233722947223572,0.8116326406598091,0.5075520833333333,0.28722292947139505,0.022598129681511488
samsam0510/glove_reorientation_1,86,0.10833333333333334,4.4622653305544695,0.5333333333333333,2.912532664434205,3.440622730120849,1.0,-2.683775159468979,0.8657087591620481,1.2062486711082365,0.7062717750668526,0.35484375,0.23916466612254322,0.0915359082841808
samsam0510/glove_reorientation_1,90,0.14166666666666666,8.637317552145467,0.8791666666666667,2.8722874673527232,2.816839095482325,1.0,-2.5335588883945803,0.9432549843587447,0.9890830010862052,0.7916938364505768,0.36041666666666666,0.21227734176602894,0.05791652942635908
samsam0510/glove_reorientation_1,94,0.11666666666666667,4.272099622041803,0.8958333333333334,3.3440289924990787,1.3928872419498597,4.0,-2.109942848133258,1.180737808847818,1.1068257239207078,0.7836868092417717,0.534453125,0.27319221601970395,0.038521066454587055
samsam0510/glove_reorientation_1,99,0.11666666666666667,4.156069799329638,0.65,2.907203740745409,2.438999658152384,2.0,-1.9305874411669919,0.7700838300280576,1.2458807046183218,0.6326226070523262,0.32326822916666664,0.1767420508074874,0.058902117790633375
samsam0510/tooth_extraction_3,0,0.2625,4.116920023104463,0.7208333333333333,3.0185884512700185,8.202435601490068,2.0,3.2397002961021286,0.7856710861427603,1.3463949721268615,0.5628740787506104,0.43104166666666666,0.268639115777638,0.026095088776191464
samsam0510/tooth_extraction_3,4,0.2791666666666667,4.874048109168558,0.7125,3.2385260115598205,7.821389143063459,3.0,2.935673446421177,0.7365001777573891,1.3590478391135496,0.5314145684242249,0.42139322916666666,0.2716597302281119,0.026270661707013712
samsam0510/tooth_extraction_3,8,0.2625,4.30224115234491,0.7125,3.212762263749472,8.234016085242786,2.0,2.990344975165371,0.7812824482560561,1.3462618171395084,0.5627924501895905,0.4282942708333333,0.2698779750800968,0.02819031620910529
samsam0510/tooth_extraction_3,12,0.2625,5.62366088033872,0.7125,3.171031031406916,7.52113043497251,2.0,3.0774553994243803,0.7685434077556508,1.3312997995952336,0.5551268756389618,0.42671875,0.27037840242231476,0.028164754042902928
samsam0510/tooth_extraction_3,17,0.26666666666666666,5.350178578524311,0.7125,3.215139361406766,7.344276126989563,2.0,2.8155566842112307,0.7603072602639067,1.3334503741889168,0.5482728481292725,0.4315364583333333,0.27207598393018606,0.02981836327475857
samsam0510/tooth_extraction_3,21,0.2625,5.4101360121684525,0.7166666666666667,3.176462972168242,7.713530484005458,2.0,3.148096099562764,0.7860327026905383,1.3294535367078515,0.5649787187576294,0.42919270833333334,0.2708796918170511,0.02702568209766257
samsam0510/tooth_extraction_3,25,0.2625,4.620140470824126,0.7125,3.0941490283986135,7.635758153279836,3.0,2.8945126923575373,0.7857611540547219,1.2927297223145315,0.5641358196735382,0.43365885416666666,0.2680834357739644,0.027926641785878538
samsam0510/tooth_extraction_3,30,0.275,5.160286261019633,0.7166666666666667,3.213397923373563,7.79531697549698,2.0,3.2808807726094074,0.7504466392159078,1.3739127329536887,0.5428335070610046,0.425,0.2710975315858561,0.03150958242941164
samsam0510/tooth_extraction_3,34,0.2625,4.520664867535651,0.7166666666666667,3.1607169585094597,7.675888073533225,1.0,2.8155566842112307,0.7760382529648884,1.3340700175653537,0.5599306225776672,0.43092447916666665,0.2706982118802155,0.03127914700691805
samsam0510/tooth_extraction_3,38,0.25833333333333336,5.393604246517243,0.7125,3.17951082998098,7.562593129041933,2.0,3.1411298356361073,0.7734380561686214,1.3335241628163776,0.5555375218391418,0.42911458333333335,0.2695850077267979,0.02957254221431179
samsam0510/tooth_extraction_3,43,0.25833333333333336,5.1127248920979875,0.7125,3.1775729890859075,8.124454481787748,2.0,3.122130462115706,0.7768208336555151,1.297229282534087,0.5538573265075684,0.42510416666666667,0.2704854058864479,0.026062413630239513
samsam0510/tooth_extraction_3,47,0.275,4.3865099065554025,0.7125,3.1429277925033503,7.923123346266148,1.0,3.103359321743369,0.8378157108935282,1.3124553380697463,0.5963914692401886,0.44092447916666666,0.26822131065404203,0.029056482800442058
samsam0510/tooth_extraction_3,51,0.2625,4.43732874207897,0.7166666666666667,3.172044695425694,8.361493864558081,2.0,2.9545798240596923,0.7551085721664548,1.3492825000345792,0.5449403822422028,0.4344921875,0.2699130340577423,0.028100831899687942
samsam0510/tooth_extraction_3,55,0.25416666666666665,4.728720346470079,0.7125,3.1727616898281847,7.70106570019134,2.0,3.0848123304975985,0.7631153966728245,1.3335296825316025,0.5422815680503845,0.4287109375,0.27345577466220616,0.03179839842797387
samsam0510/tooth_extraction_3,60,0.2625,5.320136561352584,0.7166666666666667,3.2052751998627858,7.6116028208268665,3.0,3.6677880555314317,0.7622527657427389,1.3446798544988983,0.5476680397987366,0.4285807291666667,0.27003229441626303,0.029505025189056993
samsam0510/tooth_extraction_3,64,0.2625,4.399916894592235,0.7166666666666667,3.0969824987189463,7.324048091472145,2.0,3.0821808245281375,0.7996277190304575,1.321647060570937,0.5831758975982666,0.45276041666666667,0.26534912185873594,0.03018667314713725
samsam0510/tooth_extraction_3,68,0.2708333333333333,5.363910891231232,0.7166666666666667,3.2022162417614135,7.532062383020028,3.0,3.0664855011258965,0.7457486269088073,1.3490782575372569,0.5373737215995789,0.4257421875,0.27025626319408214,0.029551687626730168
samsam0510/tooth_extraction_3,73,0.2625,5.210377003738017,0.7166666666666667,3.221068572347926,7.708303949873078,2.0,3.122130462115706,0.7658122985502535,1.343542452603636,0.5547578930854797,0.42609375,0.2702452718540101,0.02722955873326601
samsam0510/tooth_extraction_3,77,0.25416666666666665,4.806934537122479,0.7125,3.18361526635926,8.142450695480758,3.0,3.0848123304975985,0.7840688514390546,1.3060161459135229,0.5650367140769958,0.4306770833333333,0.2695766969540417,0.029076473017684075
samsam0510/tooth_extraction_3,81,0.2708333333333333,4.276864854325407,0.7166666666666667,3.146102289280797,7.707590413588509,2.0,3.8785245028477107,0.8823617167192158,1.2704508110450252,0.6382911503314972,0.4446875,0.2686869481353849,0.03454063115672864
samsam0510/tooth_extraction_3,86,0.25833333333333336,5.171704468421421,0.7166666666666667,3.218197434710214,7.633959849481364,2.0,3.1603616260456704,0.8064497605078491,1.3176386874861956,0.581815779209137,0.4293489583333333,0.26997890819519776,0.028848934292667116
samsam0510/tooth_extraction_3,90,0.25833333333333336,4.534453667454635,0.7125,3.209085959992058,7.7197082288418155,2.0,3.860732624883269,0.7611613491725626,1.3760477116602754,0.5416935682296753,0.4268489583333333,0.274315121907139,0.028445282724526604
samsam0510/tooth_extraction_3,94,0.2625,4.513346087941173,0.7125,3.1752868132401426,8.063347582068825,2.0,3.1150647599054935,0.7850529435310143,1.2853937775910396,0.5661733150482178,0.43354166666666666,0.26997613896601846,0.028420480319820765
samsam0510/tooth_extraction_3,99,0.2708333333333333,5.117038116458246,0.7166666666666667,3.2553415431830484,7.935356883945274,3.0,2.9780206519497483,0.7593357035194392,1.335828692328626,0.5514998435974121,0.42477864583333336,0.27111464984082767,0.028275812858319
samsam0510/tooth_extraction_4,0,0.2625,5.390536899993236,0.1,2.639385315818711,2.4561780710680927,2.0,2.8155566842112307,0.5764920039188867,1.909618174837912,0.4237323999404907,0.4142578125,0.26288894280940345,0.023694480788622605
samsam0510/tooth_extraction_4,8,0.25416666666666665,3.7618441937337725,0.8083333333333333,3.2443280784737896,3.6684271165232483,2.0,3.9825205718290277,0.4919097750654658,2.0306833603781054,0.35057884454727173,0.3807291666666667,0.2824970379316463,0.07591207648834025
samsam0510/tooth_extraction_4,17,0.2625,6.796211882649011,0.1,3.3458498989483725,8.312669777564533,3.0,3.1080309349998316,0.7765741360812666,1.320794082661014,0.5651866793632507,0.39716145833333333,0.26284592354050995,0.029051873210394822
samsam0510/tooth_extraction_4,25,0.26666666666666666,6.581662361580148,0.7041666666666667,3.061825573793301,7.104103977259371,2.0,3.0528825147924294,0.7823454154756347,1.2901119346601324,0.5803514719009399,0.4353125,0.2518053256920185,0.031135335986141745
samsam0510/tooth_extraction_4,34,0.275,5.823835440665577,0.7041666666666667,3.1786491231663034,7.302351385014644,3.0,3.0848123304975985,0.8548380492622539,1.3344128856161679,0.602919340133667,0.41235677083333333,0.25694345446380457,0.02169533743932056
samsam0510/tooth_extraction_4,43,0.26666666666666666,6.541111368191616,0.7041666666666667,3.09728256267584,7.170717885467562,3.0,2.862405226111747,0.8184904755763347,1.3075230408737506,0.5910302400588989,0.423046875,0.2623931921118953,0.03355331506573296
samsam0510/tooth_extraction_4,51,0.2625,8.359154745610303,0.7041666666666667,2.9984008275753466,6.609040564474038,2.0,3.179830119864235,0.7839126546068812,1.335804501728845,0.5913723111152649,0.45447916666666666,0.2476266042807672,0.026016373228913033
samsam0510/tooth_extraction_4,60,0.2625,7.833539319560758,0.7041666666666667,2.902214404621809,6.780772967099994,3.0,3.165206388810404,0.856993078450847,1.3320106372807643,0.6277396082878113,0.4822005208333333,0.245869368798856,0.03546663856991687
samsam0510/tooth_extraction_4,69,0.25833333333333336,6.962023742792962,0.8625,3.2170132637309528,3.577399122304146,3.0,2.995303287602752,0.6632894848682589,1.594518665443707,0.4754875898361206,0.47903645833333336,0.2941834294156248,0.028676397758854826
samsam0510/tooth_extraction_4,77,0.25416666666666665,5.913933297442686,0.7083333333333334,3.3388505508507564,8.996551876340494,2.0,3.1411298356361073,0.7640414203982029,1.3610481811263135,0.5495859384536743,0.38295572916666665,0.25880292134457417,0.017816045409775657
samsam0510/tooth_extraction_4,86,0.25416666666666665,8.304888888106873,0.7125,3.119207380291221,7.742126391620031,2.0,3.1150647599054935,0.6594063842519715,1.4308557500629082,0.4802646338939667,0.3876171875,0.26021059508283517,0.017670303572434133
samsam0510/tooth_extraction_4,95,0.25416666666666665,6.29061532217695,0.7041666666666667,3.1261934544877357,9.0048431141851,2.0,3.179830119864235,0.6863051914810746,1.4372977534657034,0.4951763153076172,0.41455729166666666,0.25638871052485634,0.029837040787012926
samsam0510/tooth_extraction_4,103,0.2708333333333333,4.2494675532256805,0.75,3.0148778732035577,5.437819617551716,3.0,2.7591076586202803,0.5807476094394625,1.6844007014839193,0.4087318778038025,0.4243359375,0.28884492816645907,0.026907555444697268
samsam0510/tooth_extraction_4,112,0.275,7.854424356570574,0.7041666666666667,3.095841686971322,7.884095745492408,2.0,2.8767650703005785,0.8371971132250621,1.3135290870674088,0.6045659184455872,0.43096354166666667,0.2589407998713596,0.016216193275247332
samsam0510/tooth_extraction_4,121,0.26666666666666666,6.301569613868409,0.7041666666666667,3.123585552974408,8.187361049411674,1.0,3.0393995689269246,0.8103370292318796,1.3050421855136247,0.5781446397304535,0.39338541666666665,0.2688820480321211,0.02686625709492687
samsam0510/tooth_extraction_4,129,0.25416666666666665,4.876668357025007,0.7041666666666667,3.20046301438216,8.377423226990608,2.0,3.179830119864235,0.7955713428527517,1.2983474846652854,0.5777702331542969,0.41765625,0.26277183738829485,0.038459617232176814
samsam0510/tooth_extraction_4,138,0.225,5.996293045761663,0.8958333333333334,2.710058629057342,3.212986672716415,0.0,,0.5933883782572748,1.767120000998416,0.45494043827056885,0.39032552083333333,0.2749742724652358,0.02411624804927142
samsam0510/tooth_extraction_4,147,0.25416666666666665,6.082387197993869,0.7041666666666667,3.1081113906951945,8.332419471287189,3.0,3.1411298356361073,0.7357187034639089,1.3505653970369143,0.5422986149787903,0.42584635416666666,0.25323127565488107,0.026714307608528505
samsam0510/tooth_extraction_4,155,0.25416666666666665,4.764793219537803,0.7041666666666667,3.159532862098356,7.687317319283205,3.0,3.2194948968528365,0.8210670423192178,1.3174984890504922,0.5931617021560669,0.4370833333333333,0.26419388259789156,0.03377884477851913
samsam0510/tooth_extraction_4,164,0.25833333333333336,7.982522457314592,0.7041666666666667,3.044986865777155,7.986424669597978,2.0,2.9038188650962695,0.7728417385151003,1.302128774726979,0.5766579210758209,0.4292447916666667,0.24896362094380492,0.01984590788990462
samsam0510/tooth_extraction_4,173,0.275,7.881582954493368,0.7041666666666667,3.0452555010197835,7.9624711588400805,2.0,3.1080309349998316,0.8336589176644758,1.3656026338665292,0.6016279757022858,0.48692708333333334,0.2570103485885094,0.017317085074843048
samsam0510/tooth_extraction_4,181,0.25416666666666665,5.83088026894624,0.7041666666666667,3.217398848801709,9.974204819698702,2.0,3.199539709562572,0.7724354185241888,1.278883255470429,0.5619066059589386,0.4065755208333333,0.25524097939439416,0.017426097778382534
samsam0510/tooth_extraction_4,190,0.2708333333333333,5.075552867854598,0.7041666666666667,3.1507906206833245,6.809599608689929,2.0,3.157944796439267,0.7628660994852388,1.2813103892711106,0.5580043792724609,0.4258984375,0.2559297141740958,0.023381094120553555
samsam0510/tooth_extraction_4,199,0.25416666666666665,5.7111846388154195,0.7083333333333334,3.071184765456659,7.667076302642414,2.0,3.122130462115706,0.7450048766200403,1.324766981936208,0.5411335229873657,0.4183984375,0.2564237784198963,0.01875346826588822
shreyasgite/so100_base_env,0,0.6541666666666667,3.0866291232902308,0.6458333333333334,3.3121381544898294,0.33296581578056417,1.0,-0.9628636256362171,0.36386857480844337,2.774163969793321,0.286317378282547,0.0,,0.045887847281090195
shreyasgite/so100_base_env,10,0.7958333333333333,5.997989861431544,0.49166666666666664,3.1830162895673784,0.1475407776799937,0.0,,0.4202770075139015,3.023516570767673,0.28057866357266903,0.0,,0.15645715291329088
shreyasgite/so100_base_env,21,0.30416666666666664,2.8577749851023335,0.12083333333333333,3.2730732356290253,0.70300591964956,0.0,,0.23974619550885456,2.9216288982320235,0.1963665969669819,0.23634114583333332,0.13099270208610286,0.037792329851446704
shreyasgite/so100_base_env,32,0.2125,3.4404998981350996,0.15,3.275698267672699,0.7403113712929921,0.0,,0.39169633772604273,2.7125338746515677,0.3387579172849655,0.020924479166666666,0.04955307975306777,0.16201028805570697
shreyasgite/so100_base_env,43,0.525,1.9706973874379137,0.12916666666666668,3.524134352705374,0.9317775480871932,0.0,,0.16658541920946524,2.5434774514283047,0.1677580177783966,0.0,,0.08544193769711124
shreyasgite/so100_base_env,54,0.6458333333333334,2.4629759257863153,0.15,3.072764323491811,0.3265470811733657,0.0,,0.29848405529042615,2.8702526976981115,0.2667786180973053,0.0,,0.032481530993323175
shreyasgite/so100_base_env,65,0.75,5.266835994061804,0.4791666666666667,2.593683537748355,0.5336115310447915,0.0,,0.18340200165722753,2.196148680791888,0.13051045686006546,0.13036458333333334,0.17204041342857188,0.07599396804978316
shreyasgite/so100_base_env,76,0.8958333333333334,5.555658276934938,0.8625,4.167387378758852,0.1372838552004701,0.0,,0.32362537332220037,2.08404553309968,0.24563553929328918,0.06295572916666667,0.11029063704767797,0.14060204876064794
shreyasgite/so100_base_env,87,0.8541666666666666,4.905424860330184,0.85,4.285821835818136,0.19992275097322482,0.0,,0.4866701413566898,2.803897975420123,0.3759365379810333,0.1524609375,0.07872283631194542,0.16113248787645695
shreyasgite/so100_base_env,98,0.7833333333333333,3.2124351485429186,0.8958333333333334,2.950651094077515,0.200631574288408,0.0,,0.35278515884905615,3.3176768889873456,0.2899348568171263,0.08885416666666666,0.04425986059538817,0.07120533815814921
shreyasgite/so100_base_env,109,0.8958333333333334,2.9877358755275902,0.375,2.9645470146710995,0.13933119347752648,0.0,,0.4755915410929202,2.9668474364566255,0.29275305569171906,0.0,,0.1649976857965589
shreyasgite/so100_base_env,120,0.8958333333333334,2.712439927304952,0.25,2.9185009634303594,0.11192554263106687,0.0,,0.349810942066862,2.7621916130836963,0.2494165003299713,0.046848958333333336,0.0663804391561095,0.07368029405727802
shreyasgite/so100_base_env,130,0.8958333333333334,3.3015274038939038,0.1,3.2552408095158625,0.49309582098368615,0.0,,0.4554911214169416,2.4095574394682195,0.3775506168603897,0.2694270833333333,0.14490672925966577,0.0386704309409101
shreyasgite/so100_base_env,141,0.12083333333333333,2.900096491076603,0.1,3.189223552046879,0.4553414184311338,0.0,,0.3387607023317965,2.6098659602658656,0.2773516848683357,0.20415364583333334,0.10826783473136921,0.04536677711772053
shreyasgite/so100_base_env,152,0.7416666666666667,4.713058599271079,0.1,2.5667250591337942,0.7544582758767995,0.0,,-0.025449429505682332,2.6274873984191744,-0.01633671298623085,0.0,,0.29307973950637256
shreyasgite/so100_base_env,163,0.7125,4.67821061088206,0.12916666666666668,2.6668393386267097,0.7885833109184424,0.0,,0.11879737136890302,2.6077212591035086,0.1174796000123024,0.0,,0.05969584648879075
shreyasgite/so100_base_env,174,0.7083333333333334,5.349625829776429,0.1,2.742259240617534,0.9961673343697192,0.0,,0.5254251316206228,2.017962518092516,0.3956669121980667,0.2901171875,0.1667276038142711,0.04811436561776727
shreyasgite/so100_base_env,185,0.6916666666666667,5.463729556757975,0.125,1.9972258286224398,0.8391500847080327,0.0,,0.08355338448440099,1.9665516502300193,0.059035465121269226,0.0,,0.37762710786872805
shreyasgite/so100_base_env,196,0.6708333333333333,5.562717976926463,0.13333333333333333,2.9326241897940464,0.3899544983123991,0.0,,0.31712171922683574,2.7683437008718337,0.2546147257089615,0.0,,0.20096036530830835
shreyasgite/so100_base_env,207,0.6708333333333333,6.185663353838647,0.1,2.3970527025528097,0.7945570373429718,0.0,,0.285444845491625,2.4599191433308016,0.25922001153230667,0.0013541666666666667,0.014483424525265529,0.08822703313605411
shreyasgite/so100_base_env,218,0.6916666666666667,4.90405532585613,0.1,2.604706309932258,1.0091516285496327,0.0,,0.2759731084892681,2.8759038339293586,0.21077193692326546,0.09787760416666667,0.08385622992347053,0.04571982566456488
shreyasgite/so100_base_env,229,0.8333333333333334,6.321177458943893,0.10416666666666667,3.075879201148801,0.5379306062152626,0.0,,0.47763302689668014,2.3570205707385266,0.3714515082538128,0.40295572916666667,0.22263343199934346,0.032731447543373655
shreyasgite/so100_base_env,240,0.8333333333333334,4.677258364420414,0.125,2.9335182574833527,0.3998085079688586,0.0,,0.31245890079794025,2.2793040846604646,0.245952270925045,0.0,,0.052026673099957045
shreyasgite/so100_base_env,251,0.8375,3.9034192937487324,0.4708333333333333,3.117991360339358,0.09079902327874895,0.0,,0.47527494868527725,2.896707174597944,0.32840300910174847,0.0,,0.2113295031509708
shreyasgite/so100_legocube_50,0,0.8708333333333333,2.1849495381163875,0.5875,2.9387486128134324,0.6849054689399854,5.0,2.202598161765806,0.411176817024734,3.4987537317764486,0.31431657262146473,0.0030598958333333333,0.014172527374699545,0.2134502013679915
shreyasgite/so100_legocube_50,2,0.8666666666666667,2.2804204821971927,0.5833333333333334,3.0812048327242363,0.6514777332487937,4.0,3.179830119864235,0.5090068964145982,2.9584426049762698,0.35870882496237755,1.3020833333333334e-05,0.0,0.22567994120933244
shreyasgite/so100_legocube_50,4,0.8125,1.6097626979101776,0.6083333333333333,2.6674386414670366,0.7174274937564032,1.0,2.045408488887233,0.2685290625492267,3.9994864188129164,0.22603440657258034,0.12598958333333332,0.06718473521165252,0.03179693822756317
shreyasgite/so100_legocube_50,6,0.875,2.168017783552751,0.8583333333333333,2.4946647774210646,0.6755548953648076,1.0,0.996347896504929,0.21540884620078748,4.504904048719663,0.18169721215963364,0.023333333333333334,0.02450220412432755,0.03614725274754113
shreyasgite/so100_legocube_50,8,0.8833333333333333,2.0431474554184703,0.5875,2.6663777906695754,0.7208320787260102,0.0,,0.253547283822987,4.6369911208695385,0.2173650711774826,0.0094921875,0.012535082734989753,0.028948374501859383
shreyasgite/so100_legocube_50,10,0.6125,1.3879738728925166,0.7416666666666667,2.589843897066233,0.710208797542448,1.0,1.877877447285357,0.2352466270604396,5.5151854635036575,0.20185000821948051,0.0,,0.3979868968472162
shreyasgite/so100_legocube_50,12,0.8791666666666667,1.8782130680862756,0.2125,2.303416302472289,0.76799475127029,2.0,1.8279682443049978,0.29810770140753967,3.1594065058067167,0.2526647560298443,0.0791796875,0.05362611715343559,0.02748528697234678
shreyasgite/so100_legocube_50,14,0.6375,1.6907840405747354,0.7541666666666667,2.6412728413159585,0.7040369993634014,1.0,1.8933858457462804,0.3467716354998497,3.583644635338561,0.30589936673641205,1.3020833333333334e-05,0.0,0.23839829249440073
shreyasgite/so100_legocube_50,17,0.8791666666666667,1.431683220620607,0.6458333333333334,2.446658797017923,0.699570757893222,2.0,2.0025331318268798,0.27914651780321276,4.483929297292698,0.21019405871629715,2.604166666666667e-05,0.0,0.4008535769434651
shreyasgite/so100_legocube_50,19,0.65,1.3293154091481718,0.7375,2.5922769757288067,0.6728876718994792,1.0,0.0,0.27578250166134793,4.2146296684529,0.24646436050534248,0.0,,0.29080626507178364
shreyasgite/so100_legocube_50,21,0.8958333333333334,1.6262915169302536,0.6208333333333333,2.5260787390239856,0.7369477057325221,1.0,1.9749340108819808,0.30497229769358924,2.8529903397726617,0.25731660425662994,0.0115625,0.02035508311658939,0.02653089104599781
shreyasgite/so100_legocube_50,23,0.12916666666666668,1.5234014480213975,0.1,2.6022378375617214,0.8538771642593793,1.0,1.9414863909143776,0.4144106921150056,2.145454710341974,0.33894243091344833,0.153671875,0.08433397927732268,0.028028873770747826
shreyasgite/so100_legocube_50,25,0.18333333333333332,1.612735628412912,0.8958333333333334,2.6240476637194217,0.7604176056081046,0.0,,0.2886139508404453,2.6685472400132126,0.2533779814839363,0.0,,0.05562121008336361
shreyasgite/so100_legocube_50,27,0.8958333333333334,1.39107757455122,0.6166666666666667,2.408645516039116,0.8834611582460498,1.0,1.948085006514944,0.4515778370859724,2.3893483101311523,0.3449982814490795,0.23587239583333333,0.12531167101860843,0.053327935834410714
shreyasgite/so100_legocube_50,29,0.8958333333333334,1.6959664198439954,0.8958333333333334,2.3246354298130774,0.7979309967805073,3.0,1.909152432996379,0.4572330506420388,2.0023688399697757,0.38919637352228165,0.021927083333333333,0.024252377781532313,0.025236458033405584
shreyasgite/so100_legocube_50,31,0.8958333333333334,1.8326770403627641,0.8958333333333334,2.526689771519631,0.8470444234231137,2.0,1.8279682443049978,0.46531546254775125,2.277992995256041,0.3971448689699173,0.1641796875,0.08107312602308706,0.02504952728748377
shreyasgite/so100_legocube_50,34,0.6416666666666667,1.7081380095951686,0.8958333333333334,2.6713312586079003,0.6714059503787603,1.0,1.9749340108819808,0.3329696304083691,4.90925082730179,0.24579572677612305,0.0040494791666666665,0.013278801006336691,0.4747213381484555
shreyasgite/so100_legocube_50,36,0.8958333333333334,1.9671234806072564,0.8958333333333334,2.51836901822992,0.8074181427781574,1.0,1.909152432996379,0.22662395541681402,3.8480752722960783,0.18365227803587914,0.032565104166666664,0.030220547764157932,0.33017149905360216
shreyasgite/so100_legocube_50,38,0.6625,1.794365662993105,0.8,2.802205539092316,0.705867095985537,0.0,,0.395694698427631,3.877037279127788,0.30413527600467205,0.0,,0.375086597253132
shreyasgite/so100_legocube_50,40,0.8958333333333334,2.0154852754167587,0.6166666666666667,2.6957908300324727,0.7519042583204787,2.0,2.862405226111747,0.28807126483784173,3.636201384038115,0.24721655063331127,0.0,,0.03614629855480945
shreyasgite/so100_legocube_50,42,0.8833333333333333,1.4447457067713276,0.8958333333333334,2.6947916233756954,0.672472872083759,1.0,1.5074357587749745,0.2771192575479317,5.358472503104374,0.1904780026525259,0.0010286458333333332,0.003442614268312059,0.38325290923112
shreyasgite/so100_legocube_50,44,0.8958333333333334,2.3203729723759756,0.75,2.676367608986992,0.7285863276308688,0.0,,0.2998374411952089,3.803269131970512,0.23329993896186352,0.006171875,0.01346150451070741,0.21334085316232163
shreyasgite/so100_legocube_50,46,0.8958333333333334,2.3763097331686454,0.6125,2.6082849229097307,0.7182618346455665,1.0,1.909152432996379,0.3165012748102101,2.769043824864231,0.26767283491790295,0.06923177083333333,0.05245509981011407,0.021810278166344396
shreyasgite/so100_legocube_50,49,0.8958333333333334,1.8018487571191324,0.6208333333333333,2.574932107477147,0.7076235861123589,1.0,1.9414863909143776,0.39572048518837266,2.4204863878840093,0.3314042091369629,0.017786458333333335,0.020929691185209237,0.053519420495365955
sihyun77/mond_1,0,0.8291666666666667,6.542694806027836,0.6416666666666667,3.59659992088513,0.3129611671553067,0.0,,-0.3539634783089147,0.6916777285862713,-0.277524471282959,0.0,,0.21182475877705736
sihyun77/mond_1,1,0.8291666666666667,5.4547510292256325,0.6416666666666667,3.595512550273158,0.2817120579837364,0.0,,-0.7658478517925706,0.5855943997156291,-0.6229932308197021,0.0,,0.014091298299112986
sihyun77/mond_1,2,0.8291666666666667,6.20794528968565,0.6375,3.547644369230167,0.2919797246147377,0.0,,-0.3099888687845171,0.9310483561806349,-0.26225484907627106,0.0,,0.07295670805856345
sihyun77/mond_1,3,0.8291666666666667,7.021600499713757,0.6416666666666667,3.5511237950733276,0.31764064340127407,0.0,,-0.643132983440036,0.637856902316271,-0.48362644016742706,7.8125e-05,1.0,0.018716967060136817
sihyun77/mond_1,5,0.8291666666666667,6.311433313057141,0.6708333333333333,3.546151967947968,0.32437892116959166,0.0,,-0.822144935052649,0.5074720539820083,-0.5991015434265137,1.3020833333333334e-05,0.9958158995815899,0.010959828899665444
sihyun77/mond_1,6,0.8291666666666667,4.194900800086396,0.675,3.663321143961298,0.38481217073043067,0.0,,-0.6544705558233178,0.5355388761444594,-0.5062331855297089,0.0,,0.00976824058290281
sihyun77/mond_1,7,0.8291666666666667,6.362579645988625,0.6458333333333334,3.568296876079753,0.29155568749279287,0.0,,-0.48077570049066803,0.7765056954775155,-0.3795236647129059,5.208333333333334e-05,0.9958158995815899,0.061866036571017684
sihyun77/mond_1,8,0.2625,4.350997170409912,0.8958333333333334,3.9156638163690523,0.3045312449823023,0.0,,-0.6676104493240668,0.5089539787823035,-0.4726458191871643,0.0,,0.0008816899455714364
sihyun77/mond_1,10,0.8291666666666667,6.863143500118057,0.6583333333333333,3.5879726087982884,0.3353712889040876,0.0,,-1.0099417636409116,0.4035791655764598,-0.7530179619789124,0.0,,0.0020701713292724903
sihyun77/mond_1,11,0.8333333333333334,6.59376070813615,0.6416666666666667,3.520665664297251,0.3208245100428302,0.0,,-0.6699068853915459,0.5906672476838422,-0.4829193092882633,0.0,,-0.005456077800595892
sihyun77/mond_1,12,0.2625,4.517052084066452,0.8958333333333334,4.124106789133507,0.3019204811873369,0.0,,-0.9200996907406914,0.4063013310373788,-0.6573549769818783,0.0,,-0.004104499888959366
sihyun77/mond_1,13,0.8333333333333334,6.4148063644423905,0.7125,3.553829331106541,0.30628218125340084,0.0,,-0.6491213906575727,0.7131501382469448,-0.47954460978507996,0.0,,-0.001467442090750603
sihyun77/mond_1,15,0.8333333333333334,6.376607112618523,0.6458333333333334,3.521233728733709,0.32120932624650067,0.0,,-0.5256178459259055,0.6723280295921922,-0.39154113829135895,0.012838541666666667,0.9585324246564879,0.0015350485247802787
sihyun77/mond_1,16,0.2625,4.322782112668972,0.75,3.682539766944295,0.3640874089168215,0.0,,-0.6576295589790147,0.4721471505079039,-0.5280419439077377,0.0,,0.018619744958484064
sihyun77/mond_1,17,0.2625,4.716404179186366,0.8958333333333334,3.838008218525934,0.3292673929634201,0.0,,-0.8480357563422533,0.46330849087020604,-0.6250178813934326,0.0,,-0.003302597119615947
sihyun77/mond_1,18,0.8333333333333334,7.096723229890854,0.675,3.5368592888659856,0.3306565184818124,0.0,,-0.9272360504991913,0.4523051228089941,-0.7193770185112953,1.3020833333333334e-05,1.0,0.0032748945979469138
sihyun77/mond_1,20,0.8333333333333334,4.811829344352234,0.8916666666666667,3.980320026101145,0.3190317895809809,0.0,,-1.0913528324691717,0.4534473929155454,-0.8085261732339859,0.0,,-0.003799970729461416
sihyun77/mond_1,21,0.2625,4.468306741463724,0.7791666666666667,3.8396718666125524,0.34551963288730164,0.0,,-0.7619306510776557,0.5700903350388588,-0.547392725944519,0.0,,0.04425721743920629
sihyun77/mond_1,22,0.8708333333333333,6.998048952589423,0.6791666666666667,3.648403469432218,0.3030589943958645,0.0,,-0.982465177703462,0.49023086172399355,-0.7309785485267639,0.0030729166666666665,0.9843096234309625,-0.0007273177996129679
sihyun77/mond_1,23,0.8708333333333333,6.758673951859394,0.6791666666666667,3.6382578638124143,0.2937425959376643,0.0,,-1.003949045691129,0.422154459510793,-0.7416084110736847,3.90625e-05,0.99721059972106,-0.00010068539112892691
sihyun77/mond_1,25,0.8708333333333333,6.8262782957715205,0.7,3.653337760411372,0.2953565544608005,0.0,,-1.05095805317245,0.4762712222920449,-0.7611386477947235,0.0012369791666666666,0.9882404756661527,-0.0006315787512671724
sihyun77/mond_1,26,0.8708333333333333,6.530857025202765,0.7125,3.6853569488724536,0.2738714769036881,0.0,,-0.8392323492949395,0.5657317560913857,-0.6453690975904465,0.0011197916666666667,0.9963024228860563,0.018108969659843047
sihyun77/mond_1,27,0.8708333333333333,4.721474667085132,0.675,3.204447378732302,0.24310765525045727,0.0,,-0.4169499407795311,0.8279121636468615,-0.35043883323669434,0.0,,0.09806864718456251
sihyun77/mond_1,29,0.6791666666666667,3.1286547741007933,0.8958333333333334,4.185509112334465,0.2927298914711664,0.0,,-1.0380997429247134,0.5172680118869168,-0.7514619529247284,0.0,,-0.009567519331704676
sihyun77/sihyun_3_17_2,0,0.12083333333333333,1.9698262635133452,0.1,3.2513457077761427,1.8967451245069693,0.0,,-0.10796032826060521,0.5764381553140681,-0.03257223963737488,0.03859375,0.27664752483074434,0.1257714398709301
sihyun77/sihyun_3_17_2,1,0.125,2.064012522075844,0.1,3.2043068273896176,1.889488216552511,0.0,,-0.02648096697217688,0.5160835156829329,0.033469974994659424,0.036106770833333336,0.26371300058695096,0.06227809075405518
sihyun77/sihyun_3_17_2,2,0.26666666666666666,2.5675248431794655,0.1,2.7197927256526073,1.8795950944418933,0.0,,0.19204383828555383,0.45888553551049976,0.19418352842330933,0.056979166666666664,0.2576683010410531,0.07963308633739476
sihyun77/sihyun_3_17_2,3,0.26666666666666666,2.465276496244875,0.1,2.9877455429193422,1.7154957729554285,0.0,,0.02293795169170302,0.45501346497951617,0.10326623916625977,0.0406640625,0.32519959217413785,0.1373215868075477
sihyun77/sihyun_3_17_2,5,0.26666666666666666,2.7604201121650758,0.1,2.790912677214038,1.8595145017697416,0.0,,0.1638900015573505,0.4980362924092138,0.17474597692489624,0.054388020833333335,0.2999239709787509,0.11224792654869761
sihyun77/sihyun_3_17_2,6,0.2708333333333333,1.9217893495719574,0.1,3.11460764651636,1.7233738659893003,0.0,,-0.0993589396236245,0.4736076096732879,-0.015419065952301025,0.033854166666666664,0.32355004827808176,0.06991365003651565
sihyun77/sihyun_3_17_2,7,0.26666666666666666,2.8518637177620367,0.1,2.8010824728365673,1.898093448589381,0.0,,0.20608756370273326,0.4721349861153109,0.20184195041656494,0.058645833333333335,0.30418986005930565,0.08971315906210396
sihyun77/sihyun_3_17_2,8,0.26666666666666666,2.533957893283992,0.1,2.598570114150961,1.7010369274364994,0.0,,0.08237046564944636,0.40624689429266586,0.1460220217704773,0.048736979166666666,0.2838537096303616,0.21109287381331795
sihyun77/sihyun_3_17_2,10,0.13333333333333333,1.917622255206892,0.1,3.261662956574136,1.924708398608318,0.0,,-0.023939260425351442,0.5091218093749686,0.043435513973236084,0.019153645833333333,0.2522008481976511,0.08226851257019348
sihyun77/sihyun_3_17_2,11,0.26666666666666666,2.825375453374257,0.1,2.738288675310233,1.8029256583423368,0.0,,0.29431611926802714,0.4998287101524957,0.2766600549221039,0.05423177083333333,0.26070411428169593,0.10645283939476975
sihyun77/sihyun_3_17_2,12,0.26666666666666666,2.5568011405325204,0.1,2.635135766010474,1.787594632055927,1.0,4.610649318660606,0.2420314211412056,0.47318873244840837,0.22574198246002197,0.04778645833333333,0.2934855722640885,0.09788371719656606
sihyun77/sihyun_3_17_2,13,0.26666666666666666,2.6418273434810597,0.1,2.730055383568597,1.8417218551007264,1.0,4.635463426902646,0.1311471765296056,0.5225128098812295,0.141867995262146,0.06303385416666667,0.3086199728781096,0.11671236314825242
sihyun77/sihyun_3_17_2,15,0.26666666666666666,2.6552723433470113,0.1,2.7677440303501686,1.8390503560664317,0.0,,0.23845960924732518,0.43304606307264315,0.23485219478607178,0.0505859375,0.26937960076035383,0.13063646710104376
sihyun77/sihyun_3_17_2,16,0.26666666666666666,2.8884547149050857,0.1,2.7706427264283366,1.8180244549177695,0.0,,0.20862838511010326,0.47397038908005495,0.21134412288665771,0.061263020833333334,0.2939684035945023,0.12083399037661231
sihyun77/sihyun_3_17_2,17,0.26666666666666666,2.49331517847391,0.1,2.7122548952208114,1.8109936039588657,0.0,,0.27590336795296827,0.4489570860350736,0.25241953134536743,0.051041666666666666,0.27990137477585175,0.09721862109723572
sihyun77/sihyun_3_17_2,18,0.26666666666666666,2.9373331958947038,0.1,2.7314801810065608,1.8139358972172477,0.0,,0.22136732581117116,0.452250333390786,0.2158915400505066,0.05151041666666667,0.2914602468153876,0.06900129091233313
sihyun77/sihyun_3_17_2,20,0.26666666666666666,2.5596853077931123,0.1,2.784261379228199,1.8832404389434163,1.0,4.803485759069076,0.17500241807575664,0.49097258823763207,0.1754477620124817,0.057903645833333336,0.28775922463830156,0.09324658750327
sihyun77/sihyun_3_17_2,21,0.26666666666666666,2.6568951768424562,0.1,2.715553863831815,1.8820248967103383,0.0,,0.15421822350545988,0.4757320085253554,0.1675688624382019,0.05,0.27454127440725246,0.10197381290943579
sihyun77/sihyun_3_17_2,22,0.26666666666666666,2.6649433321645075,0.1,2.735686300833699,1.811916665436006,1.0,4.635463426902646,0.12210949228182785,0.5062663927329676,0.13902223110198975,0.05381510416666667,0.30600625438480156,0.13588808262673507
sihyun77/sihyun_3_17_2,23,0.26666666666666666,2.608214152693828,0.1,2.7076203417951397,1.8782527758657706,1.0,4.989362569642196,0.19765326634697808,0.4666485525096802,0.19516783952713013,0.052109375,0.27270569736052475,0.0939332273866187
sihyun77/sihyun_3_17_2,25,0.26666666666666666,2.676998317647753,0.1,2.7294196582277284,1.8736269821192149,0.0,,0.1673355648859054,0.4255576624717182,0.18569999933242798,0.0530859375,0.27693777625889904,0.09088383782126211
sihyun77/sihyun_3_17_2,26,0.26666666666666666,2.6168841233413582,0.1,2.6973582726213894,1.8449959504564961,1.0,4.666858371438991,0.2157283834965,0.45394025602535815,0.20596882700920105,0.06075520833333333,0.3035732540392799,0.08866788381339683
sihyun77/sihyun_3_17_2,27,0.26666666666666666,2.4956496846033076,0.1,2.8149662070356127,1.8621499910880877,0.0,,0.22289748768909892,0.48258762348842693,0.20606321096420288,0.05713541666666667,0.2764023601835359,0.09429106010382733
sihyun77/sihyun_3_17_2,29,0.26666666666666666,2.58258605983821,0.1,2.7876876659178196,1.8589228059680911,0.0,,0.18835788304883838,0.4898111634320386,0.1871764063835144,0.052760416666666664,0.2796284287525763,0.12016850128489526
sihyun77/sihyun_3_17_5,0,0.38333333333333336,1.8953620088574032,0.1,3.1729360502264465,1.6010390271153323,0.0,,0.03322758750334543,0.5519645033936151,0.09272146224975586,0.026848958333333332,0.18478221168869643,0.11164776099403077
sihyun77/sihyun_3_17_5,1,0.2625,2.7022028577629125,0.1,2.964312279138355,1.6200136930267064,0.0,,0.24782479963402892,0.47096827861354107,0.2806697487831116,0.0403125,0.16317180759625052,0.14455032990575675
sihyun77/sihyun_3_17_5,2,0.26666666666666666,2.6355287433988495,0.1,2.9533910766803153,1.6691202411031285,0.0,,0.30572083914609566,0.49332381321322066,0.3082265555858612,0.0385546875,0.13611821178811295,0.15581347964675574
sihyun77/sihyun_3_17_5,3,0.26666666666666666,2.58074933174105,0.1,2.9016560660232096,1.602518615098623,0.0,,0.28654359048693545,0.4556698898470237,0.2911692261695862,0.0488671875,0.17962199278234312,0.11447635794958912
sihyun77/sihyun_3_17_5,5,0.2625,2.6897908696643036,0.1,2.8585267062634006,1.6135104229573056,0.0,,0.30138424724798557,0.46731045244186764,0.31430646777153015,0.0347265625,0.13469446026359674,0.08653272337658427
sihyun77/sihyun_3_17_5,6,0.2625,2.763864440223878,0.1,2.901607852000648,1.6669895299697102,0.0,,0.29464861416619653,0.46218339038177614,0.3022615313529968,0.04401041666666667,0.18294422024708476,0.1454982307640007
sihyun77/sihyun_3_17_5,7,0.2625,2.6248499486617263,0.1,2.9264816320747338,1.6554016778442713,1.0,4.053554231831413,0.25876587172752147,0.5211578687014172,0.26315081119537354,0.051080729166666665,0.211842614684134,0.11025365835628295
sihyun77/sihyun_3_17_5,8,0.2625,2.5798856107414094,0.1,2.91062421011046,1.6424173414616086,0.0,,0.26874177549613953,0.4949785882487116,0.2705030143260956,0.05326822916666667,0.21900201380927006,0.09618892326330916
sihyun77/sihyun_3_17_5,10,0.26666666666666666,2.60824136926959,0.1,2.8978233612159237,1.6397755226521766,1.0,3.721313264749753,0.26526071960915726,0.5242008865667306,0.2650578022003174,0.05415364583333333,0.2317754207490737,0.09233962308200182
sihyun77/sihyun_3_17_5,11,0.2625,2.7176869730261886,0.1,2.866828712295182,1.6112606932787321,0.0,,0.2494664042827825,0.5026894459503831,0.26209959387779236,0.046848958333333336,0.19115570947132413,0.11574631403931566
sihyun77/sihyun_3_17_5,12,0.2625,2.692021965879183,0.1,2.9769285397769836,1.6407485942669857,0.0,,0.21448234884745532,0.470655112459157,0.24360185861587524,0.029713541666666666,0.1924979556213994,0.168491611845038
sihyun77/sihyun_3_17_5,13,0.2625,2.6453713939651404,0.1,2.8770449118479884,1.6246557013403662,1.0,4.08561677997487,0.2444917115719399,0.45442706918054654,0.2622779905796051,0.0351953125,0.15252694588532498,0.08473560692685711
sihyun77/sihyun_3_17_5,15,0.2625,2.6578742476318413,0.1,2.9179832869963316,1.6528794802750293,0.0,,0.3152279426330779,0.48783455105744966,0.29564863443374634,0.03623697916666667,0.1430141459579004,0.10155017453200836
sihyun77/sihyun_3_17_5,16,0.26666666666666666,2.498524744783757,0.1,2.837865000050447,1.628704491623109,0.0,,0.3234489540529642,0.47989348876589605,0.31187164783477783,0.03846354166666666,0.15439953768098286,0.10326941384144085
sihyun77/sihyun_3_17_5,17,0.26666666666666666,2.69006038451703,0.1,2.940265760457073,1.6246989302263581,0.0,,0.2669382371836109,0.47630419458013223,0.2850378453731537,0.0403125,0.1588660763517239,0.10025290599612506
sihyun77/sihyun_3_17_5,18,0.2625,2.587939956248877,0.1,2.8893125070901595,1.6067255328548493,0.0,,0.3521585062504081,0.47232969136190905,0.32886794209480286,0.039348958333333336,0.1486601740652232,0.0948701822287605
sihyun77/sihyun_3_17_5,20,0.2625,2.3657202096003473,0.1,2.9003518365257976,1.4531925015969287,0.0,,0.10488625838985806,0.47259605963283435,0.20724216103553772,0.034518229166666664,0.16130330545511362,0.04054557055775907
sihyun77/sihyun_3_17_5,21,0.25833333333333336,2.8157073667566825,0.1,2.5808459773625922,1.566007645348646,1.0,3.871256231985626,0.2555862016645118,0.4298180716201985,0.2436537742614746,0.059557291666666665,0.3022120663821161,0.10802028496168536
sihyun77/sihyun_3_17_5,22,0.25833333333333336,2.7134039406501587,0.1,2.805118621040896,1.5084347811027523,0.0,,0.06836433680684924,0.48589930866775766,0.1252669095993042,0.08579427083333334,0.36858819472799537,0.1655525333464301
sihyun77/sihyun_3_17_5,23,0.25833333333333336,2.4881808500664366,0.1,2.5199930762730767,1.43940268915308,0.0,,0.04248506825329294,0.47474046083651794,0.11486148834228516,0.09471354166666666,0.41810575408717704,0.10058304801925423
sihyun77/sihyun_3_17_5,25,0.39166666666666666,1.9193326677420917,0.1,3.463530621356241,1.815319935286469,0.0,,-0.030655913693501225,0.5951665897430405,0.03215742111206055,0.046302083333333334,0.28609904410484255,0.11568297884418072
sihyun77/sihyun_3_17_5,26,0.2708333333333333,2.6737364074723695,0.1,2.954643218057737,1.7315526649916575,1.0,4.950272234291745,0.17016492929263405,0.5783660682358356,0.18717509508132935,0.07052083333333334,0.25296425282596735,0.14606321636390904
sihyun77/sihyun_3_17_5,27,0.2708333333333333,2.4048491900476012,0.1,2.8956959900685013,1.753535161109406,0.0,,0.231287572060397,0.592836445033634,0.22783076763153076,0.07390625,0.24069708469338713,0.07158920407360686
sihyun77/sihyun_3_17_5,29,0.2708333333333333,2.570407959190779,0.1,3.023392371283685,1.7851530356178253,0.0,,0.186200218947602,0.5692497202688276,0.1959916055202484,0.06822916666666666,0.2414162062026893,0.102231926558959
sihyun77/sihyun_main_2,0,0.6625,4.800024552419639,0.125,2.5519614182270987,1.8015911694506297,0.0,,-0.5833831018417213,0.861767595506842,-0.4469993934035301,0.0,,-0.00602475362558209
sihyun77/sihyun_main_2,2,0.6625,3.642545391343777,0.1,2.860810312781313,2.086150470242515,0.0,,-0.5724565433392286,1.0947436163100697,-0.4215901792049408,0.00037760416666666666,0.9948059443081806,-0.00952012102011306
sihyun77/sihyun_main_2,4,0.6625,4.227211738580656,0.8875,2.8280744092886834,1.1475019891593787,0.0,,-0.6358154881569357,1.078848044372988,-0.4621530771255493,0.006966145833333334,0.9712352872169867,-0.007171080253718608
sihyun77/sihyun_main_2,6,0.6625,4.080113216867328,0.1,2.713984219951344,1.7670386160586427,0.0,,-0.419323036556739,1.1563341668350906,-0.3144709914922714,0.0,,-0.007263240205223789
sihyun77/sihyun_main_2,8,0.6625,4.056978639422004,0.1,2.856832689001625,1.8340906898381624,0.0,,-0.4798600171975932,1.287519923822981,-0.36211850494146347,0.0,,-0.012030269091524973
sihyun77/sihyun_main_2,10,0.6625,3.506570226169069,0.1,2.947290195401663,2.144993594950135,0.0,,-0.6201298040880552,1.0354473892635225,-0.457151897251606,0.0,,-0.009788650493606142
sihyun77/sihyun_main_2,12,0.6625,3.6276116681413697,0.1,2.8986350058742483,2.0357608256959128,0.0,,-0.5389768564315266,1.1134905678637712,-0.39305365085601807,0.0,,-0.00888696167404782
sihyun77/sihyun_main_2,14,0.6625,3.200090974465389,0.8875,2.6660214009550267,2.0969132856132604,0.0,,-0.516696713887246,2.109704305729503,-0.3753087483346462,0.0015494791666666667,0.9911747125628494,-0.0013293610185005768
sihyun77/sihyun_main_2,17,0.6625,3.9103093956336465,0.8833333333333333,2.6761958730854905,1.9389784523248341,0.0,,-0.7849195960690679,0.7211229306771476,-0.6103838756680489,0.0,,-0.00805794882940087
sihyun77/sihyun_main_2,19,0.6625,2.803652426117075,0.2708333333333333,2.560960540792976,2.519576453379818,0.0,,-0.48033045998835755,1.8760030069581648,-0.33647970110177994,0.0,,-0.004951251370637492
sihyun77/sihyun_main_2,21,0.1,8.215093203298055,0.10416666666666667,4.166343960432178,2.7674548605672564,0.0,,-0.5975085032454505,0.8451028385637772,-0.46619678288698196,0.0027473958333333335,0.9699974221182256,-0.005554182748527043
sihyun77/sihyun_main_2,23,0.12083333333333333,5.761496075082569,0.1625,3.2261743638243985,3.7360853582922435,0.0,,-0.5506128214338056,1.4336700113220342,-0.42643073946237564,0.0,,-0.0025357438646009963
sihyun77/sihyun_main_2,25,0.6625,3.6134404362393577,0.8875,2.8191517069667573,2.097114333926797,0.0,,-0.4580674122888955,1.1429055347361257,-0.3365807682275772,0.0013541666666666667,0.9879304795622788,-0.008747530143212692
sihyun77/sihyun_main_2,27,0.6625,3.5830652042487503,0.1,2.852584193450931,2.0741432223970167,0.0,,-0.5669737888537771,0.8459741720163242,-0.4173400476574898,0.000390625,0.9941422594142258,-0.008909972483816196
sihyun77/sihyun_main_2,29,0.6625,4.191285075554335,0.8875,2.49989094396197,1.739547288595954,0.0,,-0.7711332603634775,0.7777696373337625,-0.5576143525540829,0.007721354166666666,0.961955026212366,-0.006166950534939774
sihyun77/sihyun_main_2,31,0.6625,3.425469155551587,0.8875,2.6907589840947415,1.7982857094259017,0.0,,-0.5712786225672478,1.6800361619503208,-0.41301023587584496,0.005690104166666667,0.9782177838629682,-0.006823955904982252
sihyun77/sihyun_main_2,34,0.12916666666666668,5.31026921042916,0.14583333333333334,3.5209166773940903,2.723655736961619,0.0,,-0.6496214901358837,0.9678319480169555,-0.5046864449977875,0.0,,-0.00674377722272117
sihyun77/sihyun_main_2,36,0.12916666666666668,6.20971406763297,0.1375,3.7010163178594984,3.188258013670443,0.0,,-0.5685383340520139,1.2627964921646886,-0.440198689699173,0.0,,-0.006093955234387598
sihyun77/sihyun_main_2,38,0.6625,3.9692309352840023,0.8875,2.618565006624174,1.7400026788523506,0.0,,-0.7007319997179314,1.2984000800151199,-0.5073025226593018,0.0,,-0.009197892146636213
sihyun77/sihyun_main_2,40,0.6625,3.110668017431844,0.8875,2.7257653985170953,1.83522154824046,0.0,,-0.5568924752833211,1.5482725492034028,-0.38601943105459213,0.005143229166666667,0.9729039775435624,0.014245024993894888
sihyun77/sihyun_main_2,42,0.6625,2.9369018309730914,0.8875,2.693911866390671,1.846754300847836,0.0,,-0.5296132148705535,1.7822579892718138,-0.37140971422195435,0.0013541666666666667,0.9878902478274862,0.008423272874851591
sihyun77/sihyun_main_2,44,0.6625,3.2793744797617976,0.13333333333333333,2.5152977388360624,1.930164126894741,0.0,,-0.6062669234683155,1.3709586785988215,-0.42559853196144104,0.0039713541666666664,0.9754578503326703,-0.006363808425604822
sihyun77/sihyun_main_2,46,0.6625,3.9422967448256414,0.8875,2.6331117010137883,1.6406430851334057,0.0,,-0.6734910020862142,1.1514553130496938,-0.48131444677710533,0.0030598958333333333,0.9838155434879373,-0.006209103897382677
sihyun77/sihyun_main_2,49,0.11666666666666667,4.378607431401816,0.15,3.0607005021286198,3.0127839049296052,0.0,,-0.5900787942796817,1.218319166860618,-0.44061699509620667,0.0,,-0.004224707344072671
sihyun77/sihyun_main_3,0,0.375,1.862747517983484,0.5958333333333333,2.834909583746943,2.420687202673492,0.0,,-0.418575533435414,3.042648685570227,-0.3183417357504368,0.0,,-0.010451877982298689
sihyun77/sihyun_main_3,1,0.6291666666666667,1.8384463012035892,0.6875,2.873536930557073,2.200059276441196,0.0,,-0.4811839773060891,1.5770071499916287,-0.3779587894678116,0.0,,-0.0048892728589407675
sihyun77/sihyun_main_3,2,0.7291666666666666,2.022559462961607,0.7375,2.885985739165626,1.6071454259883655,0.0,,-0.6546306134053675,1.3696845086042078,-0.47869381308555603,0.0,,0.022061490023852357
sihyun77/sihyun_main_3,3,0.7291666666666666,1.964834981579054,0.6166666666666667,2.738747664537215,2.2589300026791572,0.0,,-0.13685712019671317,3.387619026099936,-0.10377094708383083,3.90625e-05,0.99721059972106,-0.007528105074363486
sihyun77/sihyun_main_3,5,0.15,2.7735095293075984,0.1,2.870849042484744,2.8939650320041066,0.0,,-0.4088482434145185,2.325140391105585,-0.30577435716986656,0.0,,-0.006599086527716763
sihyun77/sihyun_main_3,6,0.12916666666666668,2.433486216130184,0.1,2.8962607873253345,2.686203795074261,0.0,,-0.34007289882734715,2.4833954934967015,-0.25472671538591385,0.0,,-0.004441147481160413
sihyun77/sihyun_main_3,7,0.6,3.495295860626351,0.6166666666666667,3.05433827210377,1.8622157191925328,0.0,,-0.6701433016957558,1.9368697880929164,-0.488626129925251,0.0,,-0.00924631652315361
sihyun77/sihyun_main_3,8,0.125,2.0923309032006543,0.14166666666666666,3.036388964907796,2.6366363275042537,0.0,,-0.324795262799017,3.251719213693193,-0.23822814598679543,0.0,,-0.0021375053875383626
sihyun77/sihyun_main_3,10,0.5166666666666667,2.0156481852241934,0.125,2.931892286312379,2.806772148417123,0.0,,-0.4317722258365112,2.1411297096339883,-0.3445737585425377,0.0,,-0.010761105930080136
sihyun77/sihyun_main_3,11,0.4166666666666667,2.526705118671606,0.6125,2.677482084451823,2.5019771901350123,0.0,,-0.5210126189716141,2.8838928995910287,-0.37898761220276356,0.0,,-0.008542802172300329
sihyun77/sihyun_main_3,12,0.325,3.2661641993993187,0.6125,2.702621395589902,1.9678663680429047,0.0,,-0.3915786816048746,2.183685701786802,-0.2903159447014332,0.0,,-0.006808580272416679
sihyun77/sihyun_main_3,13,0.5541666666666667,2.249257588614998,0.1375,2.836242580891893,2.6493886762999974,0.0,,-0.3336518572823007,2.8559844595752795,-0.26090360060334206,0.0,,-0.0061345990776666415
sihyun77/sihyun_main_3,15,0.2916666666666667,2.6024068546074584,0.6166666666666667,2.658370785627333,2.1919712900989765,0.0,,-1.0326740642808105,1.1648419853879333,-0.7764536142349243,0.0,,-0.00367430324184895
sihyun77/sihyun_main_3,16,0.48333333333333334,3.24761614489189,0.6125,2.759909534800978,2.0501202633536115,0.0,,-0.27871040052342605,2.299013576070225,-0.20026946812868118,3.90625e-05,0.99721059972106,-0.005614956615577588
sihyun77/sihyun_main_3,17,0.15416666666666667,2.9791550790261736,0.1125,3.0453317231782076,2.8884250977140207,0.0,,-0.35450753385767636,2.1633779883347395,-0.2781786546111107,0.0,,-0.004489919236254262
sihyun77/sihyun_main_3,18,0.1625,2.4852127247160833,0.1,2.954261235955144,2.776053124007508,0.0,,-0.3988971458006349,2.114223131805703,-0.31215102411806583,0.0,,-0.0070529522715457186
sihyun77/sihyun_main_3,20,0.5166666666666667,2.73278988541849,0.12916666666666668,2.7196043254398448,2.5063083629908904,0.0,,-0.21894391498239932,2.741251782266443,-0.16852060705423355,0.0,,-0.007170298098761383
sihyun77/sihyun_main_3,21,0.15416666666666667,2.8367006529728958,0.1,3.034530445087077,2.9218585318005674,0.0,,-0.40204531191695625,2.5786290387707895,-0.30519475042819977,0.0,,-0.004607614543953767
sihyun77/sihyun_main_3,22,0.49583333333333335,2.8481701608421717,0.6125,2.6838792496533697,2.2344557549086876,0.0,,-0.21395683683516267,3.1376253564258825,-0.16240692138671875,0.0018619791666666667,0.9679316499400179,-0.008621515192958895
sihyun77/sihyun_main_3,23,0.5,3.0306200918128905,0.6125,2.790829367466995,2.1535462965459167,0.0,,-0.8111853787645884,1.6566418523176616,-0.6233668923377991,0.0,,-0.01018114495392068
sihyun77/sihyun_main_3,25,0.5583333333333333,2.2476271393791425,0.1,2.866417549411676,2.579302019553402,0.0,,-0.442226046482366,2.002163044636588,-0.3452281281352043,0.0,,-0.009155769394599033
sihyun77/sihyun_main_3,26,0.15833333333333333,2.9893995424177016,0.1,2.987566061120016,2.884940259966624,0.0,,-0.3552502964398918,2.5548581093280376,-0.28035509027540684,0.0,,-0.007579855372236533
sihyun77/sihyun_main_3,27,0.17083333333333334,1.7564255570618064,0.1125,2.964783785056903,2.827996500426822,0.0,,-0.43019151383091137,2.1068483837209784,-0.3409758172929287,0.0,,-0.010644868550766335
sihyun77/sihyun_main_3,29,0.5208333333333334,2.3693432974572453,0.6166666666666667,2.7186079453491376,2.164771740843407,0.0,,-0.20882343844500273,2.4927335808181255,-0.16847726237028837,1.3020833333333334e-05,0.9958158995815899,-0.009032321071970098
sihyun77/suho_3_17_1,0,0.8916666666666667,5.097823539629137,0.8958333333333334,5.139857222471783,1.4779990703794856,0.0,,-0.13009914586774424,0.4209726657488931,-0.07276535034179688,0.021927083333333333,0.3474716504835071,0.08868985671762829
sihyun77/suho_3_17_1,1,0.8916666666666667,4.700702618675997,0.8958333333333334,5.107610540625809,1.4771051055060482,0.0,,-0.12936353538999576,0.5848025815533336,-0.061001405119895935,0.025638020833333334,0.38748934850007755,0.14165299679100685
sihyun77/suho_3_17_1,2,0.8916666666666667,4.551441895454949,0.8958333333333334,5.102774589964256,1.540480525709552,0.0,,-0.01761287128962012,0.5054219189166511,0.0018132925033569336,0.030651041666666667,0.40648517790425265,0.16269421437150364
sihyun77/suho_3_17_1,3,0.8916666666666667,4.385637228771395,0.8958333333333334,5.045189071516963,1.5026322494323285,0.0,,-0.09711621494618553,0.5272696384198056,-0.05618768930435181,0.026158854166666665,0.37718551039152265,0.48121723952943624
sihyun77/suho_3_17_1,5,0.8916666666666667,5.167717085746082,0.8958333333333334,5.111601887117305,1.365521723194952,0.0,,-0.25825423143294324,0.5793512382881328,-0.14165723323822021,0.021223958333333334,0.3391405909079241,0.02176007084639277
sihyun77/suho_3_17_1,6,0.8916666666666667,4.9648997491887785,0.8958333333333334,5.1318797026525305,1.3356223630315858,0.0,,-0.4085071160449765,0.4082056951909574,-0.23461216688156128,0.014283854166666667,0.15379334281780283,0.005454975207020254
sihyun77/suho_3_17_1,7,0.8916666666666667,5.186388405515001,0.8958333333333334,5.149104056004855,1.411981269127439,0.0,,-0.11138871386365769,0.5707509463137126,-0.055954039096832275,0.014453125,0.15442723057785818,0.056333344051032914
sihyun77/suho_3_17_1,8,0.8916666666666667,4.144681418670088,0.8958333333333334,5.053806608061432,1.4852572216967033,0.0,,-0.15991217661228072,0.3952460931911827,-0.09292098879814148,0.0291796875,0.40218334985688914,0.2903557102381024
sihyun77/suho_3_17_1,10,0.8916666666666667,4.926954130304757,0.8958333333333334,5.131378825355914,1.577954407942365,0.0,,-0.06817380777677076,0.4684110136240417,-0.006498813629150391,0.02203125,0.35057172814227916,0.2540158948603073
sihyun77/suho_3_17_1,11,0.8916666666666667,4.989752514798241,0.8958333333333334,5.104848564280055,1.5084462811003223,0.0,,-0.18977685762606233,0.48331425674017586,-0.13005834817886353,0.0198046875,0.3179778773599179,0.05814129332743572
sihyun77/suho_3_17_1,12,0.8916666666666667,4.787495102369741,0.8958333333333334,5.069494565975212,1.4717001950882904,0.0,,-0.05631642370509707,0.5251233523699695,-0.03503569960594177,0.022109375,0.3489140559161405,0.5678783793484014
sihyun77/suho_3_17_1,13,0.8916666666666667,4.710800884212789,0.8958333333333334,5.047231160650588,1.549182522639525,0.0,,-0.07355984132475167,0.48363647930325826,-0.02302926778793335,0.0239453125,0.3611545295901675,0.24032328020950994
sihyun77/suho_3_17_1,15,0.8916666666666667,5.078321846078259,0.8958333333333334,5.1468223433812605,1.4096215549222573,0.0,,-0.14765215566333215,0.449005804265963,-0.09071117639541626,0.0212109375,0.3402785804366978,0.08371546435893973
sihyun77/suho_3_17_1,16,0.8916666666666667,5.07203633002438,0.8958333333333334,5.222067511884346,1.4169018695845639,0.0,,-0.1055003697858482,0.4093555998572534,-0.048648834228515625,0.021953125,0.3516431155913578,0.13117646362999003
sihyun77/suho_3_17_1,17,0.8916666666666667,4.6662060095459905,0.8958333333333334,5.136373788600676,1.4914845011110522,0.0,,0.0059843951436241985,0.3712624991433931,0.026864856481552124,0.023020833333333334,0.36781508548060354,0.5054491916755999
sihyun77/suho_3_17_1,18,0.8916666666666667,4.810881656480032,0.8958333333333334,5.14203431678965,1.5096097124282124,0.0,,-0.02331853398411847,0.4563699126847623,-0.00503191351890564,0.024817708333333334,0.3826783511219799,0.44475636483565617
sihyun77/suho_3_17_1,20,0.8916666666666667,5.370674959321069,0.8958333333333334,5.277472119487547,1.445690503235961,0.0,,-0.10078890892021806,0.4278881323731943,-0.04453068971633911,0.018333333333333333,0.28860486401673635,0.5196770403600404
sihyun77/suho_3_17_1,21,0.8916666666666667,4.445157991978457,0.8958333333333334,5.060563674278211,1.5620969168269847,0.0,,-0.02677312534866567,0.43457355140817944,-0.002201080322265625,0.030208333333333334,0.40138868850093773,0.23405115497610768
sihyun77/suho_3_17_1,22,0.8916666666666667,3.905354291652017,0.8958333333333334,4.995227945409101,1.5706120398056782,0.0,,0.04053952884582566,0.4058983676145564,0.04992544651031494,0.0341015625,0.3818027577679046,0.12788155075753482
sihyun77/suho_3_17_1,23,0.8916666666666667,4.776811091207263,0.8958333333333334,5.1624601506919765,1.598641038836634,0.0,,-0.07380261219237766,0.4365407402664058,-0.01189085841178894,0.0239453125,0.35309348131261076,0.16907098596973336
sihyun77/suho_3_17_1,25,0.8916666666666667,4.908713978432161,0.8958333333333334,5.201409378191396,1.4124771205204778,0.0,,-0.3017288519878674,0.5173824841819364,-0.17840300500392914,0.021731770833333334,0.34639036729332073,0.013084620387178862
sihyun77/suho_3_17_1,26,0.8916666666666667,4.969948221305727,0.8958333333333334,5.214048232628902,1.4940264736869135,0.0,,-0.07231657062464299,0.4674573123032682,-0.02701866626739502,0.021575520833333334,0.34332349383747907,0.48726933631490377
sihyun77/suho_3_17_1,27,0.8916666666666667,4.765978209882361,0.8958333333333334,5.115087702577731,1.398123120871054,0.0,,-0.28403000159437336,0.5004778364909802,-0.15107876062393188,0.021809895833333332,0.35184162867670016,0.014073364091090952
sihyun77/suho_3_17_1,29,0.8916666666666667,4.838052831570015,0.8958333333333334,5.110217392153222,1.6977065165850946,0.0,,-0.08863927195614123,0.43818687235813436,-0.021069318056106567,0.025963541666666666,0.33667529786010747,0.21099208906401076
sihyun77/suho_3_17_3,0,0.2708333333333333,2.7570745741864053,0.1,3.090098758872332,1.9541639840559688,0.0,,0.28960725058271264,0.6237200633869554,0.24945133924484253,0.0748046875,0.3266387726638772,0.08873525821768632
sihyun77/suho_3_17_3,2,0.2708333333333333,2.79166769120793,0.1,3.028256810542508,1.6894031348332732,0.0,,0.23483262092144494,0.5930161314686497,0.23370403051376343,0.0693359375,0.34341524741194723,0.07154335007245426
sihyun77/suho_3_17_3,4,0.2708333333333333,2.411576975280235,0.1,3.300957772978854,1.8174599195858108,0.0,,0.3439754861462639,0.5767014731742636,0.29958128929138184,0.07131510416666667,0.31557910868042316,0.1144823857936185
sihyun77/suho_3_17_3,6,0.2708333333333333,2.3915541710969004,0.1,3.002065629460843,1.739328724582876,1.0,5.84456587738687,0.35960043282463006,0.5887445078556011,0.2875850796699524,0.0717578125,0.32469408843021447,0.0996781942381154
sihyun77/suho_3_17_3,8,0.2708333333333333,2.9751863491160737,0.1,3.3652468836596334,1.6591971038238926,0.0,,0.19994376487013335,0.5748129945803511,0.2038339376449585,0.07115885416666666,0.35885111416507476,0.03322870790526249
sihyun77/suho_3_17_3,10,0.2708333333333333,2.9290668468204553,0.1,3.1615541123439623,1.7498304093309334,0.0,,0.2668363794544342,0.6164172473610419,0.24670052528381348,0.07296875,0.318580720883768,0.14850301994972573
sihyun77/suho_3_17_3,12,0.2708333333333333,2.458695171680415,0.1,3.0135290611815404,1.6573951639774263,0.0,,0.2517821821568946,0.6132674721912362,0.22970527410507202,0.078828125,0.3345566332574472,0.18281190571049447
sihyun77/suho_3_17_3,14,0.2708333333333333,2.9633149343822,0.1,3.0350800483190308,1.633450034765594,1.0,5.93741609948151,0.3001518135313983,0.643110559528792,0.2511157989501953,0.07602864583333334,0.3363224200854017,0.17040909559571155
sihyun77/suho_3_17_3,17,0.2708333333333333,2.3132889075896395,0.1,2.976152084890722,1.7051991720662258,1.0,5.984952315115407,0.36417084204762307,0.5762984681896782,0.2953355312347412,0.07540364583333334,0.3209402268272294,0.11937418188510698
sihyun77/suho_3_17_3,19,0.2708333333333333,3.4376022745077828,0.1,2.974433011166489,1.6389131556245895,1.0,5.984952315115407,0.24254983344398523,0.6483925223817465,0.21416544914245605,0.07677083333333333,0.3459398045905883,0.17273550348778532
sihyun77/suho_3_17_3,21,0.2708333333333333,2.42858466953482,0.1,2.960640858294644,1.7047008357704871,0.0,,0.3149931347478402,0.6043520247259917,0.26257163286209106,0.07227864583333334,0.3463162806053265,0.15742058051183871
sihyun77/suho_3_17_3,23,0.2708333333333333,2.5097166445192722,0.1,2.9879833351065486,1.681330965635717,1.0,4.79013072236323,0.32582141369996803,0.5737888848151449,0.2704840898513794,0.065625,0.28219598857674166,0.13536510735557145
sihyun77/suho_3_17_3,25,0.2708333333333333,3.0662910310576663,0.1,3.2564564701344803,1.7333644003813766,1.0,4.864514437760533,0.35051589144734735,0.6386241137371435,0.3020225167274475,0.07861979166666666,0.3038683872434137,0.09483161506968565
sihyun77/suho_3_17_3,27,0.2708333333333333,2.690748800381927,0.1,2.9909798917530215,1.667005654029474,0.0,,0.3753739855714621,0.6322777193464845,0.29245293140411377,0.0776171875,0.29226302907532153,0.10969767223460966
sihyun77/suho_3_17_3,29,0.2708333333333333,2.525837524328347,0.1,3.3623391944035492,1.753885945464551,0.0,,0.35068395734808566,0.5904973994139439,0.3100329637527466,0.06875,0.2603033472803347,0.07675889165695052
sihyun77/suho_3_17_3,31,0.2708333333333333,2.9809034693849332,0.1,3.016051206837776,1.6117882569974722,1.0,5.754565331102185,0.30812003394757104,0.6046738189056755,0.25972795486450195,0.0666015625,0.2793040405403747,0.16844376972369374
sihyun77/suho_3_17_3,34,0.2708333333333333,2.393732151212811,0.1,2.969528076196632,1.7024313317316624,1.0,5.053826050064373,0.30516089730050056,0.6220258166606211,0.244110107421875,0.0757421875,0.33594722725124665,0.10693925216955666
sihyun77/suho_3_17_3,36,0.2708333333333333,2.6295549721973557,0.1,2.9622172989785085,1.6865893171006348,1.0,5.984952315115407,0.2762100393075803,0.6452201445262317,0.22884905338287354,0.07669270833333333,0.3476866684189215,0.09584701990897213
sihyun77/suho_3_17_3,38,0.2708333333333333,3.0739281397085287,0.1,3.062816890723078,1.6655922524765596,1.0,4.816915296492624,0.3226289898093455,0.5915415252097262,0.28895848989486694,0.06834635416666666,0.313826662340944,0.14150234305853604
sihyun77/suho_3_17_3,40,0.2708333333333333,2.930882719338882,0.1,3.009343507968163,1.6356713476007707,0.0,,0.26059785241652905,0.5646198328378764,0.23459094762802124,0.06955729166666667,0.3332907769644203,0.18005990017784798
sihyun77/suho_3_17_3,42,0.2708333333333333,2.433547962391118,0.1,2.956900053796175,1.6857936831934568,1.0,4.816915296492624,0.2434378308139584,0.6008288385575287,0.22436946630477905,0.06924479166666667,0.3389884516310753,0.18371825944647752
sihyun77/suho_3_17_3,44,0.2708333333333333,2.7756415165992125,0.1,2.989523428419346,1.6707773315603294,0.0,,0.24269683744566498,0.6064950487405206,0.21624386310577393,0.07140625,0.35003082378864037,0.16156370537506073
sihyun77/suho_3_17_3,46,0.2708333333333333,3.101895208154748,0.1,3.001720838663565,1.6570631656302826,0.0,,0.32510446888048966,0.5809879986105899,0.2683509588241577,0.07598958333333333,0.3263705868351395,0.14141876128439615
sihyun77/suho_3_17_3,49,0.2708333333333333,2.892160158602517,0.1,2.9976967961411947,1.6496539352352386,1.0,5.984952315115407,0.16975770933849174,0.5708214891985915,0.1835729479789734,0.07205729166666666,0.3517426695074798,0.09651355933777767
sihyun77/suho_main_2,0,0.6625,4.5361255701715875,0.8875,3.327153411083008,1.3121388756049917,0.0,,-0.5147954225178628,1.6491426220920113,-0.3908604085445404,0.0,,-0.010115765580976993
sihyun77/suho_main_2,2,0.6625,4.355095928626152,0.8875,3.297411400727382,1.151155831761743,0.0,,-0.5528696006980515,1.3297757235059129,-0.4179336056113243,0.005859375,0.9796094839609484,-0.009045880097108354
sihyun77/suho_main_2,4,0.6666666666666666,3.8774652462693617,0.8875,3.102771359299138,1.2164181354765338,0.0,,-0.6562831770122626,1.2473861980562166,-0.4851422645151615,0.0040234375,0.9827084264261825,-0.0063814729144268416
sihyun77/suho_main_2,6,0.6666666666666666,3.896971062048798,0.8875,3.0103398978888922,1.6640365654664966,0.0,,-0.6481585525001262,1.2331028188577304,-0.4718538261950016,0.00048177083333333335,0.9933280560895623,-0.005686812528528294
sihyun77/suho_main_2,9,0.6625,2.6183067388402588,0.8875,2.7607687227048765,2.1750878115990835,0.0,,-0.5970910921813785,1.8145036196582953,-0.4284980483353138,0.0033463541666666667,0.9826123764713545,-0.008335124777129511
sihyun77/suho_main_2,11,0.6625,4.299400120664695,0.1,2.77450173610453,1.7946275182015843,0.0,,-0.28681719618285884,1.5628512122869953,-0.21387429535388947,0.004518229166666667,0.9647908552687109,-0.007121840676062799
sihyun77/suho_main_2,13,0.6625,2.642453129557691,0.275,2.674255535148575,2.785255464273329,0.0,,-0.43631678606984853,2.0537403715821636,-0.30639372766017914,0.0,,-0.0009401005440133914
sihyun77/suho_main_2,15,0.11666666666666667,8.00864878899049,0.1,4.233500887136777,2.999779011445395,0.0,,-0.5258743045658438,1.0548864136390177,-0.4278102070093155,0.0,,-0.004784250822343205
sihyun77/suho_main_2,18,0.14166666666666666,3.0529687789596305,0.1,3.081683883085075,2.8712270104960096,1.0,-19.767168676791655,-0.4729292772077476,2.006720080106082,-0.341941773891449,0.0,,-0.005668361856094287
sihyun77/suho_main_2,20,0.6625,2.839060980741718,0.8875,2.8200447893568192,1.9738622198937714,0.0,,-0.4935092556775936,2.065116001725818,-0.35486507043242455,0.0125390625,0.9604574268868643,-0.008395396279198237
sihyun77/suho_main_2,22,0.6625,4.532270693871924,0.8875,2.729985366949135,1.7022115618012117,0.0,,-0.6642166376242142,1.2289513056893435,-0.4777788445353508,0.008463541666666666,0.9715738654650788,-0.00641824097909897
sihyun77/suho_main_2,24,0.6625,4.811470356192484,0.8875,2.786543906943843,1.681231072792477,0.0,,-0.6079092525649781,1.1632405839443904,-0.4309973791241646,0.002890625,0.9851860228429266,-0.005443862555876595
sihyun77/suho_main_2,27,0.6625,3.665093014554371,0.8875,2.781098946592734,1.8409756608070644,0.0,,-0.6355651346892472,1.404447365913719,-0.4738934859633446,0.00013020833333333333,0.997489539748954,-0.009192129150381891
sihyun77/suho_main_2,29,0.6625,2.7682151963973243,0.1,3.2349100379860714,2.4167117996494714,0.0,,-0.37268074141704716,1.4268721051732152,-0.27252277731895447,0.0,,-0.009102602985372918
sihyun77/suho_main_2,31,0.6625,4.641506697072742,0.8875,2.8032850013152535,1.9699750158418785,0.0,,-0.3110500395979033,1.4479865444497573,-0.22909042239189148,0.0,,-0.007571269336866176
sihyun77/suho_main_2,33,0.6625,3.0641312113478527,0.8875,2.9352729438779845,1.918264639488499,0.0,,-0.38738010767264747,2.0854064174791667,-0.2603904977440834,0.0144921875,0.9532230354840285,-0.004752320946412696
sihyun77/suho_main_2,36,0.1,7.654652479724096,0.10833333333333334,4.028931838597397,2.927627088774061,0.0,,-0.6625493303898413,0.9892724864483821,-0.5149430185556412,0.0,,-0.005443097149377968
sihyun77/suho_main_2,38,0.1125,7.996704279616217,0.12916666666666668,3.9320778759685595,2.789050315638265,0.0,,-0.4577402435629678,1.256873492750283,-0.36336684226989746,0.0,,-0.0027882403922590273
sihyun77/suho_main_2,40,0.6625,3.609041875944706,0.21666666666666667,2.764512738187956,2.6249056733404563,0.0,,-0.5686099457058859,1.161135613211992,-0.4188287854194641,0.0,,-0.0035100387570375893
sihyun77/suho_main_2,42,0.6625,3.2796646242537633,0.8875,2.820671834952184,1.933832456833119,0.0,,-0.5528060300144247,1.405673277292921,-0.3670209273695946,0.0029296875,0.9789307298930731,0.024794830932577294
sihyun77/suho_main_2,45,0.6666666666666666,2.9868726548507194,0.8875,3.157479521817038,2.223158536324306,0.0,,-0.3584699428430476,1.342359188690999,-0.2598368898034096,0.001015625,0.9870185602403176,-0.004537568803039353
sihyun77/suho_main_2,47,0.6625,4.050205627817872,0.8875,2.7804867255711745,1.773708347147314,0.0,,-0.7346139584764751,1.2583870592219564,-0.5400926321744919,0.00014322916666666667,0.99771776340814,-0.007911457966792379
sihyun77/suho_main_2,49,0.6625,3.6525241617041706,0.8875,2.9259119676113405,1.6637849837635246,0.0,,-0.6902477440079645,1.3069443471658178,-0.5026744604110718,0.0039713541666666664,0.9803553055765143,-0.00046166290179483753
sihyun77/suho_main_2,52,0.6625,3.391215808246845,0.8875,2.7806283345210336,1.697922492841736,0.0,,-0.5217762260570014,1.633930104510139,-0.37656936794519424,0.010794270833333333,0.9607532390186291,-0.004619001755162474
sixpigs1/so100_pick_cube_in_box,0,0.4041666666666667,2.3171214276977383,0.8958333333333334,2.835214873474189,1.9106955608051202,2.0,8.930590100418996,1.1699899732248622,2.0971711185207944,0.771161712706089,0.424140625,0.27230113705696946,0.034067574778255484
sixpigs1/so100_pick_cube_in_box,4,0.4083333333333333,2.658126313769791,0.8958333333333334,2.6453389884113205,1.5015269389242605,1.0,8.99379239875556,1.163439754182359,2.1749709954756913,0.772355891764164,0.4502083333333333,0.2618211485849376,0.05037335142928465
sixpigs1/so100_pick_cube_in_box,8,0.4583333333333333,4.797431131887867,0.8958333333333334,2.7167241013250174,1.1698378522713841,1.0,8.8958569696633,1.2029205794270572,2.096351183718791,0.8184204697608948,0.3880208333333333,0.24186964701917946,0.08152812533500868
sixpigs1/so100_pick_cube_in_box,12,0.8416666666666667,6.048567376387506,0.8583333333333333,4.1124707096958515,0.557603238349125,0.0,,-0.1919691339526769,0.8528847656162188,-0.10518807172775269,0.09178385416666666,0.5464723623220837,0.21554786319250713
sixpigs1/so100_pick_cube_in_box,17,0.8416666666666667,4.275345912407981,0.8625,3.62246869714783,0.9772681940402871,0.0,,-0.18070505064754702,2.083332949889566,-0.1291892733424902,0.013932291666666667,0.8453329683650725,0.041850511138582694
sixpigs1/so100_pick_cube_in_box,21,0.8416666666666667,5.68892092069793,0.8541666666666666,3.854232126926211,0.7869409873852916,0.0,,-0.22969793551050077,0.9436946773111142,-0.15806055068969727,0.056067708333333334,0.550796106240781,0.008077990128209587
sixpigs1/so100_pick_cube_in_box,25,0.8416666666666667,7.047883889761632,0.8583333333333333,4.026525377948932,0.6783314124617433,0.0,,-0.28989339599476455,0.8350905381033197,-0.1566786766052246,0.08971354166666666,0.5516654420025384,0.3292551982472092
sixpigs1/so100_pick_cube_in_box,30,0.8291666666666667,4.957315922633645,0.8583333333333333,3.956265076278297,0.6655375549518235,0.0,,-0.1052178592724207,0.8696071991736073,-0.07607978582382202,0.10446614583333333,0.5844076939885694,0.025467748645580743
sixpigs1/so100_pick_cube_in_box,34,0.8333333333333334,4.833765926775534,0.8583333333333333,4.064164362313122,0.6993560276600702,0.0,,-0.1289808009086814,0.9812274373765962,-0.09527039527893066,0.09329427083333333,0.5436112903555463,0.1405089819160627
sixpigs1/so100_pick_cube_in_box,38,0.8416666666666667,8.853491624734609,0.8375,3.9268305869625357,0.5239986145771444,0.0,,-0.15743657076312942,0.8992769936464532,-0.1077566146850586,0.10203125,0.578149128259017,0.054657955492359696
sixpigs1/so100_pick_cube_in_box,43,0.8416666666666667,10.45893504482927,0.8375,4.0681540632812405,0.5629062462250602,0.0,,-0.7363838584955371,0.49639828374990286,-0.44880086183547974,0.0,,0.1393224324354554
sixpigs1/so100_pick_cube_in_box,47,0.4625,1.8218187660241651,0.8958333333333334,2.475186667718338,0.7282201954473272,0.0,,-0.4426234567678527,0.6621668632987777,-0.3177669048309326,0.121171875,0.7151934191015468,-0.002310504115058343
sixpigs1/so100_pick_cube_in_box,51,0.6125,1.9486960069024113,0.12916666666666668,2.246780472636808,0.8388423181012142,0.0,,-0.33595172575026233,1.5976634804942793,-0.2468770444393158,0.1591015625,0.7156808057689152,-0.009046954301266152
sixpigs1/so100_pick_cube_in_box,55,0.4625,2.2344925028127016,0.12083333333333333,2.0112056693637417,0.9808553740067493,0.0,,-0.23291099360857423,2.2809688962643375,-0.1663554310798645,0.035130208333333336,0.8275446557344506,-0.00698191779117181
sixpigs1/so100_pick_cube_in_box,60,0.44166666666666665,2.148033906967306,0.3125,2.2752529221138924,0.9036633297286716,0.0,,-0.21602638986479752,2.26969643164755,-0.1628071367740631,0.0683984375,0.812436328473787,-0.008945577269790282
sixpigs1/so100_pick_cube_in_box,64,0.3333333333333333,1.7814877376993536,0.3,2.3876224287776435,0.7336565646973374,0.0,,-0.13518619430684561,2.2675740154932122,-0.1091223955154419,0.23614583333333333,0.6122091478056082,0.10316607069023695
sixpigs1/so100_pick_cube_in_box,68,0.15416666666666667,4.424444929245386,0.18333333333333332,2.3078166365452635,1.463612840221913,0.0,,-0.18167845602956376,4.342076755691854,-0.14182407408952713,0.0021223958333333333,0.9621120722848269,0.02395574211413309
sixpigs1/so100_pick_cube_in_box,73,0.5416666666666666,1.5285611200452174,0.1,2.027677048143171,1.0056523714874155,0.0,,-0.1422690446545402,3.9547832676973877,-0.10826967656612396,0.23184895833333333,0.6015747594835458,-0.004687771814537728
sixpigs1/so100_pick_cube_in_box,77,0.30833333333333335,1.896896373425889,0.1,2.3494142575079273,1.1691443695267272,0.0,,-0.10740936540271939,4.016618183538031,-0.08453046530485153,0.23122395833333334,0.6096925612170317,-0.008235994597177032
sixpigs1/so100_pick_cube_in_box,81,0.22083333333333333,3.885954818956737,0.12083333333333333,1.8764458934165538,1.4415081173961704,0.0,,-0.19159087368253777,2.535872607970859,-0.136399507522583,0.24494791666666665,0.5773898437479149,0.020080638962837478
sixpigs1/so100_pick_cube_in_box,86,0.4625,1.4245709584452222,0.43333333333333335,2.3589243729471567,0.8645475138548039,0.0,,-0.1666231767533501,2.5023495503460365,-0.12580615282058716,0.132734375,0.7447571506087344,-0.006519580579448024
sixpigs1/so100_pick_cube_in_box,90,0.5458333333333333,1.416411949720314,0.1625,2.308846796032234,0.8659153564410914,0.0,,-0.31970828520005506,1.2177568362696825,-0.2235221266746521,0.08869791666666667,0.7567552460953718,-0.0031071929943468123
sixpigs1/so100_pick_cube_in_box,94,0.6166666666666667,1.852321242963648,0.31666666666666665,2.238279856332759,0.8288400050919869,0.0,,-0.1702417980040223,3.632507929101668,-0.12893065065145493,0.04178385416666667,0.8599714975272214,-0.008480128326211553
sixpigs1/so100_pick_cube_in_box,99,0.21666666666666667,1.5091346874735285,0.3,2.390486361855927,0.79423572566904,0.0,,-0.2500478311058603,2.137144438682921,-0.18898601830005646,0.07169270833333333,0.837709186023007,-0.010033776893805576
sixpigs1/so100_stack_cube_error,0,0.36666666666666664,3.716457703069408,0.37916666666666665,2.69640842724406,3.0853486225990467,3.0,-15.037815903582256,1.080745220157521,1.9022669234098086,0.7349038273096085,0.4472265625,0.2553944586951799,0.029338505759118394
sixpigs1/so100_stack_cube_error,3,0.375,3.5846925218572956,0.4083333333333333,2.5683124784592373,2.618719926173431,4.0,-15.78075330951539,1.0416047580465044,1.918863439135159,0.7152313590049744,0.4379427083333333,0.25145070128528535,0.023709767949272348
sixpigs1/so100_stack_cube_error,6,0.3125,5.372019854384107,0.4041666666666667,2.665007513259093,3.1330449455365654,1.0,-15.01836063115067,1.0587166429589798,1.8130918746131839,0.7069147825241089,0.446328125,0.26010242123166694,0.026026025250165515
sixpigs1/so100_stack_cube_error,10,0.3458333333333333,4.051695222809199,0.37916666666666665,2.7027410987125084,3.038410386220876,3.0,-14.985435810321817,1.052454533880422,1.9289239333725676,0.7158894389867783,0.44451822916666667,0.25735630889272393,0.021176226944775358
sixpigs1/so100_stack_cube_error,13,0.3125,4.456141029612838,0.4,2.7249343525829866,2.78544189751915,2.0,-14.976835939542099,1.1070492019590292,2.0653290662839594,0.7527113556861877,0.4927213541666667,0.25254027560153425,0.019359184777576092
sixpigs1/so100_stack_cube_error,17,0.31666666666666665,4.001107032517265,0.4041666666666667,2.561288315209237,2.160947699522631,2.0,-15.774236501136642,1.064520807808053,1.919451407188216,0.7089459747076035,0.4829557291666667,0.2553087515506643,0.02184693913740839
sixpigs1/so100_stack_cube_error,20,0.3416666666666667,3.642681793124094,0.4041666666666667,2.6961279576677675,2.8724439141588856,2.0,-16.837472625676384,1.0150299644353944,1.8749414848851544,0.6963130682706833,0.4338151041666667,0.25128551483950984,0.02100616459782312
sixpigs1/so100_stack_cube_error,24,0.3125,4.907015036113875,0.39166666666666666,2.749019494780909,2.341467022821229,3.0,-14.88626684901756,1.0860431820308785,1.9906355338358837,0.7415616512298584,0.49970052083333333,0.2518215288249598,0.021676544675686207
sixpigs1/so100_stack_cube_error,27,0.37083333333333335,4.195430030374096,0.4041666666666667,2.7764399424841533,2.706036143437468,3.0,-15.172915345525269,1.1397962143427833,1.9116958042521677,0.7677331566810608,0.48217447916666667,0.2634333622321861,0.021797200116888082
sixpigs1/so100_stack_cube_error,30,0.3416666666666667,3.7383858125545295,0.3958333333333333,2.6824222901469517,2.9331797274848825,2.0,-14.910313761223335,1.0801195157050374,1.9623752029719101,0.7379336059093475,0.4495572916666667,0.2590345472467902,0.0217996688610344
sixpigs1/so100_stack_cube_error,34,0.19166666666666668,3.458142545236611,0.38333333333333336,2.685646413041551,3.085462716153249,2.0,-14.836908761560679,1.067240312348522,1.836769847488102,0.7224115133285522,0.44654947916666665,0.2561939509583658,0.026500592287899836
sixpigs1/so100_stack_cube_error,37,0.2625,3.6558454891962078,0.44166666666666665,2.7534542657161594,2.844202637283693,2.0,-15.080791311442496,1.1367642844253518,2.0660857527402476,0.7761654481291771,0.4790234375,0.25443399888383045,0.029541982858148973
sixpigs1/so100_stack_cube_error,41,0.3375,3.5851916613253696,0.37916666666666665,2.7641821310023396,2.420240427842081,2.0,-15.819193947500139,1.129413739364024,2.1237141515372384,0.7613048255443573,0.49975260416666667,0.24958729688754858,0.02071297217571549
sixpigs1/so100_stack_cube_error,44,0.1875,4.903701166520186,0.4041666666666667,2.7754300402347303,2.749751033237749,4.0,-15.90617908328727,1.0442194999380698,1.9742069940737534,0.6981201171875,0.4816796875,0.25558946072235533,0.02199912187149863
sixpigs1/so100_stack_cube_error,48,0.37083333333333335,3.6034635221276785,0.38333333333333336,2.8179094743063273,2.549324258837895,2.0,-15.283301573147384,1.0543267817152329,1.9072884279332138,0.718798041343689,0.47115885416666664,0.2554401110518182,0.021730090420404406
sixpigs1/so100_stack_cube_error,51,0.12083333333333333,3.712995617147485,0.4125,2.7470462590256615,2.597180797313862,3.0,-15.814084183889946,1.0862448432519818,1.972374586427119,0.7295726537704468,0.4821875,0.25819578408270216,0.021509887360407234
sixpigs1/so100_stack_cube_error,54,0.3416666666666667,3.7637035447591773,0.38333333333333336,2.817632613331504,2.4524240443269183,2.0,-15.056471427387976,1.107181885835084,2.0510419715097106,0.74983811378479,0.48529947916666666,0.25401321026622936,0.023278673364621062
sixpigs1/so100_stack_cube_error,58,0.30833333333333335,4.288810839400317,0.38333333333333336,2.7714846468896304,2.474720622259186,2.0,-15.080791311442496,1.0720815448838843,2.0477306429604862,0.7262271642684937,0.496328125,0.254860869166238,0.021806611940883028
sixpigs1/so100_stack_cube_error,61,0.3375,3.921603271024779,0.4,2.8096608353883052,2.551328046904066,3.0,-17.152421740211835,1.1320372985539402,1.9941932296054001,0.7652704268693924,0.4803776041666667,0.2579517811715368,0.023364878691259486
sixpigs1/so100_stack_cube_error,65,0.31666666666666665,4.477144598502521,0.39166666666666666,2.7759491615487746,2.538545122861511,3.0,-17.04903097210982,1.064817110097226,1.9654308246081942,0.7236338257789612,0.4745052083333333,0.25561039391074575,0.02172195212027369
sixpigs1/so100_stack_cube_error,68,0.3125,4.396576133383956,0.38333333333333336,2.7653867631333444,2.460809196391298,2.0,-17.04903097210982,1.083210623462659,1.9827150915984522,0.7324373722076416,0.48497395833333334,0.2567768923882085,0.022031024738691066
sixpigs1/so100_stack_cube_error,72,0.3416666666666667,4.072369604801739,0.3958333333333333,2.7383552403116442,2.5218282159973837,3.0,-15.20240870917614,1.1744388046702627,2.034594198044625,0.790367066860199,0.49309895833333334,0.2555577161683937,0.021890745158369706
sixpigs1/so100_stack_cube_error,75,0.3375,4.070266135158475,0.37916666666666665,2.7421409806165813,2.38657758732556,3.0,-16.971916914347645,1.0991583642694402,1.9885802451857082,0.737920731306076,0.4845833333333333,0.2570027693132391,0.02062092726254562
sixpigs1/so100_stack_cube_error,79,0.31666666666666665,4.424439988269804,0.3875,2.753966392666774,2.523108487486626,3.0,-15.76718254247568,1.0448614106152734,1.9546962904615366,0.7094921469688416,0.4790234375,0.2539278898060647,0.02182960584010842
therarelab/so100_pick_place_2,0,0.26666666666666666,3.3778300991820203,0.4666666666666667,3.1535006794734337,3.4438833964274367,3.0,1.997879856476672,1.251614788999942,2.5880769716690897,0.8790721911936998,0.452421875,0.23424628270627218,0.09187522960431765
therarelab/so100_pick_place_2,2,0.26666666666666666,3.4931933946349734,0.4708333333333333,3.1240195351245075,3.261357050299524,1.0,1.948085006514944,1.2490460863909367,2.509691811374808,0.8789965258911252,0.42075520833333335,0.23230380862680347,0.09621262093414885
therarelab/so100_pick_place_2,5,0.38333333333333336,3.3827141638209386,0.4666666666666667,3.074553432232466,3.08273668382801,4.0,3.136358368332594,1.25842246620267,2.3925508526078416,0.8809776362031698,0.42194010416666666,0.24134144286582146,0.09207437572889267
therarelab/so100_pick_place_2,7,0.26666666666666666,3.715669135155397,0.4666666666666667,3.0733826950028247,3.3324716708975166,6.0,3.746162049603626,1.2578334642925573,2.3281972899367105,0.8814289476722479,0.4059765625,0.23060285856495244,0.09818936346283509
therarelab/so100_pick_place_2,10,0.37916666666666665,3.811055968909322,0.4666666666666667,3.08642421441938,3.3502633442467364,6.0,3.746162049603626,1.2516306433628224,2.3721082174905264,0.8801144454628229,0.41522135416666667,0.231959683373459,0.0954876347390551
therarelab/so100_pick_place_2,12,0.26666666666666666,3.8546165634670513,0.4666666666666667,3.067730667806401,3.273419753967551,2.0,2.95631065750365,1.2520551202411705,2.6122131399744255,0.8783606104552746,0.4688541666666667,0.23880153550257074,0.0824065065269483
therarelab/so100_pick_place_2,15,0.26666666666666666,4.578071878496317,0.1,3.120382235729448,2.652985375498118,4.0,3.922712890510468,1.2443579289540652,2.5290497298177073,0.8768369005993009,0.45861979166666667,0.23980554659994022,0.06621271722932916
therarelab/so100_pick_place_2,17,0.3625,3.6389661732531784,0.4666666666666667,3.0613572492958547,3.0087832209797747,3.0,2.88158372899818,1.2458150797657146,2.420915214163423,0.8757646698504686,0.4276953125,0.23897356999289085,0.0786690480190078
therarelab/so100_pick_place_2,20,0.38333333333333336,4.010822399482577,0.4666666666666667,2.9757089657070765,3.137846425509261,1.0,3.0447784441939802,1.2450088945766793,2.43279542119143,0.8768090708181262,0.43298177083333333,0.2404397526910146,0.0821204098625442
therarelab/so100_pick_place_2,23,0.38333333333333336,3.6300369770452865,0.4666666666666667,3.0767670798979068,3.276811356509303,4.0,2.966040889987113,1.2391867470348237,2.5138655962960903,0.876465180888772,0.4237369791666667,0.23997962399796238,0.0808742053282816
therarelab/so100_pick_place_2,25,0.26666666666666666,3.4284503483360522,0.4666666666666667,3.098958995335938,3.194871113305618,2.0,2.8894485435716177,1.24817732347485,2.6041313202734147,0.8782643908634782,0.46653645833333335,0.23654460802230898,0.08524374408002808
therarelab/so100_pick_place_2,28,0.38333333333333336,3.794066288745424,0.1,3.127447171557478,3.3162560307516786,4.0,1.9863406958822054,1.2552901335204563,2.266569153724857,0.8770322781056166,0.4001171875,0.2339728965496864,0.09489302218854294
therarelab/so100_pick_place_2,30,0.5,7.623509846912862,0.5333333333333333,2.97875237318597,4.3432062621000345,0.0,,1.088983530668049,4.271246823917275,0.8111438453197479,0.2433984375,0.3082298499852382,0.029253341458230803
therarelab/so100_pick_place_2,33,0.4875,8.229566093950332,0.5083333333333333,2.9319901339911367,4.325195579525397,1.0,0.9093804491991477,1.1557359045178994,3.5031522608643955,0.8298772647976875,0.40334635416666664,0.24020683182001815,0.08290624160874456
therarelab/so100_pick_place_2,35,0.5125,5.798318291486888,0.6875,2.972769570372471,3.957045483930201,0.0,,1.073711945912489,5.468735345735926,0.8128849677741528,0.019361979166666668,0.48325937764671784,0.045200496648893314
therarelab/so100_pick_place_2,38,0.6041666666666666,4.6766515792167,0.8958333333333334,3.2620290268871313,3.0241196202279155,1.0,2.0750263614174003,0.9303592296269368,6.311425271320242,0.785003911703825,0.0,,0.048369786737998494
therarelab/so100_pick_place_2,41,0.6166666666666667,4.727114687417837,0.8958333333333334,3.3729923359356895,2.6280904495755824,1.0,4.08561677997487,0.8142366603271419,5.129889473229916,0.7329491078853607,0.0,,0.03792919195084818
therarelab/so100_pick_place_2,43,0.7416666666666667,4.732134421133549,0.8958333333333334,3.462695446109654,2.4422831105095297,2.0,3.680622173030457,0.8455599011528836,4.895802116643779,0.7463462203741074,0.0,,0.03721873507429888
therarelab/so100_pick_place_2,46,0.7333333333333333,4.405055587247857,0.8958333333333334,3.467170653259371,3.2590265562855767,1.0,3.0940580589171134,0.9730992028431223,4.869807220963113,0.7645121216773987,0.00018229166666666667,0.560370591751345,0.07416374860809924
therarelab/so100_pick_place_2,48,0.7333333333333333,4.278434491487258,0.8958333333333334,3.501168435369717,2.9803835525930493,1.0,4.916566006010015,0.9598986912924091,5.802129139526156,0.7750528492033482,0.0,,0.07507185959849941
therarelab/so100_pick_place_2,51,0.625,4.362721523222843,0.8958333333333334,3.4073955131698703,2.679690783813067,3.0,4.007804542372341,0.8717515120823324,5.7651835507766505,0.752968855202198,0.0,,0.05629252404218472
therarelab/so100_pick_place_2,53,0.6166666666666667,5.49600489534752,0.8958333333333334,3.1745885255574606,2.6046509730099414,2.0,1.8840502310918055,0.9036577606178274,7.986220336848667,0.7782115638256073,0.0,,0.04859827773434366
therarelab/so100_pick_place_2,56,0.5583333333333333,5.837816622163437,0.8958333333333334,3.2117510597923205,4.025445286836835,0.0,,0.9233545651446644,6.009141811955951,0.7683559730648994,0.0,,0.03372788059497019
therarelab/so100_pick_place_2,59,0.5666666666666667,4.902812050619808,0.8958333333333334,3.1992569922515552,3.6542681196910736,0.0,,1.0012290099022576,5.069735611109513,0.801671477034688,0.0,,0.0410840113922719
tkc79/so100_lego_box_1,0,0.45,16.289600539026974,0.8791666666666667,3.5056846945612796,0.06331761034788941,0.0,,0.7888071203137904,2.1506342947022348,0.5669593662023544,0.4206770833333333,0.2164488451375179,0.0702260753056769
tkc79/so100_lego_box_1,4,0.4791666666666667,5.489927972187168,0.4666666666666667,3.046933424569108,0.07224572829099464,0.0,,0.9877934184802977,1.8618509886143892,0.7064898908138275,0.3476953125,0.176713255386189,0.06036345588856746
tkc79/so100_lego_box_1,8,0.39166666666666666,7.550262565893454,0.8958333333333334,2.988298707450261,0.07475688740103616,0.0,,0.8101327966788492,2.001540460267671,0.6273062974214554,0.4237239583333333,0.21283959011193515,0.01823900926609599
tkc79/so100_lego_box_1,13,0.4,6.217912563110304,0.8625,3.2124050654333933,0.06727637332365101,0.0,,0.4536677145261362,2.369928773392411,0.35668446868658066,0.36950520833333333,0.183514337672739,0.2981542836846919
tkc79/so100_lego_box_1,17,0.4375,6.299808101833683,0.425,2.9744263335831804,0.09365989787431507,0.0,,0.5974548593930327,2.638720613529782,0.43972186744213104,0.39881510416666666,0.1991046579724332,0.028109872329656106
tkc79/so100_lego_box_1,22,0.4375,17.7598594837721,0.8958333333333334,3.1928890597458266,0.08954461664819488,0.0,,1.129744670066984,1.3770464436028396,0.8060841262340546,0.5035677083333333,0.2542472286853113,0.04529848474880268
tkc79/so100_lego_box_1,26,0.45416666666666666,32.55209182177514,0.8875,3.243633460801342,0.08277325182366853,0.0,,0.8754595109823159,2.0886885920214913,0.6258501410484314,0.47303385416666666,0.2376244020965534,0.05019459316679107
tkc79/so100_lego_box_1,31,0.6916666666666667,12.025096744154519,0.8,3.207566503038358,0.05262509125388346,0.0,,0.7241368014566981,2.0928451336553398,0.549994669854641,0.33639322916666664,0.1681315201961596,0.030304161948048178
tkc79/so100_lego_box_1,35,0.8916666666666667,6.582506262502636,0.8833333333333333,3.280477937240005,0.10782334196055131,0.0,,0.666030839013367,0.9681385966168962,0.44756482541561127,0.3345182291666667,0.18426914395725577,0.052053401599701295
tkc79/so100_lego_box_1,40,0.6958333333333333,2.515337316804612,0.35833333333333334,3.1876402316994983,0.053587693256425595,0.0,,0.6059267305299264,2.5453376071020166,0.4121418930590153,0.40901041666666665,0.20530850081545468,0.3125258079018178
tkc79/so100_lego_box_1,44,0.3958333333333333,28.91580550880506,0.8833333333333333,2.8493703134997292,0.12567161204421412,0.0,,0.886463841324198,1.78775096697601,0.648879237473011,0.48962239583333333,0.24720230080458502,0.033144916240874366
tkc79/so100_lego_box_1,49,0.4041666666666667,6.873391267329593,0.30833333333333335,2.8710102217484885,0.06276715479150152,0.0,,0.6450713294787452,2.1663138874018366,0.46445314586162567,0.40236979166666664,0.2033606577575919,0.04465536914611234
tkc79/so100_lego_box_1,53,0.8125,23.872884614912056,0.8958333333333334,3.2021477010964636,0.04661271421438893,0.0,,0.6807781119090002,1.5545955140462209,0.519341915845871,0.10684895833333333,0.19317582705582298,0.06362554349944521
tkc79/so100_lego_box_1,58,0.5541666666666667,8.870182375990217,0.4583333333333333,2.9430238169128424,0.09571798171068088,0.0,,0.7119176843407818,1.9601038602150889,0.47843362390995026,0.14338541666666665,0.17961501108718217,0.05959114503034401
tkc79/so100_lego_box_1,62,0.8,10.785517216031215,0.8833333333333333,3.3159291606040986,0.057517631174295376,0.0,,0.6539471474112996,1.68036314918372,0.5117747895419598,0.37970052083333333,0.18909304411420136,0.019364246454992545
tkc79/so100_lego_box_1,67,0.49583333333333335,7.406182592583075,0.3875,2.875037679086416,0.10556850296870511,0.0,,0.590343961302464,2.1073219185245633,0.4144144803285599,0.22817708333333334,0.1668454213181874,0.07767962714521386
tkc79/so100_lego_box_1,71,0.43333333333333335,22.335976500125817,0.8333333333333334,3.212861944171127,0.08310400389459557,0.0,,0.9184654003763667,1.950042746779153,0.6755161136388779,0.4244661458333333,0.21634387994292506,0.03327886865798819
tkc79/so100_lego_box_1,76,0.43333333333333335,20.965001886726277,0.8958333333333334,2.8592443053849963,0.11236894284779497,0.0,,0.92024977345276,1.718742245695246,0.6729927659034729,0.49063802083333335,0.24597149446259886,0.026555678279062737
tkc79/so100_lego_box_1,80,0.43333333333333335,20.94176753873891,0.8958333333333334,2.9932561292127304,0.09945821089655728,0.0,,0.8667517601966324,1.79713260551166,0.644495464861393,0.3430989583333333,0.18602367549800325,0.04832715684506415
tkc79/so100_lego_box_1,85,0.4041666666666667,3.1990707468986397,0.39166666666666666,3.1571666078019973,0.04713002159588426,0.0,,0.6997636371115563,2.700304673100767,0.4868914410471916,0.2546614583333333,0.12589589766475082,0.15461335324891756
tkc79/so100_lego_box_1,89,0.3416666666666667,4.114116132461324,0.8958333333333334,3.0743526717330765,0.06672222802490628,0.0,,0.6477461889428129,2.010636953467788,0.4933631867170334,0.39361979166666666,0.199792801907828,0.03064517003526872
tkc79/so100_lego_box_1,94,0.4083333333333333,6.299153954400287,0.5875,2.962105281675115,0.05784902347379775,0.0,,0.7034888319716459,2.354024171295162,0.4807524308562279,0.4331770833333333,0.21579572111967069,0.22026970802935342
tkc79/so100_lego_box_1,98,0.7833333333333333,4.396279058665569,0.44583333333333336,3.0997786681643826,0.05101360862243803,0.0,,0.7966446334882366,2.2964677254340495,0.41934604942798615,0.21891927083333335,0.12066872939275172,0.243938454053621
tkc79/so100_lego_box_1,103,0.5833333333333334,2.7126539919966017,0.4041666666666667,3.127753815965942,0.05591412131397619,0.0,,0.6437869290520862,1.821406005933372,0.36683982610702515,0.325546875,0.3346200923173008,0.11953478860539443
tkc79/so100_lego_box_2,0,0.6041666666666666,4.012273298839225,0.1,4.207970064066648,0.7070529960726124,2.0,13.161052865570241,1.0494338124575924,1.4192864431331087,0.7861756905913353,0.4837890625,0.25638068275554904,0.06562827168982381
tkc79/so100_lego_box_2,2,0.19166666666666668,3.2810538645544716,0.1,4.105248438773051,2.2812071129046356,1.0,12.9946167919165,0.7983242749188542,1.358091656963019,0.6259420812129974,0.35865885416666665,0.23469772931475386,0.10066377954443707
tkc79/so100_lego_box_2,4,0.2916666666666667,5.123888446140196,0.1,3.894699600595958,1.2661415150348663,4.0,13.978368962848975,0.8946916674974447,1.2971192579482937,0.7543297111988068,0.377265625,0.22149103235825623,0.07277022505790202
tkc79/so100_lego_box_2,6,0.20416666666666666,2.5890312290648754,0.1,3.9098173581521176,3.180416096176663,1.0,13.122909858996266,0.6384103054546154,1.7249747637212076,0.4914887100458145,0.3077213541666667,0.22145652301308347,0.072085342752246
tkc79/so100_lego_box_2,8,0.2875,3.9396767549283136,0.1,3.9864484067164185,1.4842153707468826,5.0,13.017112189077494,0.9212677481149983,1.3496394391923754,0.7493751049041748,0.38686197916666665,0.2235817313481095,0.08310040676390164
tkc79/so100_lego_box_2,10,0.3,4.127162550274297,0.1,3.973967166764657,1.4308847953673365,3.0,13.086348669210963,0.9024792083748665,1.306112565853593,0.7538633197546005,0.38166666666666665,0.21816075441705796,0.1905990189395059
tkc79/so100_lego_box_2,13,0.5958333333333333,4.355356557673091,0.1,4.1872350166236005,0.8717785189018382,2.0,13.207928462779108,1.0180266887688196,1.4774559023227896,0.7720855437219143,0.48108072916666667,0.25162188107741806,0.062485291232794504
tkc79/so100_lego_box_2,15,0.24166666666666667,2.589190598100503,0.1,4.032201238259802,1.8676865048806377,1.0,12.93260839673951,0.9155257606361029,1.3001556090753292,0.748112365603447,0.3793229166666667,0.23139991279054734,0.0883917594315836
tkc79/so100_lego_box_2,17,0.24583333333333332,2.842058979549052,0.1,3.834906687607299,2.0995305530124844,1.0,13.902687114220555,0.765518659344182,1.4140258657418012,0.6825633347034454,0.3645703125,0.2277830902807198,0.25159983125183893
tkc79/so100_lego_box_2,19,0.7458333333333333,8.003644594661209,0.1,4.089791682554004,0.2619832025072825,1.0,13.221280231721948,0.9197400834720044,2.0141412858395116,0.5949655398726463,0.4104947916666667,0.22386078622227729,0.2840526177715638
tkc79/so100_lego_box_2,21,0.6,4.358535037805181,0.1,4.225308637189254,0.7509378193809546,3.0,13.221280231721948,1.0371346013747187,1.4726018271912547,0.7785263434052467,0.4919921875,0.2573739440780058,0.06152988633141663
tkc79/so100_lego_box_2,23,0.3,4.4666798624742245,0.1,3.9745707440360207,1.5355043916740705,1.0,13.240519915187207,0.651655551763406,1.5809010927616043,0.5910105966031551,0.35412760416666667,0.20668613000787836,0.3228234970958216
tkc79/so100_lego_box_2,26,0.3458333333333333,4.208293043551034,0.1,3.9684410568422677,1.235131833336848,1.0,13.09984308226629,0.9467564330931928,1.355980102349927,0.7539782375097275,0.37697916666666664,0.2151851976030735,0.06150503213497956
tkc79/so100_lego_box_2,28,0.6791666666666667,8.4601785296748,0.1,4.064676689320351,0.44665676659851816,1.0,13.844405637315987,0.8572173593045914,1.9186903382099751,0.5903848931193352,0.450625,0.23736077178566106,0.2577756565783771
tkc79/so100_lego_box_2,30,0.5958333333333333,4.791220912024664,0.1,4.30807793577557,0.6262415146735825,2.0,14.036243467926482,1.0663882411090333,1.4151872325054684,0.7975658811628819,0.4728776041666667,0.24832913064561785,0.06438816362613804
tkc79/so100_lego_box_2,32,0.5083333333333333,4.428363304103044,0.1,4.1380370208309,0.9013461295310429,2.0,13.888001160906782,0.7848264685134602,1.7708050321311573,0.5963028743863106,0.4615885416666667,0.24289298971384057,0.06486857127007692
tkc79/so100_lego_box_2,34,0.4583333333333333,2.815622841287407,0.1,3.8464693265474503,1.951010146656676,2.0,13.075581099089874,0.7866890823998588,1.4841125287484966,0.6655387878417969,0.3523046875,0.21794977069175053,0.115588688489552
tkc79/so100_lego_box_2,36,0.3625,2.354074824462407,0.1,4.021158729584317,1.7315094083719766,0.0,,0.7599499274229099,1.5059688448985007,0.6308233439922333,0.37278645833333335,0.22580068599955863,0.07653979273115427
tkc79/so100_lego_box_2,39,0.7791666666666667,7.068850111652874,0.1,4.014242997759315,0.25712868991351334,1.0,14.036243467926482,0.9821198268181615,1.971147512382071,0.6335047371685505,0.4033203125,0.2243303244281898,0.24588621686555667
tkc79/so100_lego_box_2,41,0.37083333333333335,2.523276183120327,0.1,3.8420747996067734,2.2761323702323026,1.0,13.600542516658749,0.6455000870340205,1.7256873812349625,0.5060309916734695,0.34796875,0.23650391198671805,0.06588233301454119
tkc79/so100_lego_box_2,43,0.6833333333333333,9.604516107771875,0.1,3.9034813733709086,0.5338119535443939,1.0,13.9793459895957,0.9847588394725335,1.9043114956900664,0.6047734059393406,0.48009114583333334,0.24944448977317615,0.2722233589855286
tkc79/so100_lego_box_2,45,0.3958333333333333,2.615490389291776,0.1,4.049589050943643,1.7943456799688515,3.0,13.020767305624673,0.8591393701758797,1.3793972531631469,0.6881309002637863,0.38013020833333333,0.22565234502532905,0.08694256920619564
tkc79/so100_lego_box_2,47,0.7583333333333333,9.32432545133052,0.1,3.8091103163846953,0.31450112524871565,2.0,13.920960364920745,1.1417471881651173,1.7352168639813736,0.6851570159196854,0.46334635416666664,0.2508106290377862,0.17857599205454716
tkc79/so100_lego_box_2,50,0.44583333333333336,3.9146182284813844,0.1,4.092583285062909,0.8837388323645922,2.0,13.7766947132464,0.8649301438176061,1.5816087654746742,0.6777389422059059,0.42911458333333335,0.22716646158362028,0.06919346958821224
triton7777/so100_dataset_mix,0,0.825,3.2104746197638154,0.13333333333333333,3.1083333281527086,1.796990505463445,0.0,,1.0669346900915755,1.0036554847649437,0.7572495192289352,0.47346354166666665,0.26274245102535887,0.05250515714154525
triton7777/so100_dataset_mix,2,0.825,3.8505346522674615,0.8375,3.425914140965392,1.991396987287175,0.0,,1.11464207523523,0.8792530695063651,0.7803714275360107,0.4772005208333333,0.24155659175914085,0.019798455488874833
triton7777/so100_dataset_mix,5,0.825,3.6774094686593264,0.8958333333333334,3.291596065606739,1.8523393199085054,2.0,-1.909152432996379,1.0885261052462039,1.006110695104159,0.8048010170459747,0.5319140625,0.26682425538918914,0.019667193616438306
triton7777/so100_dataset_mix,8,0.8208333333333333,4.439578449279918,0.8375,3.1008714653032796,2.4341434169556537,0.0,,1.0479629367689027,0.9590271686124188,0.7017285823822021,0.41765625,0.26677462157084036,0.028360621231828757
triton7777/so100_dataset_mix,11,0.8166666666666667,2.377419589271664,0.85,2.4512941688506484,1.1164850831609399,0.0,,0.7644621601427422,1.6377228079059782,0.583847239613533,0.1263671875,0.12781014832970108,0.13943463553206878
triton7777/so100_dataset_mix,13,0.8166666666666667,3.1358645830786105,0.8958333333333334,2.7588038758028444,1.2382981940296687,0.0,,0.8035456761142149,1.2477756727119136,0.6096131205558777,0.2703125,0.1894956103223934,0.02033094047654329
triton7777/so100_dataset_mix,16,0.12916666666666668,3.113987238341304,0.8958333333333334,3.9057466847015996,1.6906035214605826,1.0,2.9545798240596923,0.7804628517266232,1.4627513066687607,0.592843309044838,0.39786458333333335,0.22799773349816319,0.031416079323804545
triton7777/so100_dataset_mix,19,0.8041666666666667,3.0409639806579873,0.8583333333333333,3.886341714114336,1.6572396442054849,0.0,,0.7556103232804419,1.491903534553374,0.5219154357910156,0.39729166666666665,0.24856192117567294,0.024552315727438323
triton7777/so100_dataset_mix,22,0.775,2.8668321258910403,0.35,2.2686904361567235,1.4062089305977115,0.0,,1.0118385726584964,1.1619970055158484,0.7596791386604309,0.2961328125,0.19848803540084148,0.02636207718314864
triton7777/so100_dataset_mix,25,0.14583333333333334,3.1845386117482932,0.15416666666666667,2.9575650889466734,2.0798801724471048,2.0,0.8814039965821365,0.7049305537384452,1.4346552150895628,0.4752970337867737,0.411953125,0.2636479198125447,0.09113918075678336
triton7777/so100_dataset_mix,27,0.14583333333333334,3.0356726353986794,0.11666666666666667,3.8389505429352204,2.107984300159817,0.0,,0.9413643681110587,1.0704697991840273,0.6466509699821472,0.5387890625,0.2758365597086469,0.06829823699686688
triton7777/so100_dataset_mix,30,0.32083333333333336,2.349039541389803,0.1,2.6992748352076394,2.149709895544334,3.0,13.928341939153682,1.0834309162594236,1.1161202017600176,0.7774954810738564,0.4554947916666667,0.242069382245358,0.0848487316618862
triton7777/so100_dataset_mix,33,0.1,2.9187854634513704,0.10833333333333334,3.672774978225327,2.279661228411592,0.0,,0.9317417742045399,0.9310731582992753,0.6954728811979294,0.3478515625,0.26909443161466495,0.06892616238015264
triton7777/so100_dataset_mix,36,0.49583333333333335,1.9348689974802111,0.1,3.6956816092500375,2.229638110323424,1.0,-12.127091034930103,1.068459818145679,1.1139159497244282,0.7522329241037369,0.4648828125,0.24783051527964847,0.01655903566351199
triton7777/so100_dataset_mix,38,0.2125,2.7092402705506635,0.1,2.8620755895982635,1.6036372864503006,0.0,,1.1419854448951152,1.115691570006522,0.8003922998905182,0.5145052083333334,0.2812667635622182,0.04050795286718674
triton7777/so100_dataset_mix,41,0.8833333333333333,3.216487610559663,0.8958333333333334,3.6934924264457694,1.9921671723999022,1.0,-1.722662071622807,1.146269422517734,0.9735200370460216,0.8201758116483688,0.418125,0.23927628822135077,0.015016885224983368
triton7777/so100_dataset_mix,44,0.8833333333333333,3.336378033884357,0.8958333333333334,3.9090921647190924,2.0996326706622344,1.0,3.179830119864235,0.7237539753819572,1.282275790811765,0.5292927101254463,0.35408854166666665,0.23963629683264492,0.16919602362429717
triton7777/so100_dataset_mix,47,0.8791666666666667,3.4105266329339177,0.8958333333333334,3.8241841225265794,2.0730163187851836,0.0,,1.1164624074785987,0.9895249082664056,0.8168120682239532,0.4292708333333333,0.22839987349213486,0.025576228955551422
triton7777/so100_dataset_mix,50,0.8791666666666667,4.163901103751629,0.1,3.611739055904718,1.8254692278320193,0.0,,1.1342343875432987,1.0298009668571906,0.8285631760954857,0.4991536458333333,0.24936092463871407,0.0179929293559469
triton7777/so100_dataset_mix,52,0.8833333333333333,3.3078166303849845,0.8958333333333334,3.2309261501750406,1.7497477657585092,0.0,,1.1156245277428134,1.1240024520162413,0.8230219334363937,0.5130598958333333,0.2602406821390848,0.017664914250303893
triton7777/so100_dataset_mix,55,0.8833333333333333,3.907405702679896,0.8958333333333334,3.606503663892485,2.2225275520429735,0.0,,1.1401486098888547,1.016917533268018,0.8084035366773605,0.4434375,0.2365554936344077,0.016719866594380378
triton7777/so100_dataset_mix,58,0.8833333333333333,3.2721363873175355,0.1,3.4370776459463124,2.250133834607335,2.0,0.9548412538721891,1.1198234996568261,1.101447759133785,0.7938118278980255,0.4654036458333333,0.2483844160842799,0.01623965991055088
triton7777/so100_dataset_mix,61,0.8791666666666667,3.484442727572768,0.1,3.806601761054071,2.0423193976909384,1.0,3.3664606634298053,1.0966987973054076,0.9124091603132022,0.7760240435600281,0.3943359375,0.27207926373095753,0.02241888104214956
triton7777/so100_dataset_mix,64,0.8791666666666667,3.4448134214640715,0.8958333333333334,3.3487159969329383,1.7194729537177516,0.0,,1.1290683336473566,0.9233458104348582,0.8059103190898895,0.45764322916666667,0.23823146609702486,0.04105409536675378
vladfatu/so100_above,0,0.7416666666666667,1.9528859665067526,0.2708333333333333,2.750767298019552,1.3597486078250627,1.0,-4.053554231831413,0.21557781408981722,1.7109823769607486,0.20200344920158386,0.27173177083333333,0.29484504954296487,0.2919953518266126
vladfatu/so100_above,2,0.7416666666666667,1.944204198182954,0.2833333333333333,2.613293414008546,1.546448051153212,0.0,,0.20006791023446122,1.6873990820009899,0.18626752495765686,0.267578125,0.3048855226053405,0.18185341676097838
vladfatu/so100_above,4,0.7416666666666667,1.9116852634488912,0.275,2.75673136887418,1.5527108051476302,1.0,-3.7946722683157788,0.2769779758402311,1.5588917317846878,0.2492215633392334,0.291015625,0.30502279258281617,0.19618023634525095
vladfatu/so100_above,6,0.7416666666666667,2.03985812821322,0.275,2.789386061893896,1.4823348002011045,1.0,-3.9085442944594604,0.2544224454345474,1.6195207424137674,0.22125646471977234,0.2918359375,0.3136895484483284,0.2906482311861764
vladfatu/so100_above,8,0.7416666666666667,2.0267694214821232,0.275,2.739626215642981,1.4970710559903144,1.0,-4.134671373736424,0.2563355879590485,1.6501726176905531,0.2423858940601349,0.2779817708333333,0.2962376021845359,0.26736639171720894
vladfatu/so100_above,10,0.7416666666666667,2.01507667574267,0.2708333333333333,2.79961854496683,1.4609598391929153,1.0,-4.130856233276418,0.227697486610714,1.6517408382537153,0.22185510396957397,0.27416666666666667,0.30398037987562154,0.27957642729491117
vladfatu/so100_above,12,0.7416666666666667,2.1175293773121595,0.26666666666666666,2.6503556849688246,1.4897651124904445,1.0,-4.130856233276418,0.2661307454721095,1.6013254177497298,0.24675220251083374,0.25602864583333335,0.28048495815580393,0.26268262162132827
vladfatu/so100_above,14,0.7416666666666667,2.03899157939776,0.275,2.7337504047959005,1.454038182748205,0.0,,0.2940895974087737,1.514243199933736,0.24974733591079712,0.28229166666666666,0.29189620034275654,0.2478702999522356
vladfatu/so100_above,17,0.7416666666666667,2.0098718645164717,0.2833333333333333,2.682681927024221,1.5005137938629352,0.0,,0.30044116746377636,1.526783298782879,0.28478747606277466,0.287421875,0.29377828779044085,0.1945832082514586
vladfatu/so100_above,19,0.7416666666666667,1.9821597698504334,0.2791666666666667,2.7064367029552825,1.5067407903681767,0.0,,0.2752236496389886,1.5194153297873023,0.26926353573799133,0.28259114583333333,0.29537150157788183,0.1901351364517752
vladfatu/so100_above,21,0.7416666666666667,1.8047290348554288,0.275,2.5868982981208575,1.4404133340198848,0.0,,0.3492410046063014,1.5458395492952186,0.30423101782798767,0.27825520833333334,0.28028068911370296,0.25051706400093465
vladfatu/so100_above,23,0.24583333333333332,1.7883474098969614,0.275,2.5323624416665065,1.4973442583938594,0.0,,0.25695136822241166,1.6313955436952632,0.2728252410888672,0.259765625,0.274428749698514,0.23141743453740796
vladfatu/so100_above,25,0.7416666666666667,1.7972265386339379,0.2791666666666667,2.383284855214549,1.602415077668324,0.0,,0.1830103055827429,1.503628157807998,0.21982568502426147,0.2637630208333333,0.3089506948680171,0.19537448549416458
vladfatu/so100_above,27,0.2833333333333333,2.0035995927316868,0.2833333333333333,2.5399150036208322,1.4780707000375397,1.0,-5.882445590095344,0.18705088035766035,1.7911850568629823,0.22734463214874268,0.2670182291666667,0.30512593617895145,0.1858090019862262
vladfatu/so100_above,29,0.7416666666666667,1.9315968913634276,0.275,2.6459846131039395,1.6027430929994828,0.0,,0.26943967217372894,1.4921119889605916,0.24959462881088257,0.29315104166666667,0.32035389973992934,0.17130043366640874
vladfatu/so100_above,31,0.7416666666666667,2.011175214938457,0.275,2.7721120860765263,1.450018204374505,1.0,-4.061522677310563,0.2359060380881252,1.6147570561202516,0.23234343528747559,0.26787760416666667,0.3027594155478999,0.2669887015391698
vladfatu/so100_above,34,0.7416666666666667,2.082104006314183,0.25416666666666665,2.7058264885795413,1.478588478025211,1.0,-4.139189255726194,0.24022301465828835,1.643262050904056,0.2366301715373993,0.2689453125,0.3003430536944361,0.24440754490344452
vladfatu/so100_above,36,0.38333333333333336,2.1480279398622413,0.275,2.734923155606254,1.5178144842257957,0.0,,0.32104611139187156,1.4984104828367395,0.2917204797267914,0.28694010416666665,0.29692512193737314,0.2328261231835411
vladfatu/so100_above,38,0.38333333333333336,2.16401663018041,0.275,2.7181800288467937,1.5086315552755711,0.0,,0.27089356366380557,1.5084716980342003,0.25733765959739685,0.2762109375,0.2989013407938252,0.22700601277604948
vladfatu/so100_above,40,0.15,2.005562958023626,0.2708333333333333,2.650227645201683,1.4464151540404455,0.0,,0.20888022340994483,1.7204892685972504,0.21472996473312378,0.2554166666666667,0.2791208355232173,0.147629214542137
vladfatu/so100_above,42,0.7416666666666667,1.9784419529268513,0.2791666666666667,2.715804123124308,1.4316102261872805,0.0,,0.23914194032583733,1.6801388711262346,0.2237938642501831,0.26916666666666667,0.2843235083617239,0.21338178999711427
vladfatu/so100_above,44,0.7416666666666667,1.9538983877443459,0.275,2.665528597903277,1.4406472371954295,0.0,,0.22009587426705593,1.642748931046841,0.22374749183654785,0.2541145833333333,0.2794143374259593,0.18198562579340424
vladfatu/so100_above,46,0.7416666666666667,1.8959919696177825,0.2791666666666667,2.743927035998388,1.3700531434494994,0.0,,0.2400988016782183,1.6533968473420115,0.23404407501220703,0.25951822916666667,0.2669414500948775,0.1899960794589578
vladfatu/so100_above,49,0.7416666666666667,1.9462516858752013,0.25833333333333336,2.745232225841294,1.4150797706126668,0.0,,0.2345283856838814,1.6238787055337185,0.2342020869255066,0.24798177083333334,0.2671428932356861,0.17735209663703924
vladfatu/so100_office,0,0.675,2.0265548195520013,0.8083333333333333,2.373617791089206,1.4217693085926055,0.0,,-0.24149025021778756,1.5743549319879968,-0.14912596344947815,0.0,,0.15530472393492945
vladfatu/so100_office,2,0.575,2.2249453156828265,0.1,2.315275221588918,1.4752732513185152,0.0,,-0.38577137541269313,1.5536121852971132,-0.23259791731834412,0.0,,0.04177510512058577
vladfatu/so100_office,4,0.11666666666666667,3.545323696054383,0.8958333333333334,2.4222913082256112,1.428406739177331,0.0,,-0.3844776942997583,2.017282865490539,-0.2820981740951538,0.0,,-0.000297931417226462
vladfatu/so100_office,6,0.11666666666666667,3.133911817180412,0.8958333333333334,2.4086993493311697,1.4330528975345105,0.0,,-0.4132140789330838,2.167378460044498,-0.2981926202774048,0.0,,-0.0031143969502303286
vladfatu/so100_office,8,0.11666666666666667,2.904115483342043,0.8958333333333334,2.3818802311405474,1.4155566666098274,0.0,,-0.29938044634821004,2.2402666259269703,-0.2126998007297516,0.0,,-7.18383274096863e-05
vladfatu/so100_office,10,0.11666666666666667,3.119750616478407,0.8958333333333334,2.483670882567813,1.4344068879429202,0.0,,-0.33689342583942355,2.0688040251255884,-0.24480152130126953,0.0,,-0.001894355672978575
vladfatu/so100_office,12,0.2125,2.9024311301857524,0.1,2.702663123121038,1.579229023364978,0.0,,-0.11085314031361836,1.8220007310090671,-0.09640628099441528,0.0,,0.0017897822448068625
vladfatu/so100_office,14,0.11666666666666667,3.3678081625100202,0.8958333333333334,2.4041270135202866,1.4431713723836235,0.0,,-0.3583113841296979,2.0226854857019845,-0.2604050636291504,0.0,,-0.0013808222860435333
vladfatu/so100_office,17,0.12083333333333333,3.474208124523123,0.8958333333333334,2.4334774692299717,1.3956183850966364,0.0,,-0.29849214189359813,2.1473036274465893,-0.2293265163898468,0.0,,-0.002136391294118588
vladfatu/so100_office,19,0.11666666666666667,3.367309002342297,0.8958333333333334,2.458482604578011,1.4181161810901277,0.0,,-0.40779106402742643,2.0900041008648382,-0.3023619055747986,0.0,,-0.003349960649492119
vladfatu/so100_office,21,0.11666666666666667,3.2315323139736107,0.8958333333333334,2.381687885565135,1.415630140162533,0.0,,-0.37845118126337496,2.24933055493682,-0.2751067876815796,0.0,,-0.0038651121582545032
vladfatu/so100_office,23,0.12916666666666668,3.3701771947537313,0.8958333333333334,2.3761836082772265,1.4443695883952659,0.0,,-0.4126362832468336,1.9534939555876538,-0.3090693950653076,0.0,,-0.00422406864666675
vladfatu/so100_office,25,0.12083333333333333,3.4127959252144584,0.8958333333333334,2.4278534725993373,1.4270021556036452,0.0,,-0.5291124092363008,1.928697484605972,-0.410464346408844,0.0,,-0.004976348028988364
vladfatu/so100_office,27,0.11666666666666667,3.191326110549201,0.8958333333333334,2.4131276143622737,1.4203678446191041,0.0,,-0.5133686985021445,1.9080178919772084,-0.37367987632751465,0.0,,-0.0061659178897033266
vladfatu/so100_office,29,0.11666666666666667,3.0743721067036174,0.8958333333333334,2.3972194936375444,1.3811749954687882,0.0,,-0.494391487703594,1.9683177896451545,-0.36614520847797394,0.0,,-0.006069174357524974
vladfatu/so100_office,31,0.11666666666666667,3.0179542521708935,0.8958333333333334,2.3654479829430763,1.375656605564836,0.0,,-0.4781564108698467,2.090887362405827,-0.35206061601638794,0.0,,-0.0054056023768707636
vladfatu/so100_office,34,0.11666666666666667,3.09574837642499,0.8958333333333334,2.380391992780578,1.38320474545568,0.0,,-0.5574038531593208,1.9367293450171847,-0.4215915650129318,0.0,,-0.006811350521728009
vladfatu/so100_office,36,0.11666666666666667,2.9543366630317927,0.8958333333333334,2.3611767644556716,1.3889422476517606,0.0,,-0.5549789764613571,1.820998754762604,-0.41169559955596924,0.0,,-0.006345380546009553
vladfatu/so100_office,38,0.11666666666666667,3.1467213698228993,0.8958333333333334,2.392916713297049,1.3961515399659548,0.0,,-0.47505181493104026,1.9684752482358367,-0.35879582166671753,0.0,,-0.005144531264102252
vladfatu/so100_office,40,0.11666666666666667,3.022696561807328,0.8958333333333334,2.39495494267976,1.3932901156739022,0.0,,-0.529971920030185,2.009409374807075,-0.3961978256702423,0.0,,-0.004968497201504705
vladfatu/so100_office,42,0.11666666666666667,2.759351647092972,0.8958333333333334,2.1960436052059293,1.4561529178417396,0.0,,-0.5211466656376496,1.6659710786607926,-0.3449070155620575,0.0,,0.006471838463508432
vladfatu/so100_office,44,0.1875,2.9006861351708437,0.1,2.3628152657637815,1.3380886183338123,0.0,,-0.46795708236358513,1.8565149355242354,-0.317463755607605,0.0,,0.01897896457410698
vladfatu/so100_office,46,0.2833333333333333,2.7776478498888073,0.8958333333333334,2.1822100353280796,1.2146924118167364,0.0,,-0.4618590797490905,2.886020814278704,-0.18659573793411255,0.0,,0.18915538639799445
vladfatu/so100_office,49,0.23333333333333334,2.0551922565066416,0.8958333333333334,2.2421930975458304,1.4456055037374407,0.0,,-0.41051933051559425,3.2988941830698466,-0.15343913435935974,0.0,,0.30610185664703604
weiye11/so100_410_zwy,0,0.1,5.019112944299782,0.1,4.537735239706851,5.356799838726182,1.0,4.939215542126192,0.804671884387659,1.177090390050529,0.5999791473150253,0.3180208333333333,0.23568919109676056,0.02108612395262941
weiye11/so100_410_zwy,4,0.15833333333333333,6.11831307044475,0.1,4.571635129832787,4.8612919174703375,1.0,3.9115718125286634,0.8717517957712182,0.9296306811810364,0.6712204813957214,0.3818229166666667,0.24761530247262015,0.020383117437124804
weiye11/so100_410_zwy,8,0.15,3.5324230552200975,0.1,4.842497606972826,4.406603011163191,1.0,4.573921259900857,0.9415036956277529,0.918677716409477,0.6960166692733765,0.3690364583333333,0.2418911094583227,0.021229951497928105
weiye11/so100_410_zwy,13,0.14583333333333334,3.6057116355631154,0.1,4.880447323775334,4.30144973225058,1.0,4.939215542126192,0.9078655203109504,0.9817616933856305,0.663785457611084,0.3452734375,0.23991114565646135,0.020880586270372304
weiye11/so100_410_zwy,17,0.15,3.573186787096569,0.1,4.860891177388586,4.723669893684792,2.0,0.739259355407853,0.964409167181815,0.9320249923974983,0.730679988861084,0.39184895833333333,0.2421882842407597,0.01820125584151093
weiye11/so100_410_zwy,21,0.24166666666666667,5.455384303481307,0.1,4.538215424260597,5.103969864177616,0.0,,0.7306897040631162,0.8733725315638537,0.6073146462440491,0.3042708333333333,0.2323253628679351,0.028799645913679922
weiye11/so100_410_zwy,26,0.20833333333333334,5.309333756163111,0.1,4.793672860656274,5.527545105929017,1.0,0.9391909457355752,0.8216271462542023,0.9224715195400568,0.65292789041996,0.33748697916666665,0.24627528859218797,0.023739102738320347
weiye11/so100_410_zwy,30,0.12916666666666668,6.875065104822528,0.1,4.742622136726904,5.114979554778376,0.0,,0.9232332177756523,0.8806832387253841,0.7180252373218536,0.34247395833333333,0.22346312815195493,0.021622721675409778
weiye11/so100_410_zwy,34,0.15,3.7789967364442276,0.1,4.890543413061264,4.776438900772412,0.0,,0.9825156829552455,0.7889646112449233,0.7498371005058289,0.38588541666666665,0.24163490518994482,0.019691570211181317
weiye11/so100_410_zwy,39,0.14166666666666666,4.574348714418034,0.1,5.136735252118569,4.216406596517823,1.0,4.763641690726175,0.9072926254013587,0.8692999219148004,0.6831177473068237,0.34930989583333333,0.23334700115555224,0.019769578024852533
weiye11/so100_410_zwy,43,0.15833333333333333,5.569721570383539,0.1,4.697291107185942,4.917882799759236,0.0,,0.6988166963087713,0.8814576842194731,0.5633870661258698,0.31686197916666664,0.2421716401037471,0.024909693537774384
weiye11/so100_410_zwy,47,0.22083333333333333,4.7241249332718676,0.1,4.645169153498662,5.080414975832378,1.0,4.763641690726175,0.81323159987385,1.001156843861546,0.6330060213804245,0.34838541666666667,0.25211347425455266,0.029766599672981505
weiye11/so100_410_zwy,52,0.3,4.048227244119429,0.1,4.346787289339932,5.094552041797479,0.0,,0.7461040822241949,0.840762491749753,0.5707046091556549,0.291484375,0.23108921557742865,0.025914542976514396
weiye11/so100_410_zwy,56,0.25416666666666665,4.433318256696816,0.1,4.5054192313838035,4.918390729794218,1.0,2.9038188650962695,0.7569142423402883,0.79868769760545,0.6004306077957153,0.31,0.23439028968146847,0.023908846560643116
weiye11/so100_410_zwy,60,0.15833333333333333,5.245956407613982,0.1,4.43336341085372,5.234881885517409,0.0,,0.8385296118060365,0.7650192790177925,0.6450853645801544,0.3526953125,0.25635265137454966,0.024536791855042102
weiye11/so100_410_zwy,65,0.19583333333333333,3.5348374843078867,0.1,4.36380881153038,4.695235651997352,1.0,5.017979638634557,0.9098750506636488,0.8962548035712071,0.6850380599498749,0.3580859375,0.2536362694456603,0.020490185287212418
weiye11/so100_410_zwy,69,0.15,3.136208801100059,0.1,4.569852406573639,4.063148542909236,0.0,,0.9591469305337514,0.89026417360276,0.7432131469249725,0.3789192708333333,0.23502247762409925,0.019367246622867706
weiye11/so100_410_zwy,73,0.21666666666666667,4.850677520625801,0.1,4.527932549638316,5.02123911459001,0.0,,0.7581490062729868,0.7776575135030989,0.5747729539871216,0.3477604166666667,0.25828360392855504,0.020921835208296706
weiye11/so100_410_zwy,78,0.23333333333333334,4.570805226246134,0.1,4.507890032614786,4.901950629326435,1.0,5.057248532559129,0.8308906843161323,0.8887062118412601,0.6298557966947556,0.33576822916666665,0.24441315423927562,0.021704805591852467
weiye11/so100_410_zwy,82,0.2625,4.2099013288267635,0.1,4.015951791804446,4.081041272385451,1.0,6.009005957494523,0.8266365306259378,0.6595975652234025,0.616275891661644,0.2801953125,0.20152046231013906,0.02409127009647662
weiye11/so100_410_zwy,86,0.2375,4.229471969480826,0.1,4.296472427576848,4.4434878626795395,0.0,,0.9298248868379031,0.8865370008312721,0.6848092973232269,0.39045572916666665,0.24430321479614667,0.02131648140326496
weiye11/so100_410_zwy,91,0.15,3.848089323460846,0.1,4.694267762439811,4.0929215020531124,1.0,5.314545669944749,0.7270248962776683,0.7883693248990389,0.547711119055748,0.2648828125,0.21962691308494464,0.026687067841474153
weiye11/so100_410_zwy,95,0.1375,3.8906233358593982,0.1,4.598169443942566,4.178521469421034,0.0,,0.9021457245828853,0.8586075088759693,0.6684633195400238,0.3365885416666667,0.2293903514806212,0.01967472099556627
weiye11/so100_410_zwy,100,0.1,6.029558533205153,0.1,4.706061601141749,5.373599288475557,0.0,,0.6251178875824388,1.2471229300409834,0.46518465876579285,0.15389322916666667,0.1920335351099446,0.03801130059494785
